{
    "correct": {
        "correct_product": 0.9673649058894961,
        "correct_factorization": 0.8252884031572556
    },
    "beam_accuracy": {
        "correct_product": {
            "0": 0.9432301153612629,
            "1": 0.20476624165148755
        },
        "correct_factorization": {
            "0": 0.7824833029751063,
            "1": 0.04326047358834244
        }
    },
    "by_prob": {
        "group_size": {
            "(-15.708, -8.54]": 1318.0,
            "(-8.54, -6.151]": 1318.0,
            "(-6.151, -3.43]": 1317.0,
            "(-3.43, -2.279]": 1318.0,
            "(-2.279, -1.23]": 1317.0,
            "(-1.23, -0.798]": 1318.0,
            "(-0.798, -0.091]": 1317.0,
            "(-0.091, -0.00427]": 1318.0,
            "(-0.00427, -0.000396]": 1317.0,
            "(-0.000396, -5.96e-07]": 1318.0
        },
        "correct_product": {
            "(-15.708, -8.54]": 0.13884673748103188,
            "(-8.54, -6.151]": 0.20106221547799696,
            "(-6.151, -3.43]": 0.21108580106302202,
            "(-3.43, -2.279]": 0.15857359635811835,
            "(-2.279, -1.23]": 0.31511009870918755,
            "(-1.23, -0.798]": 0.8429438543247344,
            "(-0.798, -0.091]": 0.8792710706150342,
            "(-0.091, -0.00427]": 0.9931714719271624,
            "(-0.00427, -0.000396]": 1.0,
            "(-0.000396, -5.96e-07]": 1.0
        },
        "correct_factorization": {
            "(-15.708, -8.54]": 0.0007587253414264037,
            "(-8.54, -6.151]": 0.0007587253414264037,
            "(-6.151, -3.43]": 0.007593014426727411,
            "(-3.43, -2.279]": 0.04704097116843703,
            "(-2.279, -1.23]": 0.14958238420653,
            "(-1.23, -0.798]": 0.3330804248861912,
            "(-0.798, -0.091]": 0.6021260440394837,
            "(-0.091, -0.00427]": 0.9878603945371776,
            "(-0.00427, -0.000396]": 1.0,
            "(-0.000396, -5.96e-07]": 1.0
        },
        "percent_prime_factors_pred": {
            "(-15.708, -8.54]": 0.8144058457981068,
            "(-8.54, -6.151]": 0.911379976876942,
            "(-6.151, -3.43]": 0.8676284484940522,
            "(-3.43, -2.279]": 0.8419797914107474,
            "(-2.279, -1.23]": 0.8255179520555375,
            "(-1.23, -0.798]": 0.5373211575980923,
            "(-0.798, -0.091]": 0.7795051885598583,
            "(-0.091, -0.00427]": 0.9961810824481538,
            "(-0.00427, -0.000396]": 1.0,
            "(-0.000396, -5.96e-07]": 1.0
        }
    },
    "by_num_target_factors": {
        "group_size": {
            "1": 668,
            "2": 1601,
            "3": 1720,
            "4": 1198,
            "5": 715,
            "6": 373,
            "7": 165,
            "8": 79,
            "9": 35,
            "10": 20,
            "11": 8,
            "12": 3,
            "13": 3
        },
        "correct_product_mean": {
            "1": 0.9805389221556886,
            "2": 0.9793878825733916,
            "3": 0.9738372093023255,
            "4": 0.9841402337228714,
            "5": 0.9874125874125874,
            "6": 0.9249329758713136,
            "7": 0.8606060606060606,
            "8": 0.8227848101265823,
            "9": 0.6857142857142857,
            "10": 0.45,
            "11": 0.5,
            "12": 0.3333333333333333,
            "13": 0.0
        },
        "correct_factorization_mean": {
            "1": 0.9805389221556886,
            "2": 0.6752029981261711,
            "3": 0.7738372093023256,
            "4": 0.9106844741235393,
            "5": 0.9762237762237762,
            "6": 0.903485254691689,
            "7": 0.8545454545454545,
            "8": 0.8227848101265823,
            "9": 0.6857142857142857,
            "10": 0.45,
            "11": 0.5,
            "12": 0.3333333333333333,
            "13": 0.0
        }
    },
    "by_input_num": {
        "group_size": {
            "(7.999, 6350.5]": 659,
            "(6350.5, 12996.8]": 659,
            "(12996.8, 19472.5]": 659,
            "(19472.5, 26116.8]": 658,
            "(26116.8, 32574.0]": 659,
            "(32574.0, 39331.6]": 659,
            "(39331.6, 46013.7]": 658,
            "(46013.7, 52699.4]": 659,
            "(52699.4, 59007.6]": 659,
            "(59007.6, 65528.0]": 659
        },
        "correct_product_mean": {
            "(7.999, 6350.5]": 0.9969650986342944,
            "(6350.5, 12996.8]": 0.9984825493171472,
            "(12996.8, 19472.5]": 0.9772382397572079,
            "(19472.5, 26116.8]": 0.9513677811550152,
            "(26116.8, 32574.0]": 0.9666160849772383,
            "(32574.0, 39331.6]": 0.9696509863429439,
            "(39331.6, 46013.7]": 0.9620060790273556,
            "(46013.7, 52699.4]": 0.9180576631259484,
            "(52699.4, 59007.6]": 0.9666160849772383,
            "(59007.6, 65528.0]": 0.9666160849772383
        },
        "correct_factorization_mean": {
            "(7.999, 6350.5]": 0.9954476479514416,
            "(6350.5, 12996.8]": 0.9969650986342944,
            "(12996.8, 19472.5]": 0.9559939301972686,
            "(19472.5, 26116.8]": 0.8632218844984803,
            "(26116.8, 32574.0]": 0.8057663125948407,
            "(32574.0, 39331.6]": 0.7784522003034902,
            "(39331.6, 46013.7]": 0.7462006079027356,
            "(46013.7, 52699.4]": 0.7177541729893778,
            "(52699.4, 59007.6]": 0.701062215477997,
            "(59007.6, 65528.0]": 0.6919575113808801
        }
    },
    "pred_same_as_input_beam_0": {
        "0": {
            "input_is_prime": false,
            "pred_same_as_input": false,
            "group_size": 5920,
            "correct_product_mean": 0.9410472972972973,
            "correct_factorization_mean": 0.7621621621621621
        },
        "1": {
            "input_is_prime": true,
            "pred_same_as_input": false,
            "group_size": 665,
            "correct_product_mean": 0.9624060150375939,
            "correct_factorization_mean": 0.9624060150375939
        },
        "2": {
            "input_is_prime": true,
            "pred_same_as_input": true,
            "group_size": 3,
            "correct_product_mean": 1.0,
            "correct_factorization_mean": 1.0
        }
    },
    "by_min_factor_composite_only": {
        "0": {
            "min_factor_decile": "(1.999, 3.0]",
            "group_size": 4339,
            "correct_product_mean": 0.9651993546900207,
            "correct_factorization_mean": 0.8820004609356995
        },
        "1": {
            "min_factor_decile": "(3.0, 5.0]",
            "group_size": 447,
            "correct_product_mean": 0.970917225950783,
            "correct_factorization_mean": 0.930648769574944
        },
        "2": {
            "min_factor_decile": "(5.0, 17.0]",
            "group_size": 614,
            "correct_product_mean": 0.9641693811074918,
            "correct_factorization_mean": 0.2719869706840391
        },
        "3": {
            "min_factor_decile": "(17.0, 241.0]",
            "group_size": 520,
            "correct_product_mean": 0.9692307692307692,
            "correct_factorization_mean": 0.19615384615384615
        }
    },
    "loss": 0.15541282972625767,
    "meta": {
        "n_beams": 2,
        "temperature": 1.0
    }
}