{
    "correct": {
        "correct_product": 0.970856102003643,
        "correct_factorization": 0.8293867638129934
    },
    "beam_accuracy": {
        "correct_product": {
            "0": 0.9494535519125683,
            "1": 0.20613236187006678
        },
        "correct_factorization": {
            "0": 0.7865816636308439,
            "1": 0.042956891317547055
        }
    },
    "by_prob": {
        "group_size": {
            "(-14.76, -8.188]": 1318.0,
            "(-8.188, -5.803]": 1318.0,
            "(-5.803, -3.432]": 1317.0,
            "(-3.432, -2.34]": 1318.0,
            "(-2.34, -1.259]": 1317.0,
            "(-1.259, -0.801]": 1318.0,
            "(-0.801, -0.0878]": 1317.0,
            "(-0.0878, -0.00597]": 1318.0,
            "(-0.00597, -0.000546]": 1317.0,
            "(-0.000546, -1.91e-06]": 1318.0
        },
        "correct_product": {
            "(-14.76, -8.188]": 0.1631259484066768,
            "(-8.188, -5.803]": 0.17905918057663125,
            "(-5.803, -3.432]": 0.2012148823082764,
            "(-3.432, -2.34]": 0.1676783004552352,
            "(-2.34, -1.259]": 0.32574031890660593,
            "(-1.259, -0.801]": 0.8581183611532626,
            "(-0.801, -0.0878]": 0.8883826879271071,
            "(-0.0878, -0.00597]": 0.9946889226100152,
            "(-0.00597, -0.000546]": 1.0,
            "(-0.000546, -1.91e-06]": 1.0
        },
        "correct_factorization": {
            "(-14.76, -8.188]": 0.0,
            "(-8.188, -5.803]": 0.0,
            "(-5.803, -3.432]": 0.002277904328018223,
            "(-3.432, -2.34]": 0.04021244309559939,
            "(-2.34, -1.259]": 0.16021260440394836,
            "(-1.259, -0.801]": 0.3323216995447648,
            "(-0.801, -0.0878]": 0.6271829916476841,
            "(-0.0878, -0.00597]": 0.9855842185128983,
            "(-0.00597, -0.000546]": 1.0,
            "(-0.000546, -1.91e-06]": 1.0
        },
        "percent_prime_factors_pred": {
            "(-14.76, -8.188]": 0.8742105643471348,
            "(-8.188, -5.803]": 0.904033889731917,
            "(-5.803, -3.432]": 0.8751012401923565,
            "(-3.432, -2.34]": 0.8322584724329793,
            "(-2.34, -1.259]": 0.8201504140000724,
            "(-1.259, -0.801]": 0.5200168003468458,
            "(-0.801, -0.0878]": 0.8004935459377372,
            "(-0.0878, -0.00597]": 0.9954350025290845,
            "(-0.00597, -0.000546]": 1.0,
            "(-0.000546, -1.91e-06]": 1.0
        }
    },
    "by_num_target_factors": {
        "group_size": {
            "1": 668,
            "2": 1601,
            "3": 1720,
            "4": 1198,
            "5": 715,
            "6": 373,
            "7": 165,
            "8": 79,
            "9": 35,
            "10": 20,
            "11": 8,
            "12": 3,
            "13": 3
        },
        "correct_product_mean": {
            "1": 0.9850299401197605,
            "2": 0.9806371018113679,
            "3": 0.977906976744186,
            "4": 0.9891485809682805,
            "5": 0.9762237762237762,
            "6": 0.935656836461126,
            "7": 0.8484848484848485,
            "8": 0.8607594936708861,
            "9": 0.7714285714285715,
            "10": 0.65,
            "11": 0.5,
            "12": 0.6666666666666666,
            "13": 0.0
        },
        "correct_factorization_mean": {
            "1": 0.9850299401197605,
            "2": 0.670206121174266,
            "3": 0.7877906976744186,
            "4": 0.9215358931552587,
            "5": 0.9678321678321679,
            "6": 0.8954423592493298,
            "7": 0.8181818181818182,
            "8": 0.8481012658227848,
            "9": 0.7714285714285715,
            "10": 0.65,
            "11": 0.5,
            "12": 0.6666666666666666,
            "13": 0.0
        }
    },
    "by_input_num": {
        "group_size": {
            "(7.999, 6350.5]": 659,
            "(6350.5, 12996.8]": 659,
            "(12996.8, 19472.5]": 659,
            "(19472.5, 26116.8]": 658,
            "(26116.8, 32574.0]": 659,
            "(32574.0, 39331.6]": 659,
            "(39331.6, 46013.7]": 658,
            "(46013.7, 52699.4]": 659,
            "(52699.4, 59007.6]": 659,
            "(59007.6, 65528.0]": 659
        },
        "correct_product_mean": {
            "(7.999, 6350.5]": 0.9969650986342944,
            "(6350.5, 12996.8]": 0.9969650986342944,
            "(12996.8, 19472.5]": 0.9802731411229135,
            "(19472.5, 26116.8]": 0.9498480243161094,
            "(26116.8, 32574.0]": 0.9681335356600911,
            "(32574.0, 39331.6]": 0.9681335356600911,
            "(39331.6, 46013.7]": 0.9650455927051672,
            "(46013.7, 52699.4]": 0.9453717754172989,
            "(52699.4, 59007.6]": 0.9650986342943855,
            "(59007.6, 65528.0]": 0.9726858877086495
        },
        "correct_factorization_mean": {
            "(7.999, 6350.5]": 0.9969650986342944,
            "(6350.5, 12996.8]": 0.9969650986342944,
            "(12996.8, 19472.5]": 0.9620637329286799,
            "(19472.5, 26116.8]": 0.851063829787234,
            "(26116.8, 32574.0]": 0.8118361153262519,
            "(32574.0, 39331.6]": 0.7784522003034902,
            "(39331.6, 46013.7]": 0.7598784194528876,
            "(46013.7, 52699.4]": 0.7389984825493171,
            "(52699.4, 59007.6]": 0.6949924127465857,
            "(59007.6, 65528.0]": 0.7025796661608498
        }
    },
    "pred_same_as_input_beam_0": {
        "0": {
            "input_is_prime": false,
            "pred_same_as_input": false,
            "group_size": 5116,
            "correct_product_mean": 0.9382329945269742,
            "correct_factorization_mean": 0.8856528537920251
        },
        "1": {
            "input_is_prime": false,
            "pred_same_as_input": true,
            "group_size": 804,
            "correct_product_mean": 1.0,
            "correct_factorization_mean": 0.0
        },
        "2": {
            "input_is_prime": true,
            "pred_same_as_input": false,
            "group_size": 17,
            "correct_product_mean": 0.0,
            "correct_factorization_mean": 0.0
        },
        "3": {
            "input_is_prime": true,
            "pred_same_as_input": true,
            "group_size": 651,
            "correct_product_mean": 1.0,
            "correct_factorization_mean": 1.0
        }
    },
    "by_min_factor_composite_only": {
        "0": {
            "min_factor_decile": "(1.999, 3.0]",
            "group_size": 4339,
            "correct_product_mean": 0.9677345010371053,
            "correct_factorization_mean": 0.8817699930859645
        },
        "1": {
            "min_factor_decile": "(3.0, 5.0]",
            "group_size": 447,
            "correct_product_mean": 0.9821029082774049,
            "correct_factorization_mean": 0.9463087248322147
        },
        "2": {
            "min_factor_decile": "(5.0, 17.0]",
            "group_size": 614,
            "correct_product_mean": 0.9723127035830619,
            "correct_factorization_mean": 0.2736156351791531
        },
        "3": {
            "min_factor_decile": "(17.0, 241.0]",
            "group_size": 520,
            "correct_product_mean": 0.9673076923076923,
            "correct_factorization_mean": 0.21923076923076923
        }
    },
    "loss": 0.1513813115245256,
    "meta": {
        "n_beams": 2,
        "temperature": 1.0
    }
}