{
    "correct": {
        "correct_product": 0.87841796875,
        "correct_factorization": 0.6162109375
    },
    "beam_accuracy": {
        "correct_product": {
            "0": 0.84423828125,
            "1": 0.12890625
        },
        "correct_factorization": {
            "0": 0.5634765625,
            "1": 0.05322265625
        }
    },
    "by_prob": {
        "group_size": {
            "(-13.376999999999999, -5.095]": 410.0,
            "(-5.095, -3.378]": 410.0,
            "(-3.378, -2.759]": 409.0,
            "(-2.759, -2.076]": 410.0,
            "(-2.076, -1.404]": 409.0,
            "(-1.404, -1.077]": 410.0,
            "(-1.077, -0.913]": 409.0,
            "(-0.913, -0.403]": 410.0,
            "(-0.403, -0.0149]": 409.0,
            "(-0.0149, -3.34e-06]": 410.0
        },
        "correct_product": {
            "(-13.376999999999999, -5.095]": 0.17073170731707318,
            "(-5.095, -3.378]": 0.06097560975609756,
            "(-3.378, -2.759]": 0.05134474327628362,
            "(-2.759, -2.076]": 0.10975609756097561,
            "(-2.076, -1.404]": 0.3251833740831296,
            "(-1.404, -1.077]": 0.7365853658536585,
            "(-1.077, -0.913]": 0.8777506112469438,
            "(-0.913, -0.403]": 0.724390243902439,
            "(-0.403, -0.0149]": 0.823960880195599,
            "(-0.0149, -3.34e-06]": 0.9853658536585366
        },
        "correct_factorization": {
            "(-13.376999999999999, -5.095]": 0.0024390243902439024,
            "(-5.095, -3.378]": 0.004878048780487805,
            "(-3.378, -2.759]": 0.02689486552567237,
            "(-2.759, -2.076]": 0.07317073170731707,
            "(-2.076, -1.404]": 0.15403422982885084,
            "(-1.404, -1.077]": 0.28292682926829266,
            "(-1.077, -0.913]": 0.36185819070904646,
            "(-0.913, -0.403]": 0.424390243902439,
            "(-0.403, -0.0149]": 0.7677261613691931,
            "(-0.0149, -3.34e-06]": 0.9853658536585366
        },
        "percent_prime_factors_pred": {
            "(-13.376999999999999, -5.095]": 0.9040040650406509,
            "(-5.095, -3.378]": 0.9294076655052268,
            "(-3.378, -2.759]": 0.9227791361043199,
            "(-2.759, -2.076]": 0.9307084785133569,
            "(-2.076, -1.404]": 0.8351554313657007,
            "(-1.404, -1.077]": 0.6059117305458768,
            "(-1.077, -0.913]": 0.5368145302130632,
            "(-0.913, -0.403]": 0.8287108013937283,
            "(-0.403, -0.0149]": 0.9735533822330888,
            "(-0.0149, -3.34e-06]": 1.0
        }
    },
    "by_num_target_factors": {
        "group_size": {
            "1": 192,
            "2": 466,
            "3": 501,
            "4": 401,
            "5": 237,
            "6": 131,
            "7": 62,
            "8": 32,
            "9": 12,
            "10": 7,
            "11": 5,
            "12": 1,
            "16": 1
        },
        "correct_product_mean": {
            "1": 0.9895833333333334,
            "2": 0.98068669527897,
            "3": 0.9481037924151696,
            "4": 0.85785536159601,
            "5": 0.759493670886076,
            "6": 0.6793893129770993,
            "7": 0.6612903225806451,
            "8": 0.46875,
            "9": 0.3333333333333333,
            "10": 0.42857142857142855,
            "11": 0.2,
            "12": 0.0,
            "16": 0.0
        },
        "correct_factorization_mean": {
            "1": 0.9895833333333334,
            "2": 0.4570815450643777,
            "3": 0.5229540918163673,
            "4": 0.7107231920199502,
            "5": 0.7130801687763713,
            "6": 0.6183206106870229,
            "7": 0.6290322580645161,
            "8": 0.46875,
            "9": 0.3333333333333333,
            "10": 0.42857142857142855,
            "11": 0.2,
            "12": 0.0,
            "16": 0.0
        }
    },
    "by_input_num": {
        "group_size": {
            "(65535.999, 65740.7]": 205,
            "(65740.7, 65945.4]": 205,
            "(65945.4, 66150.1]": 205,
            "(66150.1, 66354.8]": 204,
            "(66354.8, 66559.5]": 205,
            "(66559.5, 66764.2]": 205,
            "(66764.2, 66968.9]": 204,
            "(66968.9, 67173.6]": 205,
            "(67173.6, 67378.3]": 205,
            "(67378.3, 67583.0]": 205
        },
        "correct_product_mean": {
            "(65535.999, 65740.7]": 0.9414634146341463,
            "(65740.7, 65945.4]": 0.9024390243902439,
            "(65945.4, 66150.1]": 0.926829268292683,
            "(66150.1, 66354.8]": 0.9068627450980392,
            "(66354.8, 66559.5]": 0.8780487804878049,
            "(66559.5, 66764.2]": 0.8634146341463415,
            "(66764.2, 66968.9]": 0.8137254901960784,
            "(66968.9, 67173.6]": 0.848780487804878,
            "(67173.6, 67378.3]": 0.8439024390243902,
            "(67378.3, 67583.0]": 0.8585365853658536
        },
        "correct_factorization_mean": {
            "(65535.999, 65740.7]": 0.697560975609756,
            "(65740.7, 65945.4]": 0.6292682926829268,
            "(65945.4, 66150.1]": 0.6634146341463415,
            "(66150.1, 66354.8]": 0.6127450980392157,
            "(66354.8, 66559.5]": 0.6292682926829268,
            "(66559.5, 66764.2]": 0.5756097560975609,
            "(66764.2, 66968.9]": 0.5441176470588235,
            "(66968.9, 67173.6]": 0.5951219512195122,
            "(67173.6, 67378.3]": 0.5804878048780487,
            "(67378.3, 67583.0]": 0.6341463414634146
        }
    },
    "pred_same_as_input_beam_0": {
        "0": {
            "input_is_prime": false,
            "pred_same_as_input": false,
            "group_size": 1511,
            "correct_product_mean": 0.7915287888815354,
            "correct_factorization_mean": 0.6393117140966248
        },
        "1": {
            "input_is_prime": false,
            "pred_same_as_input": true,
            "group_size": 345,
            "correct_product_mean": 1.0,
            "correct_factorization_mean": 0.0
        },
        "2": {
            "input_is_prime": true,
            "pred_same_as_input": false,
            "group_size": 4,
            "correct_product_mean": 0.0,
            "correct_factorization_mean": 0.0
        },
        "3": {
            "input_is_prime": true,
            "pred_same_as_input": true,
            "group_size": 188,
            "correct_product_mean": 1.0,
            "correct_factorization_mean": 1.0
        }
    },
    "by_min_factor_composite_only": {
        "0": {
            "min_factor_decile": "(1.999, 3.0]",
            "group_size": 1365,
            "correct_product_mean": 0.8358974358974359,
            "correct_factorization_mean": 0.6249084249084249
        },
        "1": {
            "min_factor_decile": "(3.0, 5.0]",
            "group_size": 136,
            "correct_product_mean": 0.875,
            "correct_factorization_mean": 0.8235294117647058
        },
        "2": {
            "min_factor_decile": "(5.0, 17.0]",
            "group_size": 176,
            "correct_product_mean": 0.9829545454545454,
            "correct_factorization_mean": 0.0
        },
        "3": {
            "min_factor_decile": "(17.0, 257.0]",
            "group_size": 179,
            "correct_product_mean": 0.9832402234636871,
            "correct_factorization_mean": 0.00558659217877095
        }
    },
    "loss": 0.15047460421919823,
    "meta": {
        "n_beams": 2,
        "temperature": 1.0
    }
}