{
    "correct": {
        "correct_product": 0.9999620233935895,
        "correct_factorization": 0.9536305635728392
    },
    "beam_accuracy": {
        "correct_product": {
            "0": 0.9682135804344524,
            "1": 0.24589852650767127,
            "2": 0.11449946832751025,
            "3": 0.07291508430806623,
            "4": 0.053167248974631626,
            "5": 0.0440148868297129,
            "6": 0.03543217378095093,
            "7": 0.03003949567066687,
            "8": 0.026355764848853106,
            "9": 0.024115145070636487,
            "10": 0.021684642260367613,
            "11": 0.018342700896247913,
            "12": 0.01826674768342701,
            "13": 0.016899589852650766,
            "14": 0.013481695275710163,
            "15": 0.012798116360322041,
            "16": 0.011962631019292116,
            "17": 0.01238037368980708,
            "18": 0.011810724593650311,
            "19": 0.010861309433389033,
            "20": 0.01017773051800091,
            "21": 0.009873917666717302,
            "22": 0.008013063952605195,
            "23": 0.008924502506456024,
            "24": 0.008696642867993315,
            "25": 0.10511924654412881,
            "26": 0.15095701048154336,
            "27": 0.08104207807990278,
            "28": 0.053509038432325684,
            "29": 0.03983746012456327,
            "30": 0.03034330852195048,
            "31": 0.025634209327054534,
            "32": 0.021950478505240772,
            "33": 0.020203554610360018,
            "34": 0.019102233024456936,
            "35": 0.0196718821206137,
            "36": 0.018038888044964303,
            "37": 0.01762114537444934,
            "38": 0.017241379310344827,
            "39": 0.015190642564180465,
            "40": 0.015608385234695427,
            "41": 0.01534254898982227,
            "42": 0.013937414552635577,
            "43": 0.013595625094941517,
            "44": 0.01370955491417287,
            "45": 0.01370955491417287,
            "46": 0.013101929211605651,
            "47": 0.01435515722315054,
            "48": 0.013785508126993772,
            "49": 0.012228467264165275,
            "50": 0.012038584232113018,
            "51": 0.10048610056205377,
            "52": 0.1411210694212365,
            "53": 0.08240923591067902,
            "54": 0.054762266443870576,
            "55": 0.043521190946377034,
            "56": 0.032773811332219356,
            "57": 0.026925413945009875,
            "58": 0.025406349688591828,
            "59": 0.025368373082181376,
            "60": 0.0245708643475619,
            "61": 0.023697402400121526,
            "62": 0.021988455111651223,
            "63": 0.021684642260367613,
            "64": 0.020431414248822725,
            "65": 0.019747835333434605,
            "66": 0.02024153121677047,
            "67": 0.02027950782318092,
            "68": 0.019519975694971898,
            "69": 0.01864651374753152,
            "70": 0.01762114537444934,
            "71": 0.01925413945009874,
            "72": 0.018532583928300168,
            "73": 0.01895032659881513,
            "74": 0.018152817864195654,
            "75": 0.017735075193680692,
            "76": 0.016823636639829866,
            "77": 0.07006683882728239,
            "78": 0.09513139905818016,
            "79": 0.058445997265684335,
            "80": 0.044660489138690564,
            "81": 0.0359258696642868,
            "82": 0.029128057116816042,
            "83": 0.026963390551420326,
            "84": 0.02711529697706213,
            "85": 0.026583624487315813,
            "86": 0.025900045571927693,
            "87": 0.02548230290141273,
            "88": 0.024912653805255962,
            "89": 0.023963238644994684,
            "90": 0.02316572991037521,
            "91": 0.022292267962934834,
            "92": 0.02320370651678566,
            "93": 0.02316572991037521,
            "94": 0.022710010633449795,
            "95": 0.021456782621904907,
            "96": 0.020849156919337686,
            "97": 0.023317636336017012,
            "98": 0.02320370651678566,
            "99": 0.02119094637703175
        },
        "correct_factorization": {
            "0": 0.5517241379310345,
            "1": 0.0961947440376728,
            "2": 0.04857207959896703,
            "3": 0.032166185629652136,
            "4": 0.022747987239860247,
            "5": 0.01955795230138235,
            "6": 0.01572231505392678,
            "7": 0.012228467264165275,
            "8": 0.011127145678262191,
            "9": 0.01074737961415768,
            "10": 0.009000455719276925,
            "11": 0.0069497189731125624,
            "12": 0.006342093270545344,
            "13": 0.006152210238493088,
            "14": 0.004974935439769102,
            "15": 0.0047090991948959444,
            "16": 0.004215403311560079,
            "17": 0.004443262950022786,
            "18": 0.004291356524380981,
            "19": 0.0038356372474555676,
            "20": 0.003455871183351056,
            "21": 0.0033799179705301533,
            "22": 0.002772292267962935,
            "23": 0.0031900349384778974,
            "24": 0.002810268874373386,
            "25": 0.0993847789761507,
            "26": 0.14598207504177427,
            "27": 0.07413033571320067,
            "28": 0.04602764696946681,
            "29": 0.03338143703478657,
            "30": 0.023811332219352877,
            "31": 0.01838067750265836,
            "32": 0.016064104511620842,
            "33": 0.014241227403919185,
            "34": 0.0130639526051952,
            "35": 0.01370955491417287,
            "36": 0.012532280115448883,
            "37": 0.011886677806471214,
            "38": 0.011924654412881664,
            "39": 0.010633449794926326,
            "40": 0.01048154336928452,
            "41": 0.010975239252620386,
            "42": 0.009114385538508279,
            "43": 0.008772596080814219,
            "44": 0.008886525900045572,
            "45": 0.00919033875132918,
            "46": 0.008354853410299255,
            "47": 0.00881057268722467,
            "48": 0.009228315357739632,
            "49": 0.00751936806926933,
            "50": 0.007481391462858879,
            "51": 0.09558711833510558,
            "52": 0.13572839131095246,
            "53": 0.06926933009266292,
            "54": 0.04374905058483974,
            "55": 0.0325839283001671,
            "56": 0.024115145070636487,
            "57": 0.018494607321889716,
            "58": 0.017431262342397082,
            "59": 0.016481847182135804,
            "60": 0.015760291660337232,
            "61": 0.016140057724441745,
            "62": 0.015266595777001367,
            "63": 0.01439313382956099,
            "64": 0.013291812243657906,
            "65": 0.012874069573142945,
            "66": 0.012646209934680236,
            "67": 0.012684186541090688,
            "68": 0.011886677806471214,
            "69": 0.011127145678262191,
            "70": 0.010709403007747227,
            "71": 0.01139298192313535,
            "72": 0.010861309433389033,
            "73": 0.010937262646209934,
            "74": 0.010861309433389033,
            "75": 0.010063800698769557,
            "76": 0.009608081421844144,
            "77": 0.06281330700288622,
            "78": 0.08670059243506001,
            "79": 0.0475846878322953,
            "80": 0.03326750721555522,
            "81": 0.024684794166793256,
            "82": 0.018722466960352423,
            "83": 0.016747683427008962,
            "84": 0.016785660033419414,
            "85": 0.016064104511620842,
            "86": 0.014620993468023697,
            "87": 0.014886829712896855,
            "88": 0.015000759532128208,
            "89": 0.014165274191098283,
            "90": 0.013215859030837005,
            "91": 0.012646209934680236,
            "92": 0.012266443870575724,
            "93": 0.012608233328269786,
            "94": 0.012190490657754823,
            "95": 0.010899286039799484,