{
    "correct": {
        "correct_product": 0.9821130183806775,
        "correct_factorization": 0.6326522861917059
    },
    "beam_accuracy": {
        "correct_product": {
            "0": 0.9669223758164971,
            "1": 0.23450554458453593
        },
        "correct_factorization": {
            "0": 0.5511924654412882,
            "1": 0.08149779735682819
        }
    },
    "by_prob": {
        "correct_product": {
            "(-14.58, -5.871]": 0.16878678564647806,
            "(-5.871, -2.848]": 0.1697683251044436,
            "(-2.848, -2.603]": 0.19179642992783896,
            "(-2.603, -2.009]": 0.18739320296183787,
            "(-2.009, -1.483]": 0.44056209646790734,
            "(-1.483, -1.236]": 0.9293581466008356,
            "(-1.236, -1.098]": 0.9762673248528574,
            "(-1.098, -0.747]": 0.9656285605772883,
            "(-0.747, -0.00554]": 0.9777819977212305,
            "(-0.00554, -3.22e-06]": 0.9998101385988228
        },
        "correct_factorization": {
            "(-14.58, -5.871]": 0.00037972280235428136,
            "(-5.871, -2.848]": 0.019559437903532092,
            "(-2.848, -2.603]": 0.05184200531712875,
            "(-2.603, -2.009]": 0.08714638314030758,
            "(-2.009, -1.483]": 0.2178123813140904,
            "(-1.483, -1.236]": 0.25750094948727686,
            "(-1.236, -1.098]": 0.287450161382191,
            "(-1.098, -0.747]": 0.4003038359285986,
            "(-0.747, -0.00554]": 0.8416255222180022,
            "(-0.00554, -3.22e-06]": 0.9998101385988228
        },
        "percent_prime_factors_pred": {
            "(-14.58, -5.871]": 0.8672596273839929,
            "(-5.871, -2.848]": 0.817043522688222,
            "(-2.848, -2.603]": 0.7068831045521078,
            "(-2.603, -2.009]": 0.8523996371537669,
            "(-2.009, -1.483]": 0.811021286600468,
            "(-1.483, -1.236]": 0.4315783643499185,
            "(-1.236, -1.098]": 0.4773954180115153,
            "(-1.098, -0.747]": 0.6804435009856508,
            "(-0.747, -0.00554]": 0.93741499828188,
            "(-0.00554, -3.22e-06]": 1.0
        }
    },
    "by_n_target_factors": {
        "correct_product_mean": {
            "1": 0.9991311902693311,
            "2": 0.9938408896492729,
            "3": 0.9923008587503701,
            "4": 0.9875370919881306,
            "5": 0.9764631043256997,
            "6": 0.9327731092436975,
            "7": 0.9080047789725209,
            "8": 0.9256410256410257,
            "9": 0.9375,
            "10": 0.967391304347826,
            "11": 0.926829268292683,
            "12": 0.8421052631578947,
            "13": 0.4,
            "14": 0.4,
            "17": 1.0
        },
        "correct_product_size": {
            "1": 2302,
            "2": 5845,
            "3": 6754,
            "4": 5055,
            "5": 3144,
            "6": 1666,
            "7": 837,
            "8": 390,
            "9": 176,
            "10": 92,
            "11": 41,
            "12": 19,
            "13": 5,
            "14": 5,
            "17": 1
        },
        "correct_factorization_mean": {
            "1": 0.9991311902693311,
            "2": 0.5202737382378101,
            "3": 0.4686111933668937,
            "4": 0.6385756676557863,
            "5": 0.7290076335877863,
            "6": 0.7749099639855942,
            "7": 0.8291517323775388,
            "8": 0.8871794871794871,
            "9": 0.8920454545454546,
            "10": 0.9456521739130435,
            "11": 0.926829268292683,
            "12": 0.7894736842105263,
            "13": 0.4,
            "14": 0.4,
            "17": 1.0
        },
        "correct_factorization_size": {
            "1": 2302,
            "2": 5845,
            "3": 6754,
            "4": 5055,
            "5": 3144,
            "6": 1666,
            "7": 837,
            "8": 390,
            "9": 176,
            "10": 92,
            "11": 41,
            "12": 19,
            "13": 5,
            "14": 5,
            "17": 1
        }
    },
    "by_target_number": {
        "correct_product_mean": {
            "(7.999, 26108.8]": 0.9920273348519362,
            "(26108.8, 52656.0]": 0.9859475883023168,
            "(52656.0, 79135.9]": 0.9817698442840866,
            "(79135.9, 104831.2]": 0.9810102544625902,
            "(104831.2, 130725.0]": 0.9813900493733384,
            "(130725.0, 157734.6]": 0.9802506646410938,
            "(157734.6, 183966.4]": 0.980630459551842,
            "(183966.4, 209743.8]": 0.982529434105583,
            "(209743.8, 235829.2]": 0.9791112799088493,
            "(235829.2, 262138.0]": 0.976461655277145
        },
        "correct_product_size": {
            "(7.999, 26108.8]": 2634,
            "(26108.8, 52656.0]": 2633,
            "(52656.0, 79135.9]": 2633,
            "(79135.9, 104831.2]": 2633,
            "(104831.2, 130725.0]": 2633,
            "(130725.0, 157734.6]": 2633,
            "(157734.6, 183966.4]": 2633,
            "(183966.4, 209743.8]": 2633,
            "(209743.8, 235829.2]": 2633,
            "(235829.2, 262138.0]": 2634
        },
        "correct_factorization_mean": {
            "(7.999, 26108.8]": 0.9422930903568717,
            "(26108.8, 52656.0]": 0.8533991644511963,
            "(52656.0, 79135.9]": 0.7360425370300038,
            "(79135.9, 104831.2]": 0.6813520698822636,
            "(104831.2, 130725.0]": 0.5905810862134447,
            "(130725.0, 157734.6]": 0.5434865172806684,
            "(157734.6, 183966.4]": 0.5339916445119636,
            "(183966.4, 209743.8]": 0.4982909229016331,
            "(209743.8, 235829.2]": 0.4785415875427269,
            "(235829.2, 262138.0]": 0.46848899012908124
        },
        "correct_factorization_size": {
            "(7.999, 26108.8]": 2634,
            "(26108.8, 52656.0]": 2633,
            "(52656.0, 79135.9]": 2633,
            "(79135.9, 104831.2]": 2633,
            "(104831.2, 130725.0]": 2633,
            "(130725.0, 157734.6]": 2633,
            "(157734.6, 183966.4]": 2633,
            "(183966.4, 209743.8]": 2633,
            "(209743.8, 235829.2]": 2633,
            "(235829.2, 262138.0]": 2634
        }
    },
    "pred_same_as_target_beam_0": {
        "0": {
            "target_is_prime": false,
            "pred_same_as_target": false,
            "correct_product_mean": 0.9644610903037869,
            "correct_product_size": 24030,
            "correct_factorization_mean": 0.5089055347482314,
            "correct_factorization_size": 24030
        },
        "1": {
            "target_is_prime": true,
            "pred_same_as_target": false,
            "correct_product_mean": 0.0,
            "correct_product_size": 17,
            "correct_factorization_mean": 0.0,
            "correct_factorization_size": 17
        },
        "2": {
            "target_is_prime": true,
            "pred_same_as_target": true,
            "correct_product_mean": 1.0,
            "correct_product_size": 2285,
            "correct_factorization_mean": 1.0,
            "correct_factorization_size": 2285
        }
    },
    "by_min_factor": {
        "0": {
            "min_factor_decile": "(1.999, 3.0]",
            "correct_product_mean": 0.9757386363636363,
            "correct_product_size": 17600,
            "correct_factorization_mean": 0.6486363636363637,
            "correct_factorization_size": 17600
        },
        "1": {
            "min_factor_decile": "(3.0, 5.0]",
            "correct_product_mean": 0.9982638888888888,
            "correct_product_size": 1728,
            "correct_factorization_mean": 0.2488425925925926,
            "correct_factorization_size": 1728
        },
        "2": {
            "min_factor_decile": "(5.0, 17.0]",
            "correct_product_mean": 0.9910371318822023,
            "correct_product_size": 2343,
            "correct_factorization_mean": 0.07682458386683738,
            "correct_factorization_size": 2343
        },