{
    "correct": {
        "correct_product": 0.86669921875,
        "correct_factorization": 0.56689453125
    },
    "beam_accuracy": {
        "correct_product": {
            "0": 0.81103515625,
            "1": 0.14599609375
        },
        "correct_factorization": {
            "0": 0.49658203125,
            "1": 0.0703125
        }
    },
    "by_prob": {
        "group_size": {
            "(-12.748, -3.843]": 410.0,
            "(-3.843, -3.109]": 410.0,
            "(-3.109, -2.492]": 409.0,
            "(-2.492, -1.894]": 410.0,
            "(-1.894, -1.446]": 409.0,
            "(-1.446, -1.055]": 410.0,
            "(-1.055, -0.915]": 409.0,
            "(-0.915, -0.747]": 410.0,
            "(-0.747, -0.147]": 409.0,
            "(-0.147, -5.84e-06]": 410.0
        },
        "correct_product": {
            "(-12.748, -3.843]": 0.12195121951219512,
            "(-3.843, -3.109]": 0.03902439024390244,
            "(-3.109, -2.492]": 0.06601466992665037,
            "(-2.492, -1.894]": 0.1878048780487805,
            "(-1.894, -1.446]": 0.26405867970660146,
            "(-1.446, -1.055]": 0.5804878048780487,
            "(-1.055, -0.915]": 0.8581907090464548,
            "(-0.915, -0.747]": 0.9219512195121952,
            "(-0.747, -0.147]": 0.7726161369193154,
            "(-0.147, -5.84e-06]": 0.973170731707317
        },
        "correct_factorization": {
            "(-12.748, -3.843]": 0.004878048780487805,
            "(-3.843, -3.109]": 0.012195121951219513,
            "(-3.109, -2.492]": 0.022004889975550123,
            "(-2.492, -1.894]": 0.1073170731707317,
            "(-1.894, -1.446]": 0.16136919315403422,
            "(-1.446, -1.055]": 0.28536585365853656,
            "(-1.055, -0.915]": 0.3080684596577017,
            "(-0.915, -0.747]": 0.4292682926829268,
            "(-0.747, -0.147]": 0.5476772616136919,
            "(-0.147, -5.84e-06]": 0.9560975609756097
        },
        "percent_prime_factors_pred": {
            "(-12.748, -3.843]": 0.9192566782810685,
            "(-3.843, -3.109]": 0.9200987224157956,
            "(-3.109, -2.492]": 0.9228198859005705,
            "(-2.492, -1.894]": 0.906759581881533,
            "(-1.894, -1.446]": 0.9039643730352778,
            "(-1.446, -1.055]": 0.7636585365853659,
            "(-1.055, -0.915]": 0.5113866573524275,
            "(-0.915, -0.747]": 0.6415447154471545,
            "(-0.747, -0.147]": 0.8995925020374899,
            "(-0.147, -5.84e-06]": 0.9947560975609757
        }
    },
    "by_num_target_factors": {
        "group_size": {
            "1": 192,
            "2": 466,
            "3": 501,
            "4": 401,
            "5": 237,
            "6": 131,
            "7": 62,
            "8": 32,
            "9": 12,
            "10": 7,
            "11": 5,
            "12": 1,
            "16": 1
        },
        "correct_product_mean": {
            "1": 0.9895833333333334,
            "2": 0.9699570815450643,
            "3": 0.9021956087824351,
            "4": 0.8753117206982544,
            "5": 0.7426160337552743,
            "6": 0.6793893129770993,
            "7": 0.6451612903225806,
            "8": 0.5,
            "9": 0.4166666666666667,
            "10": 0.42857142857142855,
            "11": 0.0,
            "12": 1.0,
            "16": 0.0
        },
        "correct_factorization_mean": {
            "1": 0.9895833333333334,
            "2": 0.44420600858369097,
            "3": 0.40718562874251496,
            "4": 0.6608478802992519,
            "5": 0.6329113924050633,
            "6": 0.6412213740458015,
            "7": 0.5806451612903226,
            "8": 0.5,
            "9": 0.4166666666666667,
            "10": 0.42857142857142855,
            "11": 0.0,
            "12": 1.0,
            "16": 0.0
        }
    },
    "by_input_num": {
        "group_size": {
            "(65535.999, 65740.7]": 205,
            "(65740.7, 65945.4]": 205,
            "(65945.4, 66150.1]": 205,
            "(66150.1, 66354.8]": 204,
            "(66354.8, 66559.5]": 205,
            "(66559.5, 66764.2]": 205,
            "(66764.2, 66968.9]": 204,
            "(66968.9, 67173.6]": 205,
            "(67173.6, 67378.3]": 205,
            "(67378.3, 67583.0]": 205
        },
        "correct_product_mean": {
            "(65535.999, 65740.7]": 0.9170731707317074,
            "(65740.7, 65945.4]": 0.8731707317073171,
            "(65945.4, 66150.1]": 0.8829268292682927,
            "(66150.1, 66354.8]": 0.8921568627450981,
            "(66354.8, 66559.5]": 0.926829268292683,
            "(66559.5, 66764.2]": 0.848780487804878,
            "(66764.2, 66968.9]": 0.8284313725490197,
            "(66968.9, 67173.6]": 0.824390243902439,
            "(67173.6, 67378.3]": 0.8536585365853658,
            "(67378.3, 67583.0]": 0.8195121951219512
        },
        "correct_factorization_mean": {
            "(65535.999, 65740.7]": 0.6195121951219512,
            "(65740.7, 65945.4]": 0.5560975609756098,
            "(65945.4, 66150.1]": 0.6,
            "(66150.1, 66354.8]": 0.5490196078431373,
            "(66354.8, 66559.5]": 0.624390243902439,
            "(66559.5, 66764.2]": 0.5560975609756098,
            "(66764.2, 66968.9]": 0.5147058823529411,
            "(66968.9, 67173.6]": 0.5365853658536586,
            "(67173.6, 67378.3]": 0.551219512195122,
            "(67378.3, 67583.0]": 0.5609756097560976
        }
    },
    "pred_same_as_input_beam_0": {
        "0": {
            "input_is_prime": false,
            "pred_same_as_input": false,
            "group_size": 1856,
            "correct_product_mean": 0.7952586206896551,
            "correct_factorization_mean": 0.4482758620689655
        },
        "1": {
            "input_is_prime": true,
            "pred_same_as_input": false,
            "group_size": 192,
            "correct_product_mean": 0.9635416666666666,
            "correct_factorization_mean": 0.9635416666666666
        }
    },
    "by_min_factor_composite_only": {
        "0": {
            "min_factor_decile": "(1.999, 3.0]",
            "group_size": 1365,
            "correct_product_mean": 0.819047619047619,
            "correct_factorization_mean": 0.545054945054945
        },
        "1": {
            "min_factor_decile": "(3.0, 5.0]",
            "group_size": 136,
            "correct_product_mean": 0.8602941176470589,
            "correct_factorization_mean": 0.6470588235294118
        },
        "2": {
            "min_factor_decile": "(5.0, 17.0]",
            "group_size": 176,
            "correct_product_mean": 0.9886363636363636,
            "correct_factorization_mean": 0.0
        },
        "3": {
            "min_factor_decile": "(17.0, 257.0]",
            "group_size": 179,
            "correct_product_mean": 0.9832402234636871,
            "correct_factorization_mean": 0.0
        }
    },
    "loss": 0.44228596652435836,
    "meta": {
        "n_beams": 2,
        "temperature": 1.0
    }
}