{
    "correct": {
        "correct_product": 0.9650880388585307,
        "correct_factorization": 0.8280206435944141
    },
    "beam_accuracy": {
        "correct_product": {
            "0": 0.9406496660595022,
            "1": 0.20704310868245293
        },
        "correct_factorization": {
            "0": 0.7849119611414693,
            "1": 0.04310868245294475
        }
    },
    "by_prob": {
        "group_size": {
            "(-13.424999999999999, -7.726]": 1318.0,
            "(-7.726, -5.366]": 1318.0,
            "(-5.366, -3.209]": 1317.0,
            "(-3.209, -2.242]": 1318.0,
            "(-2.242, -1.283]": 1317.0,
            "(-1.283, -0.84]": 1318.0,
            "(-0.84, -0.141]": 1317.0,
            "(-0.141, -0.0097]": 1318.0,
            "(-0.0097, -0.00088]": 1317.0,
            "(-0.00088, -2.15e-06]": 1318.0
        },
        "correct_product": {
            "(-13.424999999999999, -7.726]": 0.13884673748103188,
            "(-7.726, -5.366]": 0.19575113808801214,
            "(-5.366, -3.209]": 0.2072892938496583,
            "(-3.209, -2.242]": 0.18285280728376327,
            "(-2.242, -1.283]": 0.32270311313591493,
            "(-1.283, -0.84]": 0.8179059180576631,
            "(-0.84, -0.141]": 0.876993166287016,
            "(-0.141, -0.0097]": 0.996206373292868,
            "(-0.0097, -0.00088]": 1.0,
            "(-0.00088, -2.15e-06]": 1.0
        },
        "correct_factorization": {
            "(-13.424999999999999, -7.726]": 0.0,
            "(-7.726, -5.366]": 0.0,
            "(-5.366, -3.209]": 0.0037965072133637054,
            "(-3.209, -2.242]": 0.05690440060698027,
            "(-2.242, -1.283]": 0.1548974943052392,
            "(-1.283, -0.84]": 0.33763277693474963,
            "(-0.84, -0.141]": 0.5975702353834472,
            "(-0.141, -0.0097]": 0.9893778452200304,
            "(-0.0097, -0.00088]": 1.0,
            "(-0.00088, -2.15e-06]": 1.0
        },
        "percent_prime_factors_pred": {
            "(-13.424999999999999, -7.726]": 0.888356275742467,
            "(-7.726, -5.366]": 0.8992286292362165,
            "(-5.366, -3.209]": 0.860554290053151,
            "(-3.209, -2.242]": 0.8306293205193053,
            "(-2.242, -1.283]": 0.8322025165419243,
            "(-1.283, -0.84]": 0.5538947900859889,
            "(-0.84, -0.141]": 0.7815986911089416,
            "(-0.141, -0.0097]": 0.9951947395042995,
            "(-0.0097, -0.00088]": 1.0,
            "(-0.00088, -2.15e-06]": 1.0
        }
    },
    "by_num_target_factors": {
        "group_size": {
            "1": 668,
            "2": 1601,
            "3": 1720,
            "4": 1198,
            "5": 715,
            "6": 373,
            "7": 165,
            "8": 79,
            "9": 35,
            "10": 20,
            "11": 8,
            "12": 3,
            "13": 3
        },
        "correct_product_mean": {
            "1": 0.9850299401197605,
            "2": 0.9762648344784509,
            "3": 0.9837209302325581,
            "4": 0.9808013355592654,
            "5": 0.9706293706293706,
            "6": 0.9249329758713136,
            "7": 0.8424242424242424,
            "8": 0.7215189873417721,
            "9": 0.5714285714285714,
            "10": 0.45,
            "11": 0.375,
            "12": 0.6666666666666666,
            "13": 0.3333333333333333
        },
        "correct_factorization_mean": {
            "1": 0.9850299401197605,
            "2": 0.6777014366021237,
            "3": 0.7953488372093023,
            "4": 0.9173622704507512,
            "5": 0.9552447552447553,
            "6": 0.8954423592493298,
            "7": 0.8242424242424242,
            "8": 0.7215189873417721,
            "9": 0.5714285714285714,
            "10": 0.45,
            "11": 0.375,
            "12": 0.6666666666666666,
            "13": 0.3333333333333333
        }
    },
    "by_input_num": {
        "group_size": {
            "(7.999, 6350.5]": 659,
            "(6350.5, 12996.8]": 659,
            "(12996.8, 19472.5]": 659,
            "(19472.5, 26116.8]": 658,
            "(26116.8, 32574.0]": 659,
            "(32574.0, 39331.6]": 659,
            "(39331.6, 46013.7]": 658,
            "(46013.7, 52699.4]": 659,
            "(52699.4, 59007.6]": 659,
            "(59007.6, 65528.0]": 659
        },
        "correct_product_mean": {
            "(7.999, 6350.5]": 0.9939301972685888,
            "(6350.5, 12996.8]": 0.9954476479514416,
            "(12996.8, 19472.5]": 0.9817905918057663,
            "(19472.5, 26116.8]": 0.958966565349544,
            "(26116.8, 32574.0]": 0.9544764795144158,
            "(32574.0, 39331.6]": 0.9681335356600911,
            "(39331.6, 46013.7]": 0.9468085106382979,
            "(46013.7, 52699.4]": 0.9408194233687405,
            "(52699.4, 59007.6]": 0.9514415781487102,
            "(59007.6, 65528.0]": 0.9590288315629742
        },
        "correct_factorization_mean": {
            "(7.999, 6350.5]": 0.9939301972685888,
            "(6350.5, 12996.8]": 0.9939301972685888,
            "(12996.8, 19472.5]": 0.9726858877086495,
            "(19472.5, 26116.8]": 0.8662613981762918,
            "(26116.8, 32574.0]": 0.802731411229135,
            "(32574.0, 39331.6]": 0.7830045523520486,
            "(39331.6, 46013.7]": 0.7401215805471124,
            "(46013.7, 52699.4]": 0.7298937784522003,
            "(52699.4, 59007.6]": 0.6980273141122914,
            "(59007.6, 65528.0]": 0.6995447647951442
        }
    },
    "pred_same_as_input_beam_0": {
        "0": {
            "input_is_prime": false,
            "pred_same_as_input": false,
            "group_size": 5147,
            "correct_product_mean": 0.9271420244802798,
            "correct_factorization_mean": 0.8779871769963086
        },
        "1": {
            "input_is_prime": false,
            "pred_same_as_input": true,
            "group_size": 773,
            "correct_product_mean": 1.0,
            "correct_factorization_mean": 0.0
        },
        "2": {
            "input_is_prime": true,
            "pred_same_as_input": false,
            "group_size": 16,
            "correct_product_mean": 0.0,
            "correct_factorization_mean": 0.0
        },
        "3": {
            "input_is_prime": true,
            "pred_same_as_input": true,
            "group_size": 652,
            "correct_product_mean": 1.0,
            "correct_factorization_mean": 1.0
        }
    },
    "by_min_factor_composite_only": {
        "0": {
            "min_factor_decile": "(1.999, 3.0]",
            "group_size": 4339,
            "correct_product_mean": 0.9598985941461167,
            "correct_factorization_mean": 0.8753168932933856
        },
        "1": {
            "min_factor_decile": "(3.0, 5.0]",
            "group_size": 447,
            "correct_product_mean": 0.9753914988814317,
            "correct_factorization_mean": 0.9395973154362416
        },
        "2": {
            "min_factor_decile": "(5.0, 17.0]",
            "group_size": 614,
            "correct_product_mean": 0.9739413680781759,
            "correct_factorization_mean": 0.2964169381107492
        },
        "3": {
            "min_factor_decile": "(17.0, 241.0]",
            "group_size": 520,
            "correct_product_mean": 0.9634615384615385,
            "correct_factorization_mean": 0.22884615384615384
        }
    },
    "loss": 0.14995516359965302,
    "meta": {
        "n_beams": 2,
        "temperature": 1.0
    }
}