{
    "correct": {
        "correct_product": 0.9581056466302368,
        "correct_factorization": 0.796448087431694
    },
    "beam_accuracy": {
        "correct_product": {
            "0": 0.9271402550091075,
            "1": 0.20871281117182758
        },
        "correct_factorization": {
            "0": 0.7395264116575592,
            "1": 0.05707346690953248
        }
    },
    "by_prob": {
        "group_size": {
            "(-14.059, -7.222]": 1318.0,
            "(-7.222, -4.466]": 1318.0,
            "(-4.466, -2.842]": 1317.0,
            "(-2.842, -2.109]": 1318.0,
            "(-2.109, -1.26]": 1317.0,
            "(-1.26, -0.853]": 1318.0,
            "(-0.853, -0.318]": 1317.0,
            "(-0.318, -0.0234]": 1318.0,
            "(-0.0234, -0.00139]": 1317.0,
            "(-0.00139, -2.74e-06]": 1318.0
        },
        "correct_product": {
            "(-14.059, -7.222]": 0.14946889226100152,
            "(-7.222, -4.466]": 0.18968133535660092,
            "(-4.466, -2.842]": 0.16780561883067577,
            "(-2.842, -2.109]": 0.17830045523520485,
            "(-2.109, -1.26]": 0.3545937737281701,
            "(-1.26, -0.853]": 0.7996965098634294,
            "(-0.853, -0.318]": 0.8656036446469249,
            "(-0.318, -0.0234]": 0.9764795144157815,
            "(-0.0234, -0.00139]": 0.9977220956719818,
            "(-0.00139, -2.74e-06]": 1.0
        },
        "correct_factorization": {
            "(-14.059, -7.222]": 0.0007587253414264037,
            "(-7.222, -4.466]": 0.0030349013657056147,
            "(-4.466, -2.842]": 0.02126044039483675,
            "(-2.842, -2.109]": 0.061456752655538696,
            "(-2.109, -1.26]": 0.18147304479878512,
            "(-1.26, -0.853]": 0.3512898330804249,
            "(-0.853, -0.318]": 0.4639331814730448,
            "(-0.318, -0.0234]": 0.9051593323216995,
            "(-0.0234, -0.00139]": 0.9946848899012908,
            "(-0.00139, -2.74e-06]": 1.0
        },
        "percent_prime_factors_pred": {
            "(-14.059, -7.222]": 0.8656586458559145,
            "(-7.222, -4.466]": 0.9020612038442084,
            "(-4.466, -2.842]": 0.8674693567632064,
            "(-2.842, -2.109]": 0.8361538646819375,
            "(-2.109, -1.26]": 0.8452236323534729,
            "(-1.26, -0.853]": 0.5969587759231159,
            "(-0.853, -0.318]": 0.6774785768521532,
            "(-0.318, -0.0234]": 0.9612797167425392,
            "(-0.0234, -0.00139]": 0.9987977727157682,
            "(-0.00139, -2.74e-06]": 1.0
        }
    },
    "by_num_target_factors": {
        "group_size": {
            "1": 668,
            "2": 1601,
            "3": 1720,
            "4": 1198,
            "5": 715,
            "6": 373,
            "7": 165,
            "8": 79,
            "9": 35,
            "10": 20,
            "11": 8,
            "12": 3,
            "13": 3
        },
        "correct_product_mean": {
            "1": 0.9925149700598802,
            "2": 0.9737663960024985,
            "3": 0.9732558139534884,
            "4": 0.9774624373956594,
            "5": 0.9552447552447553,
            "6": 0.8873994638069705,
            "7": 0.8181818181818182,
            "8": 0.6835443037974683,
            "9": 0.6857142857142857,
            "10": 0.45,
            "11": 0.75,
            "12": 0.6666666666666666,
            "13": 0.3333333333333333
        },
        "correct_factorization_mean": {
            "1": 0.9925149700598802,
            "2": 0.6445971267957527,
            "3": 0.7482558139534884,
            "4": 0.8914858096828047,
            "5": 0.9104895104895104,
            "6": 0.8525469168900804,
            "7": 0.8,
            "8": 0.6835443037974683,
            "9": 0.6857142857142857,
            "10": 0.45,
            "11": 0.75,
            "12": 0.6666666666666666,
            "13": 0.3333333333333333
        }
    },
    "by_input_num": {
        "group_size": {
            "(7.999, 6350.5]": 659,
            "(6350.5, 12996.8]": 659,
            "(12996.8, 19472.5]": 659,
            "(19472.5, 26116.8]": 658,
            "(26116.8, 32574.0]": 659,
            "(32574.0, 39331.6]": 659,
            "(39331.6, 46013.7]": 658,
            "(46013.7, 52699.4]": 659,
            "(52699.4, 59007.6]": 659,
            "(59007.6, 65528.0]": 659
        },
        "correct_product_mean": {
            "(7.999, 6350.5]": 0.9954476479514416,
            "(6350.5, 12996.8]": 0.9848254931714719,
            "(12996.8, 19472.5]": 0.9742033383915023,
            "(19472.5, 26116.8]": 0.9452887537993921,
            "(26116.8, 32574.0]": 0.9650986342943855,
            "(32574.0, 39331.6]": 0.9514415781487102,
            "(39331.6, 46013.7]": 0.9331306990881459,
            "(46013.7, 52699.4]": 0.9241274658573596,
            "(52699.4, 59007.6]": 0.9544764795144158,
            "(59007.6, 65528.0]": 0.952959028831563
        },
        "correct_factorization_mean": {
            "(7.999, 6350.5]": 0.9939301972685888,
            "(6350.5, 12996.8]": 0.9802731411229135,
            "(12996.8, 19472.5]": 0.936267071320182,
            "(19472.5, 26116.8]": 0.8191489361702128,
            "(26116.8, 32574.0]": 0.787556904400607,
            "(32574.0, 39331.6]": 0.7329286798179059,
            "(39331.6, 46013.7]": 0.7127659574468085,
            "(46013.7, 52699.4]": 0.6828528072837633,
            "(52699.4, 59007.6]": 0.6722306525037937,
            "(59007.6, 65528.0]": 0.6464339908952959
        }
    },
    "pred_same_as_input_beam_0": {
        "0": {
            "input_is_prime": false,
            "pred_same_as_input": false,
            "group_size": 5919,
            "correct_product_mean": 0.9200878526778172,
            "correct_factorization_mean": 0.7114377428619699
        },
        "1": {
            "input_is_prime": false,
            "pred_same_as_input": true,
            "group_size": 1,
            "correct_product_mean": 1.0,
            "correct_factorization_mean": 0.0
        },
        "2": {
            "input_is_prime": true,
            "pred_same_as_input": false,
            "group_size": 663,
            "correct_product_mean": 0.9894419306184012,
            "correct_factorization_mean": 0.9894419306184012
        },
        "3": {
            "input_is_prime": true,
            "pred_same_as_input": true,
            "group_size": 5,
            "correct_product_mean": 1.0,
            "correct_factorization_mean": 1.0
        }
    },
    "by_min_factor_composite_only": {
        "0": {
            "min_factor_decile": "(1.999, 3.0]",
            "group_size": 4339,
            "correct_product_mean": 0.9495275409080434,
            "correct_factorization_mean": 0.8223092878543443
        },
        "1": {
            "min_factor_decile": "(3.0, 5.0]",
            "group_size": 447,
            "correct_product_mean": 0.9686800894854586,
            "correct_factorization_mean": 0.941834451901566
        },
        "2": {
            "min_factor_decile": "(5.0, 17.0]",
            "group_size": 614,
            "correct_product_mean": 0.9706840390879479,
            "correct_factorization_mean": 0.22312703583061888
        },
        "3": {
            "min_factor_decile": "(17.0, 241.0]",
            "group_size": 520,
            "correct_product_mean": 0.9615384615384616,
            "correct_factorization_mean": 0.16346153846153846
        }
    },
    "loss": 0.16726315132957267,
    "meta": {
        "n_beams": 2,
        "temperature": 1.0
    }
}