{
    "correct": {
        "correct_product": 0.47184451102404545,
        "correct_factorization": 0.1368210801259891
    },
    "beam_accuracy": {
        "correct_product": {
            "0": 0.24706153491587923,
            "1": 0.33002996082046554
        },
        "correct_factorization": {
            "0": 0.060689867096873316,
            "1": 0.07613121302911577
        }
    },
    "by_prob": {
        "correct_product": {
            "(-27.319000000000003, -13.963]": 0.009596928982725527,
            "(-13.963, -10.821]": 0.21829362029208302,
            "(-10.821, -10.747]": 0.4356511717249328,
            "(-10.747, -10.663]": 0.4062980030721966,
            "(-10.663, -10.419]": 0.5201690357280061,
            "(-10.419, -6.583]": 0.07721859393008068,
            "(-6.583, -2.665]": 0.11405529953917051,
            "(-2.665, -2.515]": 0.3722627737226277,
            "(-2.515, -2.363]": 0.3718786016135229,
            "(-2.363, -0.739]": 0.3602150537634409
        },
        "correct_factorization": {
            "(-27.319000000000003, -13.963]": 0.002687140115163148,
            "(-13.963, -10.821]": 0.053036126056879324,
            "(-10.821, -10.747]": 0.08336534767575873,
            "(-10.747, -10.663]": 0.08794162826420891,
            "(-10.663, -10.419]": 0.1317710334229735,
            "(-10.419, -6.583]": 0.02650787552823665,
            "(-6.583, -2.665]": 0.02457757296466974,
            "(-2.665, -2.515]": 0.08144448713023435,
            "(-2.515, -2.363]": 0.09412216673069534,
            "(-2.363, -0.739]": 0.09869431643625191
        },
        "seq_dist_binary": {
            "(-27.319000000000003, -13.963]": 0.22748720409468948,
            "(-13.963, -10.821]": 0.193016589802717,
            "(-10.821, -10.747]": 0.19611185811243517,
            "(-10.747, -10.663]": 0.17910746287762533,
            "(-10.663, -10.419]": 0.15258035599948858,
            "(-10.419, -6.583]": 0.2383707901139704,
            "(-6.583, -2.665]": 0.21539778545826926,
            "(-2.665, -2.515]": 0.20094602381867072,
            "(-2.515, -2.363]": 0.18253777692406203,
            "(-2.363, -0.739]": 0.1572260624679977
        },
        "seq_dist_lev": {
            "(-27.319000000000003, -13.963]": 8.54126679462572,
            "(-13.963, -10.821]": 7.363566487317448,
            "(-10.821, -10.747]": 7.569343065693431,
            "(-10.747, -10.663]": 6.938172043010753,
            "(-10.663, -10.419]": 5.988474836726853,
            "(-10.419, -6.583]": 9.001152516327315,
            "(-6.583, -2.665]": 7.8056835637480795,
            "(-2.665, -2.515]": 7.350364963503649,
            "(-2.515, -2.363]": 6.672301190933538,
            "(-2.363, -0.739]": 5.811827956989247
        },
        "percent_prime_factors_pred": {
            "(-27.319000000000003, -13.963]": 0.6574252810529256,
            "(-13.963, -10.821]": 0.42849391299621814,
            "(-10.821, -10.747]": 0.28674955470960073,
            "(-10.747, -10.663]": 0.5164106502816196,
            "(-10.663, -10.419]": 0.635321728896445,
            "(-10.419, -6.583]": 0.829895926841761,
            "(-6.583, -2.665]": 0.7086041177631079,
            "(-2.665, -2.515]": 0.6596450066772832,
            "(-2.515, -2.363]": 0.7243208385928361,
            "(-2.363, -0.739]": 0.7852139731747967
        }
    },
    "by_n_target_factors": {
        "correct_product_mean": {
            "1": 0.3115003808073115,
            "2": 0.3779179810725552,
            "3": 0.4523449319213313,
            "4": 0.5264473136193253,
            "5": 0.6028776978417266,
            "6": 0.631233595800525,
            "7": 0.676056338028169,
            "8": 0.6766467065868264,
            "9": 0.6382978723404256,
            "10": 0.78125,
            "11": 0.7857142857142857,
            "12": 0.75,
            "13": 1.0,
            "14": 0.0
        },
        "correct_product_size": {
            "1": 1313,
            "2": 3170,
            "3": 3305,
            "4": 2401,
            "5": 1390,
            "6": 762,
            "7": 355,
            "8": 167,
            "9": 94,
            "10": 32,
            "11": 14,
            "12": 8,
            "13": 2,
            "14": 4
        },
        "correct_factorization_mean": {
            "1": 0.3115003808073115,
            "2": 0.19148264984227129,
            "3": 0.0934947049924357,
            "4": 0.08204914618908787,
            "5": 0.0856115107913669,
            "6": 0.08005249343832022,
            "7": 0.12394366197183099,
            "8": 0.10778443113772455,
            "9": 0.0851063829787234,
            "10": 0.125,
            "11": 0.21428571428571427,
            "12": 0.25,
            "13": 0.0,
            "14": 0.0
        },
        "correct_factorization_size": {
            "1": 1313,
            "2": 3170,
            "3": 3305,
            "4": 2401,
            "5": 1390,
            "6": 762,
            "7": 355,
            "8": 167,
            "9": 94,
            "10": 32,
            "11": 14,
            "12": 8,
            "13": 2,
            "14": 4
        }
    },
    "by_target_number": {
        "correct_product_mean": {
            "(8.999, 6700.4]": 0.619815668202765,
            "(6700.4, 13267.8]": 0.5975422427035331,
            "(13267.8, 19602.6]": 0.4619523443504996,
            "(19602.6, 25978.8]": 0.5614439324116743,
            "(25978.8, 32651.0]": 0.27112135176651303,
            "(32651.0, 39298.8]": 0.5810914681014604,
            "(39298.8, 45796.8]": 0.43855606758832566,
            "(45796.8, 52327.8]": 0.6625672559569562,
            "(52327.8, 59017.4]": 0.3271889400921659,
            "(59017.4, 65521.0]": 0.19738863287250383
        },
        "correct_product_size": {
            "(8.999, 6700.4]": 1302,
            "(6700.4, 13267.8]": 1302,
            "(13267.8, 19602.6]": 1301,
            "(19602.6, 25978.8]": 1302,
            "(25978.8, 32651.0]": 1302,
            "(32651.0, 39298.8]": 1301,
            "(39298.8, 45796.8]": 1302,
            "(45796.8, 52327.8]": 1301,
            "(52327.8, 59017.4]": 1302,
            "(59017.4, 65521.0]": 1302
        },
        "correct_factorization_mean": {
            "(8.999, 6700.4]": 0.21121351766513058,
            "(6700.4, 13267.8]": 0.19431643625192013,
            "(13267.8, 19602.6]": 0.12605687932359724,
            "(19602.6, 25978.8]": 0.17127496159754224,
            "(25978.8, 32651.0]": 0.06758832565284179,
            "(32651.0, 39298.8]": 0.17524980784012298,
            "(39298.8, 45796.8]": 0.11904761904761904,
            "(45796.8, 52327.8]": 0.18524212144504226,
            "(52327.8, 59017.4]": 0.07450076804915515,
            "(59017.4, 65521.0]": 0.04377880184331797
        },
        "correct_factorization_size": {
            "(8.999, 6700.4]": 1302,
            "(6700.4, 13267.8]": 1302,
            "(13267.8, 19602.6]": 1301,
            "(19602.6, 25978.8]": 1302,
            "(25978.8, 32651.0]": 1302,
            "(32651.0, 39298.8]": 1301,
            "(39298.8, 45796.8]": 1302,
            "(45796.8, 52327.8]": 1301,
            "(52327.8, 59017.4]": 1302,
            "(59017.4, 65521.0]": 1302
        }
    },
    "by_pct_target_ones": {
        "correct_product_mean": {
            "(0.187, 0.5]": 0.41427104722792607,
            "(0.5, 0.529]": 0.3785310734463277,
            "(0.529, 0.562]": 0.37735849056603776,
            "(0.562, 0.6]": 0.431117203564085,
            "(0.6, 0.625]": 0.467409948542024,
            "(0.625, 0.667]": 0.5193176116407426,
            "(0.667, 0.688]": 0.47003994673768307,
            "(0.688, 0.722]": 0.5321180555555556,
            "(0.722, 0.769]": 0.5294579732914375,
            "(0.769, 1.0]": 0.5698841698841699
        },
        "correct_product_size": {
            "(0.187, 0.5]": 1948,
            "(0.5, 0.529]": 708,
            "(0.529, 0.562]": 1272,
            "(0.562, 0.6]": 1459,
            "(0.6, 0.625]": 1166,