{
    "correct": {
        "correct_product": 0.9999231773834216,
        "correct_factorization": 0.27994161481140045
    },
    "beam_accuracy": {
        "correct_product": {
            "0": 0.9998463547668434,
            "1": 0.2547437965737113
        },
        "correct_factorization": {
            "0": 0.21579472996850274,
            "1": 0.06414688484289775
        }
    },
    "by_prob": {
        "correct_product": {
            "(-10.211, -4.824]": 0.014592933947772658,
            "(-4.824, -2.644]": 0.15674222051479061,
            "(-2.644, -2.5]": 0.37379946215904725,
            "(-2.5, -2.342]": 0.37557603686635943,
            "(-2.342, -1.769]": 0.3684210526315789,
            "(-1.769, -1.599]": 0.9896273530541683,
            "(-1.599, -1.549]": 0.9996159754224271,
            "(-1.549, -1.495]": 0.9992316557817903,
            "(-1.495, -1.409]": 0.9973107952362659,
            "(-1.409, -0.196]": 0.9980798771121352
        },
        "correct_factorization": {
            "(-10.211, -4.824]": 0.005376344086021506,
            "(-4.824, -2.644]": 0.03495966192854399,
            "(-2.644, -2.5]": 0.08144448713023435,
            "(-2.5, -2.342]": 0.09370199692780339,
            "(-2.342, -1.769]": 0.10257395313100269,
            "(-1.769, -1.599]": 0.19477525931617365,
            "(-1.599, -1.549]": 0.1912442396313364,
            "(-1.549, -1.495]": 0.20361121782558586,
            "(-1.495, -1.409]": 0.215904725316942,
            "(-1.409, -0.196]": 0.2761136712749616
        },
        "seq_dist_binary": {
            "(-10.211, -4.824]": 0.24259952636968782,
            "(-4.824, -2.644]": 0.2103582404917404,
            "(-2.644, -2.5]": 0.19920924574209237,
            "(-2.5, -2.342]": 0.1810595878136202,
            "(-2.342, -1.769]": 0.15367684722755776,
            "(-1.769, -1.599]": 0.20181041106415656,
            "(-1.599, -1.549]": 0.1996687788018432,
            "(-1.549, -1.495]": 0.18822832629017794,
            "(-1.495, -1.409]": 0.17450217697528514,
            "(-1.409, -0.196]": 0.13772881464413703
        },
        "seq_dist_lev": {
            "(-10.211, -4.824]": 9.029185867895546,
            "(-4.824, -2.644]": 7.614291202458701,
            "(-2.644, -2.5]": 7.292739147137918,
            "(-2.5, -2.342]": 6.60752688172043,
            "(-2.342, -1.769]": 5.714560122935075,
            "(-1.769, -1.599]": 7.875912408759124,
            "(-1.599, -1.549]": 7.800307219662058,
            "(-1.549, -1.495]": 7.360353438340376,
            "(-1.495, -1.409]": 6.85670380330388,
            "(-1.409, -0.196]": 5.486559139784946
        },
        "percent_prime_factors_pred": {
            "(-10.211, -4.824]": 0.8227982590885925,
            "(-4.824, -2.644]": 0.680318344523112,
            "(-2.644, -2.5]": 0.6664796114373602,
            "(-2.5, -2.342]": 0.7317830626874424,
            "(-2.342, -1.769]": 0.7761602869747263,
            "(-1.769, -1.599]": 0.24003544583644465,
            "(-1.599, -1.549]": 0.31329074151654784,
            "(-1.549, -1.495]": 0.46536048149571135,
            "(-1.495, -1.409]": 0.5540274042771176,
            "(-1.409, -0.196]": 0.6827648978858589
        }
    },
    "by_n_target_factors": {
        "correct_product_mean": {
            "1": 1.0,
            "2": 1.0,
            "3": 0.999697428139183,
            "4": 1.0,
            "5": 1.0,
            "6": 1.0,
            "7": 1.0,
            "8": 1.0,
            "9": 1.0,
            "10": 1.0,
            "11": 1.0,
            "12": 1.0,
            "13": 1.0,
            "14": 1.0
        },
        "correct_product_size": {
            "1": 1313,
            "2": 3170,
            "3": 3305,
            "4": 2401,
            "5": 1390,
            "6": 762,
            "7": 355,
            "8": 167,
            "9": 94,
            "10": 32,
            "11": 14,
            "12": 8,
            "13": 2,
            "14": 4
        },
        "correct_factorization_mean": {
            "1": 1.0,
            "2": 0.3277602523659306,
            "3": 0.16671709531013615,
            "4": 0.13536026655560182,
            "5": 0.12805755395683452,
            "6": 0.1272965879265092,
            "7": 0.18873239436619718,
            "8": 0.2215568862275449,
            "9": 0.2127659574468085,
            "10": 0.21875,
            "11": 0.2857142857142857,
            "12": 0.5,
            "13": 0.0,
            "14": 0.5
        },
        "correct_factorization_size": {
            "1": 1313,
            "2": 3170,
            "3": 3305,
            "4": 2401,
            "5": 1390,
            "6": 762,
            "7": 355,
            "8": 167,
            "9": 94,
            "10": 32,
            "11": 14,
            "12": 8,
            "13": 2,
            "14": 4
        }
    },
    "by_target_number": {
        "correct_product_mean": {
            "(8.999, 6700.4]": 1.0,
            "(6700.4, 13267.8]": 1.0,
            "(13267.8, 19602.6]": 1.0,
            "(19602.6, 25978.8]": 1.0,
            "(25978.8, 32651.0]": 1.0,
            "(32651.0, 39298.8]": 1.0,
            "(39298.8, 45796.8]": 1.0,
            "(45796.8, 52327.8]": 1.0,
            "(52327.8, 59017.4]": 1.0,
            "(59017.4, 65521.0]": 0.999231950844854
        },
        "correct_product_size": {
            "(8.999, 6700.4]": 1302,
            "(6700.4, 13267.8]": 1302,
            "(13267.8, 19602.6]": 1301,
            "(19602.6, 25978.8]": 1302,
            "(25978.8, 32651.0]": 1302,
            "(32651.0, 39298.8]": 1301,
            "(39298.8, 45796.8]": 1302,
            "(45796.8, 52327.8]": 1301,
            "(52327.8, 59017.4]": 1302,
            "(59017.4, 65521.0]": 1302
        },
        "correct_factorization_mean": {
            "(8.999, 6700.4]": 0.36789554531490015,
            "(6700.4, 13267.8]": 0.3102918586789555,
            "(13267.8, 19602.6]": 0.27824750192159875,
            "(19602.6, 25978.8]": 0.2872503840245776,
            "(25978.8, 32651.0]": 0.27572964669738864,
            "(32651.0, 39298.8]": 0.25749423520368947,
            "(39298.8, 45796.8]": 0.2411674347158218,
            "(45796.8, 52327.8]": 0.2843966179861645,
            "(52327.8, 59017.4]": 0.282642089093702,
            "(59017.4, 65521.0]": 0.21428571428571427
        },
        "correct_factorization_size": {
            "(8.999, 6700.4]": 1302,
            "(6700.4, 13267.8]": 1302,
            "(13267.8, 19602.6]": 1301,
            "(19602.6, 25978.8]": 1302,
            "(25978.8, 32651.0]": 1302,
            "(32651.0, 39298.8]": 1301,
            "(39298.8, 45796.8]": 1302,
            "(45796.8, 52327.8]": 1301,
            "(52327.8, 59017.4]": 1302,
            "(59017.4, 65521.0]": 1302
        }
    },
    "by_pct_target_ones": {
        "correct_product_mean": {
            "(0.187, 0.5]": 1.0,
            "(0.5, 0.529]": 1.0,
            "(0.529, 0.562]": 1.0,
            "(0.562, 0.6]": 1.0,
            "(0.6, 0.625]": 1.0,
            "(0.625, 0.667]": 1.0,
            "(0.667, 0.688]": 1.0,
            "(0.688, 0.722]": 1.0,
            "(0.722, 0.769]": 0.9992144540455616,
            "(0.769, 1.0]": 1.0
        },
        "correct_product_size": {
            "(0.187, 0.5]": 1948,
            "(0.5, 0.529]": 708,
            "(0.529, 0.562]": 1272,
            "(0.562, 0.6]": 1459,
            "(0.6, 0.625]": 1166,
            "(0.625, 0.667]": 1993,
            "(0.667, 0.688]": 751,
            "(0.688, 0.722]": 1152,
            "(0.722, 0.769]": 1273,
            "(0.769, 1.0]": 1295
        },
        "correct_factorization_mean": {
            "(0.187, 0.5]": 0.5426078028747433,
            "(0.5, 0.529]": 0.3149717514124294,
            "(0.529, 0.562]": 0.4190251572327044,
            "(0.562, 0.6]": 0.3050034270047978,
            "(0.6, 0.625]": 0.2658662092624357,
            "(0.625, 0.667]": 0.20722528850978425,
            "(0.667, 0.688]": 0.22769640479360853,