{
    "correct": {
        "correct_product": 0.9323960974110779,
        "correct_factorization": 0.4507182914650073
    },
    "beam_accuracy": {
        "correct_product": {
            "0": 0.8791580241223016,
            "1": 0.21733118230006915
        },
        "correct_factorization": {
            "0": 0.37136052853960205,
            "1": 0.07943458554198356
        }
    },
    "by_prob": {
        "correct_product": {
            "(-13.507, -4.051]": 0.08141321044546851,
            "(-4.051, -3.04]": 0.06646177487514407,
            "(-3.04, -2.277]": 0.1352285824049174,
            "(-2.277, -1.876]": 0.2903225806451613,
            "(-1.876, -1.669]": 0.6991932385708798,
            "(-1.669, -1.563]": 0.857087975412985,
            "(-1.563, -1.438]": 0.8498463901689708,
            "(-1.438, -1.225]": 0.7787168651555897,
            "(-1.225, -0.91]": 0.7875528236650019,
            "(-0.91, -5.01e-06]": 0.9366359447004609
        },
        "correct_factorization": {
            "(-13.507, -4.051]": 0.006144393241167435,
            "(-4.051, -3.04]": 0.01882443334613907,
            "(-3.04, -2.277]": 0.04494813676527084,
            "(-2.277, -1.876]": 0.08947772657450077,
            "(-1.876, -1.669]": 0.17441413753361507,
            "(-1.669, -1.563]": 0.18401844026123704,
            "(-1.563, -1.438]": 0.20353302611367127,
            "(-1.438, -1.225]": 0.25893200153668844,
            "(-1.225, -0.91]": 0.42758355743373033,
            "(-0.91, -5.01e-06]": 0.8460061443932412
        },
        "percent_prime_factors_pred": {
            "(-13.507, -4.051]": 0.9023531895651685,
            "(-4.051, -3.04]": 0.8447688564476936,
            "(-3.04, -2.277]": 0.8258954868924163,
            "(-2.277, -1.876]": 0.7536354326676963,
            "(-1.876, -1.669]": 0.5233755007957849,
            "(-1.669, -1.563]": 0.3849523443645602,
            "(-1.563, -1.438]": 0.4460884353741492,
            "(-1.438, -1.225]": 0.6063402118434787,
            "(-1.225, -0.91]": 0.7521106598613353,
            "(-0.91, -5.01e-06]": 0.9451745483139495
        }
    },
    "by_n_target_factors": {
        "correct_product_mean": {
            "1": 0.9664889565879665,
            "2": 0.9227129337539433,
            "3": 0.9158850226928895,
            "4": 0.924198250728863,
            "5": 0.9345323741007194,
            "6": 0.9593175853018373,
            "7": 0.9746478873239437,
            "8": 1.0,
            "9": 1.0,
            "10": 1.0,
            "11": 1.0,
            "12": 1.0,
            "13": 1.0,
            "14": 1.0
        },
        "correct_product_size": {
            "1": 1313,
            "2": 3170,
            "3": 3305,
            "4": 2401,
            "5": 1390,
            "6": 762,
            "7": 355,
            "8": 167,
            "9": 94,
            "10": 32,
            "11": 14,
            "12": 8,
            "13": 2,
            "14": 4
        },
        "correct_factorization_mean": {
            "1": 0.9664889565879665,
            "2": 0.29716088328075707,
            "3": 0.27745839636913766,
            "4": 0.3802582257392753,
            "5": 0.5064748201438849,
            "6": 0.6850393700787402,
            "7": 0.8338028169014085,
            "8": 0.9161676646706587,
            "9": 0.9680851063829787,
            "10": 1.0,
            "11": 1.0,
            "12": 1.0,
            "13": 1.0,
            "14": 1.0
        },
        "correct_factorization_size": {
            "1": 1313,
            "2": 3170,
            "3": 3305,
            "4": 2401,
            "5": 1390,
            "6": 762,
            "7": 355,
            "8": 167,
            "9": 94,
            "10": 32,
            "11": 14,
            "12": 8,
            "13": 2,
            "14": 4
        }
    },
    "by_target_number": {
        "correct_product_mean": {
            "(8.999, 6700.4]": 0.9493087557603687,
            "(6700.4, 13267.8]": 0.9247311827956989,
            "(13267.8, 19602.6]": 0.9200614911606456,
            "(19602.6, 25978.8]": 0.8901689708141322,
            "(25978.8, 32651.0]": 0.9185867895545314,
            "(32651.0, 39298.8]": 0.9715603382013835,
            "(39298.8, 45796.8]": 0.9400921658986175,
            "(45796.8, 52327.8]": 0.9169869331283628,
            "(52327.8, 59017.4]": 0.9423963133640553,
            "(59017.4, 65521.0]": 0.9500768049155146
        },
        "correct_product_size": {
            "(8.999, 6700.4]": 1302,
            "(6700.4, 13267.8]": 1302,
            "(13267.8, 19602.6]": 1301,
            "(19602.6, 25978.8]": 1302,
            "(25978.8, 32651.0]": 1302,
            "(32651.0, 39298.8]": 1301,
            "(39298.8, 45796.8]": 1302,
            "(45796.8, 52327.8]": 1301,
            "(52327.8, 59017.4]": 1302,
            "(59017.4, 65521.0]": 1302
        },
        "correct_factorization_mean": {
            "(8.999, 6700.4]": 0.84715821812596,
            "(6700.4, 13267.8]": 0.662826420890937,
            "(13267.8, 19602.6]": 0.5057647963105304,
            "(19602.6, 25978.8]": 0.445468509984639,
            "(25978.8, 32651.0]": 0.42473118279569894,
            "(32651.0, 39298.8]": 0.32820906994619525,
            "(39298.8, 45796.8]": 0.3325652841781874,
            "(45796.8, 52327.8]": 0.3389700230591852,
            "(52327.8, 59017.4]": 0.3102918586789555,
            "(59017.4, 65521.0]": 0.31105990783410137
        },
        "correct_factorization_size": {
            "(8.999, 6700.4]": 1302,
            "(6700.4, 13267.8]": 1302,
            "(13267.8, 19602.6]": 1301,
            "(19602.6, 25978.8]": 1302,
            "(25978.8, 32651.0]": 1302,
            "(32651.0, 39298.8]": 1301,
            "(39298.8, 45796.8]": 1302,
            "(45796.8, 52327.8]": 1301,
            "(52327.8, 59017.4]": 1302,
            "(59017.4, 65521.0]": 1302
        }
    },
    "pred_same_as_target_beam_0": {
        "0": {
            "target_is_prime": false,
            "pred_same_as_target": false,
            "correct_product_mean": 0.8735475051264525,
            "correct_product_size": 11704,
            "correct_factorization_mean": 0.30878332194121666,
            "correct_factorization_size": 11704
        },
        "1": {
            "target_is_prime": true,
            "pred_same_as_target": false,
            "correct_product_mean": 0.9291698400609292,
            "correct_product_size": 1313,
            "correct_factorization_mean": 0.9291698400609292,
            "correct_factorization_size": 1313
        }
    },
    "test_loss": 0.14283563905194693,
    "meta": {
        "n_beams": 2
    }
}