{
    "correct": {
        "correct_product": 0.9996158869171083,
        "correct_factorization": 0.7339632787892756
    },
    "beam_accuracy": {
        "correct_product": {
            "0": 0.89890143658293,
            "1": 0.33387109164938156,
            "2": 0.19251747714527156,
            "3": 0.1289851732350004,
            "4": 0.08826918644849044,
            "5": 0.08373665207036951,
            "6": 0.07820542367673043,
            "7": 0.05108704002458324,
            "8": 0.034493354843665974,
            "9": 0.019052008911423522
        },
        "correct_factorization": {
            "0": 0.37474072366904815,
            "1": 0.11838365214719214,
            "2": 0.07981869862487516,
            "3": 0.049934700775908426,
            "4": 0.0371821464239072,
            "5": 0.038411308289160326,
            "6": 0.038718598755473614,
            "7": 0.017899669662748714,
            "8": 0.010601521087808251,
            "9": 0.005300760543904126
        }
    },
    "by_prob": {
        "correct_product": {
            "(-15.540999999999999, -5.99]": 0.07728355227779059,
            "(-5.99, -4.411]": 0.03572251670891911,
            "(-4.411, -3.907]": 0.04094645463624491,
            "(-3.907, -3.595]": 0.052930782822462934,
            "(-3.595, -3.346]": 0.07021587155258509,
            "(-3.346, -3.081]": 0.09426135054159945,
            "(-3.081, -2.761]": 0.12353076745793962,
            "(-2.761, -2.358]": 0.18829223323346392,
            "(-2.358, -1.661]": 0.38733963278789274,
            "(-1.661, -5.01e-06]": 0.8385956825689483
        },
        "correct_factorization": {
            "(-15.540999999999999, -5.99]": 0.03702850119075056,
            "(-5.99, -4.411]": 0.0029960820465545056,
            "(-4.411, -3.907]": 0.006914035492048859,
            "(-3.907, -3.595]": 0.013597603134362757,
            "(-3.595, -3.346]": 0.023815011139279404,
            "(-3.346, -3.081]": 0.03372512867788277,
            "(-3.081, -2.761]": 0.04885918414381194,
            "(-2.761, -2.358]": 0.07305830836598294,
            "(-2.358, -1.661]": 0.14473380963355612,
            "(-1.661, -5.01e-06]": 0.38626411615579626
        },
        "percent_prime_factors_pred": {
            "(-15.540999999999999, -5.99]": 0.8859134709575369,
            "(-5.99, -4.411]": 0.8921022387085796,
            "(-4.411, -3.907]": 0.8371088600864958,
            "(-3.907, -3.595]": 0.8112027190328569,
            "(-3.595, -3.346]": 0.8027736622804498,
            "(-3.346, -3.081]": 0.797558869902719,
            "(-3.081, -2.761]": 0.7908139965929714,
            "(-2.761, -2.358]": 0.7846184659620837,
            "(-2.358, -1.661]": 0.7295538435086705,
            "(-1.661, -5.01e-06]": 0.6326694578884141
        }
    },
    "by_n_target_factors": {
        "correct_product_mean": {
            "1": 1.0,
            "2": 1.0,
            "3": 0.9993948562783661,
            "4": 0.9991670137442732,
            "5": 0.9992805755395684,
            "6": 1.0,
            "7": 1.0,
            "8": 1.0,
            "9": 1.0,
            "10": 1.0,
            "11": 1.0,
            "12": 1.0,
            "13": 1.0,
            "14": 1.0
        },
        "correct_product_size": {
            "1": 1313,
            "2": 3170,
            "3": 3305,
            "4": 2401,
            "5": 1390,
            "6": 762,
            "7": 355,
            "8": 167,
            "9": 94,
            "10": 32,
            "11": 14,
            "12": 8,
            "13": 2,
            "14": 4
        },
        "correct_factorization_mean": {
            "1": 1.0,
            "2": 0.6933753943217665,
            "3": 0.5990922844175491,
            "4": 0.6980424822990421,
            "5": 0.7726618705035971,
            "6": 0.8713910761154856,
            "7": 0.9492957746478873,
            "8": 0.9520958083832335,
            "9": 0.9893617021276596,
            "10": 1.0,
            "11": 1.0,
            "12": 1.0,
            "13": 1.0,
            "14": 1.0
        },
        "correct_factorization_size": {
            "1": 1313,
            "2": 3170,
            "3": 3305,
            "4": 2401,
            "5": 1390,
            "6": 762,
            "7": 355,
            "8": 167,
            "9": 94,
            "10": 32,
            "11": 14,
            "12": 8,
            "13": 2,
            "14": 4
        }
    },
    "by_target_number": {
        "correct_product_mean": {
            "(8.999, 6700.4]": 1.0,
            "(6700.4, 13267.8]": 0.999231950844854,
            "(13267.8, 19602.6]": 0.9992313604919293,
            "(19602.6, 25978.8]": 1.0,
            "(25978.8, 32651.0]": 1.0,
            "(32651.0, 39298.8]": 0.9992313604919293,
            "(39298.8, 45796.8]": 0.999231950844854,
            "(45796.8, 52327.8]": 1.0,
            "(52327.8, 59017.4]": 1.0,
            "(59017.4, 65521.0]": 0.999231950844854
        },
        "correct_product_size": {
            "(8.999, 6700.4]": 1302,
            "(6700.4, 13267.8]": 1302,
            "(13267.8, 19602.6]": 1301,
            "(19602.6, 25978.8]": 1302,
            "(25978.8, 32651.0]": 1302,
            "(32651.0, 39298.8]": 1301,
            "(39298.8, 45796.8]": 1302,
            "(45796.8, 52327.8]": 1301,
            "(52327.8, 59017.4]": 1302,
            "(59017.4, 65521.0]": 1302
        },
        "correct_factorization_mean": {
            "(8.999, 6700.4]": 0.9946236559139785,
            "(6700.4, 13267.8]": 0.967741935483871,
            "(13267.8, 19602.6]": 0.8677940046118371,
            "(19602.6, 25978.8]": 0.8079877112135176,
            "(25978.8, 32651.0]": 0.7764976958525346,
            "(32651.0, 39298.8]": 0.5780169100691775,
            "(39298.8, 45796.8]": 0.5937019969278033,
            "(45796.8, 52327.8]": 0.5903151421983089,
            "(52327.8, 59017.4]": 0.5852534562211982,
            "(59017.4, 65521.0]": 0.5775729646697388
        },
        "correct_factorization_size": {
            "(8.999, 6700.4]": 1302,
            "(6700.4, 13267.8]": 1302,
            "(13267.8, 19602.6]": 1301,
            "(19602.6, 25978.8]": 1302,
            "(25978.8, 32651.0]": 1302,
            "(32651.0, 39298.8]": 1301,
            "(39298.8, 45796.8]": 1302,
            "(45796.8, 52327.8]": 1301,
            "(52327.8, 59017.4]": 1302,
            "(59017.4, 65521.0]": 1302
        }
    },
    "pred_same_as_target_beam_0": {
        "0": {
            "target_is_prime": false,
            "pred_same_as_target": false,
            "correct_product_mean": 0.8942241968557758,
            "correct_product_size": 11704,
            "correct_factorization_mean": 0.3112611073137389,
            "correct_factorization_size": 11704
        },
        "1": {
            "target_is_prime": true,
            "pred_same_as_target": false,
            "correct_product_mean": 0.9405940594059405,
            "correct_product_size": 1313,
            "correct_factorization_mean": 0.9405940594059405,
            "correct_factorization_size": 1313
        }
    },
    "test_loss": 0.14283563905194693,
    "meta": {
        "n_beams": 10
    }
}