{
    "correct": {
        "correct_product": 0.9998463547668434,
        "correct_factorization": 0.2774064684643159
    },
    "beam_accuracy": {
        "correct_product": {
            "0": 0.9996158869171083,
            "1": 0.2545901513405547
        },
        "correct_factorization": {
            "0": 0.21548743950218943,
            "1": 0.06191902896212645
        }
    },
    "by_prob": {
        "correct_product": {
            "(-10.642, -5.428]": 0.005376344086021506,
            "(-5.428, -2.595]": 0.2543219362274299,
            "(-2.595, -2.486]": 0.3296196696119862,
            "(-2.486, -2.353]": 0.3460061443932412,
            "(-2.353, -1.695]": 0.3457548981943911,
            "(-1.695, -1.586]": 0.9953899346907414,
            "(-1.586, -1.532]": 0.9988479262672811,
            "(-1.532, -1.476]": 0.9996158278908951,
            "(-1.476, -1.39]": 0.9988474836726854,
            "(-1.39, -0.163]": 0.9973118279569892
        },
        "correct_factorization": {
            "(-10.642, -5.428]": 0.0015360983102918587,
            "(-5.428, -2.595]": 0.05570495582020745,
            "(-2.595, -2.486]": 0.06569343065693431,
            "(-2.486, -2.353]": 0.08678955453149001,
            "(-2.353, -1.695]": 0.10026892047637341,
            "(-1.695, -1.586]": 0.19285439877064925,
            "(-1.586, -1.532]": 0.20084485407066052,
            "(-1.532, -1.476]": 0.19323857087975413,
            "(-1.476, -1.39]": 0.21628889742604687,
            "(-1.39, -0.163]": 0.27380952380952384
        },
        "seq_dist_binary": {
            "(-10.642, -5.428]": 0.2962349590373789,
            "(-5.428, -2.595]": 0.20694871302343437,
            "(-2.595, -2.486]": 0.20276283775131257,
            "(-2.486, -2.353]": 0.18531586021505364,
            "(-2.353, -1.695]": 0.15529357152004078,
            "(-1.695, -1.586]": 0.20273882699449353,
            "(-1.586, -1.532]": 0.19565252176139275,
            "(-1.532, -1.476]": 0.191893968497887,
            "(-1.476, -1.39]": 0.17468625944423113,
            "(-1.39, -0.163]": 0.13905689964157703
        },
        "seq_dist_lev": {
            "(-10.642, -5.428]": 12.049923195084485,
            "(-5.428, -2.595]": 7.477141759508259,
            "(-2.595, -2.486]": 7.3511333077218595,
            "(-2.486, -2.353]": 6.726190476190476,
            "(-2.353, -1.695]": 5.732616212063005,
            "(-1.695, -1.586]": 7.938532462543219,
            "(-1.586, -1.532]": 7.648233486943164,
            "(-1.532, -1.476]": 7.478294275835574,
            "(-1.476, -1.39]": 6.8582404917402995,
            "(-1.39, -0.163]": 5.548771121351766
        },
        "percent_prime_factors_pred": {
            "(-10.642, -5.428]": 0.89653372101529,
            "(-5.428, -2.595]": 0.6702733344684974,
            "(-2.595, -2.486]": 0.6639466671545119,
            "(-2.486, -2.353]": 0.7316789798356665,
            "(-2.353, -1.695]": 0.7857615407173588,
            "(-1.695, -1.586]": 0.21354083339292715,
            "(-1.586, -1.532]": 0.33464541730670744,
            "(-1.532, -1.476]": 0.4486489947496469,
            "(-1.476, -1.39]": 0.5561275451402276,
            "(-1.39, -0.163]": 0.6901128494734432
        }
    },
    "by_n_target_factors": {
        "correct_product_mean": {
            "1": 1.0,
            "2": 0.9996845425867508,
            "3": 1.0,
            "4": 1.0,
            "5": 1.0,
            "6": 1.0,
            "7": 1.0,
            "8": 1.0,
            "9": 1.0,
            "10": 1.0,
            "11": 1.0,
            "12": 1.0,
            "13": 1.0,
            "14": 0.75
        },
        "correct_product_size": {
            "1": 1313,
            "2": 3170,
            "3": 3305,
            "4": 2401,
            "5": 1390,
            "6": 762,
            "7": 355,
            "8": 167,
            "9": 94,
            "10": 32,
            "11": 14,
            "12": 8,
            "13": 2,
            "14": 4
        },
        "correct_factorization_mean": {
            "1": 1.0,
            "2": 0.3299684542586751,
            "3": 0.16248108925869895,
            "4": 0.13077884214910454,
            "5": 0.12302158273381295,
            "6": 0.12467191601049869,
            "7": 0.18028169014084508,
            "8": 0.2155688622754491,
            "9": 0.2127659574468085,
            "10": 0.1875,
            "11": 0.21428571428571427,
            "12": 0.5,
            "13": 0.5,
            "14": 0.25
        },
        "correct_factorization_size": {
            "1": 1313,
            "2": 3170,
            "3": 3305,
            "4": 2401,
            "5": 1390,
            "6": 762,
            "7": 355,
            "8": 167,
            "9": 94,
            "10": 32,
            "11": 14,
            "12": 8,
            "13": 2,
            "14": 4
        }
    },
    "by_target_number": {
        "correct_product_mean": {
            "(8.999, 6700.4]": 0.999231950844854,
            "(6700.4, 13267.8]": 1.0,
            "(13267.8, 19602.6]": 1.0,
            "(19602.6, 25978.8]": 1.0,
            "(25978.8, 32651.0]": 1.0,
            "(32651.0, 39298.8]": 1.0,
            "(39298.8, 45796.8]": 1.0,
            "(45796.8, 52327.8]": 1.0,
            "(52327.8, 59017.4]": 0.999231950844854,
            "(59017.4, 65521.0]": 1.0
        },
        "correct_product_size": {
            "(8.999, 6700.4]": 1302,
            "(6700.4, 13267.8]": 1302,
            "(13267.8, 19602.6]": 1301,
            "(19602.6, 25978.8]": 1302,
            "(25978.8, 32651.0]": 1302,
            "(32651.0, 39298.8]": 1301,
            "(39298.8, 45796.8]": 1302,
            "(45796.8, 52327.8]": 1301,
            "(52327.8, 59017.4]": 1302,
            "(59017.4, 65521.0]": 1302
        },
        "correct_factorization_mean": {
            "(8.999, 6700.4]": 0.3632872503840246,
            "(6700.4, 13267.8]": 0.3033794162826421,
            "(13267.8, 19602.6]": 0.26594926979246736,
            "(19602.6, 25978.8]": 0.2872503840245776,
            "(25978.8, 32651.0]": 0.2857142857142857,
            "(32651.0, 39298.8]": 0.23443504996156803,
            "(39298.8, 45796.8]": 0.2403993855606759,
            "(45796.8, 52327.8]": 0.2836279784780938,
            "(52327.8, 59017.4]": 0.2772657450076805,
            "(59017.4, 65521.0]": 0.23271889400921658
        },
        "correct_factorization_size": {
            "(8.999, 6700.4]": 1302,
            "(6700.4, 13267.8]": 1302,
            "(13267.8, 19602.6]": 1301,
            "(19602.6, 25978.8]": 1302,
            "(25978.8, 32651.0]": 1302,
            "(32651.0, 39298.8]": 1301,
            "(39298.8, 45796.8]": 1302,
            "(45796.8, 52327.8]": 1301,
            "(52327.8, 59017.4]": 1302,
            "(59017.4, 65521.0]": 1302
        }
    },
    "by_pct_target_ones": {
        "correct_product_mean": {
            "(0.187, 0.5]": 1.0,
            "(0.5, 0.529]": 1.0,
            "(0.529, 0.562]": 0.9992138364779874,
            "(0.562, 0.6]": 0.9993145990404386,
            "(0.6, 0.625]": 1.0,
            "(0.625, 0.667]": 1.0,
            "(0.667, 0.688]": 1.0,
            "(0.688, 0.722]": 1.0,
            "(0.722, 0.769]": 1.0,
            "(0.769, 1.0]": 1.0
        },
        "correct_product_size": {
            "(0.187, 0.5]": 1948,
            "(0.5, 0.529]": 708,
            "(0.529, 0.562]": 1272,
            "(0.562, 0.6]": 1459,
            "(0.6, 0.625]": 1166,
            "(0.625, 0.667]": 1993,
            "(0.667, 0.688]": 751,
            "(0.688, 0.722]": 1152,
            "(0.722, 0.769]": 1273,
            "(0.769, 1.0]": 1295
        },
        "correct_factorization_mean": {
            "(0.187, 0.5]": 0.5487679671457906,
            "(0.5, 0.529]": 0.3206214689265537,
            "(0.529, 0.562]": 0.42138364779874216,
            "(0.562, 0.6]": 0.3008910212474297,
            "(0.6, 0.625]": 0.26329331046312177,
            "(0.625, 0.667]": 0.19919719016557952,