{
    "correct": {
        "correct_product": 0.9805707346690953,
        "correct_factorization": 0.860655737704918
    },
    "beam_accuracy": {
        "correct_product": {
            "0": 0.9594717668488161,
            "1": 0.21265938069216758
        },
        "correct_factorization": {
            "0": 0.8258955676988464,
            "1": 0.03491196114146934
        }
    },
    "by_prob": {
        "group_size": {
            "(-15.494, -9.21]": 1323.0,
            "(-9.21, -7.281]": 1313.0,
            "(-7.281, -4.702]": 1317.0,
            "(-4.702, -2.473]": 1318.0,
            "(-2.473, -1.239]": 1317.0,
            "(-1.239, -0.718]": 1318.0,
            "(-0.718, -0.0174]": 1317.0,
            "(-0.0174, -0.00133]": 1318.0,
            "(-0.00133, -0.000129]": 1317.0,
            "(-0.000129, -3.58e-07]": 1318.0
        },
        "correct_product": {
            "(-15.494, -9.21]": 0.16477702191987906,
            "(-9.21, -7.281]": 0.19040365575019041,
            "(-7.281, -4.702]": 0.2331055429005315,
            "(-4.702, -2.473]": 0.17830045523520485,
            "(-2.473, -1.239]": 0.30751708428246016,
            "(-1.239, -0.718]": 0.8801213960546282,
            "(-0.718, -0.0174]": 0.908883826879271,
            "(-0.0174, -0.00133]": 0.9977238239757208,
            "(-0.00133, -0.000129]": 1.0,
            "(-0.000129, -3.58e-07]": 1.0
        },
        "correct_factorization": {
            "(-15.494, -9.21]": 0.0,
            "(-9.21, -7.281]": 0.0,
            "(-7.281, -4.702]": 0.0030372057706909645,
            "(-4.702, -2.473]": 0.025796661608497723,
            "(-2.473, -1.239]": 0.13743356112376615,
            "(-1.239, -0.718]": 0.33763277693474963,
            "(-0.718, -0.0174]": 0.8041002277904328,
            "(-0.0174, -0.00133]": 0.996206373292868,
            "(-0.00133, -0.000129]": 1.0,
            "(-0.000129, -3.58e-07]": 1.0
        },
        "percent_prime_factors_pred": {
            "(-15.494, -9.21]": 0.7910817766259942,
            "(-9.21, -7.281]": 0.8599254705690349,
            "(-7.281, -4.702]": 0.8701630690241168,
            "(-4.702, -2.473]": 0.8413929835970807,
            "(-2.473, -1.239]": 0.8103581371804606,
            "(-1.239, -0.718]": 0.49755943348507836,
            "(-0.718, -0.0174]": 0.9232725892179195,
            "(-0.0174, -0.00133]": 0.9990895295902883,
            "(-0.00133, -0.000129]": 1.0,
            "(-0.000129, -3.58e-07]": 1.0
        }
    },
    "by_num_target_factors": {
        "group_size": {
            "1": 668,
            "2": 1601,
            "3": 1720,
            "4": 1198,
            "5": 715,
            "6": 373,
            "7": 165,
            "8": 79,
            "9": 35,
            "10": 20,
            "11": 8,
            "12": 3,
            "13": 3
        },
        "correct_product_mean": {
            "1": 0.9835329341317365,
            "2": 0.9900062460961899,
            "3": 0.9872093023255814,
            "4": 0.989983305509182,
            "5": 0.9818181818181818,
            "6": 0.9624664879356568,
            "7": 0.9090909090909091,
            "8": 0.8607594936708861,
            "9": 0.8571428571428571,
            "10": 0.75,
            "11": 0.75,
            "12": 1.0,
            "13": 0.3333333333333333
        },
        "correct_factorization_mean": {
            "1": 0.9835329341317365,
            "2": 0.7014366021236728,
            "3": 0.836046511627907,
            "4": 0.9457429048414023,
            "5": 0.9762237762237762,
            "6": 0.938337801608579,
            "7": 0.896969696969697,
            "8": 0.8607594936708861,
            "9": 0.8571428571428571,
            "10": 0.75,
            "11": 0.75,
            "12": 1.0,
            "13": 0.3333333333333333
        }
    },
    "by_input_num": {
        "group_size": {
            "(7.999, 6350.5]": 659,
            "(6350.5, 12996.8]": 659,
            "(12996.8, 19472.5]": 659,
            "(19472.5, 26116.8]": 658,
            "(26116.8, 32574.0]": 659,
            "(32574.0, 39331.6]": 659,
            "(39331.6, 46013.7]": 658,
            "(46013.7, 52699.4]": 659,
            "(52699.4, 59007.6]": 659,
            "(59007.6, 65528.0]": 659
        },
        "correct_product_mean": {
            "(7.999, 6350.5]": 0.9954476479514416,
            "(6350.5, 12996.8]": 0.9984825493171472,
            "(12996.8, 19472.5]": 0.9908952959028832,
            "(19472.5, 26116.8]": 0.9756838905775076,
            "(26116.8, 32574.0]": 0.9863429438543247,
            "(32574.0, 39331.6]": 0.9802731411229135,
            "(39331.6, 46013.7]": 0.9726443768996961,
            "(46013.7, 52699.4]": 0.9544764795144158,
            "(52699.4, 59007.6]": 0.9742033383915023,
            "(59007.6, 65528.0]": 0.9772382397572079
        },
        "correct_factorization_mean": {
            "(7.999, 6350.5]": 0.9954476479514416,
            "(6350.5, 12996.8]": 0.9984825493171472,
            "(12996.8, 19472.5]": 0.9893778452200304,
            "(19472.5, 26116.8]": 0.9361702127659575,
            "(26116.8, 32574.0]": 0.8543247344461306,
            "(32574.0, 39331.6]": 0.8072837632776935,
            "(39331.6, 46013.7]": 0.7872340425531915,
            "(46013.7, 52699.4]": 0.7814871016691958,
            "(52699.4, 59007.6]": 0.7314112291350531,
            "(59007.6, 65528.0]": 0.7253414264036419
        }
    },
    "pred_same_as_input_beam_0": {
        "0": {
            "input_is_prime": false,
            "pred_same_as_input": false,
            "group_size": 5920,
            "correct_product_mean": 0.9579391891891892,
            "correct_factorization_mean": 0.8092905405405405
        },
        "1": {
            "input_is_prime": true,
            "pred_same_as_input": false,
            "group_size": 659,
            "correct_product_mean": 0.9726858877086495,
            "correct_factorization_mean": 0.9726858877086495
        },
        "2": {
            "input_is_prime": true,
            "pred_same_as_input": true,
            "group_size": 9,
            "correct_product_mean": 1.0,
            "correct_factorization_mean": 1.0
        }
    },
    "by_min_factor_composite_only": {
        "0": {
            "min_factor_decile": "(1.999, 3.0]",
            "group_size": 4339,
            "correct_product_mean": 0.9806407006222632,
            "correct_factorization_mean": 0.9221018667895828
        },
        "1": {
            "min_factor_decile": "(3.0, 5.0]",
            "group_size": 447,
            "correct_product_mean": 0.9798657718120806,
            "correct_factorization_mean": 0.9552572706935123
        },
        "2": {
            "min_factor_decile": "(5.0, 17.0]",
            "group_size": 614,
            "correct_product_mean": 0.9723127035830619,
            "correct_factorization_mean": 0.34527687296416937
        },
        "3": {
            "min_factor_decile": "(17.0, 241.0]",
            "group_size": 520,
            "correct_product_mean": 0.9865384615384616,
            "correct_factorization_mean": 0.2903846153846154
        }
    },
    "loss": 0.1384196222968335,
    "meta": {
        "n_beams": 2,
        "temperature": 1.0
    }
}