{
    "correct": {
        "correct_product": 0.92822265625,
        "correct_factorization": 0.68212890625
    },
    "beam_accuracy": {
        "correct_product": {
            "0": 0.9052734375,
            "1": 0.12060546875
        },
        "correct_factorization": {
            "0": 0.64599609375,
            "1": 0.03662109375
        }
    },
    "by_prob": {
        "group_size": {
            "(-14.161, -5.827]": 410.0,
            "(-5.827, -3.513]": 410.0,
            "(-3.513, -2.852]": 409.0,
            "(-2.852, -2.264]": 410.0,
            "(-2.264, -1.325]": 409.0,
            "(-1.325, -1.103]": 410.0,
            "(-1.103, -0.739]": 409.0,
            "(-0.739, -0.122]": 410.0,
            "(-0.122, -0.00611]": 409.0,
            "(-0.00611, -4.77e-06]": 410.0
        },
        "correct_product": {
            "(-14.161, -5.827]": 0.12682926829268293,
            "(-5.827, -3.513]": 0.13902439024390245,
            "(-3.513, -2.852]": 0.0488997555012225,
            "(-2.852, -2.264]": 0.06097560975609756,
            "(-2.264, -1.325]": 0.24449877750611246,
            "(-1.325, -1.103]": 0.8902439024390244,
            "(-1.103, -0.739]": 0.8606356968215159,
            "(-0.739, -0.122]": 0.7902439024390244,
            "(-0.122, -0.00611]": 0.9682151589242054,
            "(-0.00611, -4.77e-06]": 1.0
        },
        "correct_factorization": {
            "(-14.161, -5.827]": 0.0,
            "(-5.827, -3.513]": 0.012195121951219513,
            "(-3.513, -2.852]": 0.007334963325183374,
            "(-2.852, -2.264]": 0.03170731707317073,
            "(-2.264, -1.325]": 0.11735941320293398,
            "(-1.325, -1.103]": 0.33658536585365856,
            "(-1.103, -0.739]": 0.36185819070904646,
            "(-0.739, -0.122]": 0.5951219512195122,
            "(-0.122, -0.00611]": 0.9511002444987775,
            "(-0.00611, -4.77e-06]": 1.0
        },
        "percent_prime_factors_pred": {
            "(-14.161, -5.827]": 0.905836236933798,
            "(-5.827, -3.513]": 0.9183333333333333,
            "(-3.513, -2.852]": 0.9294213528932355,
            "(-2.852, -2.264]": 0.931829268292683,
            "(-2.264, -1.325]": 0.8718186051926884,
            "(-1.325, -1.103]": 0.4642044134727062,
            "(-1.103, -0.739]": 0.6083537082314588,
            "(-0.739, -0.122]": 0.9037804878048781,
            "(-0.122, -0.00611]": 0.9938467807660962,
            "(-0.00611, -4.77e-06]": 1.0
        }
    },
    "by_num_target_factors": {
        "group_size": {
            "1": 192,
            "2": 466,
            "3": 501,
            "4": 401,
            "5": 237,
            "6": 131,
            "7": 62,
            "8": 32,
            "9": 12,
            "10": 7,
            "11": 5,
            "12": 1,
            "16": 1
        },
        "correct_product_mean": {
            "1": 0.9583333333333334,
            "2": 0.98068669527897,
            "3": 0.9461077844311377,
            "4": 0.9600997506234414,
            "5": 0.8818565400843882,
            "6": 0.8320610687022901,
            "7": 0.7903225806451613,
            "8": 0.6875,
            "9": 0.3333333333333333,
            "10": 0.7142857142857143,
            "11": 0.6,
            "12": 0.0,
            "16": 0.0
        },
        "correct_factorization_mean": {
            "1": 0.9583333333333334,
            "2": 0.4570815450643777,
            "3": 0.5708582834331337,
            "4": 0.8428927680798005,
            "5": 0.8438818565400844,
            "6": 0.7251908396946565,
            "7": 0.7741935483870968,
            "8": 0.65625,
            "9": 0.3333333333333333,
            "10": 0.7142857142857143,
            "11": 0.6,
            "12": 0.0,
            "16": 0.0
        }
    },
    "by_input_num": {
        "group_size": {
            "(65535.999, 65740.7]": 205,
            "(65740.7, 65945.4]": 205,
            "(65945.4, 66150.1]": 205,
            "(66150.1, 66354.8]": 204,
            "(66354.8, 66559.5]": 205,
            "(66559.5, 66764.2]": 205,
            "(66764.2, 66968.9]": 204,
            "(66968.9, 67173.6]": 205,
            "(67173.6, 67378.3]": 205,
            "(67378.3, 67583.0]": 205
        },
        "correct_product_mean": {
            "(65535.999, 65740.7]": 0.9560975609756097,
            "(65740.7, 65945.4]": 0.9463414634146341,
            "(65945.4, 66150.1]": 0.9658536585365853,
            "(66150.1, 66354.8]": 0.9166666666666666,
            "(66354.8, 66559.5]": 0.9365853658536586,
            "(66559.5, 66764.2]": 0.9170731707317074,
            "(66764.2, 66968.9]": 0.9264705882352942,
            "(66968.9, 67173.6]": 0.9512195121951219,
            "(67173.6, 67378.3]": 0.8878048780487805,
            "(67378.3, 67583.0]": 0.8780487804878049
        },
        "correct_factorization_mean": {
            "(65535.999, 65740.7]": 0.7365853658536585,
            "(65740.7, 65945.4]": 0.6585365853658537,
            "(65945.4, 66150.1]": 0.7170731707317073,
            "(66150.1, 66354.8]": 0.6372549019607843,
            "(66354.8, 66559.5]": 0.6878048780487804,
            "(66559.5, 66764.2]": 0.6829268292682927,
            "(66764.2, 66968.9]": 0.6715686274509803,
            "(66968.9, 67173.6]": 0.6829268292682927,
            "(67173.6, 67378.3]": 0.6682926829268293,
            "(67378.3, 67583.0]": 0.6780487804878049
        }
    },
    "pred_same_as_input_beam_0": {
        "0": {
            "input_is_prime": false,
            "pred_same_as_input": false,
            "group_size": 1508,
            "correct_product_mean": 0.876657824933687,
            "correct_factorization_mean": 0.7553050397877984
        },
        "1": {
            "input_is_prime": false,
            "pred_same_as_input": true,
            "group_size": 348,
            "correct_product_mean": 1.0,
            "correct_factorization_mean": 0.0
        },
        "2": {
            "input_is_prime": true,
            "pred_same_as_input": false,
            "group_size": 8,
            "correct_product_mean": 0.0,
            "correct_factorization_mean": 0.0
        },
        "3": {
            "input_is_prime": true,
            "pred_same_as_input": true,
            "group_size": 184,
            "correct_product_mean": 1.0,
            "correct_factorization_mean": 1.0
        }
    },
    "by_min_factor_composite_only": {
        "0": {
            "min_factor_decile": "(1.999, 3.0]",
            "group_size": 1365,
            "correct_product_mean": 0.9164835164835164,
            "correct_factorization_mean": 0.7516483516483516
        },
        "1": {
            "min_factor_decile": "(3.0, 5.0]",
            "group_size": 136,
            "correct_product_mean": 0.8676470588235294,
            "correct_factorization_mean": 0.8308823529411765
        },
        "2": {
            "min_factor_decile": "(5.0, 17.0]",
            "group_size": 176,
            "correct_product_mean": 0.9715909090909091,
            "correct_factorization_mean": 0.0
        },
        "3": {
            "min_factor_decile": "(17.0, 257.0]",
            "group_size": 179,
            "correct_product_mean": 0.9888268156424581,
            "correct_factorization_mean": 0.0
        }
    },
    "loss": 0.37426827527889306,
    "meta": {
        "n_beams": 2,
        "temperature": 1.0
    }
}