{
    "correct": {
        "correct_product": 0.9752580449301761,
        "correct_factorization": 0.8541287188828173
    },
    "beam_accuracy": {
        "correct_product": {
            "0": 0.9552216150576807,
            "1": 0.17744383727990284
        },
        "correct_factorization": {
            "0": 0.8210382513661202,
            "1": 0.033394049787492414
        }
    },
    "by_prob": {
        "group_size": {
            "(-14.931, -9.21]": 1320.0,
            "(-9.21, -7.235]": 1316.0,
            "(-7.235, -4.67]": 1317.0,
            "(-4.67, -2.512]": 1318.0,
            "(-2.512, -1.293]": 1317.0,
            "(-1.293, -0.716]": 1318.0,
            "(-0.716, -0.0184]": 1317.0,
            "(-0.0184, -0.00149]": 1318.0,
            "(-0.00149, -0.000178]": 1317.0,
            "(-0.000178, -1.19e-06]": 1318.0
        },
        "correct_product": {
            "(-14.931, -9.21]": 0.1484848484848485,
            "(-9.21, -7.235]": 0.15881458966565348,
            "(-7.235, -4.67]": 0.1829916476841306,
            "(-4.67, -2.512]": 0.13808801213960548,
            "(-2.512, -1.293]": 0.2771450265755505,
            "(-1.293, -0.716]": 0.8619119878603946,
            "(-0.716, -0.0184]": 0.89749430523918,
            "(-0.0184, -0.00149]": 0.9984825493171472,
            "(-0.00149, -0.000178]": 1.0,
            "(-0.000178, -1.19e-06]": 1.0
        },
        "correct_factorization": {
            "(-14.931, -9.21]": 0.0007575757575757576,
            "(-9.21, -7.235]": 0.0,
            "(-7.235, -4.67]": 0.0007593014426727411,
            "(-4.67, -2.512]": 0.028831562974203338,
            "(-2.512, -1.293]": 0.13059984813971146,
            "(-1.293, -0.716]": 0.34142640364188165,
            "(-0.716, -0.0184]": 0.7744874715261959,
            "(-0.0184, -0.00149]": 0.9954476479514416,
            "(-0.00149, -0.000178]": 1.0,
            "(-0.000178, -1.19e-06]": 1.0
        },
        "percent_prime_factors_pred": {
            "(-14.931, -9.21]": 0.8347213203463203,
            "(-9.21, -7.235]": 0.9006142350557244,
            "(-7.235, -4.67]": 0.8778916729941787,
            "(-4.67, -2.512]": 0.8633722056901116,
            "(-2.512, -1.293]": 0.8107242289474635,
            "(-1.293, -0.716]": 0.5041793120890238,
            "(-0.716, -0.0184]": 0.9204360559713636,
            "(-0.0184, -0.00149]": 0.9985584218512897,
            "(-0.00149, -0.000178]": 1.0,
            "(-0.000178, -1.19e-06]": 1.0
        }
    },
    "by_num_target_factors": {
        "group_size": {
            "1": 668,
            "2": 1601,
            "3": 1720,
            "4": 1198,
            "5": 715,
            "6": 373,
            "7": 165,
            "8": 79,
            "9": 35,
            "10": 20,
            "11": 8,
            "12": 3,
            "13": 3
        },
        "correct_product_mean": {
            "1": 0.9820359281437125,
            "2": 0.9862585883822611,
            "3": 0.9872093023255814,
            "4": 0.988313856427379,
            "5": 0.9748251748251748,
            "6": 0.935656836461126,
            "7": 0.8606060606060606,
            "8": 0.8734177215189873,
            "9": 0.8,
            "10": 0.85,
            "11": 0.5,
            "12": 0.6666666666666666,
            "13": 0.0
        },
        "correct_factorization_mean": {
            "1": 0.9820359281437125,
            "2": 0.6970643347907558,
            "3": 0.8377906976744186,
            "4": 0.9449081803005008,
            "5": 0.9692307692307692,
            "6": 0.8873994638069705,
            "7": 0.8363636363636363,
            "8": 0.8734177215189873,
            "9": 0.8,
            "10": 0.85,
            "11": 0.5,
            "12": 0.6666666666666666,
            "13": 0.0
        }
    },
    "by_input_num": {
        "group_size": {
            "(7.999, 6350.5]": 659,
            "(6350.5, 12996.8]": 659,
            "(12996.8, 19472.5]": 659,
            "(19472.5, 26116.8]": 658,
            "(26116.8, 32574.0]": 659,
            "(32574.0, 39331.6]": 659,
            "(39331.6, 46013.7]": 658,
            "(46013.7, 52699.4]": 659,
            "(52699.4, 59007.6]": 659,
            "(59007.6, 65528.0]": 659
        },
        "correct_product_mean": {
            "(7.999, 6350.5]": 1.0,
            "(6350.5, 12996.8]": 0.9969650986342944,
            "(12996.8, 19472.5]": 0.9954476479514416,
            "(19472.5, 26116.8]": 0.9741641337386018,
            "(26116.8, 32574.0]": 0.9726858877086495,
            "(32574.0, 39331.6]": 0.9772382397572079,
            "(39331.6, 46013.7]": 0.9650455927051672,
            "(46013.7, 52699.4]": 0.9393019726858877,
            "(52699.4, 59007.6]": 0.9681335356600911,
            "(59007.6, 65528.0]": 0.9635811836115327
        },
        "correct_factorization_mean": {
            "(7.999, 6350.5]": 1.0,
            "(6350.5, 12996.8]": 0.9969650986342944,
            "(12996.8, 19472.5]": 0.9908952959028832,
            "(19472.5, 26116.8]": 0.9361702127659575,
            "(26116.8, 32574.0]": 0.842185128983308,
            "(32574.0, 39331.6]": 0.7966616084977238,
            "(39331.6, 46013.7]": 0.7674772036474165,
            "(46013.7, 52699.4]": 0.7693474962063733,
            "(52699.4, 59007.6]": 0.7298937784522003,
            "(59007.6, 65528.0]": 0.7116843702579666
        }
    },
    "pred_same_as_input_beam_0": {
        "0": {
            "input_is_prime": false,
            "pred_same_as_input": false,
            "group_size": 5206,
            "correct_product_mean": 0.9469842489435267,
            "correct_factorization_mean": 0.914329619669612
        },
        "1": {
            "input_is_prime": false,
            "pred_same_as_input": true,
            "group_size": 714,
            "correct_product_mean": 1.0,
            "correct_factorization_mean": 0.0
        },
        "2": {
            "input_is_prime": true,
            "pred_same_as_input": false,
            "group_size": 19,
            "correct_product_mean": 0.0,
            "correct_factorization_mean": 0.0
        },
        "3": {
            "input_is_prime": true,
            "pred_same_as_input": true,
            "group_size": 649,
            "correct_product_mean": 1.0,
            "correct_factorization_mean": 1.0
        }
    },
    "by_min_factor_composite_only": {
        "0": {
            "min_factor_decile": "(1.999, 3.0]",
            "group_size": 4339,
            "correct_product_mean": 0.9734961972804794,
            "correct_factorization_mean": 0.9121917492509795
        },
        "1": {
            "min_factor_decile": "(3.0, 5.0]",
            "group_size": 447,
            "correct_product_mean": 0.970917225950783,
            "correct_factorization_mean": 0.959731543624161
        },
        "2": {
            "min_factor_decile": "(5.0, 17.0]",
            "group_size": 614,
            "correct_product_mean": 0.9755700325732899,
            "correct_factorization_mean": 0.3583061889250814
        },
        "3": {
            "min_factor_decile": "(17.0, 241.0]",
            "group_size": 520,
            "correct_product_mean": 0.9846153846153847,
            "correct_factorization_mean": 0.29423076923076924
        }
    },
    "loss": 0.1377280447886069,
    "meta": {
        "n_beams": 2,
        "temperature": 1.0
    }
}