{
    "correct": {
        "correct_product": 0.93505859375,
        "correct_factorization": 0.6806640625
    },
    "beam_accuracy": {
        "correct_product": {
            "0": 0.89697265625,
            "1": 0.18603515625
        },
        "correct_factorization": {
            "0": 0.62939453125,
            "1": 0.05126953125
        }
    },
    "by_prob": {
        "group_size": {
            "(-11.869, -4.702]": 410.0,
            "(-4.702, -3.48]": 410.0,
            "(-3.48, -2.879]": 409.0,
            "(-2.879, -2.187]": 410.0,
            "(-2.187, -1.263]": 409.0,
            "(-1.263, -0.987]": 410.0,
            "(-0.987, -0.808]": 409.0,
            "(-0.808, -0.232]": 410.0,
            "(-0.232, -0.0211]": 409.0,
            "(-0.0211, -2.87e-05]": 410.0
        },
        "correct_product": {
            "(-11.869, -4.702]": 0.21707317073170732,
            "(-4.702, -3.48]": 0.14146341463414633,
            "(-3.48, -2.879]": 0.08068459657701711,
            "(-2.879, -2.187]": 0.13170731707317074,
            "(-2.187, -1.263]": 0.41075794621026895,
            "(-1.263, -0.987]": 0.8170731707317073,
            "(-0.987, -0.808]": 0.8948655256723717,
            "(-0.808, -0.232]": 0.7731707317073171,
            "(-0.232, -0.0211]": 0.9486552567237164,
            "(-0.0211, -2.87e-05]": 1.0
        },
        "correct_factorization": {
            "(-11.869, -4.702]": 0.0,
            "(-4.702, -3.48]": 0.00975609756097561,
            "(-3.48, -2.879]": 0.014669926650366748,
            "(-2.879, -2.187]": 0.04390243902439024,
            "(-2.187, -1.263]": 0.19070904645476772,
            "(-1.263, -0.987]": 0.3195121951219512,
            "(-0.987, -0.808]": 0.36185819070904646,
            "(-0.808, -0.232]": 0.5292682926829269,
            "(-0.232, -0.0211]": 0.9339853300733496,
            "(-0.0211, -2.87e-05]": 1.0
        },
        "percent_prime_factors_pred": {
            "(-11.869, -4.702]": 0.9027032520325203,
            "(-4.702, -3.48]": 0.8959349593495934,
            "(-3.48, -2.879]": 0.9197636511817441,
            "(-2.879, -2.187]": 0.8878455284552845,
            "(-2.187, -1.263]": 0.8438409593666318,
            "(-1.263, -0.987]": 0.5389198606271777,
            "(-0.987, -0.808]": 0.5548899755501222,
            "(-0.808, -0.232]": 0.8789837398373983,
            "(-0.232, -0.0211]": 0.9944987775061125,
            "(-0.0211, -2.87e-05]": 1.0
        }
    },
    "by_num_target_factors": {
        "group_size": {
            "1": 192,
            "2": 466,
            "3": 501,
            "4": 401,
            "5": 237,
            "6": 131,
            "7": 62,
            "8": 32,
            "9": 12,
            "10": 7,
            "11": 5,
            "12": 1,
            "16": 1
        },
        "correct_product_mean": {
            "1": 0.9895833333333334,
            "2": 0.9914163090128756,
            "3": 0.9820359281437125,
            "4": 0.972568578553616,
            "5": 0.8523206751054853,
            "6": 0.7633587786259542,
            "7": 0.7741935483870968,
            "8": 0.59375,
            "9": 0.5833333333333334,
            "10": 0.42857142857142855,
            "11": 0.4,
            "12": 0.0,
            "16": 0.0
        },
        "correct_factorization_mean": {
            "1": 0.9895833333333334,
            "2": 0.463519313304721,
            "3": 0.5868263473053892,
            "4": 0.8154613466334164,
            "5": 0.8143459915611815,
            "6": 0.732824427480916,
            "7": 0.7580645161290323,
            "8": 0.59375,
            "9": 0.5833333333333334,
            "10": 0.42857142857142855,
            "11": 0.4,
            "12": 0.0,
            "16": 0.0
        }
    },
    "by_input_num": {
        "group_size": {
            "(65535.999, 65740.7]": 205,
            "(65740.7, 65945.4]": 205,
            "(65945.4, 66150.1]": 205,
            "(66150.1, 66354.8]": 204,
            "(66354.8, 66559.5]": 205,
            "(66559.5, 66764.2]": 205,
            "(66764.2, 66968.9]": 204,
            "(66968.9, 67173.6]": 205,
            "(67173.6, 67378.3]": 205,
            "(67378.3, 67583.0]": 205
        },
        "correct_product_mean": {
            "(65535.999, 65740.7]": 0.9658536585365853,
            "(65740.7, 65945.4]": 0.9512195121951219,
            "(65945.4, 66150.1]": 0.9560975609756097,
            "(66150.1, 66354.8]": 0.9313725490196079,
            "(66354.8, 66559.5]": 0.9365853658536586,
            "(66559.5, 66764.2]": 0.926829268292683,
            "(66764.2, 66968.9]": 0.9264705882352942,
            "(66968.9, 67173.6]": 0.926829268292683,
            "(67173.6, 67378.3]": 0.926829268292683,
            "(67378.3, 67583.0]": 0.9024390243902439
        },
        "correct_factorization_mean": {
            "(65535.999, 65740.7]": 0.7268292682926829,
            "(65740.7, 65945.4]": 0.6780487804878049,
            "(65945.4, 66150.1]": 0.7170731707317073,
            "(66150.1, 66354.8]": 0.6323529411764706,
            "(66354.8, 66559.5]": 0.6829268292682927,
            "(66559.5, 66764.2]": 0.6682926829268293,
            "(66764.2, 66968.9]": 0.6568627450980392,
            "(66968.9, 67173.6]": 0.6780487804878049,
            "(67173.6, 67378.3]": 0.6780487804878049,
            "(67378.3, 67583.0]": 0.6878048780487804
        }
    },
    "pred_same_as_input_beam_0": {
        "0": {
            "input_is_prime": false,
            "pred_same_as_input": false,
            "group_size": 1856,
            "correct_product_mean": 0.8873922413793104,
            "correct_factorization_mean": 0.5921336206896551
        },
        "1": {
            "input_is_prime": true,
            "pred_same_as_input": false,
            "group_size": 192,
            "correct_product_mean": 0.9895833333333334,
            "correct_factorization_mean": 0.9895833333333334
        }
    },
    "by_min_factor_composite_only": {
        "0": {
            "min_factor_decile": "(1.999, 3.0]",
            "group_size": 1365,
            "correct_product_mean": 0.9157509157509157,
            "correct_factorization_mean": 0.7245421245421245
        },
        "1": {
            "min_factor_decile": "(3.0, 5.0]",
            "group_size": 136,
            "correct_product_mean": 0.9044117647058824,
            "correct_factorization_mean": 0.8088235294117647
        },
        "2": {
            "min_factor_decile": "(5.0, 17.0]",
            "group_size": 176,
            "correct_product_mean": 1.0,
            "correct_factorization_mean": 0.0
        },
        "3": {
            "min_factor_decile": "(17.0, 257.0]",
            "group_size": 179,
            "correct_product_mean": 0.9832402234636871,
            "correct_factorization_mean": 0.0
        }
    },
    "loss": 0.3529626385511925,
    "meta": {
        "n_beams": 2,
        "temperature": 1.0
    }
}