{
    "correct": {
        "correct_product": 0.9813296903460837,
        "correct_factorization": 0.8501821493624773
    },
    "beam_accuracy": {
        "correct_product": {
            "0": 0.9634183363691561,
            "1": 0.24408014571949
        },
        "correct_factorization": {
            "0": 0.8126897389192471,
            "1": 0.03764420157862781
        }
    },
    "by_prob": {
        "group_size": {
            "(-13.51, -8.593]": 1318.0,
            "(-8.593, -6.4]": 1318.0,
            "(-6.4, -3.827]": 1317.0,
            "(-3.827, -2.314]": 1318.0,
            "(-2.314, -1.2]": 1317.0,
            "(-1.2, -0.775]": 1318.0,
            "(-0.775, -0.0475]": 1317.0,
            "(-0.0475, -0.0035]": 1318.0,
            "(-0.0035, -0.000429]": 1317.0,
            "(-0.000429, -1.25e-05]": 1318.0
        },
        "correct_product": {
            "(-13.51, -8.593]": 0.18664643399089528,
            "(-8.593, -6.4]": 0.2572078907435508,
            "(-6.4, -3.827]": 0.28929384965831434,
            "(-3.827, -2.314]": 0.17905918057663125,
            "(-2.314, -1.2]": 0.3143507972665148,
            "(-1.2, -0.775]": 0.9006069802731411,
            "(-0.775, -0.0475]": 0.911921032649962,
            "(-0.0475, -0.0035]": 0.9984825493171472,
            "(-0.0035, -0.000429]": 1.0,
            "(-0.000429, -1.25e-05]": 1.0
        },
        "correct_factorization": {
            "(-13.51, -8.593]": 0.0,
            "(-8.593, -6.4]": 0.0,
            "(-6.4, -3.827]": 0.0007593014426727411,
            "(-3.827, -2.314]": 0.03414264036418816,
            "(-2.314, -1.2]": 0.14958238420653,
            "(-1.2, -0.775]": 0.34597875569044007,
            "(-0.775, -0.0475]": 0.7251328777524677,
            "(-0.0475, -0.0035]": 0.996206373292868,
            "(-0.0035, -0.000429]": 1.0,
            "(-0.000429, -1.25e-05]": 1.0
        },
        "percent_prime_factors_pred": {
            "(-13.51, -8.593]": 0.8694486595852302,
            "(-8.593, -6.4]": 0.8813037430450178,
            "(-6.4, -3.827]": 0.8334454206891564,
            "(-3.827, -2.314]": 0.8337117927595924,
            "(-2.314, -1.2]": 0.8316475033445421,
            "(-1.2, -0.775]": 0.4871125081292001,
            "(-0.775, -0.0475]": 0.8648606139494521,
            "(-0.0475, -0.0035]": 0.998710166919575,
            "(-0.0035, -0.000429]": 1.0,
            "(-0.000429, -1.25e-05]": 1.0
        }
    },
    "by_num_target_factors": {
        "group_size": {
            "1": 668,
            "2": 1601,
            "3": 1720,
            "4": 1198,
            "5": 715,
            "6": 373,
            "7": 165,
            "8": 79,
            "9": 35,
            "10": 20,
            "11": 8,
            "12": 3,
            "13": 3
        },
        "correct_product_mean": {
            "1": 0.9940119760479041,
            "2": 0.9887570268582137,
            "3": 0.9889534883720931,
            "4": 0.993322203672788,
            "5": 0.9804195804195804,
            "6": 0.938337801608579,
            "7": 0.9212121212121213,
            "8": 0.8987341772151899,
            "9": 0.8,
            "10": 0.75,
            "11": 0.75,
            "12": 0.6666666666666666,
            "13": 0.6666666666666666
        },
        "correct_factorization_mean": {
            "1": 0.9940119760479041,
            "2": 0.6914428482198626,
            "3": 0.8145348837209302,
            "4": 0.9407345575959933,
            "5": 0.972027972027972,
            "6": 0.8981233243967829,
            "7": 0.896969696969697,
            "8": 0.8987341772151899,
            "9": 0.8,
            "10": 0.75,
            "11": 0.75,
            "12": 0.6666666666666666,
            "13": 0.6666666666666666
        }
    },
    "by_input_num": {
        "group_size": {
            "(7.999, 6350.5]": 659,
            "(6350.5, 12996.8]": 659,
            "(12996.8, 19472.5]": 659,
            "(19472.5, 26116.8]": 658,
            "(26116.8, 32574.0]": 659,
            "(32574.0, 39331.6]": 659,
            "(39331.6, 46013.7]": 658,
            "(46013.7, 52699.4]": 659,
            "(52699.4, 59007.6]": 659,
            "(59007.6, 65528.0]": 659
        },
        "correct_product_mean": {
            "(7.999, 6350.5]": 0.9984825493171472,
            "(6350.5, 12996.8]": 1.0,
            "(12996.8, 19472.5]": 0.9939301972685888,
            "(19472.5, 26116.8]": 0.9696048632218845,
            "(26116.8, 32574.0]": 0.9848254931714719,
            "(32574.0, 39331.6]": 0.9817905918057663,
            "(39331.6, 46013.7]": 0.9665653495440729,
            "(46013.7, 52699.4]": 0.9681335356600911,
            "(52699.4, 59007.6]": 0.9635811836115327,
            "(59007.6, 65528.0]": 0.9863429438543247
        },
        "correct_factorization_mean": {
            "(7.999, 6350.5]": 0.9984825493171472,
            "(6350.5, 12996.8]": 1.0,
            "(12996.8, 19472.5]": 0.9848254931714719,
            "(19472.5, 26116.8]": 0.8951367781155015,
            "(26116.8, 32574.0]": 0.8437025796661608,
            "(32574.0, 39331.6]": 0.7981790591805766,
            "(39331.6, 46013.7]": 0.7598784194528876,
            "(46013.7, 52699.4]": 0.7723823975720789,
            "(52699.4, 59007.6]": 0.7192716236722306,
            "(59007.6, 65528.0]": 0.7298937784522003
        }
    },
    "pred_same_as_input_beam_0": {
        "0": {
            "input_is_prime": false,
            "pred_same_as_input": false,
            "group_size": 5150,
            "correct_product_mean": 0.954757281553398,
            "correct_factorization_mean": 0.9114563106796116
        },
        "1": {
            "input_is_prime": false,
            "pred_same_as_input": true,
            "group_size": 770,
            "correct_product_mean": 1.0,
            "correct_factorization_mean": 0.0
        },
        "2": {
            "input_is_prime": true,
            "pred_same_as_input": false,
            "group_size": 8,
            "correct_product_mean": 0.0,
            "correct_factorization_mean": 0.0
        },
        "3": {
            "input_is_prime": true,
            "pred_same_as_input": true,
            "group_size": 660,
            "correct_product_mean": 1.0,
            "correct_factorization_mean": 1.0
        }
    },
    "by_min_factor_composite_only": {
        "0": {
            "min_factor_decile": "(1.999, 3.0]",
            "group_size": 4339,
            "correct_product_mean": 0.9790274256741185,
            "correct_factorization_mean": 0.9085042636552201
        },
        "1": {
            "min_factor_decile": "(3.0, 5.0]",
            "group_size": 447,
            "correct_product_mean": 0.9843400447427293,
            "correct_factorization_mean": 0.959731543624161
        },
        "2": {
            "min_factor_decile": "(5.0, 17.0]",
            "group_size": 614,
            "correct_product_mean": 0.9755700325732899,
            "correct_factorization_mean": 0.31107491856677527
        },
        "3": {
            "min_factor_decile": "(17.0, 241.0]",
            "group_size": 520,
            "correct_product_mean": 0.9884615384615385,
            "correct_factorization_mean": 0.25384615384615383
        }
    },
    "loss": 0.13156106990361144,
    "meta": {
        "n_beams": 2,
        "temperature": 1.0
    }
}