{
    "correct": {
        "correct_product": 0.97632058287796,
        "correct_factorization": 0.855191256830601
    },
    "beam_accuracy": {
        "correct_product": {
            "0": 0.9606860959319976,
            "1": 0.17789921068609593
        },
        "correct_factorization": {
            "0": 0.8265027322404371,
            "1": 0.029295689131754704
        }
    },
    "by_prob": {
        "group_size": {
            "(-13.565999999999999, -8.683]": 1318.0,
            "(-8.683, -6.711]": 1318.0,
            "(-6.711, -4.515]": 1317.0,
            "(-4.515, -2.609]": 1318.0,
            "(-2.609, -1.264]": 1317.0,
            "(-1.264, -0.773]": 1318.0,
            "(-0.773, -0.0212]": 1317.0,
            "(-0.0212, -0.00252]": 1318.0,
            "(-0.00252, -0.000392]": 1317.0,
            "(-0.000392, -5.6e-06]": 1318.0
        },
        "correct_product": {
            "(-13.565999999999999, -8.683]": 0.13581183611532624,
            "(-8.683, -6.711]": 0.17450682852807284,
            "(-6.711, -4.515]": 0.18071374335611237,
            "(-4.515, -2.609]": 0.1479514415781487,
            "(-2.609, -1.264]": 0.2604403948367502,
            "(-1.264, -0.773]": 0.8945371775417299,
            "(-0.773, -0.0212]": 0.8990129081245254,
            "(-0.0212, -0.00252]": 1.0,
            "(-0.00252, -0.000392]": 1.0,
            "(-0.000392, -5.6e-06]": 1.0
        },
        "correct_factorization": {
            "(-13.565999999999999, -8.683]": 0.0007587253414264037,
            "(-8.683, -6.711]": 0.0015174506828528073,
            "(-6.711, -4.515]": 0.0007593014426727411,
            "(-4.515, -2.609]": 0.02276176024279211,
            "(-2.609, -1.264]": 0.11389521640091116,
            "(-1.264, -0.773]": 0.34142640364188165,
            "(-0.773, -0.0212]": 0.7980258162490509,
            "(-0.0212, -0.00252]": 1.0,
            "(-0.00252, -0.000392]": 1.0,
            "(-0.000392, -5.6e-06]": 1.0
        },
        "percent_prime_factors_pred": {
            "(-13.565999999999999, -8.683]": 0.7977671797095165,
            "(-8.683, -6.711]": 0.9093178697882796,
            "(-6.711, -4.515]": 0.882675272083017,
            "(-4.515, -2.609]": 0.84702832574608,
            "(-2.609, -1.264]": 0.816211085801063,
            "(-1.264, -0.773]": 0.4887202832574608,
            "(-0.773, -0.0212]": 0.9327385472032398,
            "(-0.0212, -0.00252]": 1.0,
            "(-0.00252, -0.000392]": 1.0,
            "(-0.000392, -5.6e-06]": 1.0
        }
    },
    "by_num_target_factors": {
        "group_size": {
            "1": 668,
            "2": 1601,
            "3": 1720,
            "4": 1198,
            "5": 715,
            "6": 373,
            "7": 165,
            "8": 79,
            "9": 35,
            "10": 20,
            "11": 8,
            "12": 3,
            "13": 3
        },
        "correct_product_mean": {
            "1": 0.9880239520958084,
            "2": 0.9906308557151781,
            "3": 0.9901162790697674,
            "4": 0.993322203672788,
            "5": 0.9790209790209791,
            "6": 0.9276139410187667,
            "7": 0.8727272727272727,
            "8": 0.810126582278481,
            "9": 0.6857142857142857,
            "10": 0.4,
            "11": 0.25,
            "12": 1.0,
            "13": 0.6666666666666666
        },
        "correct_factorization_mean": {
            "1": 0.9880239520958084,
            "2": 0.7083073079325422,
            "3": 0.8401162790697675,
            "4": 0.9440734557595993,
            "5": 0.9734265734265735,
            "6": 0.8820375335120644,
            "7": 0.8303030303030303,
            "8": 0.7974683544303798,
            "9": 0.6857142857142857,
            "10": 0.4,
            "11": 0.25,
            "12": 1.0,
            "13": 0.6666666666666666
        }
    },
    "by_input_num": {
        "group_size": {
            "(7.999, 6350.5]": 659,
            "(6350.5, 12996.8]": 659,
            "(12996.8, 19472.5]": 659,
            "(19472.5, 26116.8]": 658,
            "(26116.8, 32574.0]": 659,
            "(32574.0, 39331.6]": 659,
            "(39331.6, 46013.7]": 658,
            "(46013.7, 52699.4]": 659,
            "(52699.4, 59007.6]": 659,
            "(59007.6, 65528.0]": 659
        },
        "correct_product_mean": {
            "(7.999, 6350.5]": 0.9984825493171472,
            "(6350.5, 12996.8]": 0.9969650986342944,
            "(12996.8, 19472.5]": 0.9908952959028832,
            "(19472.5, 26116.8]": 0.9756838905775076,
            "(26116.8, 32574.0]": 0.9726858877086495,
            "(32574.0, 39331.6]": 0.9742033383915023,
            "(39331.6, 46013.7]": 0.9711246200607903,
            "(46013.7, 52699.4]": 0.9438543247344461,
            "(52699.4, 59007.6]": 0.9650986342943855,
            "(59007.6, 65528.0]": 0.9742033383915023
        },
        "correct_factorization_mean": {
            "(7.999, 6350.5]": 0.9984825493171472,
            "(6350.5, 12996.8]": 0.9969650986342944,
            "(12996.8, 19472.5]": 0.9893778452200304,
            "(19472.5, 26116.8]": 0.9407294832826748,
            "(26116.8, 32574.0]": 0.8330804248861912,
            "(32574.0, 39331.6]": 0.7921092564491654,
            "(39331.6, 46013.7]": 0.7735562310030395,
            "(46013.7, 52699.4]": 0.7814871016691958,
            "(52699.4, 59007.6]": 0.723823975720789,
            "(59007.6, 65528.0]": 0.7223065250379362
        }
    },
    "pred_same_as_input_beam_0": {
        "0": {
            "input_is_prime": false,
            "pred_same_as_input": false,
            "group_size": 5920,
            "correct_product_mean": 0.9581081081081081,
            "correct_factorization_mean": 0.8087837837837838
        },
        "1": {
            "input_is_prime": true,
            "pred_same_as_input": false,
            "group_size": 659,
            "correct_product_mean": 0.9833080424886191,
            "correct_factorization_mean": 0.9833080424886191
        },
        "2": {
            "input_is_prime": true,
            "pred_same_as_input": true,
            "group_size": 9,
            "correct_product_mean": 1.0,
            "correct_factorization_mean": 1.0
        }
    },
    "by_min_factor_composite_only": {
        "0": {
            "min_factor_decile": "(1.999, 3.0]",
            "group_size": 4339,
            "correct_product_mean": 0.9723438580318046,
            "correct_factorization_mean": 0.9177229776446185
        },
        "1": {
            "min_factor_decile": "(3.0, 5.0]",
            "group_size": 447,
            "correct_product_mean": 0.970917225950783,
            "correct_factorization_mean": 0.9328859060402684
        },
        "2": {
            "min_factor_decile": "(5.0, 17.0]",
            "group_size": 614,
            "correct_product_mean": 0.9853420195439739,
            "correct_factorization_mean": 0.3745928338762215
        },
        "3": {
            "min_factor_decile": "(17.0, 241.0]",
            "group_size": 520,
            "correct_product_mean": 0.9884615384615385,
            "correct_factorization_mean": 0.3057692307692308
        }
    },
    "loss": 0.12510229027989642,
    "meta": {
        "n_beams": 2,
        "temperature": 1.0
    }
}