{
    "correct": {
        "correct_product": 0.92431640625,
        "correct_factorization": 0.69970703125
    },
    "beam_accuracy": {
        "correct_product": {
            "0": 0.8935546875,
            "1": 0.16259765625
        },
        "correct_factorization": {
            "0": 0.65283203125,
            "1": 0.046875
        }
    },
    "by_prob": {
        "group_size": {
            "(-12.565, -6.913]": 410.0,
            "(-6.913, -4.01]": 410.0,
            "(-4.01, -2.649]": 409.0,
            "(-2.649, -2.086]": 410.0,
            "(-2.086, -1.478]": 409.0,
            "(-1.478, -1.083]": 410.0,
            "(-1.083, -0.795]": 409.0,
            "(-0.795, -0.0351]": 410.0,
            "(-0.0351, -0.00203]": 409.0,
            "(-0.00203, -8.23e-06]": 410.0
        },
        "correct_product": {
            "(-12.565, -6.913]": 0.17073170731707318,
            "(-6.913, -4.01]": 0.24878048780487805,
            "(-4.01, -2.649]": 0.10513447432762836,
            "(-2.649, -2.086]": 0.07073170731707316,
            "(-2.086, -1.478]": 0.30073349633251834,
            "(-1.478, -1.083]": 0.7926829268292683,
            "(-1.083, -0.795]": 0.8997555012224939,
            "(-0.795, -0.0351]": 0.7170731707317073,
            "(-0.0351, -0.00203]": 0.9755501222493888,
            "(-0.00203, -8.23e-06]": 1.0
        },
        "correct_factorization": {
            "(-12.565, -6.913]": 0.0,
            "(-6.913, -4.01]": 0.014634146341463415,
            "(-4.01, -2.649]": 0.019559902200488997,
            "(-2.649, -2.086]": 0.026829268292682926,
            "(-2.086, -1.478]": 0.15647921760391198,
            "(-1.478, -1.083]": 0.34146341463414637,
            "(-1.083, -0.795]": 0.3545232273838631,
            "(-0.795, -0.0351]": 0.6146341463414634,
            "(-0.0351, -0.00203]": 0.9706601466992665,
            "(-0.00203, -8.23e-06]": 1.0
        },
        "percent_prime_factors_pred": {
            "(-12.565, -6.913]": 0.8955226480836237,
            "(-6.913, -4.01]": 0.8899593495934959,
            "(-4.01, -2.649]": 0.9086797066014669,
            "(-2.649, -2.086]": 0.9224390243902438,
            "(-2.086, -1.478]": 0.8388345558272208,
            "(-1.478, -1.083]": 0.5932926829268292,
            "(-1.083, -0.795]": 0.5705378973105134,
            "(-0.795, -0.0351]": 0.9527409988385599,
            "(-0.0351, -0.00203]": 0.9982885085574572,
            "(-0.00203, -8.23e-06]": 1.0
        }
    },
    "by_num_target_factors": {
        "group_size": {
            "1": 192,
            "2": 466,
            "3": 501,
            "4": 401,
            "5": 237,
            "6": 131,
            "7": 62,
            "8": 32,
            "9": 12,
            "10": 7,
            "11": 5,
            "12": 1,
            "16": 1
        },
        "correct_product_mean": {
            "1": 0.890625,
            "2": 0.9399141630901288,
            "3": 0.9660678642714571,
            "4": 0.9775561097256857,
            "5": 0.890295358649789,
            "6": 0.816793893129771,
            "7": 0.8548387096774194,
            "8": 0.78125,
            "9": 0.5,
            "10": 0.5714285714285714,
            "11": 0.4,
            "12": 0.0,
            "16": 0.0
        },
        "correct_factorization_mean": {
            "1": 0.890625,
            "2": 0.4678111587982833,
            "3": 0.6187624750499002,
            "4": 0.8553615960099751,
            "5": 0.8565400843881856,
            "6": 0.7786259541984732,
            "7": 0.7903225806451613,
            "8": 0.78125,
            "9": 0.5,
            "10": 0.5714285714285714,
            "11": 0.4,
            "12": 0.0,
            "16": 0.0
        }
    },
    "by_input_num": {
        "group_size": {
            "(65535.999, 65740.7]": 205,
            "(65740.7, 65945.4]": 205,
            "(65945.4, 66150.1]": 205,
            "(66150.1, 66354.8]": 204,
            "(66354.8, 66559.5]": 205,
            "(66559.5, 66764.2]": 205,
            "(66764.2, 66968.9]": 204,
            "(66968.9, 67173.6]": 205,
            "(67173.6, 67378.3]": 205,
            "(67378.3, 67583.0]": 205
        },
        "correct_product_mean": {
            "(65535.999, 65740.7]": 0.9512195121951219,
            "(65740.7, 65945.4]": 0.9365853658536586,
            "(65945.4, 66150.1]": 0.9463414634146341,
            "(66150.1, 66354.8]": 0.9068627450980392,
            "(66354.8, 66559.5]": 0.9365853658536586,
            "(66559.5, 66764.2]": 0.926829268292683,
            "(66764.2, 66968.9]": 0.9264705882352942,
            "(66968.9, 67173.6]": 0.9365853658536586,
            "(67173.6, 67378.3]": 0.8585365853658536,
            "(67378.3, 67583.0]": 0.9170731707317074
        },
        "correct_factorization_mean": {
            "(65535.999, 65740.7]": 0.7609756097560976,
            "(65740.7, 65945.4]": 0.6780487804878049,
            "(65945.4, 66150.1]": 0.7219512195121951,
            "(66150.1, 66354.8]": 0.6568627450980392,
            "(66354.8, 66559.5]": 0.6926829268292682,
            "(66559.5, 66764.2]": 0.6926829268292682,
            "(66764.2, 66968.9]": 0.6862745098039216,
            "(66968.9, 67173.6]": 0.7024390243902439,
            "(67173.6, 67378.3]": 0.6682926829268293,
            "(67378.3, 67583.0]": 0.7365853658536585
        }
    },
    "pred_same_as_input_beam_0": {
        "0": {
            "input_is_prime": false,
            "pred_same_as_input": false,
            "group_size": 1541,
            "correct_product_mean": 0.872160934458144,
            "correct_factorization_mean": 0.7566515249837767
        },
        "1": {
            "input_is_prime": false,
            "pred_same_as_input": true,
            "group_size": 315,
            "correct_product_mean": 1.0,
            "correct_factorization_mean": 0.0
        },
        "2": {
            "input_is_prime": true,
            "pred_same_as_input": false,
            "group_size": 21,
            "correct_product_mean": 0.0,
            "correct_factorization_mean": 0.0
        },
        "3": {
            "input_is_prime": true,
            "pred_same_as_input": true,
            "group_size": 171,
            "correct_product_mean": 1.0,
            "correct_factorization_mean": 1.0
        }
    },
    "by_min_factor_composite_only": {
        "0": {
            "min_factor_decile": "(1.999, 3.0]",
            "group_size": 1365,
            "correct_product_mean": 0.9413919413919414,
            "correct_factorization_mean": 0.7677655677655678
        },
        "1": {
            "min_factor_decile": "(3.0, 5.0]",
            "group_size": 136,
            "correct_product_mean": 0.875,
            "correct_factorization_mean": 0.8602941176470589
        },
        "2": {
            "min_factor_decile": "(5.0, 17.0]",
            "group_size": 176,
            "correct_product_mean": 0.9090909090909091,
            "correct_factorization_mean": 0.0
        },
        "3": {
            "min_factor_decile": "(17.0, 257.0]",
            "group_size": 179,
            "correct_product_mean": 0.88268156424581,
            "correct_factorization_mean": 0.00558659217877095
        }
    },
    "loss": 0.3797563543956817,
    "meta": {
        "n_beams": 2,
        "temperature": 1.0
    }
}