{
    "correct": {
        "correct_product": 0.9839101396478446,
        "correct_factorization": 0.8781117182756527
    },
    "beam_accuracy": {
        "correct_product": {
            "0": 0.9717668488160291,
            "1": 0.20658773527625987
        },
        "correct_factorization": {
            "0": 0.8545840922890103,
            "1": 0.02398299939283546
        }
    },
    "by_prob": {
        "group_size": {
            "(-15.985999999999999, -9.21]": 1322.0,
            "(-9.21, -8.395]": 1314.0,
            "(-8.395, -6.071]": 1317.0,
            "(-6.071, -2.575]": 1318.0,
            "(-2.575, -1.286]": 1317.0,
            "(-1.286, -0.493]": 1318.0,
            "(-0.493, -0.00443]": 1317.0,
            "(-0.00443, -0.000447]": 1318.0,
            "(-0.000447, -6.27e-05]": 1317.0,
            "(-6.27e-05, -4.77e-07]": 1318.0
        },
        "correct_product": {
            "(-15.985999999999999, -9.21]": 0.27912254160363087,
            "(-9.21, -8.395]": 0.08143074581430745,
            "(-8.395, -6.071]": 0.24297646165527714,
            "(-6.071, -2.575]": 0.20637329286798178,
            "(-2.575, -1.286]": 0.23766135155656795,
            "(-1.286, -0.493]": 0.8869499241274659,
            "(-0.493, -0.00443]": 0.9567198177676538,
            "(-0.00443, -0.000447]": 1.0,
            "(-0.000447, -6.27e-05]": 1.0,
            "(-6.27e-05, -4.77e-07]": 1.0
        },
        "correct_factorization": {
            "(-15.985999999999999, -9.21]": 0.0015128593040847202,
            "(-9.21, -8.395]": 0.00076103500761035,
            "(-8.395, -6.071]": 0.0,
            "(-6.071, -2.575]": 0.007587253414264037,
            "(-2.575, -1.286]": 0.10402429764616553,
            "(-1.286, -0.493]": 0.3581183611532625,
            "(-0.493, -0.00443]": 0.9225512528473804,
            "(-0.00443, -0.000447]": 0.9984825493171472,
            "(-0.000447, -6.27e-05]": 1.0,
            "(-6.27e-05, -4.77e-07]": 1.0
        },
        "percent_prime_factors_pred": {
            "(-15.985999999999999, -9.21]": 0.8330982998343059,
            "(-9.21, -8.395]": 0.8595147495832428,
            "(-8.395, -6.071]": 0.8607477311349749,
            "(-6.071, -2.575]": 0.8362219090974782,
            "(-2.575, -1.286]": 0.8326734642224392,
            "(-1.286, -0.493]": 0.5058548305513404,
            "(-0.493, -0.00443]": 0.9796507213363705,
            "(-0.00443, -0.000447]": 0.9988619119878603,
            "(-0.000447, -6.27e-05]": 1.0,
            "(-6.27e-05, -4.77e-07]": 1.0
        }
    },
    "by_num_target_factors": {
        "group_size": {
            "1": 668,
            "2": 1601,
            "3": 1720,
            "4": 1198,
            "5": 715,
            "6": 373,
            "7": 165,
            "8": 79,
            "9": 35,
            "10": 20,
            "11": 8,
            "12": 3,
            "13": 3
        },
        "correct_product_mean": {
            "1": 0.9790419161676647,
            "2": 0.9881324172392255,
            "3": 0.9936046511627907,
            "4": 0.996661101836394,
            "5": 0.9874125874125874,
            "6": 0.967828418230563,
            "7": 0.9090909090909091,
            "8": 0.8987341772151899,
            "9": 0.8285714285714286,
            "10": 0.8,
            "11": 0.75,
            "12": 0.3333333333333333,
            "13": 1.0
        },
        "correct_factorization_mean": {
            "1": 0.9790419161676647,
            "2": 0.7232979387882573,
            "3": 0.8680232558139535,
            "4": 0.9632721202003339,
            "5": 0.9846153846153847,
            "6": 0.9329758713136729,
            "7": 0.896969696969697,
            "8": 0.8987341772151899,
            "9": 0.8285714285714286,
            "10": 0.8,
            "11": 0.75,
            "12": 0.3333333333333333,
            "13": 1.0
        }
    },
    "by_input_num": {
        "group_size": {
            "(7.999, 6350.5]": 659,
            "(6350.5, 12996.8]": 659,
            "(12996.8, 19472.5]": 659,
            "(19472.5, 26116.8]": 658,
            "(26116.8, 32574.0]": 659,
            "(32574.0, 39331.6]": 659,
            "(39331.6, 46013.7]": 658,
            "(46013.7, 52699.4]": 659,
            "(52699.4, 59007.6]": 659,
            "(59007.6, 65528.0]": 659
        },
        "correct_product_mean": {
            "(7.999, 6350.5]": 1.0,
            "(6350.5, 12996.8]": 0.9984825493171472,
            "(12996.8, 19472.5]": 0.9969650986342944,
            "(19472.5, 26116.8]": 0.986322188449848,
            "(26116.8, 32574.0]": 0.9908952959028832,
            "(32574.0, 39331.6]": 0.9848254931714719,
            "(39331.6, 46013.7]": 0.9756838905775076,
            "(46013.7, 52699.4]": 0.9559939301972686,
            "(52699.4, 59007.6]": 0.9742033383915023,
            "(59007.6, 65528.0]": 0.9757207890743551
        },
        "correct_factorization_mean": {
            "(7.999, 6350.5]": 0.9984825493171472,
            "(6350.5, 12996.8]": 0.9984825493171472,
            "(12996.8, 19472.5]": 0.9969650986342944,
            "(19472.5, 26116.8]": 0.9650455927051672,
            "(26116.8, 32574.0]": 0.9028831562974203,
            "(32574.0, 39331.6]": 0.8118361153262519,
            "(39331.6, 46013.7]": 0.7887537993920972,
            "(46013.7, 52699.4]": 0.8133535660091047,
            "(52699.4, 59007.6]": 0.7647951441578149,
            "(59007.6, 65528.0]": 0.7405159332321699
        }
    },
    "pred_same_as_input_beam_0": {
        "0": {
            "input_is_prime": false,
            "pred_same_as_input": false,
            "group_size": 5263,
            "correct_product_mean": 0.9680790423712712,
            "correct_factorization_mean": 0.9462283868516056
        },
        "1": {
            "input_is_prime": false,
            "pred_same_as_input": true,
            "group_size": 657,
            "correct_product_mean": 1.0,
            "correct_factorization_mean": 0.0
        },
        "2": {
            "input_is_prime": true,
            "pred_same_as_input": false,
            "group_size": 18,
            "correct_product_mean": 0.0,
            "correct_factorization_mean": 0.0
        },
        "3": {
            "input_is_prime": true,
            "pred_same_as_input": true,
            "group_size": 650,
            "correct_product_mean": 1.0,
            "correct_factorization_mean": 1.0
        }
    },
    "by_min_factor_composite_only": {
        "0": {
            "min_factor_decile": "(1.999, 3.0]",
            "group_size": 4339,
            "correct_product_mean": 0.9857109933164323,
            "correct_factorization_mean": 0.9467619267112238
        },
        "1": {
            "min_factor_decile": "(3.0, 5.0]",
            "group_size": 447,
            "correct_product_mean": 0.9843400447427293,
            "correct_factorization_mean": 0.9753914988814317
        },
        "2": {
            "min_factor_decile": "(5.0, 17.0]",
            "group_size": 614,
            "correct_product_mean": 0.9804560260586319,
            "correct_factorization_mean": 0.41205211726384366
        },
        "3": {
            "min_factor_decile": "(17.0, 241.0]",
            "group_size": 520,
            "correct_product_mean": 0.9788461538461538,
            "correct_factorization_mean": 0.35192307692307695
        }
    },
    "loss": 0.12390066185182483,
    "meta": {
        "n_beams": 2,
        "temperature": 1.0
    }
}