{
    "correct": {
        "correct_product": 0.93505859375,
        "correct_factorization": 0.685546875
    },
    "beam_accuracy": {
        "correct_product": {
            "0": 0.9111328125,
            "1": 0.14599609375
        },
        "correct_factorization": {
            "0": 0.6484375,
            "1": 0.037109375
        }
    },
    "by_prob": {
        "group_size": {
            "(-12.211, -6.434]": 410.0,
            "(-6.434, -4.092]": 410.0,
            "(-4.092, -3.169]": 409.0,
            "(-3.169, -2.56]": 410.0,
            "(-2.56, -1.437]": 409.0,
            "(-1.437, -1.055]": 410.0,
            "(-1.055, -0.812]": 409.0,
            "(-0.812, -0.0534]": 410.0,
            "(-0.0534, -0.00382]": 409.0,
            "(-0.00382, -2.36e-05]": 410.0
        },
        "correct_product": {
            "(-12.211, -6.434]": 0.16341463414634147,
            "(-6.434, -4.092]": 0.15853658536585366,
            "(-4.092, -3.169]": 0.09535452322738386,
            "(-3.169, -2.56]": 0.06341463414634146,
            "(-2.56, -1.437]": 0.30073349633251834,
            "(-1.437, -1.055]": 0.824390243902439,
            "(-1.055, -0.812]": 0.8875305623471883,
            "(-0.812, -0.0534]": 0.8146341463414634,
            "(-0.0534, -0.00382]": 0.980440097799511,
            "(-0.00382, -2.36e-05]": 0.9975609756097561
        },
        "correct_factorization": {
            "(-12.211, -6.434]": 0.0,
            "(-6.434, -4.092]": 0.0,
            "(-4.092, -3.169]": 0.009779951100244499,
            "(-3.169, -2.56]": 0.02926829268292683,
            "(-2.56, -1.437]": 0.1491442542787286,
            "(-1.437, -1.055]": 0.33414634146341465,
            "(-1.055, -0.812]": 0.3056234718826406,
            "(-0.812, -0.0534]": 0.6268292682926829,
            "(-0.0534, -0.00382]": 0.9755501222493888,
            "(-0.00382, -2.36e-05]": 0.9975609756097561
        },
        "percent_prime_factors_pred": {
            "(-12.211, -6.434]": 0.9009059233449477,
            "(-6.434, -4.092]": 0.9190650406504065,
            "(-4.092, -3.169]": 0.9266911165444173,
            "(-3.169, -2.56]": 0.9422764227642276,
            "(-2.56, -1.437]": 0.8609209453952731,
            "(-1.437, -1.055]": 0.547479674796748,
            "(-1.055, -0.812]": 0.5379788101059495,
            "(-0.812, -0.0534]": 0.909390243902439,
            "(-0.0534, -0.00382]": 0.9970660146699267,
            "(-0.00382, -2.36e-05]": 1.0
        }
    },
    "by_num_target_factors": {
        "group_size": {
            "1": 192,
            "2": 466,
            "3": 501,
            "4": 401,
            "5": 237,
            "6": 131,
            "7": 62,
            "8": 32,
            "9": 12,
            "10": 7,
            "11": 5,
            "12": 1,
            "16": 1
        },
        "correct_product_mean": {
            "1": 0.9635416666666666,
            "2": 0.9957081545064378,
            "3": 0.9840319361277445,
            "4": 0.9576059850374065,
            "5": 0.8607594936708861,
            "6": 0.8091603053435115,
            "7": 0.7580645161290323,
            "8": 0.625,
            "9": 0.5833333333333334,
            "10": 0.5714285714285714,
            "11": 0.2,
            "12": 0.0,
            "16": 0.0
        },
        "correct_factorization_mean": {
            "1": 0.9635416666666666,
            "2": 0.463519313304721,
            "3": 0.6027944111776448,
            "4": 0.8379052369077307,
            "5": 0.810126582278481,
            "6": 0.7404580152671756,
            "7": 0.7096774193548387,
            "8": 0.625,
            "9": 0.5833333333333334,
            "10": 0.5714285714285714,
            "11": 0.2,
            "12": 0.0,
            "16": 0.0
        }
    },
    "by_input_num": {
        "group_size": {
            "(65535.999, 65740.7]": 205,
            "(65740.7, 65945.4]": 205,
            "(65945.4, 66150.1]": 205,
            "(66150.1, 66354.8]": 204,
            "(66354.8, 66559.5]": 205,
            "(66559.5, 66764.2]": 205,
            "(66764.2, 66968.9]": 204,
            "(66968.9, 67173.6]": 205,
            "(67173.6, 67378.3]": 205,
            "(67378.3, 67583.0]": 205
        },
        "correct_product_mean": {
            "(65535.999, 65740.7]": 0.9609756097560975,
            "(65740.7, 65945.4]": 0.9707317073170731,
            "(65945.4, 66150.1]": 0.9707317073170731,
            "(66150.1, 66354.8]": 0.9362745098039216,
            "(66354.8, 66559.5]": 0.9512195121951219,
            "(66559.5, 66764.2]": 0.9170731707317074,
            "(66764.2, 66968.9]": 0.9264705882352942,
            "(66968.9, 67173.6]": 0.9024390243902439,
            "(67173.6, 67378.3]": 0.9121951219512195,
            "(67378.3, 67583.0]": 0.9024390243902439
        },
        "correct_factorization_mean": {
            "(65535.999, 65740.7]": 0.7317073170731707,
            "(65740.7, 65945.4]": 0.697560975609756,
            "(65945.4, 66150.1]": 0.7170731707317073,
            "(66150.1, 66354.8]": 0.6323529411764706,
            "(66354.8, 66559.5]": 0.6926829268292682,
            "(66559.5, 66764.2]": 0.6829268292682927,
            "(66764.2, 66968.9]": 0.6715686274509803,
            "(66968.9, 67173.6]": 0.6731707317073171,
            "(67173.6, 67378.3]": 0.6585365853658537,
            "(67378.3, 67583.0]": 0.697560975609756
        }
    },
    "pred_same_as_input_beam_0": {
        "0": {
            "input_is_prime": false,
            "pred_same_as_input": false,
            "group_size": 1856,
            "correct_product_mean": 0.9057112068965517,
            "correct_factorization_mean": 0.6158405172413793
        },
        "1": {
            "input_is_prime": true,
            "pred_same_as_input": false,
            "group_size": 192,
            "correct_product_mean": 0.9635416666666666,
            "correct_factorization_mean": 0.9635416666666666
        }
    },
    "by_min_factor_composite_only": {
        "0": {
            "min_factor_decile": "(1.999, 3.0]",
            "group_size": 1365,
            "correct_product_mean": 0.9223443223443224,
            "correct_factorization_mean": 0.7538461538461538
        },
        "1": {
            "min_factor_decile": "(3.0, 5.0]",
            "group_size": 136,
            "correct_product_mean": 0.8676470588235294,
            "correct_factorization_mean": 0.8382352941176471
        },
        "2": {
            "min_factor_decile": "(5.0, 17.0]",
            "group_size": 176,
            "correct_product_mean": 1.0,
            "correct_factorization_mean": 0.0
        },
        "3": {
            "min_factor_decile": "(17.0, 257.0]",
            "group_size": 179,
            "correct_product_mean": 0.9888268156424581,
            "correct_factorization_mean": 0.0
        }
    },
    "loss": 0.35465846705763554,
    "meta": {
        "n_beams": 2,
        "temperature": 1.0
    }
}