{
    "correct": {
        "correct_product": 1.0,
        "correct_factorization": 0.28654835983713606
    },
    "beam_accuracy": {
        "correct_product": {
            "0": 0.9998463547668434,
            "1": 0.2866251824537144
        },
        "correct_factorization": {
            "0": 0.21564108473534607,
            "1": 0.07090727510178997
        }
    },
    "by_prob": {
        "correct_product": {
            "(-8.311, -2.594]": 0.10637480798771122,
            "(-2.594, -2.49]": 0.32808298117556667,
            "(-2.49, -2.395]": 0.34498655397618133,
            "(-2.395, -2.267]": 0.32526881720430106,
            "(-2.267, -1.692]": 0.3419131771033423,
            "(-1.692, -1.582]": 0.9946215904725317,
            "(-1.582, -1.526]": 0.999231950844854,
            "(-1.526, -1.473]": 0.9992316557817903,
            "(-1.473, -1.388]": 0.9976949673453708,
            "(-1.388, -0.143]": 0.9950076804915514
        },
        "correct_factorization": {
            "(-8.311, -2.594]": 0.02227342549923195,
            "(-2.594, -2.49]": 0.072992700729927,
            "(-2.49, -2.395]": 0.07337687283903188,
            "(-2.395, -2.267]": 0.0890937019969278,
            "(-2.267, -1.692]": 0.09296965040338072,
            "(-1.692, -1.582]": 0.19823280829811757,
            "(-1.582, -1.526]": 0.18970814132104455,
            "(-1.526, -1.473]": 0.1974644640799078,
            "(-1.473, -1.388]": 0.2197464464079908,
            "(-1.388, -0.143]": 0.2768817204301075
        },
        "seq_dist_binary": {
            "(-8.311, -2.594]": 0.2210701484895034,
            "(-2.594, -2.49]": 0.2071167883211677,
            "(-2.49, -2.395]": 0.19603182225637106,
            "(-2.395, -2.267]": 0.17905145929339447,
            "(-2.267, -1.692]": 0.15674222051479025,
            "(-1.692, -1.582]": 0.20177839672173128,
            "(-1.582, -1.526]": 0.19910074244751683,
            "(-1.526, -1.473]": 0.18967697528492752,
            "(-1.473, -1.388]": 0.17314957100781164,
            "(-1.388, -0.143]": 0.13767281105990772
        },
        "seq_dist_lev": {
            "(-8.311, -2.594]": 8.107142857142858,
            "(-2.594, -2.49]": 7.488282750672301,
            "(-2.49, -2.395]": 7.038417210910488,
            "(-2.395, -2.267]": 6.433179723502304,
            "(-2.267, -1.692]": 5.747598924318095,
            "(-1.692, -1.582]": 7.880522474068383,
            "(-1.582, -1.526]": 7.789554531490015,
            "(-1.526, -1.473]": 7.388013830195928,
            "(-1.473, -1.388]": 6.8082981175566655,
            "(-1.388, -0.143]": 5.509216589861751
        },
        "percent_prime_factors_pred": {
            "(-8.311, -2.594]": 0.7503376978031449,
            "(-2.594, -2.49]": 0.6429083658050271,
            "(-2.49, -2.395]": 0.6845210654373235,
            "(-2.395, -2.267]": 0.7377202045692817,
            "(-2.267, -1.692]": 0.7817562000043692,
            "(-1.692, -1.582]": 0.22601195811914215,
            "(-1.582, -1.526]": 0.3346454173067074,
            "(-1.526, -1.473]": 0.4500512229478798,
            "(-1.473, -1.388]": 0.5448072736585988,
            "(-1.388, -0.143]": 0.7002060141172977
        }
    },
    "by_n_target_factors": {
        "correct_product_mean": {
            "1": 1.0,
            "2": 1.0,
            "3": 1.0,
            "4": 1.0,
            "5": 1.0,
            "6": 1.0,
            "7": 1.0,
            "8": 1.0,
            "9": 1.0,
            "10": 1.0,
            "11": 1.0,
            "12": 1.0,
            "13": 1.0,
            "14": 1.0
        },
        "correct_product_size": {
            "1": 1313,
            "2": 3170,
            "3": 3305,
            "4": 2401,
            "5": 1390,
            "6": 762,
            "7": 355,
            "8": 167,
            "9": 94,
            "10": 32,
            "11": 14,
            "12": 8,
            "13": 2,
            "14": 4
        },
        "correct_factorization_mean": {
            "1": 1.0,
            "2": 0.3403785488958991,
            "3": 0.17307110438729198,
            "4": 0.14244064972927947,
            "5": 0.13453237410071942,
            "6": 0.12860892388451445,
            "7": 0.19154929577464788,
            "8": 0.2155688622754491,
            "9": 0.20212765957446807,
            "10": 0.1875,
            "11": 0.2857142857142857,
            "12": 0.5,
            "13": 0.0,
            "14": 0.5
        },
        "correct_factorization_size": {
            "1": 1313,
            "2": 3170,
            "3": 3305,
            "4": 2401,
            "5": 1390,
            "6": 762,
            "7": 355,
            "8": 167,
            "9": 94,
            "10": 32,
            "11": 14,
            "12": 8,
            "13": 2,
            "14": 4
        }
    },
    "by_target_number": {
        "correct_product_mean": {
            "(8.999, 6700.4]": 1.0,
            "(6700.4, 13267.8]": 1.0,
            "(13267.8, 19602.6]": 1.0,
            "(19602.6, 25978.8]": 1.0,
            "(25978.8, 32651.0]": 1.0,
            "(32651.0, 39298.8]": 1.0,
            "(39298.8, 45796.8]": 1.0,
            "(45796.8, 52327.8]": 1.0,
            "(52327.8, 59017.4]": 1.0,
            "(59017.4, 65521.0]": 1.0
        },
        "correct_product_size": {
            "(8.999, 6700.4]": 1302,
            "(6700.4, 13267.8]": 1302,
            "(13267.8, 19602.6]": 1301,
            "(19602.6, 25978.8]": 1302,
            "(25978.8, 32651.0]": 1302,
            "(32651.0, 39298.8]": 1301,
            "(39298.8, 45796.8]": 1302,
            "(45796.8, 52327.8]": 1301,
            "(52327.8, 59017.4]": 1302,
            "(59017.4, 65521.0]": 1302
        },
        "correct_factorization_mean": {
            "(8.999, 6700.4]": 0.3717357910906298,
            "(6700.4, 13267.8]": 0.315668202764977,
            "(13267.8, 19602.6]": 0.28209069946195237,
            "(19602.6, 25978.8]": 0.29493087557603687,
            "(25978.8, 32651.0]": 0.2872503840245776,
            "(32651.0, 39298.8]": 0.26287471176018445,
            "(39298.8, 45796.8]": 0.24270353302611367,
            "(45796.8, 52327.8]": 0.2797847809377402,
            "(52327.8, 59017.4]": 0.282642089093702,
            "(59017.4, 65521.0]": 0.2457757296466974
        },
        "correct_factorization_size": {
            "(8.999, 6700.4]": 1302,
            "(6700.4, 13267.8]": 1302,
            "(13267.8, 19602.6]": 1301,
            "(19602.6, 25978.8]": 1302,
            "(25978.8, 32651.0]": 1302,
            "(32651.0, 39298.8]": 1301,
            "(39298.8, 45796.8]": 1302,
            "(45796.8, 52327.8]": 1301,
            "(52327.8, 59017.4]": 1302,
            "(59017.4, 65521.0]": 1302
        }
    },
    "by_pct_target_ones": {
        "correct_product_mean": {
            "(0.187, 0.5]": 1.0,
            "(0.5, 0.529]": 1.0,
            "(0.529, 0.562]": 1.0,
            "(0.562, 0.6]": 1.0,
            "(0.6, 0.625]": 1.0,
            "(0.625, 0.667]": 1.0,
            "(0.667, 0.688]": 1.0,
            "(0.688, 0.722]": 1.0,
            "(0.722, 0.769]": 1.0,
            "(0.769, 1.0]": 1.0
        },
        "correct_product_size": {
            "(0.187, 0.5]": 1948,
            "(0.5, 0.529]": 708,
            "(0.529, 0.562]": 1272,
            "(0.562, 0.6]": 1459,
            "(0.6, 0.625]": 1166,
            "(0.625, 0.667]": 1993,
            "(0.667, 0.688]": 751,
            "(0.688, 0.722]": 1152,
            "(0.722, 0.769]": 1273,
            "(0.769, 1.0]": 1295
        },
        "correct_factorization_mean": {
            "(0.187, 0.5]": 0.555441478439425,
            "(0.5, 0.529]": 0.3389830508474576,
            "(0.529, 0.562]": 0.4268867924528302,
            "(0.562, 0.6]": 0.31665524331734063,
            "(0.6, 0.625]": 0.2718696397941681,
            "(0.625, 0.667]": 0.20873055694932263,
            "(0.667, 0.688]": 0.22769640479360853,
            "(0.688, 0.722]": 0.13802083333333334,