{
    "correct": {
        "correct_product": 0.82763671875,
        "correct_factorization": 0.275390625
    },
    "beam_accuracy": {
        "correct_product": {
            "0": 0.79638671875,
            "1": 0.10302734375
        },
        "correct_factorization": {
            "0": 0.2236328125,
            "1": 0.0517578125
        }
    },
    "by_prob": {
        "group_size": {
            "(-12.036999999999999, -3.714]": 410.0,
            "(-3.714, -3.333]": 410.0,
            "(-3.333, -2.996]": 409.0,
            "(-2.996, -2.624]": 410.0,
            "(-2.624, -2.188]": 409.0,
            "(-2.188, -1.702]": 410.0,
            "(-1.702, -1.515]": 409.0,
            "(-1.515, -1.398]": 410.0,
            "(-1.398, -1.218]": 409.0,
            "(-1.218, -0.000602]": 410.0
        },
        "correct_product": {
            "(-12.036999999999999, -3.714]": 0.014634146341463415,
            "(-3.714, -3.333]": 0.041463414634146344,
            "(-3.333, -2.996]": 0.039119804400977995,
            "(-2.996, -2.624]": 0.09268292682926829,
            "(-2.624, -2.188]": 0.19559902200489,
            "(-2.188, -1.702]": 0.5292682926829269,
            "(-1.702, -1.515]": 0.8753056234718827,
            "(-1.515, -1.398]": 0.9414634146341463,
            "(-1.398, -1.218]": 0.921760391198044,
            "(-1.218, -0.000602]": 0.8463414634146341
        },
        "correct_factorization": {
            "(-12.036999999999999, -3.714]": 0.00975609756097561,
            "(-3.714, -3.333]": 0.02195121951219512,
            "(-3.333, -2.996]": 0.029339853300733496,
            "(-2.996, -2.624]": 0.04878048780487805,
            "(-2.624, -2.188]": 0.07334963325183375,
            "(-2.188, -1.702]": 0.14878048780487804,
            "(-1.702, -1.515]": 0.23227383863080683,
            "(-1.515, -1.398]": 0.1951219512195122,
            "(-1.398, -1.218]": 0.22982885085574573,
            "(-1.218, -0.000602]": 0.3878048780487805
        },
        "percent_prime_factors_pred": {
            "(-12.036999999999999, -3.714]": 0.947235772357724,
            "(-3.714, -3.333]": 0.9476016260162605,
            "(-3.333, -2.996]": 0.9309290953545234,
            "(-2.996, -2.624]": 0.8917208672086728,
            "(-2.624, -2.188]": 0.8533414832925845,
            "(-2.188, -1.702]": 0.6928455284552847,
            "(-1.702, -1.515]": 0.47229013854930707,
            "(-1.515, -1.398]": 0.4022357723577235,
            "(-1.398, -1.218]": 0.555012224938875,
            "(-1.218, -0.000602]": 0.7051355013550135
        }
    },
    "by_num_target_factors": {
        "group_size": {
            "1": 192,
            "2": 466,
            "3": 501,
            "4": 401,
            "5": 237,
            "6": 131,
            "7": 62,
            "8": 32,
            "9": 12,
            "10": 7,
            "11": 5,
            "12": 1,
            "16": 1
        },
        "correct_product_mean": {
            "1": 0.8072916666666666,
            "2": 0.9098712446351931,
            "3": 0.9121756487025948,
            "4": 0.8753117206982544,
            "5": 0.70042194092827,
            "6": 0.6183206106870229,
            "7": 0.5645161290322581,
            "8": 0.5,
            "9": 0.25,
            "10": 0.7142857142857143,
            "11": 0.4,
            "12": 0.0,
            "16": 0.0
        },
        "correct_factorization_mean": {
            "1": 0.8072916666666666,
            "2": 0.3090128755364807,
            "3": 0.1377245508982036,
            "4": 0.18952618453865336,
            "5": 0.189873417721519,
            "6": 0.2595419847328244,
            "7": 0.3387096774193548,
            "8": 0.40625,
            "9": 0.16666666666666666,
            "10": 0.5714285714285714,
            "11": 0.2,
            "12": 0.0,
            "16": 0.0
        }
    },
    "by_input_num": {
        "group_size": {
            "(65535.999, 65740.7]": 205,
            "(65740.7, 65945.4]": 205,
            "(65945.4, 66150.1]": 205,
            "(66150.1, 66354.8]": 204,
            "(66354.8, 66559.5]": 205,
            "(66559.5, 66764.2]": 205,
            "(66764.2, 66968.9]": 204,
            "(66968.9, 67173.6]": 205,
            "(67173.6, 67378.3]": 205,
            "(67378.3, 67583.0]": 205
        },
        "correct_product_mean": {
            "(65535.999, 65740.7]": 0.8780487804878049,
            "(65740.7, 65945.4]": 0.9219512195121952,
            "(65945.4, 66150.1]": 0.926829268292683,
            "(66150.1, 66354.8]": 0.9019607843137255,
            "(66354.8, 66559.5]": 0.9170731707317074,
            "(66559.5, 66764.2]": 0.8536585365853658,
            "(66764.2, 66968.9]": 0.75,
            "(66968.9, 67173.6]": 0.8585365853658536,
            "(67173.6, 67378.3]": 0.6195121951219512,
            "(67378.3, 67583.0]": 0.6487804878048781
        },
        "correct_factorization_mean": {
            "(65535.999, 65740.7]": 0.33170731707317075,
            "(65740.7, 65945.4]": 0.35121951219512193,
            "(65945.4, 66150.1]": 0.3073170731707317,
            "(66150.1, 66354.8]": 0.25980392156862747,
            "(66354.8, 66559.5]": 0.2780487804878049,
            "(66559.5, 66764.2]": 0.2780487804878049,
            "(66764.2, 66968.9]": 0.23039215686274508,
            "(66968.9, 67173.6]": 0.2682926829268293,
            "(67173.6, 67378.3]": 0.18536585365853658,
            "(67378.3, 67583.0]": 0.2634146341463415
        }
    },
    "pred_same_as_input_beam_0": {
        "0": {
            "input_is_prime": false,
            "pred_same_as_input": false,
            "group_size": 1252,
            "correct_product_mean": 0.6964856230031949,
            "correct_factorization_mean": 0.24201277955271566
        },
        "1": {
            "input_is_prime": false,
            "pred_same_as_input": true,
            "group_size": 604,
            "correct_product_mean": 1.0,
            "correct_factorization_mean": 0.0
        },
        "2": {
            "input_is_prime": true,
            "pred_same_as_input": false,
            "group_size": 37,
            "correct_product_mean": 0.0,
            "correct_factorization_mean": 0.0
        },
        "3": {
            "input_is_prime": true,
            "pred_same_as_input": true,
            "group_size": 155,
            "correct_product_mean": 1.0,
            "correct_factorization_mean": 1.0
        }
    },
    "by_min_factor_composite_only": {
        "0": {
            "min_factor_decile": "(1.999, 3.0]",
            "group_size": 1365,
            "correct_product_mean": 0.8036630036630037,
            "correct_factorization_mean": 0.19047619047619047
        },
        "1": {
            "min_factor_decile": "(3.0, 5.0]",
            "group_size": 136,
            "correct_product_mean": 0.9485294117647058,
            "correct_factorization_mean": 0.03676470588235294
        },
        "2": {
            "min_factor_decile": "(5.0, 17.0]",
            "group_size": 176,
            "correct_product_mean": 0.8636363636363636,
            "correct_factorization_mean": 0.2159090909090909
        },
        "3": {
            "min_factor_decile": "(17.0, 257.0]",
            "group_size": 179,
            "correct_product_mean": 0.9050279329608939,
            "correct_factorization_mean": 0.0
        }
    },
    "loss": 0.1639732699841261,
    "meta": {
        "n_beams": 2,
        "temperature": 1.0
    }
}