{
    "correct": {
        "correct_product": 0.9888607205961435,
        "correct_factorization": 0.7181378197741415
    },
    "beam_accuracy": {
        "correct_product": {
            "0": 0.8657908888376739,
            "1": 0.20480909579780288,
            "2": 0.12199431512637321,
            "3": 0.09840977183682877,
            "4": 0.0628409003610663,
            "5": 0.06314819082737957,
            "6": 0.0446339402320043,
            "7": 0.045248521164630864,
            "8": 0.02942306214949681,
            "9": 0.028347545517400322
        },
        "correct_factorization": {
            "0": 0.37988783897979567,
            "1": 0.1074748405930706,
            "2": 0.0650687562418376,
            "3": 0.061150802796343245,
            "4": 0.03618345240838903,
            "5": 0.04125374510255819,
            "6": 0.027118383652147193,
            "7": 0.029653529999231775,
            "8": 0.015979104248290698,
            "9": 0.018053314895905354
        }
    },
    "by_prob": {
        "correct_product": {
            "(-15.898, -5.982]": 0.08750096028270724,
            "(-5.982, -4.18]": 0.03610662979181071,
            "(-4.18, -3.85]": 0.030652224014749943,
            "(-3.85, -3.623]": 0.034800645309979256,
            "(-3.623, -3.412]": 0.046093569946992395,
            "(-3.412, -3.167]": 0.05538910655296919,
            "(-3.167, -2.864]": 0.07851271414304371,
            "(-2.864, -2.435]": 0.11700084504878236,
            "(-2.435, -1.57]": 0.23008373665207038,
            "(-1.57, -1.31e-06]": 0.8485058001075516
        },
        "correct_factorization": {
            "(-15.898, -5.982]": 0.05984481831451179,
            "(-5.982, -4.18]": 0.011139279403856495,
            "(-4.18, -3.85]": 0.0163632173311823,
            "(-3.85, -3.623]": 0.020204348160098334,
            "(-3.623, -3.412]": 0.028347545517400322,
            "(-3.412, -3.167]": 0.030575401398171623,
            "(-3.167, -2.864]": 0.04209879388491972,
            "(-2.864, -2.435]": 0.060536221863716676,
            "(-2.435, -1.57]": 0.12253207344242145,
            "(-1.57, -1.31e-06]": 0.3901820696012906
        },
        "percent_prime_factors_pred": {
            "(-15.898, -5.982]": 0.8833376637096623,
            "(-5.982, -4.18]": 0.9248886568512288,
            "(-4.18, -3.85]": 0.9120570962758012,
            "(-3.85, -3.623]": 0.9203438868889005,
            "(-3.623, -3.412]": 0.921529446840567,
            "(-3.412, -3.167]": 0.9151566144882473,
            "(-3.167, -2.864]": 0.9072539755703929,
            "(-2.864, -2.435]": 0.8926925103169556,
            "(-2.435, -1.57]": 0.9004521254866693,
            "(-1.57, -1.31e-06]": 0.6633953035773804
        }
    },
    "by_n_target_factors": {
        "correct_product_mean": {
            "1": 1.0,
            "2": 0.9990536277602524,
            "3": 0.9987897125567322,
            "4": 0.9929196168263223,
            "5": 0.981294964028777,
            "6": 0.9553805774278216,
            "7": 0.9352112676056338,
            "8": 0.8982035928143712,
            "9": 0.9042553191489362,
            "10": 0.8125,
            "11": 0.8571428571428571,
            "12": 0.875,
            "13": 0.5,
            "14": 0.5
        },
        "correct_product_size": {
            "1": 1313,
            "2": 3170,
            "3": 3305,
            "4": 2401,
            "5": 1390,
            "6": 762,
            "7": 355,
            "8": 167,
            "9": 94,
            "10": 32,
            "11": 14,
            "12": 8,
            "13": 2,
            "14": 4
        },
        "correct_factorization_mean": {
            "1": 1.0,
            "2": 0.6750788643533123,
            "3": 0.605748865355522,
            "4": 0.7130362349021241,
            "5": 0.7553956834532374,
            "6": 0.7716535433070866,
            "7": 0.8112676056338028,
            "8": 0.8203592814371258,
            "9": 0.776595744680851,
            "10": 0.8125,
            "11": 0.7857142857142857,
            "12": 0.75,
            "13": 0.5,
            "14": 0.25
        },
        "correct_factorization_size": {
            "1": 1313,
            "2": 3170,
            "3": 3305,
            "4": 2401,
            "5": 1390,
            "6": 762,
            "7": 355,
            "8": 167,
            "9": 94,
            "10": 32,
            "11": 14,
            "12": 8,
            "13": 2,
            "14": 4
        }
    },
    "by_target_number": {
        "correct_product_mean": {
            "(8.999, 6700.4]": 1.0,
            "(6700.4, 13267.8]": 0.9900153609831029,
            "(13267.8, 19602.6]": 0.9923136049192929,
            "(19602.6, 25978.8]": 0.9923195084485407,
            "(25978.8, 32651.0]": 0.9861751152073732,
            "(32651.0, 39298.8]": 0.9877017678708686,
            "(39298.8, 45796.8]": 0.9846390168970814,
            "(45796.8, 52327.8]": 0.9800153727901614,
            "(52327.8, 59017.4]": 0.9869431643625192,
            "(59017.4, 65521.0]": 0.988479262672811
        },
        "correct_product_size": {
            "(8.999, 6700.4]": 1302,
            "(6700.4, 13267.8]": 1302,
            "(13267.8, 19602.6]": 1301,
            "(19602.6, 25978.8]": 1302,
            "(25978.8, 32651.0]": 1302,
            "(32651.0, 39298.8]": 1301,
            "(39298.8, 45796.8]": 1302,
            "(45796.8, 52327.8]": 1301,
            "(52327.8, 59017.4]": 1302,
            "(59017.4, 65521.0]": 1302
        },
        "correct_factorization_mean": {
            "(8.999, 6700.4]": 0.9746543778801844,
            "(6700.4, 13267.8]": 0.8817204301075269,
            "(13267.8, 19602.6]": 0.8116833205226749,
            "(19602.6, 25978.8]": 0.7649769585253456,
            "(25978.8, 32651.0]": 0.6943164362519201,
            "(32651.0, 39298.8]": 0.6533435818601077,
            "(39298.8, 45796.8]": 0.6321044546850998,
            "(45796.8, 52327.8]": 0.6079938508839354,
            "(52327.8, 59017.4]": 0.5960061443932412,
            "(59017.4, 65521.0]": 0.5645161290322581
        },
        "correct_factorization_size": {
            "(8.999, 6700.4]": 1302,
            "(6700.4, 13267.8]": 1302,
            "(13267.8, 19602.6]": 1301,
            "(19602.6, 25978.8]": 1302,
            "(25978.8, 32651.0]": 1302,
            "(32651.0, 39298.8]": 1301,
            "(39298.8, 45796.8]": 1302,
            "(45796.8, 52327.8]": 1301,
            "(52327.8, 59017.4]": 1302,
            "(59017.4, 65521.0]": 1302
        }
    },
    "pred_same_as_target_beam_0": {
        "0": {
            "target_is_prime": false,
            "pred_same_as_target": false,
            "correct_product_mean": 0.851930963773069,
            "correct_product_size": 11704,
            "correct_factorization_mean": 0.3115174299384826,
            "correct_factorization_size": 11704
        },
        "1": {
            "target_is_prime": true,
            "pred_same_as_target": false,
            "correct_product_mean": 0.9893373952779894,
            "correct_product_size": 1313,
            "correct_factorization_mean": 0.9893373952779894,
            "correct_factorization_size": 1313
        }
    },
    "test_loss": 0.12884238793277272,
    "meta": {
        "n_beams": 10
    }
}