{
    "correct": {
        "correct_product": 0.8898363678266882,
        "correct_factorization": 0.45978336022124916
    },
    "beam_accuracy": {
        "correct_product": {
            "0": 0.8484289774909733,
            "1": 0.15863870323423215
        },
        "correct_factorization": {
            "0": 0.3734347391872167,
            "1": 0.08634862103403242
        }
    },
    "by_prob": {
        "correct_product": {
            "(-15.494, -3.226]": 0.08486943164362519,
            "(-3.226, -2.705]": 0.08374951978486361,
            "(-2.705, -2.353]": 0.1390703034959662,
            "(-2.353, -1.969]": 0.17857142857142858,
            "(-1.969, -1.605]": 0.32424126008451787,
            "(-1.605, -1.313]": 0.6200537840952747,
            "(-1.313, -1.153]": 0.8763440860215054,
            "(-1.153, -1.003]": 0.9081828659239339,
            "(-1.003, -0.692]": 0.88897426046869,
            "(-0.692, -1.31e-06]": 0.9312596006144394
        },
        "correct_factorization": {
            "(-15.494, -3.226]": 0.010368663594470046,
            "(-3.226, -2.705]": 0.033038801383019595,
            "(-2.705, -2.353]": 0.06646177487514407,
            "(-2.353, -1.969]": 0.08525345622119816,
            "(-1.969, -1.605]": 0.16327314636957357,
            "(-1.605, -1.313]": 0.24241260084517863,
            "(-1.313, -1.153]": 0.28456221198156684,
            "(-1.153, -1.003]": 0.29158663081060315,
            "(-1.003, -0.692]": 0.34882827506723013,
            "(-0.692, -1.31e-06]": 0.7730414746543779
        },
        "percent_prime_factors_pred": {
            "(-15.494, -3.226]": 0.8872915101656917,
            "(-3.226, -2.705]": 0.8460540036221963,
            "(-2.705, -2.353]": 0.8332336315240674,
            "(-2.353, -1.969]": 0.8832486041011423,
            "(-1.969, -1.605]": 0.8855450670471825,
            "(-1.605, -1.313]": 0.7251600717121309,
            "(-1.313, -1.153]": 0.518381976446493,
            "(-1.153, -1.003]": 0.5125432193622743,
            "(-1.003, -0.692]": 0.6437123831476551,
            "(-0.692, -1.31e-06]": 0.9187596006144397
        }
    },
    "by_n_target_factors": {
        "correct_product_mean": {
            "1": 0.9878141660319878,
            "2": 0.9678233438485805,
            "3": 0.9310136157337368,
            "4": 0.8667221990837152,
            "5": 0.7928057553956834,
            "6": 0.7204724409448819,
            "7": 0.6253521126760564,
            "8": 0.6227544910179641,
            "9": 0.5531914893617021,
            "10": 0.59375,
            "11": 0.42857142857142855,
            "12": 0.625,
            "13": 0.5,
            "14": 0.0
        },
        "correct_product_size": {
            "1": 1313,
            "2": 3170,
            "3": 3305,
            "4": 2401,
            "5": 1390,
            "6": 762,
            "7": 355,
            "8": 167,
            "9": 94,
            "10": 32,
            "11": 14,
            "12": 8,
            "13": 2,
            "14": 4
        },
        "correct_factorization_mean": {
            "1": 0.9878141660319878,
            "2": 0.4293375394321767,
            "3": 0.32768532526475036,
            "4": 0.3536026655560183,
            "5": 0.4697841726618705,
            "6": 0.5275590551181102,
            "7": 0.5154929577464789,
            "8": 0.5269461077844312,
            "9": 0.43617021276595747,
            "10": 0.5,
            "11": 0.42857142857142855,
            "12": 0.625,
            "13": 0.5,
            "14": 0.0
        },
        "correct_factorization_size": {
            "1": 1313,
            "2": 3170,
            "3": 3305,
            "4": 2401,
            "5": 1390,
            "6": 762,
            "7": 355,
            "8": 167,
            "9": 94,
            "10": 32,
            "11": 14,
            "12": 8,
            "13": 2,
            "14": 4
        }
    },
    "by_target_number": {
        "correct_product_mean": {
            "(8.999, 6700.4]": 0.9500768049155146,
            "(6700.4, 13267.8]": 0.8878648233486943,
            "(13267.8, 19602.6]": 0.8939277478862413,
            "(19602.6, 25978.8]": 0.8963133640552995,
            "(25978.8, 32651.0]": 0.8840245775729647,
            "(32651.0, 39298.8]": 0.8747117601844735,
            "(39298.8, 45796.8]": 0.8740399385560675,
            "(45796.8, 52327.8]": 0.8862413528055342,
            "(52327.8, 59017.4]": 0.8755760368663594,
            "(59017.4, 65521.0]": 0.8755760368663594
        },
        "correct_product_size": {
            "(8.999, 6700.4]": 1302,
            "(6700.4, 13267.8]": 1302,
            "(13267.8, 19602.6]": 1301,
            "(19602.6, 25978.8]": 1302,
            "(25978.8, 32651.0]": 1302,
            "(32651.0, 39298.8]": 1301,
            "(39298.8, 45796.8]": 1302,
            "(45796.8, 52327.8]": 1301,
            "(52327.8, 59017.4]": 1302,
            "(59017.4, 65521.0]": 1302
        },
        "correct_factorization_mean": {
            "(8.999, 6700.4]": 0.7995391705069125,
            "(6700.4, 13267.8]": 0.5906298003072197,
            "(13267.8, 19602.6]": 0.5057647963105304,
            "(19602.6, 25978.8]": 0.4715821812596006,
            "(25978.8, 32651.0]": 0.42089093701996927,
            "(32651.0, 39298.8]": 0.382782475019216,
            "(39298.8, 45796.8]": 0.3640552995391705,
            "(45796.8, 52327.8]": 0.3697156033820138,
            "(52327.8, 59017.4]": 0.36482334869431643,
            "(59017.4, 65521.0]": 0.3279569892473118
        },
        "correct_factorization_size": {
            "(8.999, 6700.4]": 1302,
            "(6700.4, 13267.8]": 1302,
            "(13267.8, 19602.6]": 1301,
            "(19602.6, 25978.8]": 1302,
            "(25978.8, 32651.0]": 1302,
            "(32651.0, 39298.8]": 1301,
            "(39298.8, 45796.8]": 1302,
            "(45796.8, 52327.8]": 1301,
            "(52327.8, 59017.4]": 1302,
            "(59017.4, 65521.0]": 1302
        }
    },
    "pred_same_as_target_beam_0": {
        "0": {
            "target_is_prime": false,
            "pred_same_as_target": false,
            "correct_product_mean": 0.8333048530416951,
            "correct_product_size": 11704,
            "correct_factorization_mean": 0.3050239234449761,
            "correct_factorization_size": 11704
        },
        "1": {
            "target_is_prime": true,
            "pred_same_as_target": false,
            "correct_product_mean": 0.9832444782939832,
            "correct_product_size": 1313,
            "correct_factorization_mean": 0.9832444782939832,
            "correct_factorization_size": 1313
        }
    },
    "test_loss": 0.12884238793277272,
    "meta": {
        "n_beams": 2
    }
}