{
    "correct": {
        "correct_product": 0.8408203125,
        "correct_factorization": 0.4677734375
    },
    "beam_accuracy": {
        "correct_product": {
            "0": 0.8037109375,
            "1": 0.12158203125
        },
        "correct_factorization": {
            "0": 0.40478515625,
            "1": 0.06298828125
        }
    },
    "by_prob": {
        "group_size": {
            "(-10.498, -4.061]": 410.0,
            "(-4.061, -3.281]": 410.0,
            "(-3.281, -2.738]": 409.0,
            "(-2.738, -2.208]": 410.0,
            "(-2.208, -1.738]": 409.0,
            "(-1.738, -1.304]": 410.0,
            "(-1.304, -1.101]": 409.0,
            "(-1.101, -0.914]": 410.0,
            "(-0.914, -0.539]": 409.0,
            "(-0.539, -0.000129]": 410.0
        },
        "correct_product": {
            "(-10.498, -4.061]": 0.03414634146341464,
            "(-4.061, -3.281]": 0.024390243902439025,
            "(-3.281, -2.738]": 0.05867970660146699,
            "(-2.738, -2.208]": 0.1,
            "(-2.208, -1.738]": 0.21271393643031786,
            "(-1.738, -1.304]": 0.551219512195122,
            "(-1.304, -1.101]": 0.8704156479217604,
            "(-1.101, -0.914]": 0.9146341463414634,
            "(-0.914, -0.539]": 0.8875305623471883,
            "(-0.539, -0.000129]": 0.973170731707317
        },
        "correct_factorization": {
            "(-10.498, -4.061]": 0.0024390243902439024,
            "(-4.061, -3.281]": 0.00975609756097561,
            "(-3.281, -2.738]": 0.02444987775061125,
            "(-2.738, -2.208]": 0.04878048780487805,
            "(-2.208, -1.738]": 0.12224938875305623,
            "(-1.738, -1.304]": 0.22682926829268293,
            "(-1.304, -1.101]": 0.3202933985330073,
            "(-1.101, -0.914]": 0.35853658536585364,
            "(-0.914, -0.539]": 0.4180929095354523,
            "(-0.539, -0.000129]": 0.8073170731707318
        },
        "percent_prime_factors_pred": {
            "(-10.498, -4.061]": 0.9128252032520325,
            "(-4.061, -3.281]": 0.8350212930700736,
            "(-3.281, -2.738]": 0.8656071719641403,
            "(-2.738, -2.208]": 0.8979006968641116,
            "(-2.208, -1.738]": 0.8987076493188962,
            "(-1.738, -1.304]": 0.7627758420441347,
            "(-1.304, -1.101]": 0.5330830131563628,
            "(-1.101, -0.914]": 0.5855865272938443,
            "(-0.914, -0.539]": 0.7869367796018162,
            "(-0.539, -0.000129]": 0.9442276422764228
        }
    },
    "by_num_target_factors": {
        "group_size": {
            "1": 192,
            "2": 466,
            "3": 501,
            "4": 401,
            "5": 237,
            "6": 131,
            "7": 62,
            "8": 32,
            "9": 12,
            "10": 7,
            "11": 5,
            "12": 1,
            "16": 1
        },
        "correct_product_mean": {
            "1": 0.96875,
            "2": 0.9141630901287554,
            "3": 0.8483033932135728,
            "4": 0.8678304239401496,
            "5": 0.7890295358649789,
            "6": 0.7480916030534351,
            "7": 0.4838709677419355,
            "8": 0.375,
            "9": 0.5833333333333334,
            "10": 0.2857142857142857,
            "11": 0.2,
            "12": 0.0,
            "16": 0.0
        },
        "correct_factorization_mean": {
            "1": 0.96875,
            "2": 0.3927038626609442,
            "3": 0.3193612774451098,
            "4": 0.44389027431421446,
            "5": 0.5569620253164557,
            "6": 0.5725190839694656,
            "7": 0.3870967741935484,
            "8": 0.34375,
            "9": 0.5833333333333334,
            "10": 0.14285714285714285,
            "11": 0.2,
            "12": 0.0,
            "16": 0.0
        }
    },
    "by_input_num": {
        "group_size": {
            "(65535.999, 65740.7]": 205,
            "(65740.7, 65945.4]": 205,
            "(65945.4, 66150.1]": 205,
            "(66150.1, 66354.8]": 204,
            "(66354.8, 66559.5]": 205,
            "(66559.5, 66764.2]": 205,
            "(66764.2, 66968.9]": 204,
            "(66968.9, 67173.6]": 205,
            "(67173.6, 67378.3]": 205,
            "(67378.3, 67583.0]": 205
        },
        "correct_product_mean": {
            "(65535.999, 65740.7]": 0.8878048780487805,
            "(65740.7, 65945.4]": 0.9073170731707317,
            "(65945.4, 66150.1]": 0.8585365853658536,
            "(66150.1, 66354.8]": 0.8186274509803921,
            "(66354.8, 66559.5]": 0.8146341463414634,
            "(66559.5, 66764.2]": 0.8390243902439024,
            "(66764.2, 66968.9]": 0.8382352941176471,
            "(66968.9, 67173.6]": 0.8341463414634146,
            "(67173.6, 67378.3]": 0.8146341463414634,
            "(67378.3, 67583.0]": 0.7951219512195122
        },
        "correct_factorization_mean": {
            "(65535.999, 65740.7]": 0.5414634146341464,
            "(65740.7, 65945.4]": 0.5121951219512195,
            "(65945.4, 66150.1]": 0.47317073170731705,
            "(66150.1, 66354.8]": 0.4068627450980392,
            "(66354.8, 66559.5]": 0.4682926829268293,
            "(66559.5, 66764.2]": 0.45365853658536587,
            "(66764.2, 66968.9]": 0.47058823529411764,
            "(66968.9, 67173.6]": 0.43902439024390244,
            "(67173.6, 67378.3]": 0.45365853658536587,
            "(67378.3, 67583.0]": 0.4585365853658537
        }
    },
    "pred_same_as_input_beam_0": {
        "0": {
            "input_is_prime": false,
            "pred_same_as_input": false,
            "group_size": 1856,
            "correct_product_mean": 0.7887931034482759,
            "correct_factorization_mean": 0.3485991379310345
        },
        "1": {
            "input_is_prime": true,
            "pred_same_as_input": false,
            "group_size": 192,
            "correct_product_mean": 0.9479166666666666,
            "correct_factorization_mean": 0.9479166666666666
        }
    },
    "by_min_factor_composite_only": {
        "0": {
            "min_factor_decile": "(1.999, 3.0]",
            "group_size": 1365,
            "correct_product_mean": 0.7831501831501831,
            "correct_factorization_mean": 0.4278388278388278
        },
        "1": {
            "min_factor_decile": "(3.0, 5.0]",
            "group_size": 136,
            "correct_product_mean": 0.8823529411764706,
            "correct_factorization_mean": 0.4632352941176471
        },
        "2": {
            "min_factor_decile": "(5.0, 17.0]",
            "group_size": 176,
            "correct_product_mean": 0.9715909090909091,
            "correct_factorization_mean": 0.0
        },
        "3": {
            "min_factor_decile": "(17.0, 257.0]",
            "group_size": 179,
            "correct_product_mean": 0.9832402234636871,
            "correct_factorization_mean": 0.0
        }
    },
    "loss": 0.3869096473448457,
    "meta": {
        "n_beams": 2,
        "temperature": 1.0
    }
}