{
    "correct": {
        "correct_product": 0.83740234375,
        "correct_factorization": 0.46337890625
    },
    "beam_accuracy": {
        "correct_product": {
            "0": 0.806640625,
            "1": 0.1181640625
        },
        "correct_factorization": {
            "0": 0.400390625,
            "1": 0.06298828125
        }
    },
    "by_prob": {
        "group_size": {
            "(-11.235999999999999, -3.775]": 410.0,
            "(-3.775, -3.167]": 410.0,
            "(-3.167, -2.749]": 409.0,
            "(-2.749, -2.173]": 410.0,
            "(-2.173, -1.724]": 409.0,
            "(-1.724, -1.327]": 410.0,
            "(-1.327, -1.092]": 409.0,
            "(-1.092, -0.915]": 410.0,
            "(-0.915, -0.585]": 409.0,
            "(-0.585, -4.36e-05]": 410.0
        },
        "correct_product": {
            "(-11.235999999999999, -3.775]": 0.04390243902439024,
            "(-3.775, -3.167]": 0.02926829268292683,
            "(-3.167, -2.749]": 0.044009779951100246,
            "(-2.749, -2.173]": 0.0975609756097561,
            "(-2.173, -1.724]": 0.2396088019559902,
            "(-1.724, -1.327]": 0.5170731707317073,
            "(-1.327, -1.092]": 0.8655256723716381,
            "(-1.092, -0.915]": 0.9195121951219513,
            "(-0.915, -0.585]": 0.9266503667481663,
            "(-0.585, -4.36e-05]": 0.9414634146341463
        },
        "correct_factorization": {
            "(-11.235999999999999, -3.775]": 0.0024390243902439024,
            "(-3.775, -3.167]": 0.00975609756097561,
            "(-3.167, -2.749]": 0.02444987775061125,
            "(-2.749, -2.173]": 0.05609756097560976,
            "(-2.173, -1.724]": 0.12469437652811736,
            "(-1.724, -1.327]": 0.21951219512195122,
            "(-1.327, -1.092]": 0.34474327628361856,
            "(-1.092, -0.915]": 0.33414634146341465,
            "(-0.915, -0.585]": 0.4058679706601467,
            "(-0.585, -4.36e-05]": 0.7951219512195122
        },
        "percent_prime_factors_pred": {
            "(-11.235999999999999, -3.775]": 0.9087940379403794,
            "(-3.775, -3.167]": 0.8287804878048781,
            "(-3.167, -2.749]": 0.8198451507742461,
            "(-2.749, -2.173]": 0.9153832752613241,
            "(-2.173, -1.724]": 0.9058970776574689,
            "(-1.724, -1.327]": 0.7778745644599303,
            "(-1.327, -1.092]": 0.5863488182559087,
            "(-1.092, -0.915]": 0.5795934959349593,
            "(-0.915, -0.585]": 0.7200488997555012,
            "(-0.585, -4.36e-05]": 0.9486178861788618
        }
    },
    "by_num_target_factors": {
        "group_size": {
            "1": 192,
            "2": 466,
            "3": 501,
            "4": 401,
            "5": 237,
            "6": 131,
            "7": 62,
            "8": 32,
            "9": 12,
            "10": 7,
            "11": 5,
            "12": 1,
            "16": 1
        },
        "correct_product_mean": {
            "1": 0.9791666666666666,
            "2": 0.9120171673819742,
            "3": 0.8702594810379242,
            "4": 0.8528678304239401,
            "5": 0.7468354430379747,
            "6": 0.6870229007633588,
            "7": 0.5483870967741935,
            "8": 0.4375,
            "9": 0.5833333333333334,
            "10": 0.14285714285714285,
            "11": 0.2,
            "12": 0.0,
            "16": 0.0
        },
        "correct_factorization_mean": {
            "1": 0.9791666666666666,
            "2": 0.3905579399141631,
            "3": 0.3073852295409182,
            "4": 0.4239401496259352,
            "5": 0.5274261603375527,
            "6": 0.5801526717557252,
            "7": 0.532258064516129,
            "8": 0.375,
            "9": 0.5833333333333334,
            "10": 0.14285714285714285,
            "11": 0.2,
            "12": 0.0,
            "16": 0.0
        }
    },
    "by_input_num": {
        "group_size": {
            "(65535.999, 65740.7]": 205,
            "(65740.7, 65945.4]": 205,
            "(65945.4, 66150.1]": 205,
            "(66150.1, 66354.8]": 204,
            "(66354.8, 66559.5]": 205,
            "(66559.5, 66764.2]": 205,
            "(66764.2, 66968.9]": 204,
            "(66968.9, 67173.6]": 205,
            "(67173.6, 67378.3]": 205,
            "(67378.3, 67583.0]": 205
        },
        "correct_product_mean": {
            "(65535.999, 65740.7]": 0.8780487804878049,
            "(65740.7, 65945.4]": 0.8731707317073171,
            "(65945.4, 66150.1]": 0.8682926829268293,
            "(66150.1, 66354.8]": 0.7990196078431373,
            "(66354.8, 66559.5]": 0.8097560975609757,
            "(66559.5, 66764.2]": 0.8195121951219512,
            "(66764.2, 66968.9]": 0.8382352941176471,
            "(66968.9, 67173.6]": 0.8439024390243902,
            "(67173.6, 67378.3]": 0.824390243902439,
            "(67378.3, 67583.0]": 0.8195121951219512
        },
        "correct_factorization_mean": {
            "(65535.999, 65740.7]": 0.5365853658536586,
            "(65740.7, 65945.4]": 0.45365853658536587,
            "(65945.4, 66150.1]": 0.4926829268292683,
            "(66150.1, 66354.8]": 0.3872549019607843,
            "(66354.8, 66559.5]": 0.4634146341463415,
            "(66559.5, 66764.2]": 0.45365853658536587,
            "(66764.2, 66968.9]": 0.43137254901960786,
            "(66968.9, 67173.6]": 0.47804878048780486,
            "(67173.6, 67378.3]": 0.4585365853658537,
            "(67378.3, 67583.0]": 0.47804878048780486
        }
    },
    "pred_same_as_input_beam_0": {
        "0": {
            "input_is_prime": false,
            "pred_same_as_input": false,
            "group_size": 1507,
            "correct_product_mean": 0.7398805573988055,
            "correct_factorization_mean": 0.41937624419376246
        },
        "1": {
            "input_is_prime": false,
            "pred_same_as_input": true,
            "group_size": 349,
            "correct_product_mean": 1.0,
            "correct_factorization_mean": 0.0
        },
        "2": {
            "input_is_prime": true,
            "pred_same_as_input": false,
            "group_size": 4,
            "correct_product_mean": 0.0,
            "correct_factorization_mean": 0.0
        },
        "3": {
            "input_is_prime": true,
            "pred_same_as_input": true,
            "group_size": 188,
            "correct_product_mean": 1.0,
            "correct_factorization_mean": 1.0
        }
    },
    "by_min_factor_composite_only": {
        "0": {
            "min_factor_decile": "(1.999, 3.0]",
            "group_size": 1365,
            "correct_product_mean": 0.7868131868131868,
            "correct_factorization_mean": 0.4336996336996337
        },
        "1": {
            "min_factor_decile": "(3.0, 5.0]",
            "group_size": 136,
            "correct_product_mean": 0.7647058823529411,
            "correct_factorization_mean": 0.29411764705882354
        },
        "2": {
            "min_factor_decile": "(5.0, 17.0]",
            "group_size": 176,
            "correct_product_mean": 0.9772727272727273,
            "correct_factorization_mean": 0.0
        },
        "3": {
            "min_factor_decile": "(17.0, 257.0]",
            "group_size": 179,
            "correct_product_mean": 0.9888268156424581,
            "correct_factorization_mean": 0.0
        }
    },
    "loss": 0.36713642884087017,
    "meta": {
        "n_beams": 2,
        "temperature": 1.0
    }
}