{
    "correct": {
        "correct_product": 0.9503642987249544,
        "correct_factorization": 0.678809957498482
    },
    "beam_accuracy": {
        "correct_product": {
            "0": 0.9215239829993929,
            "1": 0.1914086217364906
        },
        "correct_factorization": {
            "0": 0.6039769277474195,
            "1": 0.07635094110503947
        }
    },
    "by_prob": {
        "group_size": {
            "(-13.982, -4.043]": 1318.0,
            "(-4.043, -3.023]": 1318.0,
            "(-3.023, -2.489]": 1317.0,
            "(-2.489, -1.909]": 1318.0,
            "(-1.909, -1.292]": 1317.0,
            "(-1.292, -0.986]": 1318.0,
            "(-0.986, -0.792]": 1317.0,
            "(-0.792, -0.405]": 1318.0,
            "(-0.405, -0.0537]": 1317.0,
            "(-0.0537, -6.2e-06]": 1318.0
        },
        "correct_product": {
            "(-13.982, -4.043]": 0.1411229135053111,
            "(-4.043, -3.023]": 0.09863429438543247,
            "(-3.023, -2.489]": 0.1070615034168565,
            "(-2.489, -1.909]": 0.17678300455235205,
            "(-1.909, -1.292]": 0.3804100227790433,
            "(-1.292, -0.986]": 0.8262518968133535,
            "(-0.986, -0.792]": 0.9240698557327259,
            "(-0.792, -0.405]": 0.928679817905918,
            "(-0.405, -0.0537]": 0.9817767653758542,
            "(-0.0537, -6.2e-06]": 1.0
        },
        "correct_factorization": {
            "(-13.982, -4.043]": 0.006069802731411229,
            "(-4.043, -3.023]": 0.0204855842185129,
            "(-3.023, -2.489]": 0.0463173880030372,
            "(-2.489, -1.909]": 0.07435508345978756,
            "(-1.909, -1.292]": 0.18982536066818528,
            "(-1.292, -0.986]": 0.3497723823975721,
            "(-0.986, -0.792]": 0.3697798025816249,
            "(-0.792, -0.405]": 0.5136570561456753,
            "(-0.405, -0.0537]": 0.8390280941533789,
            "(-0.0537, -6.2e-06]": 0.992412746585736
        },
        "percent_prime_factors_pred": {
            "(-13.982, -4.043]": 0.8905394175879761,
            "(-4.043, -3.023]": 0.8183223137509935,
            "(-3.023, -2.489]": 0.8138464041653107,
            "(-2.489, -1.909]": 0.8689226702314714,
            "(-1.909, -1.292]": 0.871449361825216,
            "(-1.292, -0.986]": 0.6318149794060265,
            "(-0.986, -0.792]": 0.5569286256643888,
            "(-0.792, -0.405]": 0.762510838933449,
            "(-0.405, -0.0537]": 0.9373513034674765,
            "(-0.0537, -6.2e-06]": 0.9967880627212948
        }
    },
    "by_num_target_factors": {
        "group_size": {
            "1": 668,
            "2": 1601,
            "3": 1720,
            "4": 1198,
            "5": 715,
            "6": 373,
            "7": 165,
            "8": 79,
            "9": 35,
            "10": 20,
            "11": 8,
            "12": 3,
            "13": 3
        },
        "correct_product_mean": {
            "1": 1.0,
            "2": 0.9868831980012492,
            "3": 0.975,
            "4": 0.9507512520868113,
            "5": 0.9524475524475524,
            "6": 0.9115281501340483,
            "7": 0.6727272727272727,
            "8": 0.5569620253164557,
            "9": 0.37142857142857144,
            "10": 0.3,
            "11": 0.25,
            "12": 0.0,
            "13": 0.0
        },
        "correct_factorization_mean": {
            "1": 1.0,
            "2": 0.5902560899437851,
            "3": 0.6052325581395349,
            "4": 0.6736227045075125,
            "5": 0.813986013986014,
            "6": 0.7560321715817694,
            "7": 0.5454545454545454,
            "8": 0.45569620253164556,
            "9": 0.37142857142857144,
            "10": 0.3,
            "11": 0.25,
            "12": 0.0,
            "13": 0.0
        }
    },
    "by_input_num": {
        "group_size": {
            "(7.999, 6350.5]": 659,
            "(6350.5, 12996.8]": 659,
            "(12996.8, 19472.5]": 659,
            "(19472.5, 26116.8]": 658,
            "(26116.8, 32574.0]": 659,
            "(32574.0, 39331.6]": 659,
            "(39331.6, 46013.7]": 658,
            "(46013.7, 52699.4]": 659,
            "(52699.4, 59007.6]": 659,
            "(59007.6, 65528.0]": 659
        },
        "correct_product_mean": {
            "(7.999, 6350.5]": 0.9908952959028832,
            "(6350.5, 12996.8]": 0.9620637329286799,
            "(12996.8, 19472.5]": 0.9514415781487102,
            "(19472.5, 26116.8]": 0.9544072948328267,
            "(26116.8, 32574.0]": 0.9317147192716236,
            "(32574.0, 39331.6]": 0.9423368740515933,
            "(39331.6, 46013.7]": 0.9620060790273556,
            "(46013.7, 52699.4]": 0.9408194233687405,
            "(52699.4, 59007.6]": 0.9347496206373292,
            "(59007.6, 65528.0]": 0.9332321699544764
        },
        "correct_factorization_mean": {
            "(7.999, 6350.5]": 0.9833080424886191,
            "(6350.5, 12996.8]": 0.9119878603945372,
            "(12996.8, 19472.5]": 0.8042488619119879,
            "(19472.5, 26116.8]": 0.6838905775075987,
            "(26116.8, 32574.0]": 0.6464339908952959,
            "(32574.0, 39331.6]": 0.5857359635811836,
            "(39331.6, 46013.7]": 0.5486322188449848,
            "(46013.7, 52699.4]": 0.582701062215478,
            "(52699.4, 59007.6]": 0.5159332321699545,
            "(59007.6, 65528.0]": 0.5250379362670713
        }
    },
    "pred_same_as_input_beam_0": {
        "0": {
            "input_is_prime": false,
            "pred_same_as_input": false,
            "group_size": 5920,
            "correct_product_mean": 0.9140202702702702,
            "correct_factorization_mean": 0.5606418918918918
        },
        "1": {
            "input_is_prime": true,
            "pred_same_as_input": false,
            "group_size": 666,
            "correct_product_mean": 0.987987987987988,
            "correct_factorization_mean": 0.987987987987988
        },
        "2": {
            "input_is_prime": true,
            "pred_same_as_input": true,
            "group_size": 2,
            "correct_product_mean": 1.0,
            "correct_factorization_mean": 1.0
        }
    },
    "by_min_factor_composite_only": {
        "0": {
            "min_factor_decile": "(1.999, 3.0]",
            "group_size": 4339,
            "correct_product_mean": 0.9315510486287163,
            "correct_factorization_mean": 0.6609817930398709
        },
        "1": {
            "min_factor_decile": "(3.0, 5.0]",
            "group_size": 447,
            "correct_product_mean": 0.9552572706935123,
            "correct_factorization_mean": 0.7248322147651006
        },
        "2": {
            "min_factor_decile": "(5.0, 17.0]",
            "group_size": 614,
            "correct_product_mean": 0.99185667752443,
            "correct_factorization_mean": 0.1237785016286645
        },
        "3": {
            "min_factor_decile": "(17.0, 241.0]",
            "group_size": 520,
            "correct_product_mean": 0.9903846153846154,
            "correct_factorization_mean": 0.09807692307692308
        }
    },
    "loss": 0.2032298089728219,
    "meta": {
        "n_beams": 2,
        "temperature": 1.0
    }
}