{
    "correct": {
        "correct_product": 0.93798828125,
        "correct_factorization": 0.697265625
    },
    "beam_accuracy": {
        "correct_product": {
            "0": 0.912109375,
            "1": 0.15625
        },
        "correct_factorization": {
            "0": 0.65869140625,
            "1": 0.03857421875
        }
    },
    "by_prob": {
        "group_size": {
            "(-13.344, -6.798]": 410.0,
            "(-6.798, -4.086]": 410.0,
            "(-4.086, -2.931]": 409.0,
            "(-2.931, -2.299]": 410.0,
            "(-2.299, -1.333]": 409.0,
            "(-1.333, -0.964]": 410.0,
            "(-0.964, -0.63]": 409.0,
            "(-0.63, -0.0373]": 410.0,
            "(-0.0373, -0.00246]": 409.0,
            "(-0.00246, -9.54e-07]": 410.0
        },
        "correct_product": {
            "(-13.344, -6.798]": 0.1902439024390244,
            "(-6.798, -4.086]": 0.21707317073170732,
            "(-4.086, -2.931]": 0.07579462102689487,
            "(-2.931, -2.299]": 0.06097560975609756,
            "(-2.299, -1.333]": 0.29095354523227385,
            "(-1.333, -0.964]": 0.8658536585365854,
            "(-0.964, -0.63]": 0.8899755501222494,
            "(-0.63, -0.0373]": 0.775609756097561,
            "(-0.0373, -0.00246]": 0.9755501222493888,
            "(-0.00246, -9.54e-07]": 1.0
        },
        "correct_factorization": {
            "(-13.344, -6.798]": 0.0024390243902439024,
            "(-6.798, -4.086]": 0.0,
            "(-4.086, -2.931]": 0.009779951100244499,
            "(-2.931, -2.299]": 0.02195121951219512,
            "(-2.299, -1.333]": 0.16381418092909536,
            "(-1.333, -0.964]": 0.33414634146341465,
            "(-0.964, -0.63]": 0.34963325183374083,
            "(-0.63, -0.0373]": 0.6365853658536585,
            "(-0.0373, -0.00246]": 0.9706601466992665,
            "(-0.00246, -9.54e-07]": 0.9975609756097561
        },
        "percent_prime_factors_pred": {
            "(-13.344, -6.798]": 0.8961759581881533,
            "(-6.798, -4.086]": 0.894308943089431,
            "(-4.086, -2.931]": 0.9103096984515078,
            "(-2.931, -2.299]": 0.9273983739837399,
            "(-2.299, -1.333]": 0.8763185469786937,
            "(-1.333, -0.964]": 0.5259291521486643,
            "(-0.964, -0.63]": 0.5426242868785656,
            "(-0.63, -0.0373]": 0.9354471544715448,
            "(-0.0373, -0.00246]": 0.9981662591687042,
            "(-0.00246, -9.54e-07]": 0.998780487804878
        }
    },
    "by_num_target_factors": {
        "group_size": {
            "1": 192,
            "2": 466,
            "3": 501,
            "4": 401,
            "5": 237,
            "6": 131,
            "7": 62,
            "8": 32,
            "9": 12,
            "10": 7,
            "11": 5,
            "12": 1,
            "16": 1
        },
        "correct_product_mean": {
            "1": 0.984375,
            "2": 0.98068669527897,
            "3": 0.9640718562874252,
            "4": 0.9675810473815462,
            "5": 0.8987341772151899,
            "6": 0.8091603053435115,
            "7": 0.7741935483870968,
            "8": 0.75,
            "9": 0.5,
            "10": 0.5714285714285714,
            "11": 0.4,
            "12": 1.0,
            "16": 0.0
        },
        "correct_factorization_mean": {
            "1": 0.984375,
            "2": 0.4656652360515021,
            "3": 0.5948103792415169,
            "4": 0.8403990024937655,
            "5": 0.8607594936708861,
            "6": 0.7709923664122137,
            "7": 0.7580645161290323,
            "8": 0.6875,
            "9": 0.5,
            "10": 0.5714285714285714,
            "11": 0.4,
            "12": 1.0,
            "16": 0.0
        }
    },
    "by_input_num": {
        "group_size": {
            "(65535.999, 65740.7]": 205,
            "(65740.7, 65945.4]": 205,
            "(65945.4, 66150.1]": 205,
            "(66150.1, 66354.8]": 204,
            "(66354.8, 66559.5]": 205,
            "(66559.5, 66764.2]": 205,
            "(66764.2, 66968.9]": 204,
            "(66968.9, 67173.6]": 205,
            "(67173.6, 67378.3]": 205,
            "(67378.3, 67583.0]": 205
        },
        "correct_product_mean": {
            "(65535.999, 65740.7]": 0.9609756097560975,
            "(65740.7, 65945.4]": 0.9365853658536586,
            "(65945.4, 66150.1]": 0.9560975609756097,
            "(66150.1, 66354.8]": 0.9411764705882353,
            "(66354.8, 66559.5]": 0.9609756097560975,
            "(66559.5, 66764.2]": 0.9317073170731708,
            "(66764.2, 66968.9]": 0.9264705882352942,
            "(66968.9, 67173.6]": 0.9317073170731708,
            "(67173.6, 67378.3]": 0.9024390243902439,
            "(67378.3, 67583.0]": 0.9317073170731708
        },
        "correct_factorization_mean": {
            "(65535.999, 65740.7]": 0.7463414634146341,
            "(65740.7, 65945.4]": 0.6829268292682927,
            "(65945.4, 66150.1]": 0.7121951219512195,
            "(66150.1, 66354.8]": 0.6568627450980392,
            "(66354.8, 66559.5]": 0.7073170731707317,
            "(66559.5, 66764.2]": 0.6780487804878049,
            "(66764.2, 66968.9]": 0.6813725490196079,
            "(66968.9, 67173.6]": 0.6926829268292682,
            "(67173.6, 67378.3]": 0.6926829268292682,
            "(67378.3, 67583.0]": 0.7219512195121951
        }
    },
    "pred_same_as_input_beam_0": {
        "0": {
            "input_is_prime": false,
            "pred_same_as_input": false,
            "group_size": 1516,
            "correct_product_mean": 0.8845646437994723,
            "correct_factorization_mean": 0.7664907651715039
        },
        "1": {
            "input_is_prime": false,
            "pred_same_as_input": true,
            "group_size": 340,
            "correct_product_mean": 1.0,
            "correct_factorization_mean": 0.0
        },
        "2": {
            "input_is_prime": true,
            "pred_same_as_input": false,
            "group_size": 5,
            "correct_product_mean": 0.0,
            "correct_factorization_mean": 0.0
        },
        "3": {
            "input_is_prime": true,
            "pred_same_as_input": true,
            "group_size": 187,
            "correct_product_mean": 1.0,
            "correct_factorization_mean": 1.0
        }
    },
    "by_min_factor_composite_only": {
        "0": {
            "min_factor_decile": "(1.999, 3.0]",
            "group_size": 1365,
            "correct_product_mean": 0.9355311355311355,
            "correct_factorization_mean": 0.7706959706959707
        },
        "1": {
            "min_factor_decile": "(3.0, 5.0]",
            "group_size": 136,
            "correct_product_mean": 0.8382352941176471,
            "correct_factorization_mean": 0.8088235294117647
        },
        "2": {
            "min_factor_decile": "(5.0, 17.0]",
            "group_size": 176,
            "correct_product_mean": 0.9545454545454546,
            "correct_factorization_mean": 0.0
        },
        "3": {
            "min_factor_decile": "(17.0, 257.0]",
            "group_size": 179,
            "correct_product_mean": 0.9664804469273743,
            "correct_factorization_mean": 0.0
        }
    },
    "loss": 0.36133914951102186,
    "meta": {
        "n_beams": 2,
        "temperature": 1.0
    }
}