{
    "correct": {
        "correct_product": 0.931640625,
        "correct_factorization": 0.68798828125
    },
    "beam_accuracy": {
        "correct_product": {
            "0": 0.9091796875,
            "1": 0.1318359375
        },
        "correct_factorization": {
            "0": 0.6572265625,
            "1": 0.03076171875
        }
    },
    "by_prob": {
        "group_size": {
            "(-12.41, -6.274]": 410.0,
            "(-6.274, -3.86]": 410.0,
            "(-3.86, -2.985]": 409.0,
            "(-2.985, -2.342]": 410.0,
            "(-2.342, -1.301]": 409.0,
            "(-1.301, -0.961]": 410.0,
            "(-0.961, -0.653]": 409.0,
            "(-0.653, -0.0593]": 410.0,
            "(-0.0593, -0.00389]": 409.0,
            "(-0.00389, -6.32e-06]": 410.0
        },
        "correct_product": {
            "(-12.41, -6.274]": 0.18536585365853658,
            "(-6.274, -3.86]": 0.18536585365853658,
            "(-3.86, -2.985]": 0.05623471882640587,
            "(-2.985, -2.342]": 0.05365853658536585,
            "(-2.342, -1.301]": 0.2273838630806846,
            "(-1.301, -0.961]": 0.8585365853658536,
            "(-0.961, -0.653]": 0.8581907090464548,
            "(-0.653, -0.0593]": 0.8195121951219512,
            "(-0.0593, -0.00389]": 0.9682151589242054,
            "(-0.00389, -6.32e-06]": 0.9926829268292683
        },
        "correct_factorization": {
            "(-12.41, -6.274]": 0.0024390243902439024,
            "(-6.274, -3.86]": 0.01951219512195122,
            "(-3.86, -2.985]": 0.012224938875305624,
            "(-2.985, -2.342]": 0.01951219512195122,
            "(-2.342, -1.301]": 0.10757946210268948,
            "(-1.301, -0.961]": 0.3121951219512195,
            "(-0.961, -0.653]": 0.3740831295843521,
            "(-0.653, -0.0593]": 0.6390243902439025,
            "(-0.0593, -0.00389]": 0.960880195599022,
            "(-0.00389, -6.32e-06]": 0.9926829268292683
        },
        "percent_prime_factors_pred": {
            "(-12.41, -6.274]": 0.8822677119628339,
            "(-6.274, -3.86]": 0.9149593495934959,
            "(-3.86, -2.985]": 0.9337815810920946,
            "(-2.985, -2.342]": 0.9328397212543554,
            "(-2.342, -1.301]": 0.8908283851437885,
            "(-1.301, -0.961]": 0.47491289198606274,
            "(-0.961, -0.653]": 0.5961598168199636,
            "(-0.653, -0.0593]": 0.9104878048780488,
            "(-0.0593, -0.00389]": 0.997677261613692,
            "(-0.00389, -6.32e-06]": 1.0
        }
    },
    "by_num_target_factors": {
        "group_size": {
            "1": 192,
            "2": 466,
            "3": 501,
            "4": 401,
            "5": 237,
            "6": 131,
            "7": 62,
            "8": 32,
            "9": 12,
            "10": 7,
            "11": 5,
            "12": 1,
            "16": 1
        },
        "correct_product_mean": {
            "1": 0.984375,
            "2": 0.9892703862660944,
            "3": 0.9620758483033932,
            "4": 0.9625935162094763,
            "5": 0.8734177215189873,
            "6": 0.8244274809160306,
            "7": 0.6774193548387096,
            "8": 0.6875,
            "9": 0.5833333333333334,
            "10": 0.42857142857142855,
            "11": 0.2,
            "12": 0.0,
            "16": 0.0
        },
        "correct_factorization_mean": {
            "1": 0.984375,
            "2": 0.45493562231759654,
            "3": 0.5888223552894212,
            "4": 0.8329177057356608,
            "5": 0.8396624472573839,
            "6": 0.816793893129771,
            "7": 0.6612903225806451,
            "8": 0.65625,
            "9": 0.5833333333333334,
            "10": 0.42857142857142855,
            "11": 0.2,
            "12": 0.0,
            "16": 0.0
        }
    },
    "by_input_num": {
        "group_size": {
            "(65535.999, 65740.7]": 205,
            "(65740.7, 65945.4]": 205,
            "(65945.4, 66150.1]": 205,
            "(66150.1, 66354.8]": 204,
            "(66354.8, 66559.5]": 205,
            "(66559.5, 66764.2]": 205,
            "(66764.2, 66968.9]": 204,
            "(66968.9, 67173.6]": 205,
            "(67173.6, 67378.3]": 205,
            "(67378.3, 67583.0]": 205
        },
        "correct_product_mean": {
            "(65535.999, 65740.7]": 0.9609756097560975,
            "(65740.7, 65945.4]": 0.975609756097561,
            "(65945.4, 66150.1]": 0.9560975609756097,
            "(66150.1, 66354.8]": 0.9509803921568627,
            "(66354.8, 66559.5]": 0.9317073170731708,
            "(66559.5, 66764.2]": 0.9170731707317074,
            "(66764.2, 66968.9]": 0.9019607843137255,
            "(66968.9, 67173.6]": 0.9219512195121952,
            "(67173.6, 67378.3]": 0.8926829268292683,
            "(67378.3, 67583.0]": 0.9073170731707317
        },
        "correct_factorization_mean": {
            "(65535.999, 65740.7]": 0.7463414634146341,
            "(65740.7, 65945.4]": 0.7170731707317073,
            "(65945.4, 66150.1]": 0.7121951219512195,
            "(66150.1, 66354.8]": 0.6617647058823529,
            "(66354.8, 66559.5]": 0.6878048780487804,
            "(66559.5, 66764.2]": 0.6731707317073171,
            "(66764.2, 66968.9]": 0.6421568627450981,
            "(66968.9, 67173.6]": 0.6926829268292682,
            "(67173.6, 67378.3]": 0.6585365853658537,
            "(67378.3, 67583.0]": 0.6878048780487804
        }
    },
    "pred_same_as_input_beam_0": {
        "0": {
            "input_is_prime": false,
            "pred_same_as_input": false,
            "group_size": 1856,
            "correct_product_mean": 0.9014008620689655,
            "correct_factorization_mean": 0.6233836206896551
        },
        "1": {
            "input_is_prime": true,
            "pred_same_as_input": false,
            "group_size": 192,
            "correct_product_mean": 0.984375,
            "correct_factorization_mean": 0.984375
        }
    },
    "by_min_factor_composite_only": {
        "0": {
            "min_factor_decile": "(1.999, 3.0]",
            "group_size": 1365,
            "correct_product_mean": 0.9223443223443224,
            "correct_factorization_mean": 0.7677655677655678
        },
        "1": {
            "min_factor_decile": "(3.0, 5.0]",
            "group_size": 136,
            "correct_product_mean": 0.8161764705882353,
            "correct_factorization_mean": 0.8014705882352942
        },
        "2": {
            "min_factor_decile": "(5.0, 17.0]",
            "group_size": 176,
            "correct_product_mean": 0.9829545454545454,
            "correct_factorization_mean": 0.0
        },
        "3": {
            "min_factor_decile": "(17.0, 257.0]",
            "group_size": 179,
            "correct_product_mean": 0.9832402234636871,
            "correct_factorization_mean": 0.0
        }
    },
    "loss": 0.4014535155298616,
    "meta": {
        "n_beams": 2,
        "temperature": 1.0
    }
}