{
    "correct": {
        "correct_product": 0.896484375,
        "correct_factorization": 0.6513671875
    },
    "beam_accuracy": {
        "correct_product": {
            "0": 0.85986328125,
            "1": 0.15478515625
        },
        "correct_factorization": {
            "0": 0.60986328125,
            "1": 0.04150390625
        }
    },
    "by_prob": {
        "group_size": {
            "(-12.697999999999999, -5.87]": 410.0,
            "(-5.87, -3.319]": 410.0,
            "(-3.319, -2.617]": 409.0,
            "(-2.617, -2.068]": 410.0,
            "(-2.068, -1.31]": 409.0,
            "(-1.31, -0.977]": 410.0,
            "(-0.977, -0.799]": 409.0,
            "(-0.799, -0.184]": 410.0,
            "(-0.184, -0.00542]": 409.0,
            "(-0.00542, -4.53e-06]": 410.0
        },
        "correct_product": {
            "(-12.697999999999999, -5.87]": 0.18048780487804877,
            "(-5.87, -3.319]": 0.18048780487804877,
            "(-3.319, -2.617]": 0.07090464547677261,
            "(-2.617, -2.068]": 0.09024390243902439,
            "(-2.068, -1.31]": 0.2982885085574572,
            "(-1.31, -0.977]": 0.7804878048780488,
            "(-0.977, -0.799]": 0.8801955990220048,
            "(-0.799, -0.184]": 0.7268292682926829,
            "(-0.184, -0.00542]": 0.8679706601466992,
            "(-0.00542, -4.53e-06]": 0.9975609756097561
        },
        "correct_factorization": {
            "(-12.697999999999999, -5.87]": 0.0,
            "(-5.87, -3.319]": 0.01707317073170732,
            "(-3.319, -2.617]": 0.014669926650366748,
            "(-2.617, -2.068]": 0.041463414634146344,
            "(-2.068, -1.31]": 0.13202933985330073,
            "(-1.31, -0.977]": 0.29024390243902437,
            "(-0.977, -0.799]": 0.36674816625916873,
            "(-0.799, -0.184]": 0.5487804878048781,
            "(-0.184, -0.00542]": 0.8484107579462102,
            "(-0.00542, -4.53e-06]": 0.9975609756097561
        },
        "percent_prime_factors_pred": {
            "(-12.697999999999999, -5.87]": 0.8926945412311266,
            "(-5.87, -3.319]": 0.9099186991869919,
            "(-3.319, -2.617]": 0.9210676446617766,
            "(-2.617, -2.068]": 0.9279674796747966,
            "(-2.068, -1.31]": 0.8589009197811154,
            "(-1.31, -0.977]": 0.5594715447154471,
            "(-0.977, -0.799]": 0.5432355338223309,
            "(-0.799, -0.184]": 0.907520325203252,
            "(-0.184, -0.00542]": 0.9933170334148329,
            "(-0.00542, -4.53e-06]": 1.0
        }
    },
    "by_num_target_factors": {
        "group_size": {
            "1": 192,
            "2": 466,
            "3": 501,
            "4": 401,
            "5": 237,
            "6": 131,
            "7": 62,
            "8": 32,
            "9": 12,
            "10": 7,
            "11": 5,
            "12": 1,
            "16": 1
        },
        "correct_product_mean": {
            "1": 0.9375,
            "2": 0.9635193133047211,
            "3": 0.9560878243512974,
            "4": 0.9251870324189526,
            "5": 0.7932489451476793,
            "6": 0.7480916030534351,
            "7": 0.6451612903225806,
            "8": 0.5625,
            "9": 0.5,
            "10": 0.5714285714285714,
            "11": 0.6,
            "12": 0.0,
            "16": 0.0
        },
        "correct_factorization_mean": {
            "1": 0.9375,
            "2": 0.45278969957081544,
            "3": 0.5788423153692615,
            "4": 0.800498753117207,
            "5": 0.7257383966244726,
            "6": 0.6870229007633588,
            "7": 0.6290322580645161,
            "8": 0.5625,
            "9": 0.5,
            "10": 0.5714285714285714,
            "11": 0.6,
            "12": 0.0,
            "16": 0.0
        }
    },
    "by_input_num": {
        "group_size": {
            "(65535.999, 65740.7]": 205,
            "(65740.7, 65945.4]": 205,
            "(65945.4, 66150.1]": 205,
            "(66150.1, 66354.8]": 204,
            "(66354.8, 66559.5]": 205,
            "(66559.5, 66764.2]": 205,
            "(66764.2, 66968.9]": 204,
            "(66968.9, 67173.6]": 205,
            "(67173.6, 67378.3]": 205,
            "(67378.3, 67583.0]": 205
        },
        "correct_product_mean": {
            "(65535.999, 65740.7]": 0.9365853658536586,
            "(65740.7, 65945.4]": 0.9219512195121952,
            "(65945.4, 66150.1]": 0.9073170731707317,
            "(66150.1, 66354.8]": 0.8823529411764706,
            "(66354.8, 66559.5]": 0.9219512195121952,
            "(66559.5, 66764.2]": 0.8926829268292683,
            "(66764.2, 66968.9]": 0.8725490196078431,
            "(66968.9, 67173.6]": 0.9024390243902439,
            "(67173.6, 67378.3]": 0.8682926829268293,
            "(67378.3, 67583.0]": 0.8585365853658536
        },
        "correct_factorization_mean": {
            "(65535.999, 65740.7]": 0.7219512195121951,
            "(65740.7, 65945.4]": 0.6682926829268293,
            "(65945.4, 66150.1]": 0.6585365853658537,
            "(66150.1, 66354.8]": 0.5980392156862745,
            "(66354.8, 66559.5]": 0.6829268292682927,
            "(66559.5, 66764.2]": 0.6536585365853659,
            "(66764.2, 66968.9]": 0.6225490196078431,
            "(66968.9, 67173.6]": 0.6439024390243903,
            "(67173.6, 67378.3]": 0.6195121951219512,
            "(67378.3, 67583.0]": 0.6439024390243903
        }
    },
    "pred_same_as_input_beam_0": {
        "0": {
            "input_is_prime": false,
            "pred_same_as_input": false,
            "group_size": 1856,
            "correct_product_mean": 0.8523706896551724,
            "correct_factorization_mean": 0.5765086206896551
        },
        "1": {
            "input_is_prime": true,
            "pred_same_as_input": false,
            "group_size": 192,
            "correct_product_mean": 0.9322916666666666,
            "correct_factorization_mean": 0.9322916666666666
        }
    },
    "by_min_factor_composite_only": {
        "0": {
            "min_factor_decile": "(1.999, 3.0]",
            "group_size": 1365,
            "correct_product_mean": 0.8783882783882784,
            "correct_factorization_mean": 0.7018315018315018
        },
        "1": {
            "min_factor_decile": "(3.0, 5.0]",
            "group_size": 136,
            "correct_product_mean": 0.8602941176470589,
            "correct_factorization_mean": 0.8235294117647058
        },
        "2": {
            "min_factor_decile": "(5.0, 17.0]",
            "group_size": 176,
            "correct_product_mean": 0.9715909090909091,
            "correct_factorization_mean": 0.0
        },
        "3": {
            "min_factor_decile": "(17.0, 257.0]",
            "group_size": 179,
            "correct_product_mean": 0.9441340782122905,
            "correct_factorization_mean": 0.0
        }
    },
    "loss": 0.45443466317436754,
    "meta": {
        "n_beams": 2,
        "temperature": 1.0
    }
}