{
    "correct": {
        "correct_product": 0.9789010321797207,
        "correct_factorization": 0.8588342440801457
    },
    "beam_accuracy": {
        "correct_product": {
            "0": 0.9582574377656344,
            "1": 0.20097146326654525
        },
        "correct_factorization": {
            "0": 0.8217972070431087,
            "1": 0.0377959927140255
        }
    },
    "by_prob": {
        "group_size": {
            "(-15.099, -9.21]": 1329.0,
            "(-9.21, -7.109]": 1307.0,
            "(-7.109, -4.587]": 1317.0,
            "(-4.587, -2.513]": 1318.0,
            "(-2.513, -1.215]": 1317.0,
            "(-1.215, -0.7]": 1318.0,
            "(-0.7, -0.0203]": 1317.0,
            "(-0.0203, -0.00153]": 1318.0,
            "(-0.00153, -0.00019]": 1317.0,
            "(-0.00019, -1.31e-06]": 1318.0
        },
        "correct_product": {
            "(-15.099, -9.21]": 0.15876598946576373,
            "(-9.21, -7.109]": 0.1713848508033665,
            "(-7.109, -4.587]": 0.22475322703113135,
            "(-4.587, -2.513]": 0.1661608497723824,
            "(-2.513, -1.215]": 0.29157175398633256,
            "(-1.215, -0.7]": 0.8725341426403642,
            "(-0.7, -0.0203]": 0.9141989369779803,
            "(-0.0203, -0.00153]": 0.9969650986342944,
            "(-0.00153, -0.00019]": 1.0,
            "(-0.00019, -1.31e-06]": 1.0
        },
        "correct_factorization": {
            "(-15.099, -9.21]": 0.0015048908954100827,
            "(-9.21, -7.109]": 0.0007651109410864575,
            "(-7.109, -4.587]": 0.0,
            "(-4.587, -2.513]": 0.028072837632776935,
            "(-2.513, -1.215]": 0.14654517843583903,
            "(-1.215, -0.7]": 0.34673748103186647,
            "(-0.7, -0.0203]": 0.7782839787395596,
            "(-0.0203, -0.00153]": 0.996206373292868,
            "(-0.00153, -0.00019]": 1.0,
            "(-0.00019, -1.31e-06]": 1.0
        },
        "percent_prime_factors_pred": {
            "(-15.099, -9.21]": 0.8374449102440074,
            "(-9.21, -7.109]": 0.9073632819615987,
            "(-7.109, -4.587]": 0.8606157573127962,
            "(-4.587, -2.513]": 0.8337560517378423,
            "(-2.513, -1.215]": 0.8122862204866761,
            "(-1.215, -0.7]": 0.5098245899270178,
            "(-0.7, -0.0203]": 0.8996203492786636,
            "(-0.0203, -0.00153]": 0.9998482549317147,
            "(-0.00153, -0.00019]": 1.0,
            "(-0.00019, -1.31e-06]": 1.0
        }
    },
    "by_num_target_factors": {
        "group_size": {
            "1": 668,
            "2": 1601,
            "3": 1720,
            "4": 1198,
            "5": 715,
            "6": 373,
            "7": 165,
            "8": 79,
            "9": 35,
            "10": 20,
            "11": 8,
            "12": 3,
            "13": 3
        },
        "correct_product_mean": {
            "1": 0.9940119760479041,
            "2": 0.9868831980012492,
            "3": 0.9883720930232558,
            "4": 0.9891485809682805,
            "5": 0.9832167832167832,
            "6": 0.9463806970509383,
            "7": 0.8727272727272727,
            "8": 0.8860759493670886,
            "9": 0.8285714285714286,
            "10": 0.8,
            "11": 0.375,
            "12": 0.6666666666666666,
            "13": 0.0
        },
        "correct_factorization_mean": {
            "1": 0.9940119760479041,
            "2": 0.7070580886945659,
            "3": 0.8459302325581395,
            "4": 0.9382303839732888,
            "5": 0.9748251748251748,
            "6": 0.8793565683646113,
            "7": 0.8363636363636363,
            "8": 0.8860759493670886,
            "9": 0.8285714285714286,
            "10": 0.8,
            "11": 0.375,
            "12": 0.6666666666666666,
            "13": 0.0
        }
    },
    "by_input_num": {
        "group_size": {
            "(7.999, 6350.5]": 659,
            "(6350.5, 12996.8]": 659,
            "(12996.8, 19472.5]": 659,
            "(19472.5, 26116.8]": 658,
            "(26116.8, 32574.0]": 659,
            "(32574.0, 39331.6]": 659,
            "(39331.6, 46013.7]": 658,
            "(46013.7, 52699.4]": 659,
            "(52699.4, 59007.6]": 659,
            "(59007.6, 65528.0]": 659
        },
        "correct_product_mean": {
            "(7.999, 6350.5]": 1.0,
            "(6350.5, 12996.8]": 1.0,
            "(12996.8, 19472.5]": 0.9984825493171472,
            "(19472.5, 26116.8]": 0.9756838905775076,
            "(26116.8, 32574.0]": 0.9817905918057663,
            "(32574.0, 39331.6]": 0.9848254931714719,
            "(39331.6, 46013.7]": 0.9574468085106383,
            "(46013.7, 52699.4]": 0.9393019726858877,
            "(52699.4, 59007.6]": 0.9772382397572079,
            "(59007.6, 65528.0]": 0.9742033383915023
        },
        "correct_factorization_mean": {
            "(7.999, 6350.5]": 1.0,
            "(6350.5, 12996.8]": 1.0,
            "(12996.8, 19472.5]": 0.9939301972685888,
            "(19472.5, 26116.8]": 0.939209726443769,
            "(26116.8, 32574.0]": 0.858877086494689,
            "(32574.0, 39331.6]": 0.8072837632776935,
            "(39331.6, 46013.7]": 0.7522796352583586,
            "(46013.7, 52699.4]": 0.779969650986343,
            "(52699.4, 59007.6]": 0.7389984825493171,
            "(59007.6, 65528.0]": 0.7177541729893778
        }
    },
    "pred_same_as_input_beam_0": {
        "0": {
            "input_is_prime": false,
            "pred_same_as_input": false,
            "group_size": 5201,
            "correct_product_mean": 0.9490482599500096,
            "correct_factorization_mean": 0.9144395308594501
        },
        "1": {
            "input_is_prime": false,
            "pred_same_as_input": true,
            "group_size": 719,
            "correct_product_mean": 1.0,
            "correct_factorization_mean": 0.0
        },
        "2": {
            "input_is_prime": true,
            "pred_same_as_input": false,
            "group_size": 10,
            "correct_product_mean": 0.0,
            "correct_factorization_mean": 0.0
        },
        "3": {
            "input_is_prime": true,
            "pred_same_as_input": true,
            "group_size": 658,
            "correct_product_mean": 1.0,
            "correct_factorization_mean": 1.0
        }
    },
    "by_min_factor_composite_only": {
        "0": {
            "min_factor_decile": "(1.999, 3.0]",
            "group_size": 4339,
            "correct_product_mean": 0.9771836828762388,
            "correct_factorization_mean": 0.9142659598985942
        },
        "1": {
            "min_factor_decile": "(3.0, 5.0]",
            "group_size": 447,
            "correct_product_mean": 0.9686800894854586,
            "correct_factorization_mean": 0.9284116331096197
        },
        "2": {
            "min_factor_decile": "(5.0, 17.0]",
            "group_size": 614,
            "correct_product_mean": 0.9804560260586319,
            "correct_factorization_mean": 0.3550488599348534
        },
        "3": {
            "min_factor_decile": "(17.0, 241.0]",
            "group_size": 520,
            "correct_product_mean": 0.9807692307692307,
            "correct_factorization_mean": 0.3
        }
    },
    "loss": 0.13614307273323953,
    "meta": {
        "n_beams": 2,
        "temperature": 1.0
    }
}