{
    "correct": {
        "correct_product": 0.91552734375,
        "correct_factorization": 0.67724609375
    },
    "beam_accuracy": {
        "correct_product": {
            "0": 0.88623046875,
            "1": 0.15576171875
        },
        "correct_factorization": {
            "0": 0.63623046875,
            "1": 0.041015625
        }
    },
    "by_prob": {
        "group_size": {
            "(-12.684, -6.02]": 410.0,
            "(-6.02, -3.82]": 410.0,
            "(-3.82, -2.962]": 409.0,
            "(-2.962, -2.261]": 410.0,
            "(-2.261, -1.455]": 409.0,
            "(-1.455, -1.034]": 410.0,
            "(-1.034, -0.812]": 409.0,
            "(-0.812, -0.0926]": 410.0,
            "(-0.0926, -0.00516]": 409.0,
            "(-0.00516, -9.66e-06]": 410.0
        },
        "correct_product": {
            "(-12.684, -6.02]": 0.15609756097560976,
            "(-6.02, -3.82]": 0.17560975609756097,
            "(-3.82, -2.962]": 0.06845965770171149,
            "(-2.962, -2.261]": 0.11463414634146342,
            "(-2.261, -1.455]": 0.31295843520782396,
            "(-1.455, -1.034]": 0.7536585365853659,
            "(-1.034, -0.812]": 0.8875305623471883,
            "(-0.812, -0.0926]": 0.7658536585365854,
            "(-0.0926, -0.00516]": 0.9779951100244498,
            "(-0.00516, -9.66e-06]": 0.9975609756097561
        },
        "correct_factorization": {
            "(-12.684, -6.02]": 0.0024390243902439024,
            "(-6.02, -3.82]": 0.0024390243902439024,
            "(-3.82, -2.962]": 0.004889975550122249,
            "(-2.962, -2.261]": 0.03414634146341464,
            "(-2.261, -1.455]": 0.14425427872860636,
            "(-1.455, -1.034]": 0.2951219512195122,
            "(-1.034, -0.812]": 0.3643031784841076,
            "(-0.812, -0.0926]": 0.5756097560975609,
            "(-0.0926, -0.00516]": 0.9657701711491442,
            "(-0.00516, -9.66e-06]": 0.9975609756097561
        },
        "percent_prime_factors_pred": {
            "(-12.684, -6.02]": 0.9140795586527294,
            "(-6.02, -3.82]": 0.8938617886178862,
            "(-3.82, -2.962]": 0.914995925020375,
            "(-2.962, -2.261]": 0.9145702671312427,
            "(-2.261, -1.455]": 0.8319070904645477,
            "(-1.455, -1.034]": 0.5822880371660859,
            "(-1.034, -0.812]": 0.5621026894865526,
            "(-0.812, -0.0926]": 0.9106271777003484,
            "(-0.0926, -0.00516]": 0.9964547677261614,
            "(-0.00516, -9.66e-06]": 1.0
        }
    },
    "by_num_target_factors": {
        "group_size": {
            "1": 192,
            "2": 466,
            "3": 501,
            "4": 401,
            "5": 237,
            "6": 131,
            "7": 62,
            "8": 32,
            "9": 12,
            "10": 7,
            "11": 5,
            "12": 1,
            "16": 1
        },
        "correct_product_mean": {
            "1": 0.921875,
            "2": 0.9570815450643777,
            "3": 0.9540918163672655,
            "4": 0.9526184538653366,
            "5": 0.8734177215189873,
            "6": 0.7938931297709924,
            "7": 0.7903225806451613,
            "8": 0.65625,
            "9": 0.4166666666666667,
            "10": 0.7142857142857143,
            "11": 0.2,
            "12": 0.0,
            "16": 0.0
        },
        "correct_factorization_mean": {
            "1": 0.921875,
            "2": 0.4592274678111588,
            "3": 0.592814371257485,
            "4": 0.827930174563591,
            "5": 0.8143459915611815,
            "6": 0.7251908396946565,
            "7": 0.7580645161290323,
            "8": 0.65625,
            "9": 0.4166666666666667,
            "10": 0.7142857142857143,
            "11": 0.2,
            "12": 0.0,
            "16": 0.0
        }
    },
    "by_input_num": {
        "group_size": {
            "(65535.999, 65740.7]": 205,
            "(65740.7, 65945.4]": 205,
            "(65945.4, 66150.1]": 205,
            "(66150.1, 66354.8]": 204,
            "(66354.8, 66559.5]": 205,
            "(66559.5, 66764.2]": 205,
            "(66764.2, 66968.9]": 204,
            "(66968.9, 67173.6]": 205,
            "(67173.6, 67378.3]": 205,
            "(67378.3, 67583.0]": 205
        },
        "correct_product_mean": {
            "(65535.999, 65740.7]": 0.9170731707317074,
            "(65740.7, 65945.4]": 0.8878048780487805,
            "(65945.4, 66150.1]": 0.9365853658536586,
            "(66150.1, 66354.8]": 0.8970588235294118,
            "(66354.8, 66559.5]": 0.9024390243902439,
            "(66559.5, 66764.2]": 0.9121951219512195,
            "(66764.2, 66968.9]": 0.9019607843137255,
            "(66968.9, 67173.6]": 0.9512195121951219,
            "(67173.6, 67378.3]": 0.9317073170731708,
            "(67378.3, 67583.0]": 0.9170731707317074
        },
        "correct_factorization_mean": {
            "(65535.999, 65740.7]": 0.6926829268292682,
            "(65740.7, 65945.4]": 0.6585365853658537,
            "(65945.4, 66150.1]": 0.6829268292682927,
            "(66150.1, 66354.8]": 0.6225490196078431,
            "(66354.8, 66559.5]": 0.6926829268292682,
            "(66559.5, 66764.2]": 0.6682926829268293,
            "(66764.2, 66968.9]": 0.6764705882352942,
            "(66968.9, 67173.6]": 0.7121951219512195,
            "(67173.6, 67378.3]": 0.6731707317073171,
            "(67378.3, 67583.0]": 0.6926829268292682
        }
    },
    "pred_same_as_input_beam_0": {
        "0": {
            "input_is_prime": false,
            "pred_same_as_input": false,
            "group_size": 1526,
            "correct_product_mean": 0.8577981651376146,
            "correct_factorization_mean": 0.7385321100917431
        },
        "1": {
            "input_is_prime": false,
            "pred_same_as_input": true,
            "group_size": 330,
            "correct_product_mean": 1.0,
            "correct_factorization_mean": 0.0
        },
        "2": {
            "input_is_prime": true,
            "pred_same_as_input": false,
            "group_size": 16,
            "correct_product_mean": 0.0,
            "correct_factorization_mean": 0.0
        },
        "3": {
            "input_is_prime": true,
            "pred_same_as_input": true,
            "group_size": 176,
            "correct_product_mean": 1.0,
            "correct_factorization_mean": 1.0
        }
    },
    "by_min_factor_composite_only": {
        "0": {
            "min_factor_decile": "(1.999, 3.0]",
            "group_size": 1365,
            "correct_product_mean": 0.9186813186813186,
            "correct_factorization_mean": 0.7443223443223443
        },
        "1": {
            "min_factor_decile": "(3.0, 5.0]",
            "group_size": 136,
            "correct_product_mean": 0.8308823529411765,
            "correct_factorization_mean": 0.8161764705882353
        },
        "2": {
            "min_factor_decile": "(5.0, 17.0]",
            "group_size": 176,
            "correct_product_mean": 0.9318181818181818,
            "correct_factorization_mean": 0.0
        },
        "3": {
            "min_factor_decile": "(17.0, 257.0]",
            "group_size": 179,
            "correct_product_mean": 0.9329608938547486,
            "correct_factorization_mean": 0.0
        }
    },
    "loss": 0.3838159530369376,
    "meta": {
        "n_beams": 2,
        "temperature": 1.0
    }
}