{
    "correct": {
        "correct_product": 0.9802671523983,
        "correct_factorization": 0.8612629022465088
    },
    "beam_accuracy": {
        "correct_product": {
            "0": 0.9611414693381907,
            "1": 0.20734669095324834
        },
        "correct_factorization": {
            "0": 0.8286278081360049,
            "1": 0.03263509411050395
        }
    },
    "by_prob": {
        "group_size": {
            "(-15.985999999999999, -9.21]": 1323.0,
            "(-9.21, -7.644]": 1313.0,
            "(-7.644, -5.083]": 1317.0,
            "(-5.083, -2.466]": 1318.0,
            "(-2.466, -1.217]": 1317.0,
            "(-1.217, -0.658]": 1318.0,
            "(-0.658, -0.0118]": 1317.0,
            "(-0.0118, -0.000949]": 1318.0,
            "(-0.000949, -0.000105]": 1317.0,
            "(-0.000105, -2.38e-07]": 1318.0
        },
        "correct_product": {
            "(-15.985999999999999, -9.21]": 0.20710506424792138,
            "(-9.21, -7.644]": 0.12871287128712872,
            "(-7.644, -5.083]": 0.23158694001518604,
            "(-5.083, -2.466]": 0.20257966616084977,
            "(-2.466, -1.217]": 0.28018223234624146,
            "(-1.217, -0.658]": 0.8823975720789075,
            "(-0.658, -0.0118]": 0.9111617312072893,
            "(-0.0118, -0.000949]": 0.9984825493171472,
            "(-0.000949, -0.000105]": 1.0,
            "(-0.000105, -2.38e-07]": 1.0
        },
        "correct_factorization": {
            "(-15.985999999999999, -9.21]": 0.0,
            "(-9.21, -7.644]": 0.0,
            "(-7.644, -5.083]": 0.0007593014426727411,
            "(-5.083, -2.466]": 0.02959028831562974,
            "(-2.466, -1.217]": 0.13363705391040243,
            "(-1.217, -0.658]": 0.34218512898330805,
            "(-0.658, -0.0118]": 0.8033409263477601,
            "(-0.0118, -0.000949]": 0.9969650986342944,
            "(-0.000949, -0.000105]": 1.0,
            "(-0.000105, -2.38e-07]": 1.0
        },
        "percent_prime_factors_pred": {
            "(-15.985999999999999, -9.21]": 0.7956142245257891,
            "(-9.21, -7.644]": 0.842137235701592,
            "(-7.644, -5.083]": 0.8567306649311205,
            "(-5.083, -2.466]": 0.8329910036852373,
            "(-2.466, -1.217]": 0.8162147015222185,
            "(-1.217, -0.658]": 0.4961350169809957,
            "(-0.658, -0.0118]": 0.9213869906352822,
            "(-0.0118, -0.000949]": 0.9990895295902883,
            "(-0.000949, -0.000105]": 1.0,
            "(-0.000105, -2.38e-07]": 1.0
        }
    },
    "by_num_target_factors": {
        "group_size": {
            "1": 668,
            "2": 1601,
            "3": 1720,
            "4": 1198,
            "5": 715,
            "6": 373,
            "7": 165,
            "8": 79,
            "9": 35,
            "10": 20,
            "11": 8,
            "12": 3,
            "13": 3
        },
        "correct_product_mean": {
            "1": 0.9880239520958084,
            "2": 0.9850093691442848,
            "3": 0.9872093023255814,
            "4": 0.9958263772954925,
            "5": 0.9832167832167832,
            "6": 0.9597855227882037,
            "7": 0.896969696969697,
            "8": 0.8607594936708861,
            "9": 0.8571428571428571,
            "10": 0.75,
            "11": 0.5,
            "12": 1.0,
            "13": 0.3333333333333333
        },
        "correct_factorization_mean": {
            "1": 0.9880239520958084,
            "2": 0.7064334790755777,
            "3": 0.838953488372093,
            "4": 0.9449081803005008,
            "5": 0.9804195804195804,
            "6": 0.9195710455764075,
            "7": 0.8727272727272727,
            "8": 0.8607594936708861,
            "9": 0.8285714285714286,
            "10": 0.75,
            "11": 0.5,
            "12": 1.0,
            "13": 0.3333333333333333
        }
    },
    "by_input_num": {
        "group_size": {
            "(7.999, 6350.5]": 659,
            "(6350.5, 12996.8]": 659,
            "(12996.8, 19472.5]": 659,
            "(19472.5, 26116.8]": 658,
            "(26116.8, 32574.0]": 659,
            "(32574.0, 39331.6]": 659,
            "(39331.6, 46013.7]": 658,
            "(46013.7, 52699.4]": 659,
            "(52699.4, 59007.6]": 659,
            "(59007.6, 65528.0]": 659
        },
        "correct_product_mean": {
            "(7.999, 6350.5]": 1.0,
            "(6350.5, 12996.8]": 0.9984825493171472,
            "(12996.8, 19472.5]": 0.9984825493171472,
            "(19472.5, 26116.8]": 0.9832826747720365,
            "(26116.8, 32574.0]": 0.9757207890743551,
            "(32574.0, 39331.6]": 0.9772382397572079,
            "(39331.6, 46013.7]": 0.9726443768996961,
            "(46013.7, 52699.4]": 0.9544764795144158,
            "(52699.4, 59007.6]": 0.9757207890743551,
            "(59007.6, 65528.0]": 0.9666160849772383
        },
        "correct_factorization_mean": {
            "(7.999, 6350.5]": 1.0,
            "(6350.5, 12996.8]": 0.9984825493171472,
            "(12996.8, 19472.5]": 0.9969650986342944,
            "(19472.5, 26116.8]": 0.9498480243161094,
            "(26116.8, 32574.0]": 0.8512898330804249,
            "(32574.0, 39331.6]": 0.802731411229135,
            "(39331.6, 46013.7]": 0.776595744680851,
            "(46013.7, 52699.4]": 0.7769347496206374,
            "(52699.4, 59007.6]": 0.7405159332321699,
            "(59007.6, 65528.0]": 0.7192716236722306
        }
    },
    "pred_same_as_input_beam_0": {
        "0": {
            "input_is_prime": false,
            "pred_same_as_input": false,
            "group_size": 5920,
            "correct_product_mean": 0.9589527027027027,
            "correct_factorization_mean": 0.8114864864864865
        },
        "1": {
            "input_is_prime": true,
            "pred_same_as_input": false,
            "group_size": 660,
            "correct_product_mean": 0.9803030303030303,
            "correct_factorization_mean": 0.9803030303030303
        },
        "2": {
            "input_is_prime": true,
            "pred_same_as_input": true,
            "group_size": 8,
            "correct_product_mean": 1.0,
            "correct_factorization_mean": 1.0
        }
    },
    "by_min_factor_composite_only": {
        "0": {
            "min_factor_decile": "(1.999, 3.0]",
            "group_size": 4339,
            "correct_product_mean": 0.9797188292233233,
            "correct_factorization_mean": 0.9227932703387878
        },
        "1": {
            "min_factor_decile": "(3.0, 5.0]",
            "group_size": 447,
            "correct_product_mean": 0.9776286353467561,
            "correct_factorization_mean": 0.9351230425055929
        },
        "2": {
            "min_factor_decile": "(5.0, 17.0]",
            "group_size": 614,
            "correct_product_mean": 0.9723127035830619,
            "correct_factorization_mean": 0.36319218241042345
        },
        "3": {
            "min_factor_decile": "(17.0, 241.0]",
            "group_size": 520,
            "correct_product_mean": 0.9865384615384616,
            "correct_factorization_mean": 0.3057692307692308
        }
    },
    "loss": 0.1425032061743664,
    "meta": {
        "n_beams": 2,
        "temperature": 1.0
    }
}