{
    "correct": {
        "correct_product": 0.9512750455373407,
        "correct_factorization": 0.7597146326654524
    },
    "beam_accuracy": {
        "correct_product": {
            "0": 0.9233454766241651,
            "1": 0.18594414086217365
        },
        "correct_factorization": {
            "0": 0.7185792349726776,
            "1": 0.04538554948391014
        }
    },
    "by_prob": {
        "group_size": {
            "(-14.274, -7.824]": 1318.0,
            "(-7.824, -5.046]": 1318.0,
            "(-5.046, -2.991]": 1317.0,
            "(-2.991, -2.119]": 1318.0,
            "(-2.119, -1.324]": 1317.0,
            "(-1.324, -0.881]": 1318.0,
            "(-0.881, -0.324]": 1317.0,
            "(-0.324, -0.0123]": 1318.0,
            "(-0.0123, -0.000818]": 1317.0,
            "(-0.000818, -1.55e-06]": 1318.0
        },
        "correct_product": {
            "(-14.274, -7.824]": 0.1464339908952959,
            "(-7.824, -5.046]": 0.20182094081942337,
            "(-5.046, -2.991]": 0.16173120728929385,
            "(-2.991, -2.119]": 0.11305007587253414,
            "(-2.119, -1.324]": 0.30751708428246016,
            "(-1.324, -0.881]": 0.7776934749620638,
            "(-0.881, -0.324]": 0.8716780561883067,
            "(-0.324, -0.0123]": 0.9673748103186647,
            "(-0.0123, -0.000818]": 0.9992406985573272,
            "(-0.000818, -1.55e-06]": 1.0
        },
        "correct_factorization": {
            "(-14.274, -7.824]": 0.013657056145675266,
            "(-7.824, -5.046]": 0.0030349013657056147,
            "(-5.046, -2.991]": 0.011389521640091117,
            "(-2.991, -2.119]": 0.0409711684370258,
            "(-2.119, -1.324]": 0.14578587699316628,
            "(-1.324, -0.881]": 0.29969650986342944,
            "(-0.881, -0.324]": 0.42976461655277143,
            "(-0.324, -0.0123]": 0.8793626707132018,
            "(-0.0123, -0.000818]": 0.9962034927866363,
            "(-0.000818, -1.55e-06]": 1.0
        },
        "percent_prime_factors_pred": {
            "(-14.274, -7.824]": 0.8422326998578895,
            "(-7.824, -5.046]": 0.8735746802514633,
            "(-5.046, -2.991]": 0.8345039230574539,
            "(-2.991, -2.119]": 0.821914516944866,
            "(-2.119, -1.324]": 0.8337238312181364,
            "(-1.324, -0.881]": 0.5779445769202978,
            "(-0.881, -0.324]": 0.6665274614021767,
            "(-0.324, -0.0123]": 0.9595400679239829,
            "(-0.0123, -0.000818]": 0.9989622880283473,
            "(-0.000818, -1.55e-06]": 1.0
        }
    },
    "by_num_target_factors": {
        "group_size": {
            "1": 668,
            "2": 1601,
            "3": 1720,
            "4": 1198,
            "5": 715,
            "6": 373,
            "7": 165,
            "8": 79,
            "9": 35,
            "10": 20,
            "11": 8,
            "12": 3,
            "13": 3
        },
        "correct_product_mean": {
            "1": 0.9820359281437125,
            "2": 0.9643972517176764,
            "3": 0.9674418604651163,
            "4": 0.9557595993322203,
            "5": 0.9678321678321679,
            "6": 0.9088471849865952,
            "7": 0.8303030303030303,
            "8": 0.6962025316455697,
            "9": 0.6,
            "10": 0.5,
            "11": 0.375,
            "12": 0.3333333333333333,
            "13": 0.0
        },
        "correct_factorization_mean": {
            "1": 0.9820359281437125,
            "2": 0.6271080574640849,
            "3": 0.7023255813953488,
            "4": 0.8113522537562604,
            "5": 0.9258741258741259,
            "6": 0.8257372654155496,
            "7": 0.6909090909090909,
            "8": 0.6075949367088608,
            "9": 0.5428571428571428,
            "10": 0.5,
            "11": 0.375,
            "12": 0.3333333333333333,
            "13": 0.0
        }
    },
    "by_input_num": {
        "group_size": {
            "(7.999, 6350.5]": 659,
            "(6350.5, 12996.8]": 659,
            "(12996.8, 19472.5]": 659,
            "(19472.5, 26116.8]": 658,
            "(26116.8, 32574.0]": 659,
            "(32574.0, 39331.6]": 659,
            "(39331.6, 46013.7]": 658,
            "(46013.7, 52699.4]": 659,
            "(52699.4, 59007.6]": 659,
            "(59007.6, 65528.0]": 659
        },
        "correct_product_mean": {
            "(7.999, 6350.5]": 0.9969650986342944,
            "(6350.5, 12996.8]": 0.9833080424886191,
            "(12996.8, 19472.5]": 0.9681335356600911,
            "(19472.5, 26116.8]": 0.9574468085106383,
            "(26116.8, 32574.0]": 0.9423368740515933,
            "(32574.0, 39331.6]": 0.9484066767830045,
            "(39331.6, 46013.7]": 0.9376899696048632,
            "(46013.7, 52699.4]": 0.9408194233687405,
            "(52699.4, 59007.6]": 0.9226100151745068,
            "(59007.6, 65528.0]": 0.9150227617602428
        },
        "correct_factorization_mean": {
            "(7.999, 6350.5]": 0.992412746585736,
            "(6350.5, 12996.8]": 0.9757207890743551,
            "(12996.8, 19472.5]": 0.9271623672230652,
            "(19472.5, 26116.8]": 0.7857142857142857,
            "(26116.8, 32574.0]": 0.8057663125948407,
            "(32574.0, 39331.6]": 0.6525037936267072,
            "(39331.6, 46013.7]": 0.60790273556231,
            "(46013.7, 52699.4]": 0.6433990895295902,
            "(52699.4, 59007.6]": 0.6039453717754173,
            "(59007.6, 65528.0]": 0.6024279210925645
        }
    },
    "pred_same_as_input_beam_0": {
        "0": {
            "input_is_prime": false,
            "pred_same_as_input": false,
            "group_size": 5101,
            "correct_product_mean": 0.9049206038031758,
            "correct_factorization_mean": 0.8010194079592237
        },
        "1": {
            "input_is_prime": false,
            "pred_same_as_input": true,
            "group_size": 819,
            "correct_product_mean": 1.0,
            "correct_factorization_mean": 0.0
        },
        "2": {
            "input_is_prime": true,
            "pred_same_as_input": false,
            "group_size": 20,
            "correct_product_mean": 0.0,
            "correct_factorization_mean": 0.0
        },
        "3": {
            "input_is_prime": true,
            "pred_same_as_input": true,
            "group_size": 648,
            "correct_product_mean": 1.0,
            "correct_factorization_mean": 1.0
        }
    },
    "by_min_factor_composite_only": {
        "0": {
            "min_factor_decile": "(1.999, 3.0]",
            "group_size": 4339,
            "correct_product_mean": 0.9398478912191749,
            "correct_factorization_mean": 0.7893523853422447
        },
        "1": {
            "min_factor_decile": "(3.0, 5.0]",
            "group_size": 447,
            "correct_product_mean": 0.9574944071588367,
            "correct_factorization_mean": 0.8948545861297539
        },
        "2": {
            "min_factor_decile": "(5.0, 17.0]",
            "group_size": 614,
            "correct_product_mean": 0.9837133550488599,
            "correct_factorization_mean": 0.25732899022801303
        },
        "3": {
            "min_factor_decile": "(17.0, 241.0]",
            "group_size": 520,
            "correct_product_mean": 0.9634615384615385,
            "correct_factorization_mean": 0.19807692307692307
        }
    },
    "loss": 0.17470662560712744,
    "meta": {
        "n_beams": 2,
        "temperature": 1.0
    }
}