{
    "correct": {
        "correct_product": 0.8583984375,
        "correct_factorization": 0.572265625
    },
    "beam_accuracy": {
        "correct_product": {
            "0": 0.830078125,
            "1": 0.140625
        },
        "correct_factorization": {
            "0": 0.525390625,
            "1": 0.05078125
        }
    },
    "by_prob": {
        "group_size": {
            "(-13.078, -4.361]": 410.0,
            "(-4.361, -3.335]": 410.0,
            "(-3.335, -2.749]": 409.0,
            "(-2.749, -2.096]": 410.0,
            "(-2.096, -1.514]": 409.0,
            "(-1.514, -1.156]": 410.0,
            "(-1.156, -0.901]": 409.0,
            "(-0.901, -0.559]": 410.0,
            "(-0.559, -0.0522]": 409.0,
            "(-0.0522, -3.93e-06]": 410.0
        },
        "correct_product": {
            "(-13.078, -4.361]": 0.17317073170731706,
            "(-4.361, -3.335]": 0.05609756097560976,
            "(-3.335, -2.749]": 0.08068459657701711,
            "(-2.749, -2.096]": 0.12926829268292683,
            "(-2.096, -1.514]": 0.22249388753056235,
            "(-1.514, -1.156]": 0.6097560975609756,
            "(-1.156, -0.901]": 0.8141809290953546,
            "(-0.901, -0.559]": 0.8585365853658536,
            "(-0.559, -0.0522]": 0.9119804400977995,
            "(-0.0522, -3.93e-06]": 0.9975609756097561
        },
        "correct_factorization": {
            "(-13.078, -4.361]": 0.01707317073170732,
            "(-4.361, -3.335]": 0.00975609756097561,
            "(-3.335, -2.749]": 0.029339853300733496,
            "(-2.749, -2.096]": 0.06829268292682927,
            "(-2.096, -1.514]": 0.10268948655256724,
            "(-1.514, -1.156]": 0.2121951219512195,
            "(-1.156, -0.901]": 0.33007334963325186,
            "(-0.901, -0.559]": 0.36341463414634145,
            "(-0.559, -0.0522]": 0.7530562347188264,
            "(-0.0522, -3.93e-06]": 0.9951219512195122
        },
        "percent_prime_factors_pred": {
            "(-13.078, -4.361]": 0.9072241579558652,
            "(-4.361, -3.335]": 0.8820325203252032,
            "(-3.335, -2.749]": 0.8621434392828036,
            "(-2.749, -2.096]": 0.8758304297328687,
            "(-2.096, -1.514]": 0.891630768036636,
            "(-1.514, -1.156]": 0.6857897793263646,
            "(-1.156, -0.901]": 0.6049481895447666,
            "(-0.901, -0.559]": 0.6390998838559814,
            "(-0.559, -0.0522]": 0.9104726976365118,
            "(-0.0522, -3.93e-06]": 0.9991869918699188
        }
    },
    "by_num_target_factors": {
        "group_size": {
            "1": 192,
            "2": 466,
            "3": 501,
            "4": 401,
            "5": 237,
            "6": 131,
            "7": 62,
            "8": 32,
            "9": 12,
            "10": 7,
            "11": 5,
            "12": 1,
            "16": 1
        },
        "correct_product_mean": {
            "1": 0.953125,
            "2": 0.8969957081545065,
            "3": 0.8403193612774451,
            "4": 0.8528678304239401,
            "5": 0.8860759493670886,
            "6": 0.8549618320610687,
            "7": 0.6935483870967742,
            "8": 0.53125,
            "9": 0.6666666666666666,
            "10": 0.42857142857142855,
            "11": 0.2,
            "12": 0.0,
            "16": 0.0
        },
        "correct_factorization_mean": {
            "1": 0.953125,
            "2": 0.3905579399141631,
            "3": 0.38922155688622756,
            "4": 0.6234413965087282,
            "5": 0.8227848101265823,
            "6": 0.7557251908396947,
            "7": 0.6451612903225806,
            "8": 0.5,
            "9": 0.6666666666666666,
            "10": 0.42857142857142855,
            "11": 0.2,
            "12": 0.0,
            "16": 0.0
        }
    },
    "by_input_num": {
        "group_size": {
            "(65535.999, 65740.7]": 205,
            "(65740.7, 65945.4]": 205,
            "(65945.4, 66150.1]": 205,
            "(66150.1, 66354.8]": 204,
            "(66354.8, 66559.5]": 205,
            "(66559.5, 66764.2]": 205,
            "(66764.2, 66968.9]": 204,
            "(66968.9, 67173.6]": 205,
            "(67173.6, 67378.3]": 205,
            "(67378.3, 67583.0]": 205
        },
        "correct_product_mean": {
            "(65535.999, 65740.7]": 0.8829268292682927,
            "(65740.7, 65945.4]": 0.8682926829268293,
            "(65945.4, 66150.1]": 0.8829268292682927,
            "(66150.1, 66354.8]": 0.8333333333333334,
            "(66354.8, 66559.5]": 0.8585365853658536,
            "(66559.5, 66764.2]": 0.8536585365853658,
            "(66764.2, 66968.9]": 0.8382352941176471,
            "(66968.9, 67173.6]": 0.848780487804878,
            "(67173.6, 67378.3]": 0.8682926829268293,
            "(67378.3, 67583.0]": 0.848780487804878
        },
        "correct_factorization_mean": {
            "(65535.999, 65740.7]": 0.6341463414634146,
            "(65740.7, 65945.4]": 0.5756097560975609,
            "(65945.4, 66150.1]": 0.5756097560975609,
            "(66150.1, 66354.8]": 0.5343137254901961,
            "(66354.8, 66559.5]": 0.5560975609756098,
            "(66559.5, 66764.2]": 0.5414634146341464,
            "(66764.2, 66968.9]": 0.5588235294117647,
            "(66968.9, 67173.6]": 0.5707317073170731,
            "(67173.6, 67378.3]": 0.6,
            "(67378.3, 67583.0]": 0.5756097560975609
        }
    },
    "pred_same_as_input_beam_0": {
        "0": {
            "input_is_prime": false,
            "pred_same_as_input": false,
            "group_size": 1856,
            "correct_product_mean": 0.8173491379310345,
            "correct_factorization_mean": 0.48114224137931033
        },
        "1": {
            "input_is_prime": true,
            "pred_same_as_input": false,
            "group_size": 192,
            "correct_product_mean": 0.953125,
            "correct_factorization_mean": 0.953125
        }
    },
    "by_min_factor_composite_only": {
        "0": {
            "min_factor_decile": "(1.999, 3.0]",
            "group_size": 1365,
            "correct_product_mean": 0.8153846153846154,
            "correct_factorization_mean": 0.5794871794871795
        },
        "1": {
            "min_factor_decile": "(3.0, 5.0]",
            "group_size": 136,
            "correct_product_mean": 0.8970588235294118,
            "correct_factorization_mean": 0.75
        },
        "2": {
            "min_factor_decile": "(5.0, 17.0]",
            "group_size": 176,
            "correct_product_mean": 0.9772727272727273,
            "correct_factorization_mean": 0.0
        },
        "3": {
            "min_factor_decile": "(17.0, 257.0]",
            "group_size": 179,
            "correct_product_mean": 0.9385474860335196,
            "correct_factorization_mean": 0.0
        }
    },
    "loss": 0.3610216442484834,
    "meta": {
        "n_beams": 2,
        "temperature": 1.0
    }
}