{
    "correct": {
        "correct_product": 0.896484375,
        "correct_factorization": 0.49853515625
    },
    "beam_accuracy": {
        "correct_product": {
            "0": 0.875,
            "1": 0.12060546875
        },
        "correct_factorization": {
            "0": 0.4326171875,
            "1": 0.06591796875
        }
    },
    "by_prob": {
        "group_size": {
            "(-11.777, -4.193]": 410.0,
            "(-4.193, -3.241]": 410.0,
            "(-3.241, -2.674]": 409.0,
            "(-2.674, -2.165]": 410.0,
            "(-2.165, -1.571]": 409.0,
            "(-1.571, -1.132]": 410.0,
            "(-1.132, -1.033]": 409.0,
            "(-1.033, -0.826]": 410.0,
            "(-0.826, -0.498]": 409.0,
            "(-0.498, -3.22e-06]": 410.0
        },
        "correct_product": {
            "(-11.777, -4.193]": 0.03902439024390244,
            "(-4.193, -3.241]": 0.03170731707317073,
            "(-3.241, -2.674]": 0.1100244498777506,
            "(-2.674, -2.165]": 0.14634146341463414,
            "(-2.165, -1.571]": 0.22249388753056235,
            "(-1.571, -1.132]": 0.6048780487804878,
            "(-1.132, -1.033]": 0.9486552567237164,
            "(-1.033, -0.826]": 0.948780487804878,
            "(-0.826, -0.498]": 0.9462102689486552,
            "(-0.498, -3.22e-06]": 0.9804878048780488
        },
        "correct_factorization": {
            "(-11.777, -4.193]": 0.0,
            "(-4.193, -3.241]": 0.007317073170731708,
            "(-3.241, -2.674]": 0.0488997555012225,
            "(-2.674, -2.165]": 0.09268292682926829,
            "(-2.165, -1.571]": 0.13691931540342298,
            "(-1.571, -1.132]": 0.24634146341463414,
            "(-1.132, -1.033]": 0.3276283618581907,
            "(-1.033, -0.826]": 0.3804878048780488,
            "(-0.826, -0.498]": 0.4352078239608802,
            "(-0.498, -3.22e-06]": 0.8170731707317073
        },
        "percent_prime_factors_pred": {
            "(-11.777, -4.193]": 0.9255052264808369,
            "(-4.193, -3.241]": 0.9193495934959355,
            "(-3.241, -2.674]": 0.8644021422750037,
            "(-2.674, -2.165]": 0.9124970963995355,
            "(-2.165, -1.571]": 0.9277855396437314,
            "(-1.571, -1.132]": 0.7452748741773138,
            "(-1.132, -1.033]": 0.4204563977180114,
            "(-1.033, -0.826]": 0.6475609756097561,
            "(-0.826, -0.498]": 0.7819478402607987,
            "(-0.498, -3.22e-06]": 0.9462195121951219
        }
    },
    "by_num_target_factors": {
        "group_size": {
            "1": 192,
            "2": 466,
            "3": 501,
            "4": 401,
            "5": 237,
            "6": 131,
            "7": 62,
            "8": 32,
            "9": 12,
            "10": 7,
            "11": 5,
            "12": 1,
            "16": 1
        },
        "correct_product_mean": {
            "1": 1.0,
            "2": 0.9957081545064378,
            "3": 0.9860279441117764,
            "4": 0.8877805486284289,
            "5": 0.7763713080168776,
            "6": 0.6946564885496184,
            "7": 0.5645161290322581,
            "8": 0.4375,
            "9": 0.25,
            "10": 0.2857142857142857,
            "11": 0.2,
            "12": 0.0,
            "16": 0.0
        },
        "correct_factorization_mean": {
            "1": 1.0,
            "2": 0.463519313304721,
            "3": 0.3932135728542914,
            "4": 0.44139650872817954,
            "5": 0.5232067510548524,
            "6": 0.5267175572519084,
            "7": 0.41935483870967744,
            "8": 0.4375,
            "9": 0.25,
            "10": 0.2857142857142857,
            "11": 0.2,
            "12": 0.0,
            "16": 0.0
        }
    },
    "by_input_num": {
        "group_size": {
            "(65535.999, 65740.7]": 205,
            "(65740.7, 65945.4]": 205,
            "(65945.4, 66150.1]": 205,
            "(66150.1, 66354.8]": 204,
            "(66354.8, 66559.5]": 205,
            "(66559.5, 66764.2]": 205,
            "(66764.2, 66968.9]": 204,
            "(66968.9, 67173.6]": 205,
            "(67173.6, 67378.3]": 205,
            "(67378.3, 67583.0]": 205
        },
        "correct_product_mean": {
            "(65535.999, 65740.7]": 0.9317073170731708,
            "(65740.7, 65945.4]": 0.9073170731707317,
            "(65945.4, 66150.1]": 0.9317073170731708,
            "(66150.1, 66354.8]": 0.9166666666666666,
            "(66354.8, 66559.5]": 0.9024390243902439,
            "(66559.5, 66764.2]": 0.8878048780487805,
            "(66764.2, 66968.9]": 0.8774509803921569,
            "(66968.9, 67173.6]": 0.8536585365853658,
            "(67173.6, 67378.3]": 0.8878048780487805,
            "(67378.3, 67583.0]": 0.8682926829268293
        },
        "correct_factorization_mean": {
            "(65535.999, 65740.7]": 0.5609756097560976,
            "(65740.7, 65945.4]": 0.47317073170731705,
            "(65945.4, 66150.1]": 0.5170731707317073,
            "(66150.1, 66354.8]": 0.47058823529411764,
            "(66354.8, 66559.5]": 0.5073170731707317,
            "(66559.5, 66764.2]": 0.4682926829268293,
            "(66764.2, 66968.9]": 0.4950980392156863,
            "(66968.9, 67173.6]": 0.4878048780487805,
            "(67173.6, 67378.3]": 0.4975609756097561,
            "(67378.3, 67583.0]": 0.5073170731707317
        }
    },
    "pred_same_as_input_beam_0": {
        "0": {
            "input_is_prime": false,
            "pred_same_as_input": false,
            "group_size": 1501,
            "correct_product_mean": 0.8294470353097935,
            "correct_factorization_mean": 0.46235842771485675
        },
        "1": {
            "input_is_prime": false,
            "pred_same_as_input": true,
            "group_size": 355,
            "correct_product_mean": 1.0,
            "correct_factorization_mean": 0.0
        },
        "2": {
            "input_is_prime": true,
            "pred_same_as_input": true,
            "group_size": 192,
            "correct_product_mean": 1.0,
            "correct_factorization_mean": 1.0
        }
    },
    "by_min_factor_composite_only": {
        "0": {
            "min_factor_decile": "(1.999, 3.0]",
            "group_size": 1365,
            "correct_product_mean": 0.8571428571428571,
            "correct_factorization_mean": 0.4673992673992674
        },
        "1": {
            "min_factor_decile": "(3.0, 5.0]",
            "group_size": 136,
            "correct_product_mean": 0.875,
            "correct_factorization_mean": 0.4117647058823529
        },
        "2": {
            "min_factor_decile": "(5.0, 17.0]",
            "group_size": 176,
            "correct_product_mean": 1.0,
            "correct_factorization_mean": 0.0
        },
        "3": {
            "min_factor_decile": "(17.0, 257.0]",
            "group_size": 179,
            "correct_product_mean": 1.0,
            "correct_factorization_mean": 0.0
        }
    },
    "test_loss": 0.07920793807492234,
    "meta": {
        "n_beams": 2,
        "temperature": 1.0
    }
}