{
    "correct": {
        "correct_product": 0.8955078125,
        "correct_factorization": 0.63134765625
    },
    "beam_accuracy": {
        "correct_product": {
            "0": 0.85498046875,
            "1": 0.1689453125
        },
        "correct_factorization": {
            "0": 0.57177734375,
            "1": 0.0595703125
        }
    },
    "by_prob": {
        "group_size": {
            "(-10.721, -4.294]": 410.0,
            "(-4.294, -3.141]": 410.0,
            "(-3.141, -2.558]": 409.0,
            "(-2.558, -1.951]": 410.0,
            "(-1.951, -1.339]": 409.0,
            "(-1.339, -1.064]": 410.0,
            "(-1.064, -0.899]": 409.0,
            "(-0.899, -0.514]": 410.0,
            "(-0.514, -0.0319]": 409.0,
            "(-0.0319, -4.94e-05]": 410.0
        },
        "correct_product": {
            "(-10.721, -4.294]": 0.2121951219512195,
            "(-4.294, -3.141]": 0.10975609756097561,
            "(-3.141, -2.558]": 0.05623471882640587,
            "(-2.558, -1.951]": 0.16341463414634147,
            "(-1.951, -1.339]": 0.35207823960880197,
            "(-1.339, -1.064]": 0.7707317073170732,
            "(-1.064, -0.899]": 0.8581907090464548,
            "(-0.899, -0.514]": 0.7731707317073171,
            "(-0.514, -0.0319]": 0.8459657701711492,
            "(-0.0319, -4.94e-05]": 0.9780487804878049
        },
        "correct_factorization": {
            "(-10.721, -4.294]": 0.004878048780487805,
            "(-4.294, -3.141]": 0.012195121951219513,
            "(-3.141, -2.558]": 0.014669926650366748,
            "(-2.558, -1.951]": 0.08780487804878048,
            "(-1.951, -1.339]": 0.1687041564792176,
            "(-1.339, -1.064]": 0.34146341463414637,
            "(-1.064, -0.899]": 0.31295843520782396,
            "(-0.899, -0.514]": 0.43658536585365854,
            "(-0.514, -0.0319]": 0.7995110024449877,
            "(-0.0319, -4.94e-05]": 0.9780487804878049
        },
        "percent_prime_factors_pred": {
            "(-10.721, -4.294]": 0.91849593495935,
            "(-4.294, -3.141]": 0.9267479674796751,
            "(-3.141, -2.558]": 0.9369600651996743,
            "(-2.558, -1.951]": 0.9176422764227649,
            "(-1.951, -1.339]": 0.8560717196414019,
            "(-1.339, -1.064]": 0.6175203252032521,
            "(-1.064, -0.899]": 0.5223716381418094,
            "(-0.899, -0.514]": 0.8319105691056913,
            "(-0.514, -0.0319]": 0.9810105949470255,
            "(-0.0319, -4.94e-05]": 1.0
        }
    },
    "by_num_target_factors": {
        "group_size": {
            "1": 192,
            "2": 466,
            "3": 501,
            "4": 401,
            "5": 237,
            "6": 131,
            "7": 62,
            "8": 32,
            "9": 12,
            "10": 7,
            "11": 5,
            "12": 1,
            "16": 1
        },
        "correct_product_mean": {
            "1": 0.9895833333333334,
            "2": 0.9871244635193133,
            "3": 0.93812375249501,
            "4": 0.8877805486284289,
            "5": 0.7805907172995781,
            "6": 0.7480916030534351,
            "7": 0.7419354838709677,
            "8": 0.625,
            "9": 0.5,
            "10": 0.42857142857142855,
            "11": 0.0,
            "12": 0.0,
            "16": 0.0
        },
        "correct_factorization_mean": {
            "1": 0.9895833333333334,
            "2": 0.4570815450643777,
            "3": 0.5249500998003992,
            "4": 0.7381546134663342,
            "5": 0.6877637130801688,
            "6": 0.7099236641221374,
            "7": 0.7419354838709677,
            "8": 0.625,
            "9": 0.5,
            "10": 0.42857142857142855,
            "11": 0.0,
            "12": 0.0,
            "16": 0.0
        }
    },
    "by_input_num": {
        "group_size": {
            "(65535.999, 65740.7]": 205,
            "(65740.7, 65945.4]": 205,
            "(65945.4, 66150.1]": 205,
            "(66150.1, 66354.8]": 204,
            "(66354.8, 66559.5]": 205,
            "(66559.5, 66764.2]": 205,
            "(66764.2, 66968.9]": 204,
            "(66968.9, 67173.6]": 205,
            "(67173.6, 67378.3]": 205,
            "(67378.3, 67583.0]": 205
        },
        "correct_product_mean": {
            "(65535.999, 65740.7]": 0.9512195121951219,
            "(65740.7, 65945.4]": 0.9024390243902439,
            "(65945.4, 66150.1]": 0.9073170731707317,
            "(66150.1, 66354.8]": 0.9068627450980392,
            "(66354.8, 66559.5]": 0.9073170731707317,
            "(66559.5, 66764.2]": 0.8829268292682927,
            "(66764.2, 66968.9]": 0.8921568627450981,
            "(66968.9, 67173.6]": 0.8829268292682927,
            "(67173.6, 67378.3]": 0.8780487804878049,
            "(67378.3, 67583.0]": 0.8439024390243902
        },
        "correct_factorization_mean": {
            "(65535.999, 65740.7]": 0.697560975609756,
            "(65740.7, 65945.4]": 0.6146341463414634,
            "(65945.4, 66150.1]": 0.6536585365853659,
            "(66150.1, 66354.8]": 0.6078431372549019,
            "(66354.8, 66559.5]": 0.624390243902439,
            "(66559.5, 66764.2]": 0.6048780487804878,
            "(66764.2, 66968.9]": 0.6421568627450981,
            "(66968.9, 67173.6]": 0.6292682926829268,
            "(67173.6, 67378.3]": 0.6341463414634146,
            "(67378.3, 67583.0]": 0.6048780487804878
        }
    },
    "pred_same_as_input_beam_0": {
        "0": {
            "input_is_prime": false,
            "pred_same_as_input": false,
            "group_size": 1507,
            "correct_product_mean": 0.8042468480424685,
            "correct_factorization_mean": 0.6509621765096217
        },
        "1": {
            "input_is_prime": false,
            "pred_same_as_input": true,
            "group_size": 349,
            "correct_product_mean": 1.0,
            "correct_factorization_mean": 0.0
        },
        "2": {
            "input_is_prime": true,
            "pred_same_as_input": false,
            "group_size": 2,
            "correct_product_mean": 0.0,
            "correct_factorization_mean": 0.0
        },
        "3": {
            "input_is_prime": true,
            "pred_same_as_input": true,
            "group_size": 190,
            "correct_product_mean": 1.0,
            "correct_factorization_mean": 1.0
        }
    },
    "by_min_factor_composite_only": {
        "0": {
            "min_factor_decile": "(1.999, 3.0]",
            "group_size": 1365,
            "correct_product_mean": 0.8652014652014652,
            "correct_factorization_mean": 0.6373626373626373
        },
        "1": {
            "min_factor_decile": "(3.0, 5.0]",
            "group_size": 136,
            "correct_product_mean": 0.8382352941176471,
            "correct_factorization_mean": 0.8161764705882353
        },
        "2": {
            "min_factor_decile": "(5.0, 17.0]",
            "group_size": 176,
            "correct_product_mean": 0.9772727272727273,
            "correct_factorization_mean": 0.0
        },
        "3": {
            "min_factor_decile": "(17.0, 257.0]",
            "group_size": 179,
            "correct_product_mean": 0.9888268156424581,
            "correct_factorization_mean": 0.0
        }
    },
    "loss": 0.11868789419531822,
    "meta": {
        "n_beams": 2,
        "temperature": 1.0
    }
}