{
    "correct": {
        "correct_product": 0.9675166970248937,
        "correct_factorization": 0.835003035822708
    },
    "beam_accuracy": {
        "correct_product": {
            "0": 0.9377656344869459,
            "1": 0.226775956284153
        },
        "correct_factorization": {
            "0": 0.7859744990892532,
            "1": 0.04902853673345477
        }
    },
    "by_prob": {
        "group_size": {
            "(-13.597, -7.98]": 1318.0,
            "(-7.98, -5.618]": 1318.0,
            "(-5.618, -3.214]": 1317.0,
            "(-3.214, -2.168]": 1318.0,
            "(-2.168, -1.18]": 1317.0,
            "(-1.18, -0.793]": 1318.0,
            "(-0.793, -0.11]": 1317.0,
            "(-0.11, -0.00742]": 1318.0,
            "(-0.00742, -0.000743]": 1317.0,
            "(-0.000743, -5.25e-06]": 1318.0
        },
        "correct_product": {
            "(-13.597, -7.98]": 0.17071320182094082,
            "(-7.98, -5.618]": 0.2291350531107739,
            "(-5.618, -3.214]": 0.22627182991647685,
            "(-3.214, -2.168]": 0.16919575113808802,
            "(-2.168, -1.18]": 0.3447228549734245,
            "(-1.18, -0.793]": 0.8361153262518968,
            "(-0.793, -0.11]": 0.8542141230068337,
            "(-0.11, -0.00742]": 0.992412746585736,
            "(-0.00742, -0.000743]": 1.0,
            "(-0.000743, -5.25e-06]": 1.0
        },
        "correct_factorization": {
            "(-13.597, -7.98]": 0.0,
            "(-7.98, -5.618]": 0.002276176024279211,
            "(-5.618, -3.214]": 0.00683371298405467,
            "(-3.214, -2.168]": 0.04779969650986343,
            "(-2.168, -1.18]": 0.17312072892938496,
            "(-1.18, -0.793]": 0.34218512898330805,
            "(-0.793, -0.11]": 0.6264236902050114,
            "(-0.11, -0.00742]": 0.9779969650986343,
            "(-0.00742, -0.000743]": 0.9984813971146546,
            "(-0.000743, -5.25e-06]": 1.0
        },
        "percent_prime_factors_pred": {
            "(-13.597, -7.98]": 0.8760423441000051,
            "(-7.98, -5.618]": 0.889668689934242,
            "(-5.618, -3.214]": 0.8653686227718104,
            "(-3.214, -2.168]": 0.8516249367728876,
            "(-2.168, -1.18]": 0.8450672524134936,
            "(-1.18, -0.793]": 0.5469578726786616,
            "(-0.793, -0.11]": 0.837059333984163,
            "(-0.11, -0.00742]": 0.9932346990389478,
            "(-0.00742, -0.000743]": 0.9989875980764364,
            "(-0.000743, -5.25e-06]": 1.0
        }
    },
    "by_num_target_factors": {
        "group_size": {
            "1": 668,
            "2": 1601,
            "3": 1720,
            "4": 1198,
            "5": 715,
            "6": 373,
            "7": 165,
            "8": 79,
            "9": 35,
            "10": 20,
            "11": 8,
            "12": 3,
            "13": 3
        },
        "correct_product_mean": {
            "1": 0.9880239520958084,
            "2": 0.9868831980012492,
            "3": 0.9906976744186047,
            "4": 0.986644407345576,
            "5": 0.958041958041958,
            "6": 0.9249329758713136,
            "7": 0.8181818181818182,
            "8": 0.6455696202531646,
            "9": 0.5714285714285714,
            "10": 0.35,
            "11": 0.5,
            "12": 0.0,
            "13": 0.3333333333333333
        },
        "correct_factorization_mean": {
            "1": 0.9880239520958084,
            "2": 0.6895690193628982,
            "3": 0.8232558139534883,
            "4": 0.9357262103505843,
            "5": 0.9076923076923077,
            "6": 0.8927613941018767,
            "7": 0.8181818181818182,
            "8": 0.6455696202531646,
            "9": 0.5714285714285714,
            "10": 0.35,
            "11": 0.5,
            "12": 0.0,
            "13": 0.3333333333333333
        }
    },
    "by_input_num": {
        "group_size": {
            "(7.999, 6350.5]": 659,
            "(6350.5, 12996.8]": 659,
            "(12996.8, 19472.5]": 659,
            "(19472.5, 26116.8]": 658,
            "(26116.8, 32574.0]": 659,
            "(32574.0, 39331.6]": 659,
            "(39331.6, 46013.7]": 658,
            "(46013.7, 52699.4]": 659,
            "(52699.4, 59007.6]": 659,
            "(59007.6, 65528.0]": 659
        },
        "correct_product_mean": {
            "(7.999, 6350.5]": 1.0,
            "(6350.5, 12996.8]": 0.992412746585736,
            "(12996.8, 19472.5]": 0.9863429438543247,
            "(19472.5, 26116.8]": 0.958966565349544,
            "(26116.8, 32574.0]": 0.960546282245827,
            "(32574.0, 39331.6]": 0.9742033383915023,
            "(39331.6, 46013.7]": 0.9574468085106383,
            "(46013.7, 52699.4]": 0.9423368740515933,
            "(52699.4, 59007.6]": 0.9559939301972686,
            "(59007.6, 65528.0]": 0.9468892261001517
        },
        "correct_factorization_mean": {
            "(7.999, 6350.5]": 1.0,
            "(6350.5, 12996.8]": 0.992412746585736,
            "(12996.8, 19472.5]": 0.9696509863429439,
            "(19472.5, 26116.8]": 0.9088145896656535,
            "(26116.8, 32574.0]": 0.8179059180576631,
            "(32574.0, 39331.6]": 0.7860394537177542,
            "(39331.6, 46013.7]": 0.7598784194528876,
            "(46013.7, 52699.4]": 0.7435508345978755,
            "(52699.4, 59007.6]": 0.6889226100151745,
            "(59007.6, 65528.0]": 0.6828528072837633
        }
    },
    "pred_same_as_input_beam_0": {
        "0": {
            "input_is_prime": false,
            "pred_same_as_input": false,
            "group_size": 5174,
            "correct_product_mean": 0.9236567452647855,
            "correct_factorization_mean": 0.8745651333591032
        },
        "1": {
            "input_is_prime": false,
            "pred_same_as_input": true,
            "group_size": 746,
            "correct_product_mean": 1.0,
            "correct_factorization_mean": 0.0
        },
        "2": {
            "input_is_prime": true,
            "pred_same_as_input": false,
            "group_size": 15,
            "correct_product_mean": 0.0,
            "correct_factorization_mean": 0.0
        },
        "3": {
            "input_is_prime": true,
            "pred_same_as_input": true,
            "group_size": 653,
            "correct_product_mean": 1.0,
            "correct_factorization_mean": 1.0
        }
    },
    "by_min_factor_composite_only": {
        "0": {
            "min_factor_decile": "(1.999, 3.0]",
            "group_size": 4339,
            "correct_product_mean": 0.9580548513482369,
            "correct_factorization_mean": 0.8633325651071676
        },
        "1": {
            "min_factor_decile": "(3.0, 5.0]",
            "group_size": 447,
            "correct_product_mean": 0.9888143176733781,
            "correct_factorization_mean": 0.9731543624161074
        },
        "2": {
            "min_factor_decile": "(5.0, 17.0]",
            "group_size": 614,
            "correct_product_mean": 0.9788273615635179,
            "correct_factorization_mean": 0.34201954397394135
        },
        "3": {
            "min_factor_decile": "(17.0, 241.0]",
            "group_size": 520,
            "correct_product_mean": 0.9884615384615385,
            "correct_factorization_mean": 0.25769230769230766
        }
    },
    "loss": 0.04863226261491386,
    "meta": {
        "n_beams": 2,
        "temperature": 1.0
    }
}