{
    "correct": {
        "correct_product": 0.9999231773834216,
        "correct_factorization": 0.2837059230237382
    },
    "beam_accuracy": {
        "correct_product": {
            "0": 0.9998463547668434,
            "1": 0.27279711146961666
        },
        "correct_factorization": {
            "0": 0.2157179073519244,
            "1": 0.06798801567181378
        }
    },
    "by_prob": {
        "correct_product": {
            "(-10.870999999999999, -2.786]": 0.02956989247311828,
            "(-2.786, -2.543]": 0.3011909335382251,
            "(-2.543, -2.443]": 0.3361505954667691,
            "(-2.443, -2.313]": 0.3444700460829493,
            "(-2.313, -1.708]": 0.36265847099500576,
            "(-1.708, -1.628]": 0.996542451018056,
            "(-1.628, -1.575]": 0.9980798771121352,
            "(-1.575, -1.511]": 0.9980791394544756,
            "(-1.511, -1.411]": 0.9984633115635805,
            "(-1.411, -0.206]": 0.9980798771121352
        },
        "correct_factorization": {
            "(-10.870999999999999, -2.786]": 0.008448540706605223,
            "(-2.786, -2.543]": 0.06185170956588552,
            "(-2.543, -2.443]": 0.07337687283903188,
            "(-2.443, -2.313]": 0.08678955453149001,
            "(-2.313, -1.708]": 0.10910487898578564,
            "(-1.708, -1.628]": 0.1940069150979639,
            "(-1.628, -1.575]": 0.18855606758832566,
            "(-1.575, -1.511]": 0.193622742988859,
            "(-1.511, -1.411]": 0.22742988859008836,
            "(-1.411, -0.206]": 0.27534562211981567
        },
        "seq_dist_binary": {
            "(-10.870999999999999, -2.786]": 0.2340709805427554,
            "(-2.786, -2.543]": 0.21042226917659074,
            "(-2.543, -2.443]": 0.19909719554360336,
            "(-2.443, -2.313]": 0.18370775729646677,
            "(-2.313, -1.708]": 0.15354078627225,
            "(-1.708, -1.628]": 0.2039953899346908,
            "(-1.628, -1.575]": 0.19830069124423938,
            "(-1.575, -1.511]": 0.1911016135228584,
            "(-1.511, -1.411]": 0.17086854911000127,
            "(-1.411, -0.206]": 0.13895289298515082
        },
        "seq_dist_lev": {
            "(-10.870999999999999, -2.786]": 8.72004608294931,
            "(-2.786, -2.543]": 7.625816365731848,
            "(-2.543, -2.443]": 7.17479830964272,
            "(-2.443, -2.313]": 6.610983102918587,
            "(-2.313, -1.708]": 5.621974644640799,
            "(-1.708, -1.628]": 7.946984248943527,
            "(-1.628, -1.575]": 7.746543778801843,
            "(-1.575, -1.511]": 7.4702266615443715,
            "(-1.511, -1.411]": 6.723780253553592,
            "(-1.411, -0.206]": 5.555299539170507
        },
        "percent_prime_factors_pred": {
            "(-10.870999999999999, -2.786]": 0.8180635104208769,
            "(-2.786, -2.543]": 0.6252986715337869,
            "(-2.543, -2.443]": 0.6894828311655173,
            "(-2.443, -2.313]": 0.7262723099992675,
            "(-2.313, -1.708]": 0.7879297752232781,
            "(-1.708, -1.628]": 0.20738828657576258,
            "(-1.628, -1.575]": 0.3512694145758662,
            "(-1.575, -1.511]": 0.42029663574995724,
            "(-1.511, -1.411]": 0.5752785247791026,
            "(-1.411, -0.206]": 0.6925639250235957
        }
    },
    "by_n_target_factors": {
        "correct_product_mean": {
            "1": 1.0,
            "2": 0.9996845425867508,
            "3": 1.0,
            "4": 1.0,
            "5": 1.0,
            "6": 1.0,
            "7": 1.0,
            "8": 1.0,
            "9": 1.0,
            "10": 1.0,
            "11": 1.0,
            "12": 1.0,
            "13": 1.0,
            "14": 1.0
        },
        "correct_product_size": {
            "1": 1313,
            "2": 3170,
            "3": 3305,
            "4": 2401,
            "5": 1390,
            "6": 762,
            "7": 355,
            "8": 167,
            "9": 94,
            "10": 32,
            "11": 14,
            "12": 8,
            "13": 2,
            "14": 4
        },
        "correct_factorization_mean": {
            "1": 1.0,
            "2": 0.33785488958990534,
            "3": 0.16853252647503783,
            "4": 0.1374427321949188,
            "5": 0.13237410071942446,
            "6": 0.12992125984251968,
            "7": 0.18591549295774648,
            "8": 0.2155688622754491,
            "9": 0.2127659574468085,
            "10": 0.21875,
            "11": 0.2857142857142857,
            "12": 0.5,
            "13": 0.0,
            "14": 0.5
        },
        "correct_factorization_size": {
            "1": 1313,
            "2": 3170,
            "3": 3305,
            "4": 2401,
            "5": 1390,
            "6": 762,
            "7": 355,
            "8": 167,
            "9": 94,
            "10": 32,
            "11": 14,
            "12": 8,
            "13": 2,
            "14": 4
        }
    },
    "by_target_number": {
        "correct_product_mean": {
            "(8.999, 6700.4]": 0.999231950844854,
            "(6700.4, 13267.8]": 1.0,
            "(13267.8, 19602.6]": 1.0,
            "(19602.6, 25978.8]": 1.0,
            "(25978.8, 32651.0]": 1.0,
            "(32651.0, 39298.8]": 1.0,
            "(39298.8, 45796.8]": 1.0,
            "(45796.8, 52327.8]": 1.0,
            "(52327.8, 59017.4]": 1.0,
            "(59017.4, 65521.0]": 1.0
        },
        "correct_product_size": {
            "(8.999, 6700.4]": 1302,
            "(6700.4, 13267.8]": 1302,
            "(13267.8, 19602.6]": 1301,
            "(19602.6, 25978.8]": 1302,
            "(25978.8, 32651.0]": 1302,
            "(32651.0, 39298.8]": 1301,
            "(39298.8, 45796.8]": 1302,
            "(45796.8, 52327.8]": 1301,
            "(52327.8, 59017.4]": 1302,
            "(59017.4, 65521.0]": 1302
        },
        "correct_factorization_mean": {
            "(8.999, 6700.4]": 0.3663594470046083,
            "(6700.4, 13267.8]": 0.31105990783410137,
            "(13267.8, 19602.6]": 0.2797847809377402,
            "(19602.6, 25978.8]": 0.2910906298003072,
            "(25978.8, 32651.0]": 0.2872503840245776,
            "(32651.0, 39298.8]": 0.25595695618754805,
            "(39298.8, 45796.8]": 0.23732718894009217,
            "(45796.8, 52327.8]": 0.28132205995388165,
            "(52327.8, 59017.4]": 0.282642089093702,
            "(59017.4, 65521.0]": 0.24423963133640553
        },
        "correct_factorization_size": {
            "(8.999, 6700.4]": 1302,
            "(6700.4, 13267.8]": 1302,
            "(13267.8, 19602.6]": 1301,
            "(19602.6, 25978.8]": 1302,
            "(25978.8, 32651.0]": 1302,
            "(32651.0, 39298.8]": 1301,
            "(39298.8, 45796.8]": 1302,
            "(45796.8, 52327.8]": 1301,
            "(52327.8, 59017.4]": 1302,
            "(59017.4, 65521.0]": 1302
        }
    },
    "by_pct_target_ones": {
        "correct_product_mean": {
            "(0.187, 0.5]": 1.0,
            "(0.5, 0.529]": 1.0,
            "(0.529, 0.562]": 1.0,
            "(0.562, 0.6]": 1.0,
            "(0.6, 0.625]": 1.0,
            "(0.625, 0.667]": 1.0,
            "(0.667, 0.688]": 1.0,
            "(0.688, 0.722]": 1.0,
            "(0.722, 0.769]": 1.0,
            "(0.769, 1.0]": 0.9992277992277993
        },
        "correct_product_size": {
            "(0.187, 0.5]": 1948,
            "(0.5, 0.529]": 708,
            "(0.529, 0.562]": 1272,
            "(0.562, 0.6]": 1459,
            "(0.6, 0.625]": 1166,
            "(0.625, 0.667]": 1993,
            "(0.667, 0.688]": 751,
            "(0.688, 0.722]": 1152,
            "(0.722, 0.769]": 1273,
            "(0.769, 1.0]": 1295
        },
        "correct_factorization_mean": {
            "(0.187, 0.5]": 0.5528747433264887,
            "(0.5, 0.529]": 0.3305084745762712,
            "(0.529, 0.562]": 0.4221698113207547,
            "(0.562, 0.6]": 0.31665524331734063,
            "(0.6, 0.625]": 0.2701543739279588,