{
    "correct": {
        "correct_product": 0.9609896782027929,
        "correct_factorization": 0.7163023679417122
    },
    "beam_accuracy": {
        "correct_product": {
            "0": 0.9336672738312083,
            "1": 0.16393442622950818
        },
        "correct_factorization": {
            "0": 0.648755312689739,
            "1": 0.06754705525197328
        }
    },
    "by_prob": {
        "group_size": {
            "(-15.623, -6.592]": 1318.0,
            "(-6.592, -3.276]": 1318.0,
            "(-3.276, -2.666]": 1317.0,
            "(-2.666, -2.113]": 1318.0,
            "(-2.113, -1.353]": 1317.0,
            "(-1.353, -0.947]": 1318.0,
            "(-0.947, -0.754]": 1317.0,
            "(-0.754, -0.184]": 1318.0,
            "(-0.184, -0.00231]": 1317.0,
            "(-0.00231, -5.96e-07]": 1318.0
        },
        "correct_product": {
            "(-15.623, -6.592]": 0.1054628224582701,
            "(-6.592, -3.276]": 0.13884673748103188,
            "(-3.276, -2.666]": 0.12072892938496584,
            "(-2.666, -2.113]": 0.16009104704097116,
            "(-2.113, -1.353]": 0.2877752467729689,
            "(-1.353, -0.947]": 0.8254931714719271,
            "(-0.947, -0.754]": 0.9491268033409264,
            "(-0.754, -0.184]": 0.9066767830045523,
            "(-0.184, -0.00231]": 0.9939255884586181,
            "(-0.00231, -5.96e-07]": 1.0
        },
        "correct_factorization": {
            "(-15.623, -6.592]": 0.0,
            "(-6.592, -3.276]": 0.0037936267071320183,
            "(-3.276, -2.666]": 0.0463173880030372,
            "(-2.666, -2.113]": 0.08497723823975721,
            "(-2.113, -1.353]": 0.17843583902809415,
            "(-1.353, -0.947]": 0.3292867981790592,
            "(-0.947, -0.754]": 0.36294608959757024,
            "(-0.754, -0.184]": 0.5887708649468892,
            "(-0.184, -0.00231]": 0.9870918754745635,
            "(-0.00231, -5.96e-07]": 1.0
        },
        "percent_prime_factors_pred": {
            "(-15.623, -6.592]": 0.8912276898619828,
            "(-6.592, -3.276]": 0.8932780547727425,
            "(-3.276, -2.666]": 0.8165654264743074,
            "(-2.666, -2.113]": 0.859627381554543,
            "(-2.113, -1.353]": 0.9089359535259286,
            "(-1.353, -0.947]": 0.6055134041476976,
            "(-0.947, -0.754]": 0.5325866869147046,
            "(-0.754, -0.184]": 0.8230011200231215,
            "(-0.184, -0.00231]": 0.99763351050367,
            "(-0.00231, -5.96e-07]": 1.0
        }
    },
    "by_num_target_factors": {
        "group_size": {
            "1": 668,
            "2": 1601,
            "3": 1720,
            "4": 1198,
            "5": 715,
            "6": 373,
            "7": 165,
            "8": 79,
            "9": 35,
            "10": 20,
            "11": 8,
            "12": 3,
            "13": 3
        },
        "correct_product_mean": {
            "1": 0.9985029940119761,
            "2": 0.9931292941911305,
            "3": 0.9825581395348837,
            "4": 0.9824707846410684,
            "5": 0.9594405594405594,
            "6": 0.8847184986595175,
            "7": 0.7818181818181819,
            "8": 0.5063291139240507,
            "9": 0.4857142857142857,
            "10": 0.25,
            "11": 0.0,
            "12": 0.0,
            "13": 0.0
        },
        "correct_factorization_mean": {
            "1": 0.9985029940119761,
            "2": 0.6189881324172393,
            "3": 0.625,
            "4": 0.7729549248747913,
            "5": 0.8195804195804196,
            "6": 0.774798927613941,
            "7": 0.7454545454545455,
            "8": 0.5063291139240507,
            "9": 0.4857142857142857,
            "10": 0.25,
            "11": 0.0,
            "12": 0.0,
            "13": 0.0
        }
    },
    "by_input_num": {
        "group_size": {
            "(7.999, 6350.5]": 659,
            "(6350.5, 12996.8]": 659,
            "(12996.8, 19472.5]": 659,
            "(19472.5, 26116.8]": 658,
            "(26116.8, 32574.0]": 659,
            "(32574.0, 39331.6]": 659,
            "(39331.6, 46013.7]": 658,
            "(46013.7, 52699.4]": 659,
            "(52699.4, 59007.6]": 659,
            "(59007.6, 65528.0]": 659
        },
        "correct_product_mean": {
            "(7.999, 6350.5]": 0.9848254931714719,
            "(6350.5, 12996.8]": 0.9726858877086495,
            "(12996.8, 19472.5]": 0.9726858877086495,
            "(19472.5, 26116.8]": 0.958966565349544,
            "(26116.8, 32574.0]": 0.9499241274658573,
            "(32574.0, 39331.6]": 0.9484066767830045,
            "(39331.6, 46013.7]": 0.958966565349544,
            "(46013.7, 52699.4]": 0.9408194233687405,
            "(52699.4, 59007.6]": 0.9559939301972686,
            "(59007.6, 65528.0]": 0.9666160849772383
        },
        "correct_factorization_mean": {
            "(7.999, 6350.5]": 0.9772382397572079,
            "(6350.5, 12996.8]": 0.9256449165402124,
            "(12996.8, 19472.5]": 0.8254931714719271,
            "(19472.5, 26116.8]": 0.7279635258358662,
            "(26116.8, 32574.0]": 0.6889226100151745,
            "(32574.0, 39331.6]": 0.6403641881638846,
            "(39331.6, 46013.7]": 0.6170212765957447,
            "(46013.7, 52699.4]": 0.6024279210925645,
            "(52699.4, 59007.6]": 0.5766312594840668,
            "(59007.6, 65528.0]": 0.5811836115326252
        }
    },
    "pred_same_as_input_beam_0": {
        "0": {
            "input_is_prime": false,
            "pred_same_as_input": false,
            "group_size": 4929,
            "correct_product_mean": 0.9117468046256847,
            "correct_factorization_mean": 0.7319943193345506
        },
        "1": {
            "input_is_prime": false,
            "pred_same_as_input": true,
            "group_size": 991,
            "correct_product_mean": 1.0,
            "correct_factorization_mean": 0.0
        },
        "2": {
            "input_is_prime": true,
            "pred_same_as_input": false,
            "group_size": 2,
            "correct_product_mean": 0.0,
            "correct_factorization_mean": 0.0
        },
        "3": {
            "input_is_prime": true,
            "pred_same_as_input": true,
            "group_size": 666,
            "correct_product_mean": 1.0,
            "correct_factorization_mean": 1.0
        }
    },
    "by_min_factor_composite_only": {
        "0": {
            "min_factor_decile": "(1.999, 3.0]",
            "group_size": 4339,
            "correct_product_mean": 0.9474533302604287,
            "correct_factorization_mean": 0.7236690481677805
        },
        "1": {
            "min_factor_decile": "(3.0, 5.0]",
            "group_size": 447,
            "correct_product_mean": 0.9552572706935123,
            "correct_factorization_mean": 0.7740492170022372
        },
        "2": {
            "min_factor_decile": "(5.0, 17.0]",
            "group_size": 614,
            "correct_product_mean": 0.990228013029316,
            "correct_factorization_mean": 0.11726384364820847
        },
        "3": {
            "min_factor_decile": "(17.0, 241.0]",
            "group_size": 520,
            "correct_product_mean": 0.9961538461538462,
            "correct_factorization_mean": 0.09615384615384616
        }
    },
    "test_loss": 0.0730475808869904,
    "meta": {
        "n_beams": 2,
        "temperature": 1.0
    }
}