{
    "correct": {
        "correct_product": 0.91796875,
        "correct_factorization": 0.52392578125
    },
    "beam_accuracy": {
        "correct_product": {
            "0": 0.8876953125,
            "1": 0.134765625
        },
        "correct_factorization": {
            "0": 0.455078125,
            "1": 0.06884765625
        }
    },
    "by_prob": {
        "group_size": {
            "(-12.279, -3.947]": 410.0,
            "(-3.947, -3.15]": 410.0,
            "(-3.15, -2.589]": 409.0,
            "(-2.589, -2.039]": 410.0,
            "(-2.039, -1.474]": 409.0,
            "(-1.474, -1.063]": 410.0,
            "(-1.063, -0.969]": 409.0,
            "(-0.969, -0.872]": 410.0,
            "(-0.872, -0.532]": 409.0,
            "(-0.532, -9.66e-06]": 410.0
        },
        "correct_product": {
            "(-12.279, -3.947]": 0.06341463414634146,
            "(-3.947, -3.15]": 0.07317073170731707,
            "(-3.15, -2.589]": 0.11491442542787286,
            "(-2.589, -2.039]": 0.12195121951219512,
            "(-2.039, -1.474]": 0.2762836185819071,
            "(-1.474, -1.063]": 0.7121951219512195,
            "(-1.063, -0.969]": 0.9731051344743277,
            "(-0.969, -0.872]": 0.975609756097561,
            "(-0.872, -0.532]": 0.8728606356968215,
            "(-0.532, -9.66e-06]": 0.9292682926829269
        },
        "correct_factorization": {
            "(-12.279, -3.947]": 0.0,
            "(-3.947, -3.15]": 0.02195121951219512,
            "(-3.15, -2.589]": 0.05134474327628362,
            "(-2.589, -2.039]": 0.07073170731707316,
            "(-2.039, -1.474]": 0.1784841075794621,
            "(-1.474, -1.063]": 0.25853658536585367,
            "(-1.063, -0.969]": 0.3594132029339853,
            "(-0.969, -0.872]": 0.36341463414634145,
            "(-0.872, -0.532]": 0.46454767726161367,
            "(-0.532, -9.66e-06]": 0.8512195121951219
        },
        "percent_prime_factors_pred": {
            "(-12.279, -3.947]": 0.9480081300813012,
            "(-3.947, -3.15]": 0.8493495934959351,
            "(-3.15, -2.589]": 0.8289731051344751,
            "(-2.589, -2.039]": 0.9117944250871083,
            "(-2.039, -1.474]": 0.9329724065665397,
            "(-1.474, -1.063]": 0.7011556329849008,
            "(-1.063, -0.969]": 0.47444987775061115,
            "(-0.969, -0.872]": 0.5889837398373984,
            "(-0.872, -0.532]": 0.8222086389568053,
            "(-0.532, -9.66e-06]": 0.9701626016260165
        }
    },
    "by_num_target_factors": {
        "group_size": {
            "1": 192,
            "2": 466,
            "3": 501,
            "4": 401,
            "5": 237,
            "6": 131,
            "7": 62,
            "8": 32,
            "9": 12,
            "10": 7,
            "11": 5,
            "12": 1,
            "16": 1
        },
        "correct_product_mean": {
            "1": 1.0,
            "2": 0.9978540772532188,
            "3": 0.9940119760479041,
            "4": 0.9251870324189526,
            "5": 0.810126582278481,
            "6": 0.7557251908396947,
            "7": 0.6290322580645161,
            "8": 0.5,
            "9": 0.3333333333333333,
            "10": 0.42857142857142855,
            "11": 0.2,
            "12": 0.0,
            "16": 0.0
        },
        "correct_factorization_mean": {
            "1": 1.0,
            "2": 0.47854077253218885,
            "3": 0.38323353293413176,
            "4": 0.4763092269326683,
            "5": 0.5991561181434599,
            "6": 0.5877862595419847,
            "7": 0.532258064516129,
            "8": 0.46875,
            "9": 0.3333333333333333,
            "10": 0.42857142857142855,
            "11": 0.2,
            "12": 0.0,
            "16": 0.0
        }
    },
    "by_input_num": {
        "group_size": {
            "(65535.999, 65740.7]": 205,
            "(65740.7, 65945.4]": 205,
            "(65945.4, 66150.1]": 205,
            "(66150.1, 66354.8]": 204,
            "(66354.8, 66559.5]": 205,
            "(66559.5, 66764.2]": 205,
            "(66764.2, 66968.9]": 204,
            "(66968.9, 67173.6]": 205,
            "(67173.6, 67378.3]": 205,
            "(67378.3, 67583.0]": 205
        },
        "correct_product_mean": {
            "(65535.999, 65740.7]": 0.9414634146341463,
            "(65740.7, 65945.4]": 0.926829268292683,
            "(65945.4, 66150.1]": 0.9512195121951219,
            "(66150.1, 66354.8]": 0.9411764705882353,
            "(66354.8, 66559.5]": 0.9463414634146341,
            "(66559.5, 66764.2]": 0.8975609756097561,
            "(66764.2, 66968.9]": 0.8872549019607843,
            "(66968.9, 67173.6]": 0.9073170731707317,
            "(67173.6, 67378.3]": 0.8975609756097561,
            "(67378.3, 67583.0]": 0.8829268292682927
        },
        "correct_factorization_mean": {
            "(65535.999, 65740.7]": 0.5609756097560976,
            "(65740.7, 65945.4]": 0.5170731707317073,
            "(65945.4, 66150.1]": 0.5463414634146342,
            "(66150.1, 66354.8]": 0.5098039215686274,
            "(66354.8, 66559.5]": 0.5463414634146342,
            "(66559.5, 66764.2]": 0.4878048780487805,
            "(66764.2, 66968.9]": 0.5098039215686274,
            "(66968.9, 67173.6]": 0.5121951219512195,
            "(67173.6, 67378.3]": 0.526829268292683,
            "(67378.3, 67583.0]": 0.5219512195121951
        }
    },
    "pred_same_as_input_beam_0": {
        "0": {
            "input_is_prime": false,
            "pred_same_as_input": false,
            "group_size": 1502,
            "correct_product_mean": 0.8468708388814914,
            "correct_factorization_mean": 0.49267643142476697
        },
        "1": {
            "input_is_prime": false,
            "pred_same_as_input": true,
            "group_size": 354,
            "correct_product_mean": 1.0,
            "correct_factorization_mean": 0.0
        },
        "2": {
            "input_is_prime": true,
            "pred_same_as_input": true,
            "group_size": 192,
            "correct_product_mean": 1.0,
            "correct_factorization_mean": 1.0
        }
    },
    "by_min_factor_composite_only": {
        "0": {
            "min_factor_decile": "(1.999, 3.0]",
            "group_size": 1365,
            "correct_product_mean": 0.884981684981685,
            "correct_factorization_mean": 0.5032967032967033
        },
        "1": {
            "min_factor_decile": "(3.0, 5.0]",
            "group_size": 136,
            "correct_product_mean": 0.9264705882352942,
            "correct_factorization_mean": 0.3897058823529412
        },
        "2": {
            "min_factor_decile": "(5.0, 17.0]",
            "group_size": 176,
            "correct_product_mean": 1.0,
            "correct_factorization_mean": 0.0
        },
        "3": {
            "min_factor_decile": "(17.0, 257.0]",
            "group_size": 179,
            "correct_product_mean": 0.994413407821229,
            "correct_factorization_mean": 0.0
        }
    },
    "loss": 0.1435151593759656,
    "meta": {
        "n_beams": 2,
        "temperature": 1.0
    }
}