{
    "correct": {
        "correct_product": 0.9574984820886461,
        "correct_factorization": 0.8536733454766242
    },
    "beam_accuracy": {
        "correct_product": {
            "0": 0.9218275652701883,
            "1": 0.21584699453551912
        },
        "correct_factorization": {
            "0": 0.8026715239829993,
            "1": 0.05312689738919247
        }
    },
    "by_prob": {
        "group_size": {
            "(-13.434, -8.18]": 1318.0,
            "(-8.18, -5.974]": 1318.0,
            "(-5.974, -3.634]": 1317.0,
            "(-3.634, -2.179]": 1318.0,
            "(-2.179, -1.304]": 1317.0,
            "(-1.304, -0.485]": 1318.0,
            "(-0.485, -0.0757]": 1317.0,
            "(-0.0757, -0.0063]": 1318.0,
            "(-0.0063, -0.000839]": 1317.0,
            "(-0.000839, -5.01e-06]": 1318.0
        },
        "correct_product": {
            "(-13.434, -8.18]": 0.1676783004552352,
            "(-8.18, -5.974]": 0.17602427921092564,
            "(-5.974, -3.634]": 0.20652999240698558,
            "(-3.634, -2.179]": 0.15705614567526555,
            "(-2.179, -1.304]": 0.33181473044798787,
            "(-1.304, -0.485]": 0.7063732928679818,
            "(-0.485, -0.0757]": 0.9453302961275627,
            "(-0.0757, -0.0063]": 0.9977238239757208,
            "(-0.0063, -0.000839]": 1.0,
            "(-0.000839, -5.01e-06]": 1.0
        },
        "correct_factorization": {
            "(-13.434, -8.18]": 0.0037936267071320183,
            "(-8.18, -5.974]": 0.002276176024279211,
            "(-5.974, -3.634]": 0.015186028853454821,
            "(-3.634, -2.179]": 0.05007587253414264,
            "(-2.179, -1.304]": 0.16552771450265755,
            "(-1.304, -0.485]": 0.41198786039453716,
            "(-0.485, -0.0757]": 0.6704631738800304,
            "(-0.0757, -0.0063]": 0.9613050075872535,
            "(-0.0063, -0.000839]": 0.9984813971146546,
            "(-0.000839, -5.01e-06]": 1.0
        },
        "percent_prime_factors_pred": {
            "(-13.434, -8.18]": 0.8463581183611496,
            "(-8.18, -5.974]": 0.8921471927162354,
            "(-5.974, -3.634]": 0.8780598040279124,
            "(-3.634, -2.179]": 0.8695028542524734,
            "(-2.179, -1.304]": 0.8328831760494629,
            "(-1.304, -0.485]": 0.7456680395982364,
            "(-0.485, -0.0757]": 0.7763224500126545,
            "(-0.0757, -0.0063]": 0.9730652503793629,
            "(-0.0063, -0.000839]": 0.9992406985573272,
            "(-0.000839, -5.01e-06]": 1.0
        }
    },
    "by_num_target_factors": {
        "group_size": {
            "1": 668,
            "2": 1601,
            "3": 1720,
            "4": 1198,
            "5": 715,
            "6": 373,
            "7": 165,
            "8": 79,
            "9": 35,
            "10": 20,
            "11": 8,
            "12": 3,
            "13": 3
        },
        "correct_product_mean": {
            "1": 0.9026946107784432,
            "2": 0.924422236102436,
            "3": 0.9668604651162791,
            "4": 0.9874791318864775,
            "5": 0.9958041958041958,
            "6": 0.9839142091152815,
            "7": 0.9757575757575757,
            "8": 0.9746835443037974,
            "9": 0.9714285714285714,
            "10": 0.9,
            "11": 0.75,
            "12": 0.6666666666666666,
            "13": 0.6666666666666666
        },
        "correct_factorization_mean": {
            "1": 0.9026946107784432,
            "2": 0.6727045596502186,
            "3": 0.8290697674418605,
            "4": 0.9565943238731218,
            "5": 0.993006993006993,
            "6": 0.9785522788203753,
            "7": 0.9757575757575757,
            "8": 0.9620253164556962,
            "9": 0.9142857142857143,
            "10": 0.9,
            "11": 0.75,
            "12": 0.6666666666666666,
            "13": 0.6666666666666666
        }
    },
    "by_input_num": {
        "group_size": {
            "(7.999, 6350.5]": 659,
            "(6350.5, 12996.8]": 659,
            "(12996.8, 19472.5]": 659,
            "(19472.5, 26116.8]": 658,
            "(26116.8, 32574.0]": 659,
            "(32574.0, 39331.6]": 659,
            "(39331.6, 46013.7]": 658,
            "(46013.7, 52699.4]": 659,
            "(52699.4, 59007.6]": 659,
            "(59007.6, 65528.0]": 659
        },
        "correct_product_mean": {
            "(7.999, 6350.5]": 0.9939301972685888,
            "(6350.5, 12996.8]": 0.9984825493171472,
            "(12996.8, 19472.5]": 0.9817905918057663,
            "(19472.5, 26116.8]": 0.9620060790273556,
            "(26116.8, 32574.0]": 0.9681335356600911,
            "(32574.0, 39331.6]": 0.952959028831563,
            "(39331.6, 46013.7]": 0.9194528875379939,
            "(46013.7, 52699.4]": 0.921092564491654,
            "(52699.4, 59007.6]": 0.9256449165402124,
            "(59007.6, 65528.0]": 0.9514415781487102
        },
        "correct_factorization_mean": {
            "(7.999, 6350.5]": 0.9908952959028832,
            "(6350.5, 12996.8]": 0.992412746585736,
            "(12996.8, 19472.5]": 0.9559939301972686,
            "(19472.5, 26116.8]": 0.8890577507598785,
            "(26116.8, 32574.0]": 0.8558421851289834,
            "(32574.0, 39331.6]": 0.8012139605462822,
            "(39331.6, 46013.7]": 0.776595744680851,
            "(46013.7, 52699.4]": 0.7723823975720789,
            "(52699.4, 59007.6]": 0.7481031866464339,
            "(59007.6, 65528.0]": 0.7541729893778453
        }
    },
    "pred_same_as_input_beam_0": {
        "0": {
            "input_is_prime": false,
            "pred_same_as_input": false,
            "group_size": 5396,
            "correct_product_mean": 0.9251297257227576,
            "correct_factorization_mean": 0.8767605633802817
        },
        "1": {
            "input_is_prime": false,
            "pred_same_as_input": true,
            "group_size": 524,
            "correct_product_mean": 1.0,
            "correct_factorization_mean": 0.0
        },
        "2": {
            "input_is_prime": true,
            "pred_same_as_input": false,
            "group_size": 111,
            "correct_product_mean": 0.0,
            "correct_factorization_mean": 0.0
        },
        "3": {
            "input_is_prime": true,
            "pred_same_as_input": true,
            "group_size": 557,
            "correct_product_mean": 1.0,
            "correct_factorization_mean": 1.0
        }
    },
    "by_min_factor_composite_only": {
        "0": {
            "min_factor_decile": "(1.999, 3.0]",
            "group_size": 4339,
            "correct_product_mean": 0.9794883613735884,
            "correct_factorization_mean": 0.9110394100023047
        },
        "1": {
            "min_factor_decile": "(3.0, 5.0]",
            "group_size": 447,
            "correct_product_mean": 0.9686800894854586,
            "correct_factorization_mean": 0.8187919463087249
        },
        "2": {
            "min_factor_decile": "(5.0, 17.0]",
            "group_size": 614,
            "correct_product_mean": 0.9381107491856677,
            "correct_factorization_mean": 0.5407166123778502
        },
        "3": {
            "min_factor_decile": "(17.0, 241.0]",
            "group_size": 520,
            "correct_product_mean": 0.8576923076923076,
            "correct_factorization_mean": 0.15384615384615385
        }
    },
    "loss": 0.04747424333786162,
    "meta": {
        "n_beams": 2,
        "temperature": 1.0
    }
}