{
    "correct": {
        "correct_product": 0.1640625,
        "correct_factorization": 0.1064453125
    },
    "beam_accuracy": {
        "correct_product": {
            "0": 0.11181640625,
            "1": 0.06201171875
        },
        "correct_factorization": {
            "0": 0.07470703125,
            "1": 0.03173828125
        }
    },
    "by_prob": {
        "group_size": {
            "(-10.192, -3.124]": 410.0,
            "(-3.124, -2.405]": 410.0,
            "(-2.405, -2.051]": 409.0,
            "(-2.051, -1.772]": 410.0,
            "(-1.772, -1.501]": 409.0,
            "(-1.501, -1.235]": 410.0,
            "(-1.235, -0.94]": 409.0,
            "(-0.94, -0.585]": 410.0,
            "(-0.585, -0.181]": 409.0,
            "(-0.181, -0.000131]": 410.0
        },
        "correct_product": {
            "(-10.192, -3.124]": 0.02926829268292683,
            "(-3.124, -2.405]": 0.04390243902439024,
            "(-2.405, -2.051]": 0.07823960880195599,
            "(-2.051, -1.772]": 0.06829268292682927,
            "(-1.772, -1.501]": 0.10513447432762836,
            "(-1.501, -1.235]": 0.09268292682926829,
            "(-1.235, -0.94]": 0.12469437652811736,
            "(-0.94, -0.585]": 0.09024390243902439,
            "(-0.585, -0.181]": 0.1100244498777506,
            "(-0.181, -0.000131]": 0.12682926829268293
        },
        "correct_factorization": {
            "(-10.192, -3.124]": 0.007317073170731708,
            "(-3.124, -2.405]": 0.024390243902439025,
            "(-2.405, -2.051]": 0.044009779951100246,
            "(-2.051, -1.772]": 0.02926829268292683,
            "(-1.772, -1.501]": 0.0488997555012225,
            "(-1.501, -1.235]": 0.046341463414634146,
            "(-1.235, -0.94]": 0.06601466992665037,
            "(-0.94, -0.585]": 0.05121951219512195,
            "(-0.585, -0.181]": 0.09535452322738386,
            "(-0.181, -0.000131]": 0.11951219512195121
        },
        "percent_prime_factors_pred": {
            "(-10.192, -3.124]": 0.915098722415796,
            "(-3.124, -2.405]": 0.8567653890824624,
            "(-2.405, -2.051]": 0.8356560717196412,
            "(-2.051, -1.772]": 0.8235946573751454,
            "(-1.772, -1.501]": 0.8251775526836652,
            "(-1.501, -1.235]": 0.8331068524970964,
            "(-1.235, -0.94]": 0.8436634066829666,
            "(-0.94, -0.585]": 0.8623519163763067,
            "(-0.585, -0.181]": 0.9493480032599839,
            "(-0.181, -0.000131]": 0.9858943089430895
        }
    },
    "by_num_target_factors": {
        "group_size": {
            "1": 192,
            "2": 466,
            "3": 501,
            "4": 401,
            "5": 237,
            "6": 131,
            "7": 62,
            "8": 32,
            "9": 12,
            "10": 7,
            "11": 5,
            "12": 1,
            "16": 1
        },
        "correct_product_mean": {
            "1": 0.3229166666666667,
            "2": 0.1781115879828326,
            "3": 0.1157684630738523,
            "4": 0.14962593516209477,
            "5": 0.1729957805907173,
            "6": 0.1297709923664122,
            "7": 0.11290322580645161,
            "8": 0.09375,
            "9": 0.16666666666666666,
            "10": 0.14285714285714285,
            "11": 0.0,
            "12": 1.0,
            "16": 1.0
        },
        "correct_factorization_mean": {
            "1": 0.3229166666666667,
            "2": 0.0407725321888412,
            "3": 0.04790419161676647,
            "4": 0.11970074812967581,
            "5": 0.16033755274261605,
            "6": 0.12213740458015267,
            "7": 0.08064516129032258,
            "8": 0.0625,
            "9": 0.08333333333333333,
            "10": 0.14285714285714285,
            "11": 0.0,
            "12": 1.0,
            "16": 1.0
        }
    },
    "by_input_num": {
        "group_size": {
            "(65535.999, 65740.7]": 205,
            "(65740.7, 65945.4]": 205,
            "(65945.4, 66150.1]": 205,
            "(66150.1, 66354.8]": 204,
            "(66354.8, 66559.5]": 205,
            "(66559.5, 66764.2]": 205,
            "(66764.2, 66968.9]": 204,
            "(66968.9, 67173.6]": 205,
            "(67173.6, 67378.3]": 205,
            "(67378.3, 67583.0]": 205
        },
        "correct_product_mean": {
            "(65535.999, 65740.7]": 0.5170731707317073,
            "(65740.7, 65945.4]": 0.06829268292682927,
            "(65945.4, 66150.1]": 0.024390243902439025,
            "(66150.1, 66354.8]": 0.014705882352941176,
            "(66354.8, 66559.5]": 0.14634146341463414,
            "(66559.5, 66764.2]": 0.24878048780487805,
            "(66764.2, 66968.9]": 0.08333333333333333,
            "(66968.9, 67173.6]": 0.12682926829268293,
            "(67173.6, 67378.3]": 0.1902439024390244,
            "(67378.3, 67583.0]": 0.21951219512195122
        },
        "correct_factorization_mean": {
            "(65535.999, 65740.7]": 0.40487804878048783,
            "(65740.7, 65945.4]": 0.02926829268292683,
            "(65945.4, 66150.1]": 0.01951219512195122,
            "(66150.1, 66354.8]": 0.014705882352941176,
            "(66354.8, 66559.5]": 0.06341463414634146,
            "(66559.5, 66764.2]": 0.09268292682926829,
            "(66764.2, 66968.9]": 0.024509803921568627,
            "(66968.9, 67173.6]": 0.08780487804878048,
            "(67173.6, 67378.3]": 0.15121951219512195,
            "(67378.3, 67583.0]": 0.17560975609756097
        }
    },
    "pred_same_as_input_beam_0": {
        "0": {
            "input_is_prime": false,
            "pred_same_as_input": false,
            "group_size": 1796,
            "correct_product_mean": 0.07126948775055679,
            "correct_factorization_mean": 0.062360801781737196
        },
        "1": {
            "input_is_prime": false,
            "pred_same_as_input": true,
            "group_size": 60,
            "correct_product_mean": 1.0,
            "correct_factorization_mean": 0.0
        },
        "2": {
            "input_is_prime": true,
            "pred_same_as_input": false,
            "group_size": 151,
            "correct_product_mean": 0.0,
            "correct_factorization_mean": 0.0
        },
        "3": {
            "input_is_prime": true,
            "pred_same_as_input": true,
            "group_size": 41,
            "correct_product_mean": 1.0,
            "correct_factorization_mean": 1.0
        }
    },
    "by_min_factor_composite_only": {
        "0": {
            "min_factor_decile": "(1.999, 3.0]",
            "group_size": 1365,
            "correct_product_mean": 0.11501831501831501,
            "correct_factorization_mean": 0.07545787545787545
        },
        "1": {
            "min_factor_decile": "(3.0, 5.0]",
            "group_size": 136,
            "correct_product_mean": 0.17647058823529413,
            "correct_factorization_mean": 0.051470588235294115
        },
        "2": {
            "min_factor_decile": "(5.0, 17.0]",
            "group_size": 176,
            "correct_product_mean": 0.2727272727272727,
            "correct_factorization_mean": 0.011363636363636364
        },
        "3": {
            "min_factor_decile": "(17.0, 257.0]",
            "group_size": 179,
            "correct_product_mean": 0.25139664804469275,
            "correct_factorization_mean": 0.0
        }
    },
    "loss": 0.5090199746191502,
    "meta": {
        "n_beams": 2,
        "temperature": 1.0
    }
}