{
    "correct": {
        "correct_product": 0.9700971463266546,
        "correct_factorization": 0.8401639344262295
    },
    "beam_accuracy": {
        "correct_product": {
            "0": 0.944140862173649,
            "1": 0.23224043715846995
        },
        "correct_factorization": {
            "0": 0.7929568913175471,
            "1": 0.04751062537947784
        }
    },
    "by_prob": {
        "group_size": {
            "(-14.554, -8.498]": 1318.0,
            "(-8.498, -6.013]": 1318.0,
            "(-6.013, -3.439]": 1317.0,
            "(-3.439, -2.211]": 1318.0,
            "(-2.211, -1.192]": 1317.0,
            "(-1.192, -0.81]": 1318.0,
            "(-0.81, -0.074]": 1317.0,
            "(-0.074, -0.00478]": 1318.0,
            "(-0.00478, -0.000449]": 1317.0,
            "(-0.000449, -1.79e-06]": 1318.0
        },
        "correct_product": {
            "(-14.554, -8.498]": 0.18968133535660092,
            "(-8.498, -6.013]": 0.2336874051593323,
            "(-6.013, -3.439]": 0.2611996962794229,
            "(-3.439, -2.211]": 0.1479514415781487,
            "(-2.211, -1.192]": 0.33788914198936976,
            "(-1.192, -0.81]": 0.8429438543247344,
            "(-0.81, -0.074]": 0.8754745634016705,
            "(-0.074, -0.00478]": 0.9931714719271624,
            "(-0.00478, -0.000449]": 1.0,
            "(-0.000449, -1.79e-06]": 1.0
        },
        "correct_factorization": {
            "(-14.554, -8.498]": 0.0007587253414264037,
            "(-8.498, -6.013]": 0.0007587253414264037,
            "(-6.013, -3.439]": 0.0037965072133637054,
            "(-3.439, -2.211]": 0.042488619119878605,
            "(-2.211, -1.192]": 0.17539863325740318,
            "(-1.192, -0.81]": 0.33915022761760244,
            "(-0.81, -0.074]": 0.6529992406985573,
            "(-0.074, -0.00478]": 0.9871016691957512,
            "(-0.00478, -0.000449]": 1.0,
            "(-0.000449, -1.79e-06]": 1.0
        },
        "percent_prime_factors_pred": {
            "(-14.554, -8.498]": 0.8509791169882192,
            "(-8.498, -6.013]": 0.8857106727364678,
            "(-6.013, -3.439]": 0.8417742343710437,
            "(-3.439, -2.211]": 0.857169954476479,
            "(-2.211, -1.192]": 0.8463490255631477,
            "(-1.192, -0.81]": 0.5366506491316809,
            "(-0.81, -0.074]": 0.8397494305239178,
            "(-0.074, -0.00478]": 0.9974709155285787,
            "(-0.00478, -0.000449]": 1.0,
            "(-0.000449, -1.79e-06]": 1.0
        }
    },
    "by_num_target_factors": {
        "group_size": {
            "1": 668,
            "2": 1601,
            "3": 1720,
            "4": 1198,
            "5": 715,
            "6": 373,
            "7": 165,
            "8": 79,
            "9": 35,
            "10": 20,
            "11": 8,
            "12": 3,
            "13": 3
        },
        "correct_product_mean": {
            "1": 0.9880239520958084,
            "2": 0.9881324172392255,
            "3": 0.9924418604651163,
            "4": 0.9874791318864775,
            "5": 0.951048951048951,
            "6": 0.9115281501340483,
            "7": 0.8666666666666667,
            "8": 0.759493670886076,
            "9": 0.5714285714285714,
            "10": 0.45,
            "11": 0.5,
            "12": 0.6666666666666666,
            "13": 0.3333333333333333
        },
        "correct_factorization_mean": {
            "1": 0.9880239520958084,
            "2": 0.6945658963148033,
            "3": 0.8267441860465117,
            "4": 0.9415692821368948,
            "5": 0.9132867132867133,
            "6": 0.871313672922252,
            "7": 0.8484848484848485,
            "8": 0.7468354430379747,
            "9": 0.5714285714285714,
            "10": 0.45,
            "11": 0.5,
            "12": 0.6666666666666666,
            "13": 0.3333333333333333
        }
    },
    "by_input_num": {
        "group_size": {
            "(7.999, 6350.5]": 659,
            "(6350.5, 12996.8]": 659,
            "(12996.8, 19472.5]": 659,
            "(19472.5, 26116.8]": 658,
            "(26116.8, 32574.0]": 659,
            "(32574.0, 39331.6]": 659,
            "(39331.6, 46013.7]": 658,
            "(46013.7, 52699.4]": 659,
            "(52699.4, 59007.6]": 659,
            "(59007.6, 65528.0]": 659
        },
        "correct_product_mean": {
            "(7.999, 6350.5]": 1.0,
            "(6350.5, 12996.8]": 0.9969650986342944,
            "(12996.8, 19472.5]": 0.992412746585736,
            "(19472.5, 26116.8]": 0.9620060790273556,
            "(26116.8, 32574.0]": 0.9635811836115327,
            "(32574.0, 39331.6]": 0.9742033383915023,
            "(39331.6, 46013.7]": 0.958966565349544,
            "(46013.7, 52699.4]": 0.9301972685887708,
            "(52699.4, 59007.6]": 0.9635811836115327,
            "(59007.6, 65528.0]": 0.9590288315629742
        },
        "correct_factorization_mean": {
            "(7.999, 6350.5]": 1.0,
            "(6350.5, 12996.8]": 0.9954476479514416,
            "(12996.8, 19472.5]": 0.9848254931714719,
            "(19472.5, 26116.8]": 0.9088145896656535,
            "(26116.8, 32574.0]": 0.8163884673748103,
            "(32574.0, 39331.6]": 0.7738998482549317,
            "(39331.6, 46013.7]": 0.7629179331306991,
            "(46013.7, 52699.4]": 0.7496206373292867,
            "(52699.4, 59007.6]": 0.7040971168437026,
            "(59007.6, 65528.0]": 0.7056145675265554
        }
    },
    "pred_same_as_input_beam_0": {
        "0": {
            "input_is_prime": false,
            "pred_same_as_input": false,
            "group_size": 5170,
            "correct_product_mean": 0.9315280464216634,
            "correct_factorization_mean": 0.8839458413926499
        },
        "1": {
            "input_is_prime": false,
            "pred_same_as_input": true,
            "group_size": 750,
            "correct_product_mean": 1.0,
            "correct_factorization_mean": 0.0
        },
        "2": {
            "input_is_prime": true,
            "pred_same_as_input": false,
            "group_size": 14,
            "correct_product_mean": 0.0,
            "correct_factorization_mean": 0.0
        },
        "3": {
            "input_is_prime": true,
            "pred_same_as_input": true,
            "group_size": 654,
            "correct_product_mean": 1.0,
            "correct_factorization_mean": 1.0
        }
    },
    "by_min_factor_composite_only": {
        "0": {
            "min_factor_decile": "(1.999, 3.0]",
            "group_size": 4339,
            "correct_product_mean": 0.9622032726434663,
            "correct_factorization_mean": 0.8741645540447107
        },
        "1": {
            "min_factor_decile": "(3.0, 5.0]",
            "group_size": 447,
            "correct_product_mean": 0.9843400447427293,
            "correct_factorization_mean": 0.9664429530201343
        },
        "2": {
            "min_factor_decile": "(5.0, 17.0]",
            "group_size": 614,
            "correct_product_mean": 0.9869706840390879,
            "correct_factorization_mean": 0.34201954397394135
        },
        "3": {
            "min_factor_decile": "(17.0, 241.0]",
            "group_size": 520,
            "correct_product_mean": 0.9807692307692307,
            "correct_factorization_mean": 0.25961538461538464
        }
    },
    "loss": 0.04767951777634712,
    "meta": {
        "n_beams": 2,
        "temperature": 1.0
    }
}