{
    "correct": {
        "correct_product": 0.8798828125,
        "correct_factorization": 0.642578125
    },
    "beam_accuracy": {
        "correct_product": {
            "0": 0.84521484375,
            "1": 0.17724609375
        },
        "correct_factorization": {
            "0": 0.58349609375,
            "1": 0.05908203125
        }
    },
    "by_prob": {
        "group_size": {
            "(-11.998999999999999, -4.879]": 410.0,
            "(-4.879, -3.334]": 410.0,
            "(-3.334, -2.712]": 409.0,
            "(-2.712, -2.031]": 410.0,
            "(-2.031, -1.5]": 409.0,
            "(-1.5, -1.135]": 410.0,
            "(-1.135, -0.859]": 409.0,
            "(-0.859, -0.356]": 410.0,
            "(-0.356, -0.0166]": 409.0,
            "(-0.0166, -1.37e-05]": 410.0
        },
        "correct_product": {
            "(-11.998999999999999, -4.879]": 0.2121951219512195,
            "(-4.879, -3.334]": 0.12195121951219512,
            "(-3.334, -2.712]": 0.06356968215158924,
            "(-2.712, -2.031]": 0.15853658536585366,
            "(-2.031, -1.5]": 0.39119804400978,
            "(-1.5, -1.135]": 0.7,
            "(-1.135, -0.859]": 0.8215158924205379,
            "(-0.859, -0.356]": 0.7414634146341463,
            "(-0.356, -0.0166]": 0.9095354523227384,
            "(-0.0166, -1.37e-05]": 0.9926829268292683
        },
        "correct_factorization": {
            "(-11.998999999999999, -4.879]": 0.004878048780487805,
            "(-4.879, -3.334]": 0.004878048780487805,
            "(-3.334, -2.712]": 0.019559902200488997,
            "(-2.712, -2.031]": 0.06341463414634146,
            "(-2.031, -1.5]": 0.18092909535452323,
            "(-1.5, -1.135]": 0.3048780487804878,
            "(-1.135, -0.859]": 0.3080684596577017,
            "(-0.859, -0.356]": 0.4560975609756098,
            "(-0.356, -0.0166]": 0.8801955990220048,
            "(-0.0166, -1.37e-05]": 0.9902439024390244
        },
        "percent_prime_factors_pred": {
            "(-11.998999999999999, -4.879]": 0.9093437862950062,
            "(-4.879, -3.334]": 0.9202032520325206,
            "(-3.334, -2.712]": 0.931825590872046,
            "(-2.712, -2.031]": 0.8943902439024394,
            "(-2.031, -1.5]": 0.8184945860984981,
            "(-1.5, -1.135]": 0.6504878048780488,
            "(-1.135, -0.859]": 0.5720456397718011,
            "(-0.859, -0.356]": 0.8604065040650407,
            "(-0.356, -0.0166]": 0.9861858190709047,
            "(-0.0166, -1.37e-05]": 0.999390243902439
        }
    },
    "by_num_target_factors": {
        "group_size": {
            "1": 192,
            "2": 466,
            "3": 501,
            "4": 401,
            "5": 237,
            "6": 131,
            "7": 62,
            "8": 32,
            "9": 12,
            "10": 7,
            "11": 5,
            "12": 1,
            "16": 1
        },
        "correct_product_mean": {
            "1": 0.875,
            "2": 0.9613733905579399,
            "3": 0.9580838323353293,
            "4": 0.9102244389027432,
            "5": 0.7679324894514767,
            "6": 0.7099236641221374,
            "7": 0.6935483870967742,
            "8": 0.53125,
            "9": 0.4166666666666667,
            "10": 0.0,
            "11": 0.2,
            "12": 0.0,
            "16": 0.0
        },
        "correct_factorization_mean": {
            "1": 0.875,
            "2": 0.4678111587982833,
            "3": 0.5868263473053892,
            "4": 0.7830423940149626,
            "5": 0.7130801687763713,
            "6": 0.6717557251908397,
            "7": 0.6774193548387096,
            "8": 0.53125,
            "9": 0.4166666666666667,
            "10": 0.0,
            "11": 0.2,
            "12": 0.0,
            "16": 0.0
        }
    },
    "by_input_num": {
        "group_size": {
            "(65535.999, 65740.7]": 205,
            "(65740.7, 65945.4]": 205,
            "(65945.4, 66150.1]": 205,
            "(66150.1, 66354.8]": 204,
            "(66354.8, 66559.5]": 205,
            "(66559.5, 66764.2]": 205,
            "(66764.2, 66968.9]": 204,
            "(66968.9, 67173.6]": 205,
            "(67173.6, 67378.3]": 205,
            "(67378.3, 67583.0]": 205
        },
        "correct_product_mean": {
            "(65535.999, 65740.7]": 0.9317073170731708,
            "(65740.7, 65945.4]": 0.9170731707317074,
            "(65945.4, 66150.1]": 0.9121951219512195,
            "(66150.1, 66354.8]": 0.8872549019607843,
            "(66354.8, 66559.5]": 0.9073170731707317,
            "(66559.5, 66764.2]": 0.8975609756097561,
            "(66764.2, 66968.9]": 0.8529411764705882,
            "(66968.9, 67173.6]": 0.8682926829268293,
            "(67173.6, 67378.3]": 0.8195121951219512,
            "(67378.3, 67583.0]": 0.8048780487804879
        },
        "correct_factorization_mean": {
            "(65535.999, 65740.7]": 0.7073170731707317,
            "(65740.7, 65945.4]": 0.6390243902439025,
            "(65945.4, 66150.1]": 0.6585365853658537,
            "(66150.1, 66354.8]": 0.5980392156862745,
            "(66354.8, 66559.5]": 0.6439024390243903,
            "(66559.5, 66764.2]": 0.6487804878048781,
            "(66764.2, 66968.9]": 0.6421568627450981,
            "(66968.9, 67173.6]": 0.6341463414634146,
            "(67173.6, 67378.3]": 0.6097560975609756,
            "(67378.3, 67583.0]": 0.6439024390243903
        }
    },
    "pred_same_as_input_beam_0": {
        "0": {
            "input_is_prime": false,
            "pred_same_as_input": false,
            "group_size": 1531,
            "correct_product_mean": 0.8086218158066623,
            "correct_factorization_mean": 0.6708033964728936
        },
        "1": {
            "input_is_prime": false,
            "pred_same_as_input": true,
            "group_size": 325,
            "correct_product_mean": 1.0,
            "correct_factorization_mean": 0.0
        },
        "2": {
            "input_is_prime": true,
            "pred_same_as_input": false,
            "group_size": 24,
            "correct_product_mean": 0.0,
            "correct_factorization_mean": 0.0
        },
        "3": {
            "input_is_prime": true,
            "pred_same_as_input": true,
            "group_size": 168,
            "correct_product_mean": 1.0,
            "correct_factorization_mean": 1.0
        }
    },
    "by_min_factor_composite_only": {
        "0": {
            "min_factor_decile": "(1.999, 3.0]",
            "group_size": 1365,
            "correct_product_mean": 0.8703296703296703,
            "correct_factorization_mean": 0.671062271062271
        },
        "1": {
            "min_factor_decile": "(3.0, 5.0]",
            "group_size": 136,
            "correct_product_mean": 0.8676470588235294,
            "correct_factorization_mean": 0.8161764705882353
        },
        "2": {
            "min_factor_decile": "(5.0, 17.0]",
            "group_size": 176,
            "correct_product_mean": 0.9204545454545454,
            "correct_factorization_mean": 0.0
        },
        "3": {
            "min_factor_decile": "(17.0, 257.0]",
            "group_size": 179,
            "correct_product_mean": 0.9273743016759777,
            "correct_factorization_mean": 0.0
        }
    },
    "loss": 0.1173459142446518,
    "meta": {
        "n_beams": 2,
        "temperature": 1.0
    }
}