{
    "correct": {
        "correct_product": 0.9685792349726776,
        "correct_factorization": 0.7096235579842137
    },
    "beam_accuracy": {
        "correct_product": {
            "0": 0.9439890710382514,
            "1": 0.19914996964177292
        },
        "correct_factorization": {
            "0": 0.6197632058287796,
            "1": 0.08986035215543413
        }
    },
    "by_prob": {
        "group_size": {
            "(-11.024999999999999, -4.583]": 1318.0,
            "(-4.583, -2.975]": 1318.0,
            "(-2.975, -2.481]": 1317.0,
            "(-2.481, -2.055]": 1318.0,
            "(-2.055, -1.281]": 1317.0,
            "(-1.281, -0.928]": 1318.0,
            "(-0.928, -0.793]": 1317.0,
            "(-0.793, -0.432]": 1318.0,
            "(-0.432, -0.0241]": 1317.0,
            "(-0.0241, -0.000418]": 1318.0
        },
        "correct_product": {
            "(-11.024999999999999, -4.583]": 0.18057663125948406,
            "(-4.583, -2.975]": 0.1449165402124431,
            "(-2.975, -2.481]": 0.13743356112376615,
            "(-2.481, -2.055]": 0.16160849772382396,
            "(-2.055, -1.281]": 0.3675018982536067,
            "(-1.281, -0.928]": 0.849772382397572,
            "(-0.928, -0.793]": 0.9643128321943811,
            "(-0.793, -0.432]": 0.9355083459787557,
            "(-0.432, -0.0241]": 0.9749430523917996,
            "(-0.0241, -0.000418]": 0.9992412746585736
        },
        "correct_factorization": {
            "(-11.024999999999999, -4.583]": 0.0007587253414264037,
            "(-4.583, -2.975]": 0.025796661608497723,
            "(-2.975, -2.481]": 0.05770690964312832,
            "(-2.481, -2.055]": 0.11153262518968134,
            "(-2.055, -1.281]": 0.2384206529992407,
            "(-1.281, -0.928]": 0.3490136570561457,
            "(-0.928, -0.793]": 0.3424449506454062,
            "(-0.793, -0.432]": 0.5022761760242792,
            "(-0.432, -0.0241]": 0.9210326499620349,
            "(-0.0241, -0.000418]": 0.9992412746585736
        },
        "percent_prime_factors_pred": {
            "(-11.024999999999999, -4.583]": 0.9337605679601109,
            "(-4.583, -2.975]": 0.874355083459787,
            "(-2.975, -2.481]": 0.8733611743862306,
            "(-2.481, -2.055]": 0.9389731917046027,
            "(-2.055, -1.281]": 0.9320289619264559,
            "(-1.281, -0.928]": 0.6171724835609501,
            "(-0.928, -0.793]": 0.5033156162996709,
            "(-0.793, -0.432]": 0.7375370330226151,
            "(-0.432, -0.0241]": 0.9727031131359153,
            "(-0.0241, -0.000418]": 1.0
        }
    },
    "by_num_target_factors": {
        "group_size": {
            "1": 668,
            "2": 1601,
            "3": 1720,
            "4": 1198,
            "5": 715,
            "6": 373,
            "7": 165,
            "8": 79,
            "9": 35,
            "10": 20,
            "11": 8,
            "12": 3,
            "13": 3
        },
        "correct_product_mean": {
            "1": 0.9985029940119761,
            "2": 0.995627732667083,
            "3": 0.9941860465116279,
            "4": 0.986644407345576,
            "5": 0.9538461538461539,
            "6": 0.8632707774798928,
            "7": 0.8242424242424242,
            "8": 0.6835443037974683,
            "9": 0.6571428571428571,
            "10": 0.35,
            "11": 0.25,
            "12": 0.6666666666666666,
            "13": 0.0
        },
        "correct_factorization_mean": {
            "1": 0.9985029940119761,
            "2": 0.5977514053716427,
            "3": 0.583139534883721,
            "4": 0.7612687813021702,
            "5": 0.8447552447552448,
            "6": 0.8257372654155496,
            "7": 0.8242424242424242,
            "8": 0.6835443037974683,
            "9": 0.6571428571428571,
            "10": 0.35,
            "11": 0.25,
            "12": 0.6666666666666666,
            "13": 0.0
        }
    },
    "by_input_num": {
        "group_size": {
            "(7.999, 6350.5]": 659,
            "(6350.5, 12996.8]": 659,
            "(12996.8, 19472.5]": 659,
            "(19472.5, 26116.8]": 658,
            "(26116.8, 32574.0]": 659,
            "(32574.0, 39331.6]": 659,
            "(39331.6, 46013.7]": 658,
            "(46013.7, 52699.4]": 659,
            "(52699.4, 59007.6]": 659,
            "(59007.6, 65528.0]": 659
        },
        "correct_product_mean": {
            "(7.999, 6350.5]": 0.9908952959028832,
            "(6350.5, 12996.8]": 0.9893778452200304,
            "(12996.8, 19472.5]": 0.9878603945371776,
            "(19472.5, 26116.8]": 0.9756838905775076,
            "(26116.8, 32574.0]": 0.9650986342943855,
            "(32574.0, 39331.6]": 0.9544764795144158,
            "(39331.6, 46013.7]": 0.958966565349544,
            "(46013.7, 52699.4]": 0.9499241274658573,
            "(52699.4, 59007.6]": 0.9559939301972686,
            "(59007.6, 65528.0]": 0.9575113808801214
        },
        "correct_factorization_mean": {
            "(7.999, 6350.5]": 0.9650986342943855,
            "(6350.5, 12996.8]": 0.8922610015174507,
            "(12996.8, 19472.5]": 0.8133535660091047,
            "(19472.5, 26116.8]": 0.7370820668693009,
            "(26116.8, 32574.0]": 0.6798179059180577,
            "(32574.0, 39331.6]": 0.5978755690440061,
            "(39331.6, 46013.7]": 0.6139817629179332,
            "(46013.7, 52699.4]": 0.6160849772382397,
            "(52699.4, 59007.6]": 0.5933232169954477,
            "(59007.6, 65528.0]": 0.5872534142640364
        }
    },
    "pred_same_as_input_beam_0": {
        "0": {
            "input_is_prime": false,
            "pred_same_as_input": false,
            "group_size": 4853,
            "correct_product_mean": 0.9245827323305172,
            "correct_factorization_mean": 0.7043066144652792
        },
        "1": {
            "input_is_prime": false,
            "pred_same_as_input": true,
            "group_size": 1067,
            "correct_product_mean": 1.0,
            "correct_factorization_mean": 0.0
        },
        "2": {
            "input_is_prime": true,
            "pred_same_as_input": false,
            "group_size": 3,
            "correct_product_mean": 0.0,
            "correct_factorization_mean": 0.0
        },
        "3": {
            "input_is_prime": true,
            "pred_same_as_input": true,
            "group_size": 665,
            "correct_product_mean": 1.0,
            "correct_factorization_mean": 1.0
        }
    },
    "by_min_factor_composite_only": {
        "0": {
            "min_factor_decile": "(1.999, 3.0]",
            "group_size": 4339,
            "correct_product_mean": 0.9569025120995621,
            "correct_factorization_mean": 0.7043097487900438
        },
        "1": {
            "min_factor_decile": "(3.0, 5.0]",
            "group_size": 447,
            "correct_product_mean": 0.970917225950783,
            "correct_factorization_mean": 0.697986577181208
        },
        "2": {
            "min_factor_decile": "(5.0, 17.0]",
            "group_size": 614,
            "correct_product_mean": 0.996742671009772,
            "correct_factorization_mean": 0.04560260586319218
        },
        "3": {
            "min_factor_decile": "(17.0, 241.0]",
            "group_size": 520,
            "correct_product_mean": 0.9923076923076923,
            "correct_factorization_mean": 0.04230769230769231
        }
    },
    "loss": 0.07389475415962246,
    "meta": {
        "n_beams": 2,
        "temperature": 1.0
    }
}