{
    "correct": {
        "correct_product": 0.9310868245294475,
        "correct_factorization": 0.6870066788099575
    },
    "beam_accuracy": {
        "correct_product": {
            "0": 0.8914693381906497,
            "1": 0.19247115968427445
        },
        "correct_factorization": {
            "0": 0.6220400728597449,
            "1": 0.06572556162720097
        }
    },
    "by_prob": {
        "group_size": {
            "(-14.677, -5.363]": 1318.0,
            "(-5.363, -3.175]": 1318.0,
            "(-3.175, -2.458]": 1317.0,
            "(-2.458, -1.824]": 1318.0,
            "(-1.824, -1.295]": 1317.0,
            "(-1.295, -0.938]": 1318.0,
            "(-0.938, -0.621]": 1317.0,
            "(-0.621, -0.183]": 1318.0,
            "(-0.183, -0.00904]": 1317.0,
            "(-0.00904, -1.07e-06]": 1318.0
        },
        "correct_product": {
            "(-14.677, -5.363]": 0.1661608497723824,
            "(-5.363, -3.175]": 0.13808801213960548,
            "(-3.175, -2.458]": 0.1017463933181473,
            "(-2.458, -1.824]": 0.1669195751138088,
            "(-1.824, -1.295]": 0.36370539104024296,
            "(-1.295, -0.938]": 0.7268588770864947,
            "(-0.938, -0.621]": 0.8625664388762339,
            "(-0.621, -0.183]": 0.9104704097116844,
            "(-0.183, -0.00904]": 0.9832953682611997,
            "(-0.00904, -1.07e-06]": 1.0
        },
        "correct_factorization": {
            "(-14.677, -5.363]": 0.0037936267071320183,
            "(-5.363, -3.175]": 0.014415781487101669,
            "(-3.175, -2.458]": 0.026575550493545937,
            "(-2.458, -1.824]": 0.07663125948406677,
            "(-1.824, -1.295]": 0.17995444191343962,
            "(-1.295, -0.938]": 0.287556904400607,
            "(-0.938, -0.621]": 0.36294608959757024,
            "(-0.621, -0.183]": 0.5584218512898331,
            "(-0.183, -0.00904]": 0.929384965831435,
            "(-0.00904, -1.07e-06]": 0.9992412746585736
        },
        "percent_prime_factors_pred": {
            "(-14.677, -5.363]": 0.8725335404773948,
            "(-5.363, -3.175]": 0.8591426403641881,
            "(-3.175, -2.458]": 0.8204848682069639,
            "(-2.458, -1.824]": 0.8597496206373294,
            "(-1.824, -1.295]": 0.82487706548071,
            "(-1.295, -0.938]": 0.6442896885613122,
            "(-0.938, -0.621]": 0.6116679321690711,
            "(-0.621, -0.183]": 0.7993297926150733,
            "(-0.183, -0.00904]": 0.9786509744368516,
            "(-0.00904, -1.07e-06]": 0.9998482549317147
        }
    },
    "by_num_target_factors": {
        "group_size": {
            "1": 668,
            "2": 1601,
            "3": 1720,
            "4": 1198,
            "5": 715,
            "6": 373,
            "7": 165,
            "8": 79,
            "9": 35,
            "10": 20,
            "11": 8,
            "12": 3,
            "13": 3
        },
        "correct_product_mean": {
            "1": 0.9700598802395209,
            "2": 0.9600249843847595,
            "3": 0.958139534883721,
            "4": 0.9198664440734557,
            "5": 0.9202797202797203,
            "6": 0.871313672922252,
            "7": 0.7878787878787878,
            "8": 0.5949367088607594,
            "9": 0.6,
            "10": 0.6,
            "11": 0.5,
            "12": 0.0,
            "13": 0.6666666666666666
        },
        "correct_factorization_mean": {
            "1": 0.9700598802395209,
            "2": 0.5840099937539038,
            "3": 0.6290697674418605,
            "4": 0.6853088480801336,
            "5": 0.7832167832167832,
            "6": 0.7613941018766756,
            "7": 0.6787878787878788,
            "8": 0.5949367088607594,
            "9": 0.5714285714285714,
            "10": 0.55,
            "11": 0.5,
            "12": 0.0,
            "13": 0.6666666666666666
        }
    },
    "by_input_num": {
        "group_size": {
            "(7.999, 6350.5]": 659,
            "(6350.5, 12996.8]": 659,
            "(12996.8, 19472.5]": 659,
            "(19472.5, 26116.8]": 658,
            "(26116.8, 32574.0]": 659,
            "(32574.0, 39331.6]": 659,
            "(39331.6, 46013.7]": 658,
            "(46013.7, 52699.4]": 659,
            "(52699.4, 59007.6]": 659,
            "(59007.6, 65528.0]": 659
        },
        "correct_product_mean": {
            "(7.999, 6350.5]": 0.9939301972685888,
            "(6350.5, 12996.8]": 0.9772382397572079,
            "(12996.8, 19472.5]": 0.928679817905918,
            "(19472.5, 26116.8]": 0.925531914893617,
            "(26116.8, 32574.0]": 0.9317147192716236,
            "(32574.0, 39331.6]": 0.9195751138088012,
            "(39331.6, 46013.7]": 0.925531914893617,
            "(46013.7, 52699.4]": 0.9059180576631259,
            "(52699.4, 59007.6]": 0.9104704097116844,
            "(59007.6, 65528.0]": 0.8922610015174507
        },
        "correct_factorization_mean": {
            "(7.999, 6350.5]": 0.9878603945371776,
            "(6350.5, 12996.8]": 0.9408194233687405,
            "(12996.8, 19472.5]": 0.8072837632776935,
            "(19472.5, 26116.8]": 0.7006079027355623,
            "(26116.8, 32574.0]": 0.6874051593323217,
            "(32574.0, 39331.6]": 0.5842185128983308,
            "(39331.6, 46013.7]": 0.5562310030395137,
            "(46013.7, 52699.4]": 0.5705614567526556,
            "(52699.4, 59007.6]": 0.5235204855842185,
            "(59007.6, 65528.0]": 0.511380880121396
        }
    },
    "pred_same_as_input_beam_0": {
        "0": {
            "input_is_prime": false,
            "pred_same_as_input": false,
            "group_size": 5920,
            "correct_product_mean": 0.8839527027027027,
            "correct_factorization_mean": 0.5841216216216216
        },
        "1": {
            "input_is_prime": true,
            "pred_same_as_input": false,
            "group_size": 665,
            "correct_product_mean": 0.9578947368421052,
            "correct_factorization_mean": 0.9578947368421052
        },
        "2": {
            "input_is_prime": true,
            "pred_same_as_input": true,
            "group_size": 3,
            "correct_product_mean": 1.0,
            "correct_factorization_mean": 1.0
        }
    },
    "by_min_factor_composite_only": {
        "0": {
            "min_factor_decile": "(1.999, 3.0]",
            "group_size": 4339,
            "correct_product_mean": 0.9098870707536298,
            "correct_factorization_mean": 0.6722747176768841
        },
        "1": {
            "min_factor_decile": "(3.0, 5.0]",
            "group_size": 447,
            "correct_product_mean": 0.9664429530201343,
            "correct_factorization_mean": 0.825503355704698
        },
        "2": {
            "min_factor_decile": "(5.0, 17.0]",
            "group_size": 614,
            "correct_product_mean": 0.9771986970684039,
            "correct_factorization_mean": 0.16612377850162866
        },
        "3": {
            "min_factor_decile": "(17.0, 241.0]",
            "group_size": 520,
            "correct_product_mean": 0.9730769230769231,
            "correct_factorization_mean": 0.1346153846153846
        }
    },
    "loss": 0.21561687192176582,
    "meta": {
        "n_beams": 2,
        "temperature": 1.0
    }
}