{
    "correct": {
        "correct_product": 0.80810546875,
        "correct_factorization": 0.46484375
    },
    "beam_accuracy": {
        "correct_product": {
            "0": 0.76611328125,
            "1": 0.115234375
        },
        "correct_factorization": {
            "0": 0.40673828125,
            "1": 0.05859375
        }
    },
    "by_prob": {
        "group_size": {
            "(-11.651, -3.81]": 410.0,
            "(-3.81, -3.025]": 410.0,
            "(-3.025, -2.468]": 409.0,
            "(-2.468, -1.991]": 410.0,
            "(-1.991, -1.569]": 409.0,
            "(-1.569, -1.259]": 410.0,
            "(-1.259, -0.976]": 409.0,
            "(-0.976, -0.724]": 410.0,
            "(-0.724, -0.357]": 409.0,
            "(-0.357, -8.23e-06]": 410.0
        },
        "correct_product": {
            "(-11.651, -3.81]": 0.06097560975609756,
            "(-3.81, -3.025]": 0.036585365853658534,
            "(-3.025, -2.468]": 0.061124694376528114,
            "(-2.468, -1.991]": 0.0975609756097561,
            "(-1.991, -1.569]": 0.2200488997555012,
            "(-1.569, -1.259]": 0.5536585365853659,
            "(-1.259, -0.976]": 0.7188264058679706,
            "(-0.976, -0.724]": 0.8341463414634146,
            "(-0.724, -0.357]": 0.8728606356968215,
            "(-0.357, -8.23e-06]": 0.9512195121951219
        },
        "correct_factorization": {
            "(-11.651, -3.81]": 0.012195121951219513,
            "(-3.81, -3.025]": 0.00975609756097561,
            "(-3.025, -2.468]": 0.03178484107579462,
            "(-2.468, -1.991]": 0.05365853658536585,
            "(-1.991, -1.569]": 0.12469437652811736,
            "(-1.569, -1.259]": 0.22439024390243903,
            "(-1.259, -0.976]": 0.28361858190709044,
            "(-0.976, -0.724]": 0.32195121951219513,
            "(-0.724, -0.357]": 0.43031784841075793,
            "(-0.357, -8.23e-06]": 0.8341463414634146
        },
        "percent_prime_factors_pred": {
            "(-11.651, -3.81]": 0.9337475803329461,
            "(-3.81, -3.025]": 0.8660743321718931,
            "(-3.025, -2.468]": 0.8920130399348003,
            "(-2.468, -1.991]": 0.9028222996515679,
            "(-1.991, -1.569]": 0.9051053673303062,
            "(-1.569, -1.259]": 0.7293437862950058,
            "(-1.259, -0.976]": 0.6445569915007568,
            "(-0.976, -0.724]": 0.6460975609756097,
            "(-0.724, -0.357]": 0.7585167074164629,
            "(-0.357, -8.23e-06]": 0.9537804878048781
        }
    },
    "by_num_target_factors": {
        "group_size": {
            "1": 192,
            "2": 466,
            "3": 501,
            "4": 401,
            "5": 237,
            "6": 131,
            "7": 62,
            "8": 32,
            "9": 12,
            "10": 7,
            "11": 5,
            "12": 1,
            "16": 1
        },
        "correct_product_mean": {
            "1": 0.9166666666666666,
            "2": 0.8798283261802575,
            "3": 0.8782435129740519,
            "4": 0.7980049875311721,
            "5": 0.7130801687763713,
            "6": 0.6335877862595419,
            "7": 0.5,
            "8": 0.53125,
            "9": 0.5,
            "10": 0.2857142857142857,
            "11": 0.2,
            "12": 0.0,
            "16": 0.0
        },
        "correct_factorization_mean": {
            "1": 0.9166666666666666,
            "2": 0.40772532188841204,
            "3": 0.3253493013972056,
            "4": 0.4339152119700748,
            "5": 0.5443037974683544,
            "6": 0.5114503816793893,
            "7": 0.45161290322580644,
            "8": 0.5,
            "9": 0.5,
            "10": 0.2857142857142857,
            "11": 0.2,
            "12": 0.0,
            "16": 0.0
        }
    },
    "by_input_num": {
        "group_size": {
            "(65535.999, 65740.7]": 205,
            "(65740.7, 65945.4]": 205,
            "(65945.4, 66150.1]": 205,
            "(66150.1, 66354.8]": 204,
            "(66354.8, 66559.5]": 205,
            "(66559.5, 66764.2]": 205,
            "(66764.2, 66968.9]": 204,
            "(66968.9, 67173.6]": 205,
            "(67173.6, 67378.3]": 205,
            "(67378.3, 67583.0]": 205
        },
        "correct_product_mean": {
            "(65535.999, 65740.7]": 0.8780487804878049,
            "(65740.7, 65945.4]": 0.8341463414634146,
            "(65945.4, 66150.1]": 0.8097560975609757,
            "(66150.1, 66354.8]": 0.7843137254901961,
            "(66354.8, 66559.5]": 0.775609756097561,
            "(66559.5, 66764.2]": 0.751219512195122,
            "(66764.2, 66968.9]": 0.7696078431372549,
            "(66968.9, 67173.6]": 0.8292682926829268,
            "(67173.6, 67378.3]": 0.8195121951219512,
            "(67378.3, 67583.0]": 0.8292682926829268
        },
        "correct_factorization_mean": {
            "(65535.999, 65740.7]": 0.5414634146341464,
            "(65740.7, 65945.4]": 0.4878048780487805,
            "(65945.4, 66150.1]": 0.4926829268292683,
            "(66150.1, 66354.8]": 0.4166666666666667,
            "(66354.8, 66559.5]": 0.4292682926829268,
            "(66559.5, 66764.2]": 0.43414634146341463,
            "(66764.2, 66968.9]": 0.4215686274509804,
            "(66968.9, 67173.6]": 0.4585365853658537,
            "(67173.6, 67378.3]": 0.48292682926829267,
            "(67378.3, 67583.0]": 0.48292682926829267
        }
    },
    "pred_same_as_input_beam_0": {
        "0": {
            "input_is_prime": false,
            "pred_same_as_input": false,
            "group_size": 1856,
            "correct_product_mean": 0.7505387931034483,
            "correct_factorization_mean": 0.35398706896551724
        },
        "1": {
            "input_is_prime": true,
            "pred_same_as_input": false,
            "group_size": 192,
            "correct_product_mean": 0.9166666666666666,
            "correct_factorization_mean": 0.9166666666666666
        }
    },
    "by_min_factor_composite_only": {
        "0": {
            "min_factor_decile": "(1.999, 3.0]",
            "group_size": 1365,
            "correct_product_mean": 0.7655677655677655,
            "correct_factorization_mean": 0.4307692307692308
        },
        "1": {
            "min_factor_decile": "(3.0, 5.0]",
            "group_size": 136,
            "correct_product_mean": 0.8676470588235294,
            "correct_factorization_mean": 0.5073529411764706
        },
        "2": {
            "min_factor_decile": "(5.0, 17.0]",
            "group_size": 176,
            "correct_product_mean": 0.875,
            "correct_factorization_mean": 0.0
        },
        "3": {
            "min_factor_decile": "(17.0, 257.0]",
            "group_size": 179,
            "correct_product_mean": 0.9050279329608939,
            "correct_factorization_mean": 0.0
        }
    },
    "loss": 0.42108219852550255,
    "meta": {
        "n_beams": 2,
        "temperature": 1.0
    }
}