{
    "correct": {
        "correct_product": 0.8671875,
        "correct_factorization": 0.50927734375
    },
    "beam_accuracy": {
        "correct_product": {
            "0": 0.828125,
            "1": 0.12451171875
        },
        "correct_factorization": {
            "0": 0.4453125,
            "1": 0.06396484375
        }
    },
    "by_prob": {
        "group_size": {
            "(-10.575, -3.649]": 410.0,
            "(-3.649, -2.912]": 410.0,
            "(-2.912, -2.377]": 409.0,
            "(-2.377, -1.89]": 410.0,
            "(-1.89, -1.453]": 409.0,
            "(-1.453, -1.122]": 410.0,
            "(-1.122, -0.893]": 409.0,
            "(-0.893, -0.681]": 410.0,
            "(-0.681, -0.308]": 409.0,
            "(-0.308, -1.22e-05]": 410.0
        },
        "correct_product": {
            "(-10.575, -3.649]": 0.05853658536585366,
            "(-3.649, -2.912]": 0.024390243902439025,
            "(-2.912, -2.377]": 0.08312958435207823,
            "(-2.377, -1.89]": 0.12926829268292683,
            "(-1.89, -1.453]": 0.3056234718826406,
            "(-1.453, -1.122]": 0.6317073170731707,
            "(-1.122, -0.893]": 0.8068459657701712,
            "(-0.893, -0.681]": 0.8731707317073171,
            "(-0.681, -0.308]": 0.8924205378973105,
            "(-0.308, -1.22e-05]": 0.9585365853658536
        },
        "correct_factorization": {
            "(-10.575, -3.649]": 0.00975609756097561,
            "(-3.649, -2.912]": 0.00975609756097561,
            "(-2.912, -2.377]": 0.05134474327628362,
            "(-2.377, -1.89]": 0.06829268292682927,
            "(-1.89, -1.453]": 0.1491442542787286,
            "(-1.453, -1.122]": 0.24878048780487805,
            "(-1.122, -0.893]": 0.3251833740831296,
            "(-0.893, -0.681]": 0.37073170731707317,
            "(-0.681, -0.308]": 0.4474327628361858,
            "(-0.308, -1.22e-05]": 0.8658536585365854
        },
        "percent_prime_factors_pred": {
            "(-10.575, -3.649]": 0.8987340301974448,
            "(-3.649, -2.912]": 0.848739837398374,
            "(-2.912, -2.377]": 0.8752415880777739,
            "(-2.377, -1.89]": 0.9059349593495936,
            "(-1.89, -1.453]": 0.8811037373384561,
            "(-1.453, -1.122]": 0.7113995354239256,
            "(-1.122, -0.893]": 0.6268948655256723,
            "(-0.893, -0.681]": 0.6353658536585366,
            "(-0.681, -0.308]": 0.7447782046804051,
            "(-0.308, -1.22e-05]": 0.9661382113821139
        }
    },
    "by_num_target_factors": {
        "group_size": {
            "1": 192,
            "2": 466,
            "3": 501,
            "4": 401,
            "5": 237,
            "6": 131,
            "7": 62,
            "8": 32,
            "9": 12,
            "10": 7,
            "11": 5,
            "12": 1,
            "16": 1
        },
        "correct_product_mean": {
            "1": 0.9583333333333334,
            "2": 0.9463519313304721,
            "3": 0.8862275449101796,
            "4": 0.8603491271820449,
            "5": 0.8059071729957806,
            "6": 0.7175572519083969,
            "7": 0.6612903225806451,
            "8": 0.75,
            "9": 0.5833333333333334,
            "10": 0.42857142857142855,
            "11": 0.4,
            "12": 0.0,
            "16": 0.0
        },
        "correct_factorization_mean": {
            "1": 0.9583333333333334,
            "2": 0.4334763948497854,
            "3": 0.3532934131736527,
            "4": 0.4763092269326683,
            "5": 0.5949367088607594,
            "6": 0.6259541984732825,
            "7": 0.5483870967741935,
            "8": 0.71875,
            "9": 0.5,
            "10": 0.14285714285714285,
            "11": 0.4,
            "12": 0.0,
            "16": 0.0
        }
    },
    "by_input_num": {
        "group_size": {
            "(65535.999, 65740.7]": 205,
            "(65740.7, 65945.4]": 205,
            "(65945.4, 66150.1]": 205,
            "(66150.1, 66354.8]": 204,
            "(66354.8, 66559.5]": 205,
            "(66559.5, 66764.2]": 205,
            "(66764.2, 66968.9]": 204,
            "(66968.9, 67173.6]": 205,
            "(67173.6, 67378.3]": 205,
            "(67378.3, 67583.0]": 205
        },
        "correct_product_mean": {
            "(65535.999, 65740.7]": 0.8878048780487805,
            "(65740.7, 65945.4]": 0.8975609756097561,
            "(65945.4, 66150.1]": 0.8731707317073171,
            "(66150.1, 66354.8]": 0.8529411764705882,
            "(66354.8, 66559.5]": 0.8682926829268293,
            "(66559.5, 66764.2]": 0.8780487804878049,
            "(66764.2, 66968.9]": 0.8235294117647058,
            "(66968.9, 67173.6]": 0.8878048780487805,
            "(67173.6, 67378.3]": 0.8341463414634146,
            "(67378.3, 67583.0]": 0.8682926829268293
        },
        "correct_factorization_mean": {
            "(65535.999, 65740.7]": 0.5707317073170731,
            "(65740.7, 65945.4]": 0.5463414634146342,
            "(65945.4, 66150.1]": 0.5073170731707317,
            "(66150.1, 66354.8]": 0.4852941176470588,
            "(66354.8, 66559.5]": 0.4878048780487805,
            "(66559.5, 66764.2]": 0.4975609756097561,
            "(66764.2, 66968.9]": 0.46568627450980393,
            "(66968.9, 67173.6]": 0.4878048780487805,
            "(67173.6, 67378.3]": 0.5219512195121951,
            "(67378.3, 67583.0]": 0.5219512195121951
        }
    },
    "pred_same_as_input_beam_0": {
        "0": {
            "input_is_prime": false,
            "pred_same_as_input": false,
            "group_size": 1507,
            "correct_product_mean": 0.7717319177173192,
            "correct_factorization_mean": 0.48307896483078966
        },
        "1": {
            "input_is_prime": false,
            "pred_same_as_input": true,
            "group_size": 349,
            "correct_product_mean": 1.0,
            "correct_factorization_mean": 0.0
        },
        "2": {
            "input_is_prime": true,
            "pred_same_as_input": false,
            "group_size": 8,
            "correct_product_mean": 0.0,
            "correct_factorization_mean": 0.0
        },
        "3": {
            "input_is_prime": true,
            "pred_same_as_input": true,
            "group_size": 184,
            "correct_product_mean": 1.0,
            "correct_factorization_mean": 1.0
        }
    },
    "by_min_factor_composite_only": {
        "0": {
            "min_factor_decile": "(1.999, 3.0]",
            "group_size": 1365,
            "correct_product_mean": 0.819047619047619,
            "correct_factorization_mean": 0.4725274725274725
        },
        "1": {
            "min_factor_decile": "(3.0, 5.0]",
            "group_size": 136,
            "correct_product_mean": 0.9191176470588235,
            "correct_factorization_mean": 0.6102941176470589
        },
        "2": {
            "min_factor_decile": "(5.0, 17.0]",
            "group_size": 176,
            "correct_product_mean": 0.9829545454545454,
            "correct_factorization_mean": 0.0
        },
        "3": {
            "min_factor_decile": "(17.0, 257.0]",
            "group_size": 179,
            "correct_product_mean": 0.9832402234636871,
            "correct_factorization_mean": 0.0
        }
    },
    "loss": 0.3899822885346583,
    "meta": {
        "n_beams": 2,
        "temperature": 1.0
    }
}