{
    "correct": {
        "correct_product": 0.9208984375,
        "correct_factorization": 0.666015625
    },
    "beam_accuracy": {
        "correct_product": {
            "0": 0.89404296875,
            "1": 0.17724609375
        },
        "correct_factorization": {
            "0": 0.619140625,
            "1": 0.046875
        }
    },
    "by_prob": {
        "group_size": {
            "(-13.572, -5.4]": 410.0,
            "(-5.4, -3.633]": 410.0,
            "(-3.633, -2.938]": 409.0,
            "(-2.938, -2.176]": 410.0,
            "(-2.176, -1.313]": 409.0,
            "(-1.313, -1.038]": 410.0,
            "(-1.038, -0.816]": 409.0,
            "(-0.816, -0.189]": 410.0,
            "(-0.189, -0.00894]": 409.0,
            "(-0.00894, -8.58e-06]": 410.0
        },
        "correct_product": {
            "(-13.572, -5.4]": 0.2121951219512195,
            "(-5.4, -3.633]": 0.13902439024390245,
            "(-3.633, -2.938]": 0.07579462102689487,
            "(-2.938, -2.176]": 0.10975609756097561,
            "(-2.176, -1.313]": 0.4449877750611247,
            "(-1.313, -1.038]": 0.8414634146341463,
            "(-1.038, -0.816]": 0.8924205378973105,
            "(-0.816, -0.189]": 0.7390243902439024,
            "(-0.189, -0.00894]": 0.9046454767726161,
            "(-0.00894, -8.58e-06]": 0.9975609756097561
        },
        "correct_factorization": {
            "(-13.572, -5.4]": 0.0,
            "(-5.4, -3.633]": 0.00975609756097561,
            "(-3.633, -2.938]": 0.017114914425427872,
            "(-2.938, -2.176]": 0.041463414634146344,
            "(-2.176, -1.313]": 0.1882640586797066,
            "(-1.313, -1.038]": 0.3121951219512195,
            "(-1.038, -0.816]": 0.3374083129584352,
            "(-0.816, -0.189]": 0.5317073170731708,
            "(-0.189, -0.00894]": 0.8973105134474327,
            "(-0.00894, -8.58e-06]": 0.9951219512195122
        },
        "percent_prime_factors_pred": {
            "(-13.572, -5.4]": 0.9134494773519167,
            "(-5.4, -3.633]": 0.9150000000000008,
            "(-3.633, -2.938]": 0.9311735941320297,
            "(-2.938, -2.176]": 0.9065447154471548,
            "(-2.176, -1.313]": 0.8210036092676681,
            "(-1.313, -1.038]": 0.5345528455284553,
            "(-1.038, -0.816]": 0.5429502852485737,
            "(-0.816, -0.189]": 0.9000406504065042,
            "(-0.189, -0.00894]": 0.997962510187449,
            "(-0.00894, -8.58e-06]": 0.999390243902439
        }
    },
    "by_num_target_factors": {
        "group_size": {
            "1": 192,
            "2": 466,
            "3": 501,
            "4": 401,
            "5": 237,
            "6": 131,
            "7": 62,
            "8": 32,
            "9": 12,
            "10": 7,
            "11": 5,
            "12": 1,
            "16": 1
        },
        "correct_product_mean": {
            "1": 0.9895833333333334,
            "2": 0.9892703862660944,
            "3": 0.9660678642714571,
            "4": 0.9526184538653366,
            "5": 0.8481012658227848,
            "6": 0.7862595419847328,
            "7": 0.6451612903225806,
            "8": 0.4375,
            "9": 0.4166666666666667,
            "10": 0.5714285714285714,
            "11": 0.4,
            "12": 0.0,
            "16": 0.0
        },
        "correct_factorization_mean": {
            "1": 0.9895833333333334,
            "2": 0.4656652360515021,
            "3": 0.5668662674650699,
            "4": 0.8079800498753117,
            "5": 0.8016877637130801,
            "6": 0.7251908396946565,
            "7": 0.6290322580645161,
            "8": 0.4375,
            "9": 0.4166666666666667,
            "10": 0.5714285714285714,
            "11": 0.4,
            "12": 0.0,
            "16": 0.0
        }
    },
    "by_input_num": {
        "group_size": {
            "(65535.999, 65740.7]": 205,
            "(65740.7, 65945.4]": 205,
            "(65945.4, 66150.1]": 205,
            "(66150.1, 66354.8]": 204,
            "(66354.8, 66559.5]": 205,
            "(66559.5, 66764.2]": 205,
            "(66764.2, 66968.9]": 204,
            "(66968.9, 67173.6]": 205,
            "(67173.6, 67378.3]": 205,
            "(67378.3, 67583.0]": 205
        },
        "correct_product_mean": {
            "(65535.999, 65740.7]": 0.9560975609756097,
            "(65740.7, 65945.4]": 0.926829268292683,
            "(65945.4, 66150.1]": 0.926829268292683,
            "(66150.1, 66354.8]": 0.9215686274509803,
            "(66354.8, 66559.5]": 0.9609756097560975,
            "(66559.5, 66764.2]": 0.9073170731707317,
            "(66764.2, 66968.9]": 0.8823529411764706,
            "(66968.9, 67173.6]": 0.9121951219512195,
            "(67173.6, 67378.3]": 0.9121951219512195,
            "(67378.3, 67583.0]": 0.9024390243902439
        },
        "correct_factorization_mean": {
            "(65535.999, 65740.7]": 0.7268292682926829,
            "(65740.7, 65945.4]": 0.6487804878048781,
            "(65945.4, 66150.1]": 0.6926829268292682,
            "(66150.1, 66354.8]": 0.6225490196078431,
            "(66354.8, 66559.5]": 0.6926829268292682,
            "(66559.5, 66764.2]": 0.6487804878048781,
            "(66764.2, 66968.9]": 0.6274509803921569,
            "(66968.9, 67173.6]": 0.6731707317073171,
            "(67173.6, 67378.3]": 0.6487804878048781,
            "(67378.3, 67583.0]": 0.6780487804878049
        }
    },
    "pred_same_as_input_beam_0": {
        "0": {
            "input_is_prime": false,
            "pred_same_as_input": false,
            "group_size": 1507,
            "correct_product_mean": 0.8586595885865959,
            "correct_factorization_mean": 0.7166556071665561
        },
        "1": {
            "input_is_prime": false,
            "pred_same_as_input": true,
            "group_size": 349,
            "correct_product_mean": 1.0,
            "correct_factorization_mean": 0.0
        },
        "2": {
            "input_is_prime": true,
            "pred_same_as_input": false,
            "group_size": 4,
            "correct_product_mean": 0.0,
            "correct_factorization_mean": 0.0
        },
        "3": {
            "input_is_prime": true,
            "pred_same_as_input": true,
            "group_size": 188,
            "correct_product_mean": 1.0,
            "correct_factorization_mean": 1.0
        }
    },
    "by_min_factor_composite_only": {
        "0": {
            "min_factor_decile": "(1.999, 3.0]",
            "group_size": 1365,
            "correct_product_mean": 0.9010989010989011,
            "correct_factorization_mean": 0.7084249084249085
        },
        "1": {
            "min_factor_decile": "(3.0, 5.0]",
            "group_size": 136,
            "correct_product_mean": 0.8602941176470589,
            "correct_factorization_mean": 0.8308823529411765
        },
        "2": {
            "min_factor_decile": "(5.0, 17.0]",
            "group_size": 176,
            "correct_product_mean": 0.9715909090909091,
            "correct_factorization_mean": 0.0
        },
        "3": {
            "min_factor_decile": "(17.0, 257.0]",
            "group_size": 179,
            "correct_product_mean": 0.994413407821229,
            "correct_factorization_mean": 0.0
        }
    },
    "loss": 0.12851922772824764,
    "meta": {
        "n_beams": 2,
        "temperature": 1.0
    }
}