{
    "correct": {
        "correct_product": 0.9781420765027322,
        "correct_factorization": 0.854735883424408
    },
    "beam_accuracy": {
        "correct_product": {
            "0": 0.9609896782027929,
            "1": 0.21523982999392835
        },
        "correct_factorization": {
            "0": 0.8213418336369156,
            "1": 0.033545840922890105
        }
    },
    "by_prob": {
        "group_size": {
            "(-15.046999999999999, -9.21]": 1336.0,
            "(-9.21, -7.067]": 1300.0,
            "(-7.067, -4.366]": 1317.0,
            "(-4.366, -2.439]": 1318.0,
            "(-2.439, -1.226]": 1317.0,
            "(-1.226, -0.762]": 1318.0,
            "(-0.762, -0.0259]": 1317.0,
            "(-0.0259, -0.00172]": 1318.0,
            "(-0.00172, -0.000167]": 1317.0,
            "(-0.000167, -9.54e-07]": 1318.0
        },
        "correct_product": {
            "(-15.046999999999999, -9.21]": 0.1721556886227545,
            "(-9.21, -7.067]": 0.22923076923076924,
            "(-7.067, -4.366]": 0.23006833712984054,
            "(-4.366, -2.439]": 0.15250379362670713,
            "(-2.439, -1.226]": 0.30447987851176916,
            "(-1.226, -0.762]": 0.8899848254931715,
            "(-0.762, -0.0259]": 0.9050873196659074,
            "(-0.0259, -0.00172]": 0.9984825493171472,
            "(-0.00172, -0.000167]": 1.0,
            "(-0.000167, -9.54e-07]": 1.0
        },
        "correct_factorization": {
            "(-15.046999999999999, -9.21]": 0.0,
            "(-9.21, -7.067]": 0.0007692307692307692,
            "(-7.067, -4.366]": 0.0015186028853454822,
            "(-4.366, -2.439]": 0.021244309559939303,
            "(-2.439, -1.226]": 0.13743356112376615,
            "(-1.226, -0.762]": 0.34446130500758726,
            "(-0.762, -0.0259]": 0.7722095671981777,
            "(-0.0259, -0.00172]": 0.9969650986342944,
            "(-0.00172, -0.000167]": 1.0,
            "(-0.000167, -9.54e-07]": 1.0
        },
        "percent_prime_factors_pred": {
            "(-15.046999999999999, -9.21]": 0.8465212432278268,
            "(-9.21, -7.067]": 0.8819371184371165,
            "(-7.067, -4.366]": 0.8636294608959746,
            "(-4.366, -2.439]": 0.8478746657995513,
            "(-2.439, -1.226]": 0.8124326571934763,
            "(-1.226, -0.762]": 0.49011669918346706,
            "(-0.762, -0.0259]": 0.9029612756264236,
            "(-0.0259, -0.00172]": 0.999051593323217,
            "(-0.00172, -0.000167]": 1.0,
            "(-0.000167, -9.54e-07]": 1.0
        }
    },
    "by_num_target_factors": {
        "group_size": {
            "1": 668,
            "2": 1601,
            "3": 1720,
            "4": 1198,
            "5": 715,
            "6": 373,
            "7": 165,
            "8": 79,
            "9": 35,
            "10": 20,
            "11": 8,
            "12": 3,
            "13": 3
        },
        "correct_product_mean": {
            "1": 0.9835329341317365,
            "2": 0.9850093691442848,
            "3": 0.9872093023255814,
            "4": 0.9908180300500835,
            "5": 0.9692307692307692,
            "6": 0.9517426273458445,
            "7": 0.9090909090909091,
            "8": 0.9240506329113924,
            "9": 0.8571428571428571,
            "10": 0.8,
            "11": 0.5,
            "12": 1.0,
            "13": 0.3333333333333333
        },
        "correct_factorization_mean": {
            "1": 0.9835329341317365,
            "2": 0.6951905059337914,
            "3": 0.8296511627906977,
            "4": 0.9432387312186978,
            "5": 0.9622377622377623,
            "6": 0.9142091152815014,
            "7": 0.896969696969697,
            "8": 0.9240506329113924,
            "9": 0.8571428571428571,
            "10": 0.8,
            "11": 0.5,
            "12": 1.0,
            "13": 0.3333333333333333
        }
    },
    "by_input_num": {
        "group_size": {
            "(7.999, 6350.5]": 659,
            "(6350.5, 12996.8]": 659,
            "(12996.8, 19472.5]": 659,
            "(19472.5, 26116.8]": 658,
            "(26116.8, 32574.0]": 659,
            "(32574.0, 39331.6]": 659,
            "(39331.6, 46013.7]": 658,
            "(46013.7, 52699.4]": 659,
            "(52699.4, 59007.6]": 659,
            "(59007.6, 65528.0]": 659
        },
        "correct_product_mean": {
            "(7.999, 6350.5]": 0.9954476479514416,
            "(6350.5, 12996.8]": 0.9984825493171472,
            "(12996.8, 19472.5]": 0.9954476479514416,
            "(19472.5, 26116.8]": 0.9711246200607903,
            "(26116.8, 32574.0]": 0.9711684370257967,
            "(32574.0, 39331.6]": 0.9787556904400607,
            "(39331.6, 46013.7]": 0.9635258358662614,
            "(46013.7, 52699.4]": 0.9499241274658573,
            "(52699.4, 59007.6]": 0.9802731411229135,
            "(59007.6, 65528.0]": 0.9772382397572079
        },
        "correct_factorization_mean": {
            "(7.999, 6350.5]": 0.992412746585736,
            "(6350.5, 12996.8]": 0.9984825493171472,
            "(12996.8, 19472.5]": 0.9908952959028832,
            "(19472.5, 26116.8]": 0.9346504559270516,
            "(26116.8, 32574.0]": 0.842185128983308,
            "(32574.0, 39331.6]": 0.8042488619119879,
            "(39331.6, 46013.7]": 0.7583586626139818,
            "(46013.7, 52699.4]": 0.7632776934749621,
            "(52699.4, 59007.6]": 0.7389984825493171,
            "(59007.6, 65528.0]": 0.723823975720789
        }
    },
    "pred_same_as_input_beam_0": {
        "0": {
            "input_is_prime": false,
            "pred_same_as_input": false,
            "group_size": 5184,
            "correct_product_mean": 0.9533179012345679,
            "correct_factorization_mean": 0.9178240740740741
        },
        "1": {
            "input_is_prime": false,
            "pred_same_as_input": true,
            "group_size": 736,
            "correct_product_mean": 1.0,
            "correct_factorization_mean": 0.0
        },
        "2": {
            "input_is_prime": true,
            "pred_same_as_input": false,
            "group_size": 15,
            "correct_product_mean": 0.0,
            "correct_factorization_mean": 0.0
        },
        "3": {
            "input_is_prime": true,
            "pred_same_as_input": true,
            "group_size": 653,
            "correct_product_mean": 1.0,
            "correct_factorization_mean": 1.0
        }
    },
    "by_min_factor_composite_only": {
        "0": {
            "min_factor_decile": "(1.999, 3.0]",
            "group_size": 4339,
            "correct_product_mean": 0.9778750864254436,
            "correct_factorization_mean": 0.9165706383959438
        },
        "1": {
            "min_factor_decile": "(3.0, 5.0]",
            "group_size": 447,
            "correct_product_mean": 0.9776286353467561,
            "correct_factorization_mean": 0.959731543624161
        },
        "2": {
            "min_factor_decile": "(5.0, 17.0]",
            "group_size": 614,
            "correct_product_mean": 0.9723127035830619,
            "correct_factorization_mean": 0.33876221498371334
        },
        "3": {
            "min_factor_decile": "(17.0, 241.0]",
            "group_size": 520,
            "correct_product_mean": 0.9807692307692307,
            "correct_factorization_mean": 0.27692307692307694
        }
    },
    "loss": 0.04571892097122215,
    "meta": {
        "n_beams": 2,
        "temperature": 1.0
    }
}