{
    "correct": {
        "correct_product": 0.9808743169398907,
        "correct_factorization": 0.8683970856102003
    },
    "beam_accuracy": {
        "correct_product": {
            "0": 0.9656952034001214,
            "1": 0.21903460837887068
        },
        "correct_factorization": {
            "0": 0.8400121432908318,
            "1": 0.028688524590163935
        }
    },
    "by_prob": {
        "group_size": {
            "(-13.716999999999999, -8.699]": 1318.0,
            "(-8.699, -6.873]": 1318.0,
            "(-6.873, -4.826]": 1317.0,
            "(-4.826, -2.544]": 1318.0,
            "(-2.544, -1.232]": 1317.0,
            "(-1.232, -0.678]": 1318.0,
            "(-0.678, -0.0159]": 1317.0,
            "(-0.0159, -0.00224]": 1318.0,
            "(-0.00224, -0.00042]": 1317.0,
            "(-0.00042, -6.44e-06]": 1318.0
        },
        "correct_product": {
            "(-13.716999999999999, -8.699]": 0.1433990895295903,
            "(-8.699, -6.873]": 0.23823975720789076,
            "(-6.873, -4.826]": 0.22854973424449507,
            "(-4.826, -2.544]": 0.22230652503793627,
            "(-2.544, -1.232]": 0.2718299164768413,
            "(-1.232, -0.678]": 0.8990895295902883,
            "(-0.678, -0.0159]": 0.9210326499620349,
            "(-0.0159, -0.00224]": 0.9992412746585736,
            "(-0.00224, -0.00042]": 1.0,
            "(-0.00042, -6.44e-06]": 1.0
        },
        "correct_factorization": {
            "(-13.716999999999999, -8.699]": 0.0,
            "(-8.699, -6.873]": 0.0015174506828528073,
            "(-6.873, -4.826]": 0.0,
            "(-4.826, -2.544]": 0.019726858877086494,
            "(-2.544, -1.232]": 0.11921032649962035,
            "(-1.232, -0.678]": 0.34673748103186647,
            "(-0.678, -0.0159]": 0.8587699316628702,
            "(-0.0159, -0.00224]": 0.9977238239757208,
            "(-0.00224, -0.00042]": 1.0,
            "(-0.00042, -6.44e-06]": 1.0
        },
        "percent_prime_factors_pred": {
            "(-13.716999999999999, -8.699]": 0.8637482838355373,
            "(-8.699, -6.873]": 0.886049389406749,
            "(-6.873, -4.826]": 0.8672343348880933,
            "(-4.826, -2.544]": 0.8306525037936267,
            "(-2.544, -1.232]": 0.8098374733340565,
            "(-1.232, -0.678]": 0.4891430016619698,
            "(-0.678, -0.0159]": 0.9596431283219438,
            "(-0.0159, -0.00224]": 0.9988619119878603,
            "(-0.00224, -0.00042]": 1.0,
            "(-0.00042, -6.44e-06]": 1.0
        }
    },
    "by_num_target_factors": {
        "group_size": {
            "1": 668,
            "2": 1601,
            "3": 1720,
            "4": 1198,
            "5": 715,
            "6": 373,
            "7": 165,
            "8": 79,
            "9": 35,
            "10": 20,
            "11": 8,
            "12": 3,
            "13": 3
        },
        "correct_product_mean": {
            "1": 0.9820359281437125,
            "2": 0.9875078076202374,
            "3": 0.9906976744186047,
            "4": 0.994991652754591,
            "5": 0.9818181818181818,
            "6": 0.9517426273458445,
            "7": 0.8909090909090909,
            "8": 0.9240506329113924,
            "9": 0.8,
            "10": 0.75,
            "11": 0.625,
            "12": 0.6666666666666666,
            "13": 0.6666666666666666
        },
        "correct_factorization_mean": {
            "1": 0.9820359281437125,
            "2": 0.7126795752654591,
            "3": 0.8534883720930233,
            "4": 0.9557595993322203,
            "5": 0.9762237762237762,
            "6": 0.9222520107238605,
            "7": 0.8727272727272727,
            "8": 0.9240506329113924,
            "9": 0.8,
            "10": 0.75,
            "11": 0.625,
            "12": 0.6666666666666666,
            "13": 0.6666666666666666
        }
    },
    "by_input_num": {
        "group_size": {
            "(7.999, 6350.5]": 659,
            "(6350.5, 12996.8]": 659,
            "(12996.8, 19472.5]": 659,
            "(19472.5, 26116.8]": 658,
            "(26116.8, 32574.0]": 659,
            "(32574.0, 39331.6]": 659,
            "(39331.6, 46013.7]": 658,
            "(46013.7, 52699.4]": 659,
            "(52699.4, 59007.6]": 659,
            "(59007.6, 65528.0]": 659
        },
        "correct_product_mean": {
            "(7.999, 6350.5]": 1.0,
            "(6350.5, 12996.8]": 1.0,
            "(12996.8, 19472.5]": 0.9969650986342944,
            "(19472.5, 26116.8]": 0.9832826747720365,
            "(26116.8, 32574.0]": 0.9787556904400607,
            "(32574.0, 39331.6]": 0.9787556904400607,
            "(39331.6, 46013.7]": 0.9635258358662614,
            "(46013.7, 52699.4]": 0.9514415781487102,
            "(52699.4, 59007.6]": 0.9757207890743551,
            "(59007.6, 65528.0]": 0.9802731411229135
        },
        "correct_factorization_mean": {
            "(7.999, 6350.5]": 1.0,
            "(6350.5, 12996.8]": 1.0,
            "(12996.8, 19472.5]": 0.992412746585736,
            "(19472.5, 26116.8]": 0.9635258358662614,
            "(26116.8, 32574.0]": 0.8603945371775418,
            "(32574.0, 39331.6]": 0.8072837632776935,
            "(39331.6, 46013.7]": 0.7857142857142857,
            "(46013.7, 52699.4]": 0.7981790591805766,
            "(52699.4, 59007.6]": 0.7435508345978755,
            "(59007.6, 65528.0]": 0.7329286798179059
        }
    },
    "pred_same_as_input_beam_0": {
        "0": {
            "input_is_prime": false,
            "pred_same_as_input": false,
            "group_size": 5232,
            "correct_product_mean": 0.959480122324159,
            "correct_factorization_mean": 0.9327217125382263
        },
        "1": {
            "input_is_prime": false,
            "pred_same_as_input": true,
            "group_size": 688,
            "correct_product_mean": 1.0,
            "correct_factorization_mean": 0.0
        },
        "2": {
            "input_is_prime": true,
            "pred_same_as_input": false,
            "group_size": 14,
            "correct_product_mean": 0.0,
            "correct_factorization_mean": 0.0
        },
        "3": {
            "input_is_prime": true,
            "pred_same_as_input": true,
            "group_size": 654,
            "correct_product_mean": 1.0,
            "correct_factorization_mean": 1.0
        }
    },
    "by_min_factor_composite_only": {
        "0": {
            "min_factor_decile": "(1.999, 3.0]",
            "group_size": 4339,
            "correct_product_mean": 0.981562572021203,
            "correct_factorization_mean": 0.9317815164784513
        },
        "1": {
            "min_factor_decile": "(3.0, 5.0]",
            "group_size": 447,
            "correct_product_mean": 0.9821029082774049,
            "correct_factorization_mean": 0.9686800894854586
        },
        "2": {
            "min_factor_decile": "(5.0, 17.0]",
            "group_size": 614,
            "correct_product_mean": 0.9755700325732899,
            "correct_factorization_mean": 0.38762214983713356
        },
        "3": {
            "min_factor_decile": "(17.0, 241.0]",
            "group_size": 520,
            "correct_product_mean": 0.9788461538461538,
            "correct_factorization_mean": 0.3192307692307692
        }
    },
    "loss": 0.1284729382833232,
    "meta": {
        "n_beams": 2,
        "temperature": 1.0
    }
}