{
    "correct": {
        "correct_product": 0.8271484375,
        "correct_factorization": 0.66162109375
    },
    "beam_accuracy": {
        "correct_product": {
            "0": 0.79736328125,
            "1": 0.17822265625
        },
        "correct_factorization": {
            "0": 0.6171875,
            "1": 0.04443359375
        }
    },
    "by_prob": {
        "group_size": {
            "(-12.209, -5.667]": 410.0,
            "(-5.667, -3.642]": 410.0,
            "(-3.642, -2.817]": 409.0,
            "(-2.817, -2.246]": 410.0,
            "(-2.246, -1.51]": 409.0,
            "(-1.51, -1.054]": 410.0,
            "(-1.054, -0.733]": 409.0,
            "(-0.733, -0.0733]": 410.0,
            "(-0.0733, -0.00731]": 409.0,
            "(-0.00731, -3.17e-05]": 410.0
        },
        "correct_product": {
            "(-12.209, -5.667]": 0.17804878048780487,
            "(-5.667, -3.642]": 0.21707317073170732,
            "(-3.642, -2.817]": 0.11246943765281174,
            "(-2.817, -2.246]": 0.10975609756097561,
            "(-2.246, -1.51]": 0.1980440097799511,
            "(-1.51, -1.054]": 0.47560975609756095,
            "(-1.054, -0.733]": 0.8533007334963325,
            "(-0.733, -0.0733]": 0.775609756097561,
            "(-0.0733, -0.00731]": 0.9657701711491442,
            "(-0.00731, -3.17e-05]": 0.9926829268292683
        },
        "correct_factorization": {
            "(-12.209, -5.667]": 0.0024390243902439024,
            "(-5.667, -3.642]": 0.00975609756097561,
            "(-3.642, -2.817]": 0.012224938875305624,
            "(-2.817, -2.246]": 0.04390243902439024,
            "(-2.246, -1.51]": 0.10513447432762836,
            "(-1.51, -1.054]": 0.17073170731707318,
            "(-1.054, -0.733]": 0.38141809290953543,
            "(-0.733, -0.0733]": 0.6268292682926829,
            "(-0.0733, -0.00731]": 0.9633251833740831,
            "(-0.00731, -3.17e-05]": 0.9926829268292683
        },
        "percent_prime_factors_pred": {
            "(-12.209, -5.667]": 0.9148925667828107,
            "(-5.667, -3.642]": 0.8965989159891599,
            "(-3.642, -2.817]": 0.9065607171964141,
            "(-2.817, -2.246]": 0.9210743321718932,
            "(-2.246, -1.51]": 0.9016067062521831,
            "(-1.51, -1.054]": 0.7151219512195122,
            "(-1.054, -0.733]": 0.652241238793806,
            "(-0.733, -0.0733]": 0.9371138211382113,
            "(-0.0733, -0.00731]": 0.9987775061124694,
            "(-0.00731, -3.17e-05]": 1.0
        }
    },
    "by_num_target_factors": {
        "group_size": {
            "1": 192,
            "2": 466,
            "3": 501,
            "4": 401,
            "5": 237,
            "6": 131,
            "7": 62,
            "8": 32,
            "9": 12,
            "10": 7,
            "11": 5,
            "12": 1,
            "16": 1
        },
        "correct_product_mean": {
            "1": 0.5833333333333334,
            "2": 0.7360515021459227,
            "3": 0.9021956087824351,
            "4": 0.9526184538653366,
            "5": 0.9156118143459916,
            "6": 0.816793893129771,
            "7": 0.7419354838709677,
            "8": 0.6875,
            "9": 0.6666666666666666,
            "10": 0.5714285714285714,
            "11": 0.2,
            "12": 0.0,
            "16": 0.0
        },
        "correct_factorization_mean": {
            "1": 0.5833333333333334,
            "2": 0.4613733905579399,
            "3": 0.6127744510978044,
            "4": 0.8453865336658354,
            "5": 0.8734177215189873,
            "6": 0.7251908396946565,
            "7": 0.7258064516129032,
            "8": 0.6875,
            "9": 0.6666666666666666,
            "10": 0.5714285714285714,
            "11": 0.2,
            "12": 0.0,
            "16": 0.0
        }
    },
    "by_input_num": {
        "group_size": {
            "(65535.999, 65740.7]": 205,
            "(65740.7, 65945.4]": 205,
            "(65945.4, 66150.1]": 205,
            "(66150.1, 66354.8]": 204,
            "(66354.8, 66559.5]": 205,
            "(66559.5, 66764.2]": 205,
            "(66764.2, 66968.9]": 204,
            "(66968.9, 67173.6]": 205,
            "(67173.6, 67378.3]": 205,
            "(67378.3, 67583.0]": 205
        },
        "correct_product_mean": {
            "(65535.999, 65740.7]": 0.9073170731707317,
            "(65740.7, 65945.4]": 0.697560975609756,
            "(65945.4, 66150.1]": 0.6829268292682927,
            "(66150.1, 66354.8]": 0.6715686274509803,
            "(66354.8, 66559.5]": 0.6878048780487804,
            "(66559.5, 66764.2]": 0.8780487804878049,
            "(66764.2, 66968.9]": 0.9264705882352942,
            "(66968.9, 67173.6]": 0.9512195121951219,
            "(67173.6, 67378.3]": 0.9365853658536586,
            "(67378.3, 67583.0]": 0.9317073170731708
        },
        "correct_factorization_mean": {
            "(65535.999, 65740.7]": 0.6926829268292682,
            "(65740.7, 65945.4]": 0.6146341463414634,
            "(65945.4, 66150.1]": 0.6292682926829268,
            "(66150.1, 66354.8]": 0.5882352941176471,
            "(66354.8, 66559.5]": 0.6,
            "(66559.5, 66764.2]": 0.6634146341463415,
            "(66764.2, 66968.9]": 0.6911764705882353,
            "(66968.9, 67173.6]": 0.7073170731707317,
            "(67173.6, 67378.3]": 0.7024390243902439,
            "(67378.3, 67583.0]": 0.7268292682926829
        }
    },
    "pred_same_as_input_beam_0": {
        "0": {
            "input_is_prime": false,
            "pred_same_as_input": false,
            "group_size": 1665,
            "correct_product_mean": 0.7987987987987988,
            "correct_factorization_mean": 0.6918918918918919
        },
        "1": {
            "input_is_prime": false,
            "pred_same_as_input": true,
            "group_size": 191,
            "correct_product_mean": 1.0,
            "correct_factorization_mean": 0.0
        },
        "2": {
            "input_is_prime": true,
            "pred_same_as_input": false,
            "group_size": 80,
            "correct_product_mean": 0.0,
            "correct_factorization_mean": 0.0
        },
        "3": {
            "input_is_prime": true,
            "pred_same_as_input": true,
            "group_size": 112,
            "correct_product_mean": 1.0,
            "correct_factorization_mean": 1.0
        }
    },
    "by_min_factor_composite_only": {
        "0": {
            "min_factor_decile": "(1.999, 3.0]",
            "group_size": 1365,
            "correct_product_mean": 0.9304029304029304,
            "correct_factorization_mean": 0.7597069597069597
        },
        "1": {
            "min_factor_decile": "(3.0, 5.0]",
            "group_size": 136,
            "correct_product_mean": 0.8823529411764706,
            "correct_factorization_mean": 0.8382352941176471
        },
        "2": {
            "min_factor_decile": "(5.0, 17.0]",
            "group_size": 176,
            "correct_product_mean": 0.5568181818181818,
            "correct_factorization_mean": 0.0
        },
        "3": {
            "min_factor_decile": "(17.0, 257.0]",
            "group_size": 179,
            "correct_product_mean": 0.5251396648044693,
            "correct_factorization_mean": 0.00558659217877095
        }
    },
    "loss": 0.42212620468645523,
    "meta": {
        "n_beams": 2,
        "temperature": 1.0
    }
}