{
    "correct": {
        "correct_product": 0.89599609375,
        "correct_factorization": 0.6796875
    },
    "beam_accuracy": {
        "correct_product": {
            "0": 0.84326171875,
            "1": 0.17724609375
        },
        "correct_factorization": {
            "0": 0.62890625,
            "1": 0.05078125
        }
    },
    "by_prob": {
        "group_size": {
            "(-12.231, -6.24]": 410.0,
            "(-6.24, -3.813]": 410.0,
            "(-3.813, -2.714]": 409.0,
            "(-2.714, -2.166]": 410.0,
            "(-2.166, -1.518]": 409.0,
            "(-1.518, -1.058]": 410.0,
            "(-1.058, -0.627]": 409.0,
            "(-0.627, -0.0493]": 410.0,
            "(-0.0493, -0.00413]": 409.0,
            "(-0.00413, -3.11e-05]": 410.0
        },
        "correct_product": {
            "(-12.231, -6.24]": 0.2,
            "(-6.24, -3.813]": 0.21951219512195122,
            "(-3.813, -2.714]": 0.10513447432762836,
            "(-2.714, -2.166]": 0.08292682926829269,
            "(-2.166, -1.518]": 0.3251833740831296,
            "(-1.518, -1.058]": 0.7048780487804878,
            "(-1.058, -0.627]": 0.8264058679706602,
            "(-0.627, -0.0493]": 0.697560975609756,
            "(-0.0493, -0.00413]": 0.9559902200488998,
            "(-0.00413, -3.11e-05]": 0.9853658536585366
        },
        "correct_factorization": {
            "(-12.231, -6.24]": 0.0024390243902439024,
            "(-6.24, -3.813]": 0.01951219512195122,
            "(-3.813, -2.714]": 0.02444987775061125,
            "(-2.714, -2.166]": 0.041463414634146344,
            "(-2.166, -1.518]": 0.15158924205378974,
            "(-1.518, -1.058]": 0.28780487804878047,
            "(-1.058, -0.627]": 0.3471882640586797,
            "(-0.627, -0.0493]": 0.5829268292682926,
            "(-0.0493, -0.00413]": 0.9559902200488998,
            "(-0.00413, -3.11e-05]": 0.9853658536585366
        },
        "percent_prime_factors_pred": {
            "(-12.231, -6.24]": 0.9006929926442122,
            "(-6.24, -3.813]": 0.894349593495935,
            "(-3.813, -2.714]": 0.9125509372453138,
            "(-2.714, -2.166]": 0.899349593495935,
            "(-2.166, -1.518]": 0.808167423448597,
            "(-1.518, -1.058]": 0.6161382113821139,
            "(-1.058, -0.627]": 0.626120619396903,
            "(-0.627, -0.0493]": 0.9473170731707317,
            "(-0.0493, -0.00413]": 0.9993887530562348,
            "(-0.00413, -3.11e-05]": 1.0
        }
    },
    "by_num_target_factors": {
        "group_size": {
            "1": 192,
            "2": 466,
            "3": 501,
            "4": 401,
            "5": 237,
            "6": 131,
            "7": 62,
            "8": 32,
            "9": 12,
            "10": 7,
            "11": 5,
            "12": 1,
            "16": 1
        },
        "correct_product_mean": {
            "1": 0.8489583333333334,
            "2": 0.907725321888412,
            "3": 0.9421157684630739,
            "4": 0.9551122194513716,
            "5": 0.8860759493670886,
            "6": 0.8015267175572519,
            "7": 0.7580645161290323,
            "8": 0.5625,
            "9": 0.5833333333333334,
            "10": 0.5714285714285714,
            "11": 0.6,
            "12": 0.0,
            "16": 0.0
        },
        "correct_factorization_mean": {
            "1": 0.8489583333333334,
            "2": 0.45493562231759654,
            "3": 0.6127744510978044,
            "4": 0.830423940149626,
            "5": 0.8565400843881856,
            "6": 0.7251908396946565,
            "7": 0.7580645161290323,
            "8": 0.5625,
            "9": 0.5833333333333334,
            "10": 0.5714285714285714,
            "11": 0.6,
            "12": 0.0,
            "16": 0.0
        }
    },
    "by_input_num": {
        "group_size": {
            "(65535.999, 65740.7]": 205,
            "(65740.7, 65945.4]": 205,
            "(65945.4, 66150.1]": 205,
            "(66150.1, 66354.8]": 204,
            "(66354.8, 66559.5]": 205,
            "(66559.5, 66764.2]": 205,
            "(66764.2, 66968.9]": 204,
            "(66968.9, 67173.6]": 205,
            "(67173.6, 67378.3]": 205,
            "(67378.3, 67583.0]": 205
        },
        "correct_product_mean": {
            "(65535.999, 65740.7]": 0.9560975609756097,
            "(65740.7, 65945.4]": 0.9219512195121952,
            "(65945.4, 66150.1]": 0.8292682926829268,
            "(66150.1, 66354.8]": 0.9068627450980392,
            "(66354.8, 66559.5]": 0.8829268292682927,
            "(66559.5, 66764.2]": 0.8926829268292683,
            "(66764.2, 66968.9]": 0.8676470588235294,
            "(66968.9, 67173.6]": 0.8829268292682927,
            "(67173.6, 67378.3]": 0.9121951219512195,
            "(67378.3, 67583.0]": 0.9073170731707317
        },
        "correct_factorization_mean": {
            "(65535.999, 65740.7]": 0.7609756097560976,
            "(65740.7, 65945.4]": 0.6829268292682927,
            "(65945.4, 66150.1]": 0.697560975609756,
            "(66150.1, 66354.8]": 0.6519607843137255,
            "(66354.8, 66559.5]": 0.6829268292682927,
            "(66559.5, 66764.2]": 0.6487804878048781,
            "(66764.2, 66968.9]": 0.6274509803921569,
            "(66968.9, 67173.6]": 0.6536585365853659,
            "(67173.6, 67378.3]": 0.6731707317073171,
            "(67378.3, 67583.0]": 0.7170731707317073
        }
    },
    "pred_same_as_input_beam_0": {
        "0": {
            "input_is_prime": false,
            "pred_same_as_input": false,
            "group_size": 1856,
            "correct_product_mean": 0.8453663793103449,
            "correct_factorization_mean": 0.6088362068965517
        },
        "1": {
            "input_is_prime": true,
            "pred_same_as_input": false,
            "group_size": 191,
            "correct_product_mean": 0.8219895287958116,
            "correct_factorization_mean": 0.8219895287958116
        },
        "2": {
            "input_is_prime": true,
            "pred_same_as_input": true,
            "group_size": 1,
            "correct_product_mean": 1.0,
            "correct_factorization_mean": 1.0
        }
    },
    "by_min_factor_composite_only": {
        "0": {
            "min_factor_decile": "(1.999, 3.0]",
            "group_size": 1365,
            "correct_product_mean": 0.9186813186813186,
            "correct_factorization_mean": 0.747985347985348
        },
        "1": {
            "min_factor_decile": "(3.0, 5.0]",
            "group_size": 136,
            "correct_product_mean": 0.8529411764705882,
            "correct_factorization_mean": 0.7867647058823529
        },
        "2": {
            "min_factor_decile": "(5.0, 17.0]",
            "group_size": 176,
            "correct_product_mean": 0.8636363636363636,
            "correct_factorization_mean": 0.0
        },
        "3": {
            "min_factor_decile": "(17.0, 257.0]",
            "group_size": 179,
            "correct_product_mean": 0.8379888268156425,
            "correct_factorization_mean": 0.0111731843575419
        }
    },
    "loss": 0.3940437858346949,
    "meta": {
        "n_beams": 2,
        "temperature": 1.0
    }
}