{
    "correct": {
        "correct_product": 0.9836065573770492,
        "correct_factorization": 0.8788706739526412
    },
    "beam_accuracy": {
        "correct_product": {
            "0": 0.9740437158469946,
            "1": 0.23284760170006072
        },
        "correct_factorization": {
            "0": 0.8594414086217365,
            "1": 0.020036429872495445
        }
    },
    "by_prob": {
        "group_size": {
            "(-15.245999999999999, -9.211]": 1319.0,
            "(-9.211, -8.583]": 1317.0,
            "(-8.583, -6.394]": 1317.0,
            "(-6.394, -2.798]": 1318.0,
            "(-2.798, -1.267]": 1317.0,
            "(-1.267, -0.373]": 1318.0,
            "(-0.373, -0.0033]": 1317.0,
            "(-0.0033, -0.000426]": 1318.0,
            "(-0.000426, -8.83e-05]": 1317.0,
            "(-8.83e-05, -2.98e-06]": 1318.0
        },
        "correct_product": {
            "(-15.245999999999999, -9.211]": 0.3237300985595148,
            "(-9.211, -8.583]": 0.08731966590736523,
            "(-8.583, -6.394]": 0.25588458618071375,
            "(-6.394, -2.798]": 0.2845220030349014,
            "(-2.798, -1.267]": 0.22399392558845863,
            "(-1.267, -0.373]": 0.8907435508345979,
            "(-0.373, -0.0033]": 0.9681093394077449,
            "(-0.0033, -0.000426]": 1.0,
            "(-0.000426, -8.83e-05]": 1.0,
            "(-8.83e-05, -2.98e-06]": 1.0
        },
        "correct_factorization": {
            "(-15.245999999999999, -9.211]": 0.001516300227445034,
            "(-9.211, -8.583]": 0.0007593014426727411,
            "(-8.583, -6.394]": 0.0007593014426727411,
            "(-6.394, -2.798]": 0.00834597875569044,
            "(-2.798, -1.267]": 0.08428246013667426,
            "(-1.267, -0.373]": 0.3558421851289833,
            "(-0.373, -0.0033]": 0.9460895975702354,
            "(-0.0033, -0.000426]": 1.0,
            "(-0.000426, -8.83e-05]": 1.0,
            "(-8.83e-05, -2.98e-06]": 1.0
        },
        "percent_prime_factors_pred": {
            "(-15.245999999999999, -9.211]": 0.8331555290804723,
            "(-9.211, -8.583]": 0.7513435417193959,
            "(-8.583, -6.394]": 0.8456701739161876,
            "(-6.394, -2.798]": 0.8000487752005203,
            "(-2.798, -1.267]": 0.8259174892432296,
            "(-1.267, -0.373]": 0.4954024857287376,
            "(-0.373, -0.0033]": 0.9863072639838016,
            "(-0.0033, -0.000426]": 1.0,
            "(-0.000426, -8.83e-05]": 1.0,
            "(-8.83e-05, -2.98e-06]": 1.0
        }
    },
    "by_num_target_factors": {
        "group_size": {
            "1": 668,
            "2": 1601,
            "3": 1720,
            "4": 1198,
            "5": 715,
            "6": 373,
            "7": 165,
            "8": 79,
            "9": 35,
            "10": 20,
            "11": 8,
            "12": 3,
            "13": 3
        },
        "correct_product_mean": {
            "1": 0.9820359281437125,
            "2": 0.9931292941911305,
            "3": 0.9912790697674418,
            "4": 0.9924874791318865,
            "5": 0.9888111888111888,
            "6": 0.9624664879356568,
            "7": 0.9030303030303031,
            "8": 0.8987341772151899,
            "9": 0.7714285714285715,
            "10": 0.8,
            "11": 0.75,
            "12": 1.0,
            "13": 0.6666666666666666
        },
        "correct_factorization_mean": {
            "1": 0.9820359281437125,
            "2": 0.7232979387882573,
            "3": 0.8703488372093023,
            "4": 0.9624373956594324,
            "5": 0.9874125874125874,
            "6": 0.9329758713136729,
            "7": 0.8909090909090909,
            "8": 0.8987341772151899,
            "9": 0.7714285714285715,
            "10": 0.8,
            "11": 0.75,
            "12": 1.0,
            "13": 0.6666666666666666
        }
    },
    "by_input_num": {
        "group_size": {
            "(7.999, 6350.5]": 659,
            "(6350.5, 12996.8]": 659,
            "(12996.8, 19472.5]": 659,
            "(19472.5, 26116.8]": 658,
            "(26116.8, 32574.0]": 659,
            "(32574.0, 39331.6]": 659,
            "(39331.6, 46013.7]": 658,
            "(46013.7, 52699.4]": 659,
            "(52699.4, 59007.6]": 659,
            "(59007.6, 65528.0]": 659
        },
        "correct_product_mean": {
            "(7.999, 6350.5]": 0.9984825493171472,
            "(6350.5, 12996.8]": 0.9984825493171472,
            "(12996.8, 19472.5]": 1.0,
            "(19472.5, 26116.8]": 0.9924012158054711,
            "(26116.8, 32574.0]": 0.9878603945371776,
            "(32574.0, 39331.6]": 0.9863429438543247,
            "(39331.6, 46013.7]": 0.9726443768996961,
            "(46013.7, 52699.4]": 0.9590288315629742,
            "(52699.4, 59007.6]": 0.9711684370257967,
            "(59007.6, 65528.0]": 0.9696509863429439
        },
        "correct_factorization_mean": {
            "(7.999, 6350.5]": 0.9984825493171472,
            "(6350.5, 12996.8]": 0.9984825493171472,
            "(12996.8, 19472.5]": 1.0,
            "(19472.5, 26116.8]": 0.9817629179331308,
            "(26116.8, 32574.0]": 0.8922610015174507,
            "(32574.0, 39331.6]": 0.8118361153262519,
            "(39331.6, 46013.7]": 0.7826747720364742,
            "(46013.7, 52699.4]": 0.8209408194233687,
            "(52699.4, 59007.6]": 0.7556904400606981,
            "(59007.6, 65528.0]": 0.7465857359635811
        }
    },
    "pred_same_as_input_beam_0": {
        "0": {
            "input_is_prime": false,
            "pred_same_as_input": false,
            "group_size": 5920,
            "correct_product_mean": 0.9739864864864864,
            "correct_factorization_mean": 0.8464527027027027
        },
        "1": {
            "input_is_prime": true,
            "pred_same_as_input": false,
            "group_size": 654,
            "correct_product_mean": 0.9740061162079511,
            "correct_factorization_mean": 0.9740061162079511
        },
        "2": {
            "input_is_prime": true,
            "pred_same_as_input": true,
            "group_size": 14,
            "correct_product_mean": 1.0,
            "correct_factorization_mean": 1.0
        }
    },
    "by_min_factor_composite_only": {
        "0": {
            "min_factor_decile": "(1.999, 3.0]",
            "group_size": 4339,
            "correct_product_mean": 0.9843281862180225,
            "correct_factorization_mean": 0.9520626872551279
        },
        "1": {
            "min_factor_decile": "(3.0, 5.0]",
            "group_size": 447,
            "correct_product_mean": 0.9843400447427293,
            "correct_factorization_mean": 0.9798657718120806
        },
        "2": {
            "min_factor_decile": "(5.0, 17.0]",
            "group_size": 614,
            "correct_product_mean": 0.9771986970684039,
            "correct_factorization_mean": 0.41368078175895767
        },
        "3": {
            "min_factor_decile": "(17.0, 241.0]",
            "group_size": 520,
            "correct_product_mean": 0.9865384615384616,
            "correct_factorization_mean": 0.36153846153846153
        }
    },
    "loss": 0.12329603479976106,
    "meta": {
        "n_beams": 2,
        "temperature": 1.0
    }
}