{
    "correct": {
        "correct_product": 0.876953125,
        "correct_factorization": 0.6376953125
    },
    "beam_accuracy": {
        "correct_product": {
            "0": 0.83154296875,
            "1": 0.1357421875
        },
        "correct_factorization": {
            "0": 0.59326171875,
            "1": 0.04443359375
        }
    },
    "by_prob": {
        "group_size": {
            "(-13.881, -6.18]": 410.0,
            "(-6.18, -3.331]": 410.0,
            "(-3.331, -2.636]": 409.0,
            "(-2.636, -2.007]": 410.0,
            "(-2.007, -1.362]": 409.0,
            "(-1.362, -1.038]": 410.0,
            "(-1.038, -0.762]": 409.0,
            "(-0.762, -0.196]": 410.0,
            "(-0.196, -0.00438]": 409.0,
            "(-0.00438, -2.38e-06]": 410.0
        },
        "correct_product": {
            "(-13.881, -6.18]": 0.12195121951219512,
            "(-6.18, -3.331]": 0.12439024390243902,
            "(-3.331, -2.636]": 0.0488997555012225,
            "(-2.636, -2.007]": 0.09024390243902439,
            "(-2.007, -1.362]": 0.3374083129584352,
            "(-1.362, -1.038]": 0.6853658536585366,
            "(-1.038, -0.762]": 0.8166259168704156,
            "(-0.762, -0.196]": 0.6951219512195121,
            "(-0.196, -0.00438]": 0.9168704156479217,
            "(-0.00438, -2.38e-06]": 1.0
        },
        "correct_factorization": {
            "(-13.881, -6.18]": 0.0,
            "(-6.18, -3.331]": 0.007317073170731708,
            "(-3.331, -2.636]": 0.014669926650366748,
            "(-2.636, -2.007]": 0.03170731707317073,
            "(-2.007, -1.362]": 0.1466992665036675,
            "(-1.362, -1.038]": 0.25853658536585367,
            "(-1.038, -0.762]": 0.3471882640586797,
            "(-0.762, -0.196]": 0.5024390243902439,
            "(-0.196, -0.00438]": 0.8801955990220048,
            "(-0.00438, -2.38e-06]": 1.0
        },
        "percent_prime_factors_pred": {
            "(-13.881, -6.18]": 0.9061295005807201,
            "(-6.18, -3.331]": 0.9035365853658537,
            "(-3.331, -2.636]": 0.9250339581635425,
            "(-2.636, -2.007]": 0.8999361207897792,
            "(-2.007, -1.362]": 0.8263825823728025,
            "(-1.362, -1.038]": 0.6246747967479676,
            "(-1.038, -0.762]": 0.5748515543136571,
            "(-0.762, -0.196]": 0.8967653890824622,
            "(-0.196, -0.00438]": 0.9861043194784026,
            "(-0.00438, -2.38e-06]": 1.0
        }
    },
    "by_num_target_factors": {
        "group_size": {
            "1": 192,
            "2": 466,
            "3": 501,
            "4": 401,
            "5": 237,
            "6": 131,
            "7": 62,
            "8": 32,
            "9": 12,
            "10": 7,
            "11": 5,
            "12": 1,
            "16": 1
        },
        "correct_product_mean": {
            "1": 0.9166666666666666,
            "2": 0.944206008583691,
            "3": 0.93812375249501,
            "4": 0.9152119700748129,
            "5": 0.7890295358649789,
            "6": 0.6946564885496184,
            "7": 0.6451612903225806,
            "8": 0.53125,
            "9": 0.3333333333333333,
            "10": 0.42857142857142855,
            "11": 0.2,
            "12": 0.0,
            "16": 0.0
        },
        "correct_factorization_mean": {
            "1": 0.9166666666666666,
            "2": 0.45064377682403434,
            "3": 0.590818363273453,
            "4": 0.7805486284289277,
            "5": 0.7215189873417721,
            "6": 0.5954198473282443,
            "7": 0.6129032258064516,
            "8": 0.5,
            "9": 0.3333333333333333,
            "10": 0.42857142857142855,
            "11": 0.2,
            "12": 0.0,
            "16": 0.0
        }
    },
    "by_input_num": {
        "group_size": {
            "(65535.999, 65740.7]": 205,
            "(65740.7, 65945.4]": 205,
            "(65945.4, 66150.1]": 205,
            "(66150.1, 66354.8]": 204,
            "(66354.8, 66559.5]": 205,
            "(66559.5, 66764.2]": 205,
            "(66764.2, 66968.9]": 204,
            "(66968.9, 67173.6]": 205,
            "(67173.6, 67378.3]": 205,
            "(67378.3, 67583.0]": 205
        },
        "correct_product_mean": {
            "(65535.999, 65740.7]": 0.8975609756097561,
            "(65740.7, 65945.4]": 0.8439024390243902,
            "(65945.4, 66150.1]": 0.8829268292682927,
            "(66150.1, 66354.8]": 0.8823529411764706,
            "(66354.8, 66559.5]": 0.9170731707317074,
            "(66559.5, 66764.2]": 0.8536585365853658,
            "(66764.2, 66968.9]": 0.8627450980392157,
            "(66968.9, 67173.6]": 0.8878048780487805,
            "(67173.6, 67378.3]": 0.8682926829268293,
            "(67378.3, 67583.0]": 0.8731707317073171
        },
        "correct_factorization_mean": {
            "(65535.999, 65740.7]": 0.7121951219512195,
            "(65740.7, 65945.4]": 0.6048780487804878,
            "(65945.4, 66150.1]": 0.6634146341463415,
            "(66150.1, 66354.8]": 0.5784313725490197,
            "(66354.8, 66559.5]": 0.6682926829268293,
            "(66559.5, 66764.2]": 0.6195121951219512,
            "(66764.2, 66968.9]": 0.6225490196078431,
            "(66968.9, 67173.6]": 0.6341463414634146,
            "(67173.6, 67378.3]": 0.624390243902439,
            "(67378.3, 67583.0]": 0.6487804878048781
        }
    },
    "pred_same_as_input_beam_0": {
        "0": {
            "input_is_prime": false,
            "pred_same_as_input": false,
            "group_size": 1530,
            "correct_product_mean": 0.7875816993464052,
            "correct_factorization_mean": 0.6816993464052288
        },
        "1": {
            "input_is_prime": false,
            "pred_same_as_input": true,
            "group_size": 326,
            "correct_product_mean": 1.0,
            "correct_factorization_mean": 0.0
        },
        "2": {
            "input_is_prime": true,
            "pred_same_as_input": false,
            "group_size": 20,
            "correct_product_mean": 0.0,
            "correct_factorization_mean": 0.0
        },
        "3": {
            "input_is_prime": true,
            "pred_same_as_input": true,
            "group_size": 172,
            "correct_product_mean": 1.0,
            "correct_factorization_mean": 1.0
        }
    },
    "by_min_factor_composite_only": {
        "0": {
            "min_factor_decile": "(1.999, 3.0]",
            "group_size": 1365,
            "correct_product_mean": 0.863003663003663,
            "correct_factorization_mean": 0.6842490842490843
        },
        "1": {
            "min_factor_decile": "(3.0, 5.0]",
            "group_size": 136,
            "correct_product_mean": 0.8235294117647058,
            "correct_factorization_mean": 0.8014705882352942
        },
        "2": {
            "min_factor_decile": "(5.0, 17.0]",
            "group_size": 176,
            "correct_product_mean": 0.9090909090909091,
            "correct_factorization_mean": 0.0
        },
        "3": {
            "min_factor_decile": "(17.0, 257.0]",
            "group_size": 179,
            "correct_product_mean": 0.9497206703910615,
            "correct_factorization_mean": 0.0
        }
    },
    "loss": 0.4601537360071869,
    "meta": {
        "n_beams": 2,
        "temperature": 1.0
    }
}