{
    "correct": {
        "correct_product": 0.75537109375,
        "correct_factorization": 0.56591796875
    },
    "beam_accuracy": {
        "correct_product": {
            "0": 0.7041015625,
            "1": 0.146484375
        },
        "correct_factorization": {
            "0": 0.51513671875,
            "1": 0.05078125
        }
    },
    "by_prob": {
        "group_size": {
            "(-12.815999999999999, -4.803]": 410.0,
            "(-4.803, -3.034]": 410.0,
            "(-3.034, -2.448]": 409.0,
            "(-2.448, -1.92]": 410.0,
            "(-1.92, -1.413]": 409.0,
            "(-1.413, -1.05]": 410.0,
            "(-1.05, -0.799]": 409.0,
            "(-0.799, -0.308]": 410.0,
            "(-0.308, -0.0175]": 409.0,
            "(-0.0175, -2.74e-06]": 410.0
        },
        "correct_product": {
            "(-12.815999999999999, -4.803]": 0.1951219512195122,
            "(-4.803, -3.034]": 0.1024390243902439,
            "(-3.034, -2.448]": 0.06601466992665037,
            "(-2.448, -1.92]": 0.0975609756097561,
            "(-1.92, -1.413]": 0.20537897310513448,
            "(-1.413, -1.05]": 0.3975609756097561,
            "(-1.05, -0.799]": 0.78239608801956,
            "(-0.799, -0.308]": 0.6170731707317073,
            "(-0.308, -0.0175]": 0.8215158924205379,
            "(-0.0175, -2.74e-06]": 0.9682926829268292
        },
        "correct_factorization": {
            "(-12.815999999999999, -4.803]": 0.007317073170731708,
            "(-4.803, -3.034]": 0.01707317073170732,
            "(-3.034, -2.448]": 0.02444987775061125,
            "(-2.448, -1.92]": 0.05365853658536585,
            "(-1.92, -1.413]": 0.11246943765281174,
            "(-1.413, -1.05]": 0.18536585365853658,
            "(-1.05, -0.799]": 0.3471882640586797,
            "(-0.799, -0.308]": 0.36097560975609755,
            "(-0.308, -0.0175]": 0.7530562347188264,
            "(-0.0175, -2.74e-06]": 0.9682926829268292
        },
        "percent_prime_factors_pred": {
            "(-12.815999999999999, -4.803]": 0.9027932636469221,
            "(-4.803, -3.034]": 0.9303658536585365,
            "(-3.034, -2.448]": 0.936919315403423,
            "(-2.448, -1.92]": 0.9216840882694541,
            "(-1.92, -1.413]": 0.902660379555245,
            "(-1.413, -1.05]": 0.8217886178861789,
            "(-1.05, -0.799]": 0.6008149959250203,
            "(-0.799, -0.308]": 0.8376422764227642,
            "(-0.308, -0.0175]": 0.9702933985330074,
            "(-0.0175, -2.74e-06]": 1.0
        }
    },
    "by_num_target_factors": {
        "group_size": {
            "1": 192,
            "2": 466,
            "3": 501,
            "4": 401,
            "5": 237,
            "6": 131,
            "7": 62,
            "8": 32,
            "9": 12,
            "10": 7,
            "11": 5,
            "12": 1,
            "16": 1
        },
        "correct_product_mean": {
            "1": 0.6875,
            "2": 0.7618025751072961,
            "3": 0.8542914171656687,
            "4": 0.8403990024937655,
            "5": 0.6666666666666666,
            "6": 0.6335877862595419,
            "7": 0.5,
            "8": 0.46875,
            "9": 0.3333333333333333,
            "10": 0.42857142857142855,
            "11": 0.0,
            "12": 0.0,
            "16": 1.0
        },
        "correct_factorization_mean": {
            "1": 0.6875,
            "2": 0.4291845493562232,
            "3": 0.5508982035928144,
            "4": 0.6932668329177057,
            "5": 0.6118143459915611,
            "6": 0.5725190839694656,
            "7": 0.4838709677419355,
            "8": 0.46875,
            "9": 0.3333333333333333,
            "10": 0.42857142857142855,
            "11": 0.0,
            "12": 0.0,
            "16": 1.0
        }
    },
    "by_input_num": {
        "group_size": {
            "(65535.999, 65740.7]": 205,
            "(65740.7, 65945.4]": 205,
            "(65945.4, 66150.1]": 205,
            "(66150.1, 66354.8]": 204,
            "(66354.8, 66559.5]": 205,
            "(66559.5, 66764.2]": 205,
            "(66764.2, 66968.9]": 204,
            "(66968.9, 67173.6]": 205,
            "(67173.6, 67378.3]": 205,
            "(67378.3, 67583.0]": 205
        },
        "correct_product_mean": {
            "(65535.999, 65740.7]": 0.8731707317073171,
            "(65740.7, 65945.4]": 0.6634146341463415,
            "(65945.4, 66150.1]": 0.697560975609756,
            "(66150.1, 66354.8]": 0.6519607843137255,
            "(66354.8, 66559.5]": 0.5902439024390244,
            "(66559.5, 66764.2]": 0.8048780487804879,
            "(66764.2, 66968.9]": 0.8284313725490197,
            "(66968.9, 67173.6]": 0.8536585365853658,
            "(67173.6, 67378.3]": 0.8146341463414634,
            "(67378.3, 67583.0]": 0.775609756097561
        },
        "correct_factorization_mean": {
            "(65535.999, 65740.7]": 0.6536585365853659,
            "(65740.7, 65945.4]": 0.5365853658536586,
            "(65945.4, 66150.1]": 0.5658536585365853,
            "(66150.1, 66354.8]": 0.47058823529411764,
            "(66354.8, 66559.5]": 0.4975609756097561,
            "(66559.5, 66764.2]": 0.6048780487804878,
            "(66764.2, 66968.9]": 0.5833333333333334,
            "(66968.9, 67173.6]": 0.5951219512195122,
            "(67173.6, 67378.3]": 0.5804878048780487,
            "(67378.3, 67583.0]": 0.5707317073170731
        }
    },
    "pred_same_as_input_beam_0": {
        "0": {
            "input_is_prime": false,
            "pred_same_as_input": false,
            "group_size": 1856,
            "correct_product_mean": 0.7068965517241379,
            "correct_factorization_mean": 0.4983836206896552
        },
        "1": {
            "input_is_prime": true,
            "pred_same_as_input": false,
            "group_size": 192,
            "correct_product_mean": 0.6770833333333334,
            "correct_factorization_mean": 0.6770833333333334
        }
    },
    "by_min_factor_composite_only": {
        "0": {
            "min_factor_decile": "(1.999, 3.0]",
            "group_size": 1365,
            "correct_product_mean": 0.7912087912087912,
            "correct_factorization_mean": 0.6087912087912087
        },
        "1": {
            "min_factor_decile": "(3.0, 5.0]",
            "group_size": 136,
            "correct_product_mean": 0.7573529411764706,
            "correct_factorization_mean": 0.6838235294117647
        },
        "2": {
            "min_factor_decile": "(5.0, 17.0]",
            "group_size": 176,
            "correct_product_mean": 0.6477272727272727,
            "correct_factorization_mean": 0.0
        },
        "3": {
            "min_factor_decile": "(17.0, 257.0]",
            "group_size": 179,
            "correct_product_mean": 0.659217877094972,
            "correct_factorization_mean": 0.00558659217877095
        }
    },
    "loss": 0.5073966903844673,
    "meta": {
        "n_beams": 2,
        "temperature": 1.0
    }
}