{
    "correct": {
        "correct_product": 0.9612932604735883,
        "correct_factorization": 0.853217972070431
    },
    "beam_accuracy": {
        "correct_product": {
            "0": 0.9360959319975714,
            "1": 0.19763205828779598
        },
        "correct_factorization": {
            "0": 0.8198239222829387,
            "1": 0.033545840922890105
        }
    },
    "by_prob": {
        "group_size": {
            "(-16.151, -9.21]": 1325.0,
            "(-9.21, -7.749]": 1311.0,
            "(-7.749, -5.189]": 1317.0,
            "(-5.189, -2.365]": 1318.0,
            "(-2.365, -1.278]": 1317.0,
            "(-1.278, -0.6]": 1318.0,
            "(-0.6, -0.0109]": 1317.0,
            "(-0.0109, -0.000837]": 1318.0,
            "(-0.000837, -0.000106]": 1317.0,
            "(-0.000106, -5.96e-07]": 1318.0
        },
        "correct_product": {
            "(-16.151, -9.21]": 0.19547169811320755,
            "(-9.21, -7.749]": 0.13958810068649885,
            "(-7.749, -5.189]": 0.22475322703113135,
            "(-5.189, -2.365]": 0.18285280728376327,
            "(-2.365, -1.278]": 0.25588458618071375,
            "(-1.278, -0.6]": 0.7754172989377845,
            "(-0.6, -0.0109]": 0.8959757023538345,
            "(-0.0109, -0.000837]": 0.9984825493171472,
            "(-0.000837, -0.000106]": 1.0,
            "(-0.000106, -5.96e-07]": 1.0
        },
        "correct_factorization": {
            "(-16.151, -9.21]": 0.0,
            "(-9.21, -7.749]": 0.0,
            "(-7.749, -5.189]": 0.0007593014426727411,
            "(-5.189, -2.365]": 0.02959028831562974,
            "(-2.365, -1.278]": 0.12832194381169323,
            "(-1.278, -0.6]": 0.3216995447647951,
            "(-0.6, -0.0109]": 0.7881548974943052,
            "(-0.0109, -0.000837]": 0.9984825493171472,
            "(-0.000837, -0.000106]": 1.0,
            "(-0.000106, -5.96e-07]": 1.0
        },
        "percent_prime_factors_pred": {
            "(-16.151, -9.21]": 0.8296322252171309,
            "(-9.21, -7.749]": 0.8604073589771531,
            "(-7.749, -5.189]": 0.8491964059731714,
            "(-5.189, -2.365]": 0.8420080930703085,
            "(-2.365, -1.278]": 0.818360632028058,
            "(-1.278, -0.6]": 0.5641312594840667,
            "(-0.6, -0.0109]": 0.9156343782767473,
            "(-0.0109, -0.000837]": 1.0,
            "(-0.000837, -0.000106]": 1.0,
            "(-0.000106, -5.96e-07]": 1.0
        }
    },
    "by_num_target_factors": {
        "group_size": {
            "1": 668,
            "2": 1601,
            "3": 1720,
            "4": 1198,
            "5": 715,
            "6": 373,
            "7": 165,
            "8": 79,
            "9": 35,
            "10": 20,
            "11": 8,
            "12": 3,
            "13": 3
        },
        "correct_product_mean": {
            "1": 0.9550898203592815,
            "2": 0.9756402248594629,
            "3": 0.977906976744186,
            "4": 0.9849749582637729,
            "5": 0.9594405594405594,
            "6": 0.9088471849865952,
            "7": 0.8666666666666667,
            "8": 0.7468354430379747,
            "9": 0.6857142857142857,
            "10": 0.55,
            "11": 0.625,
            "12": 1.0,
            "13": 0.3333333333333333
        },
        "correct_factorization_mean": {
            "1": 0.9550898203592815,
            "2": 0.7101811367895066,
            "3": 0.8511627906976744,
            "4": 0.9415692821368948,
            "5": 0.9552447552447553,
            "6": 0.8820375335120644,
            "7": 0.8424242424242424,
            "8": 0.7468354430379747,
            "9": 0.6857142857142857,
            "10": 0.55,
            "11": 0.625,
            "12": 1.0,
            "13": 0.3333333333333333
        }
    },
    "by_input_num": {
        "group_size": {
            "(7.999, 6350.5]": 659,
            "(6350.5, 12996.8]": 659,
            "(12996.8, 19472.5]": 659,
            "(19472.5, 26116.8]": 658,
            "(26116.8, 32574.0]": 659,
            "(32574.0, 39331.6]": 659,
            "(39331.6, 46013.7]": 658,
            "(46013.7, 52699.4]": 659,
            "(52699.4, 59007.6]": 659,
            "(59007.6, 65528.0]": 659
        },
        "correct_product_mean": {
            "(7.999, 6350.5]": 0.9878603945371776,
            "(6350.5, 12996.8]": 0.9969650986342944,
            "(12996.8, 19472.5]": 0.9908952959028832,
            "(19472.5, 26116.8]": 0.9756838905775076,
            "(26116.8, 32574.0]": 0.9468892261001517,
            "(32574.0, 39331.6]": 0.9484066767830045,
            "(39331.6, 46013.7]": 0.9316109422492401,
            "(46013.7, 52699.4]": 0.921092564491654,
            "(52699.4, 59007.6]": 0.9575113808801214,
            "(59007.6, 65528.0]": 0.9559939301972686
        },
        "correct_factorization_mean": {
            "(7.999, 6350.5]": 0.9878603945371776,
            "(6350.5, 12996.8]": 0.9969650986342944,
            "(12996.8, 19472.5]": 0.9908952959028832,
            "(19472.5, 26116.8]": 0.9559270516717325,
            "(26116.8, 32574.0]": 0.8437025796661608,
            "(32574.0, 39331.6]": 0.779969650986343,
            "(39331.6, 46013.7]": 0.7477203647416414,
            "(46013.7, 52699.4]": 0.7769347496206374,
            "(52699.4, 59007.6]": 0.7314112291350531,
            "(59007.6, 65528.0]": 0.7207890743550834
        }
    },
    "pred_same_as_input_beam_0": {
        "0": {
            "input_is_prime": false,
            "pred_same_as_input": false,
            "group_size": 5277,
            "correct_product_mean": 0.9279893879097972,
            "correct_factorization_mean": 0.9046806897858631
        },
        "1": {
            "input_is_prime": false,
            "pred_same_as_input": true,
            "group_size": 643,
            "correct_product_mean": 1.0,
            "correct_factorization_mean": 0.0
        },
        "2": {
            "input_is_prime": true,
            "pred_same_as_input": false,
            "group_size": 41,
            "correct_product_mean": 0.0,
            "correct_factorization_mean": 0.0
        },
        "3": {
            "input_is_prime": true,
            "pred_same_as_input": true,
            "group_size": 627,
            "correct_product_mean": 1.0,
            "correct_factorization_mean": 1.0
        }
    },
    "by_min_factor_composite_only": {
        "0": {
            "min_factor_decile": "(1.999, 3.0]",
            "group_size": 4339,
            "correct_product_mean": 0.9628946761926711,
            "correct_factorization_mean": 0.9112698778520396
        },
        "1": {
            "min_factor_decile": "(3.0, 5.0]",
            "group_size": 447,
            "correct_product_mean": 0.9619686800894854,
            "correct_factorization_mean": 0.9284116331096197
        },
        "2": {
            "min_factor_decile": "(5.0, 17.0]",
            "group_size": 614,
            "correct_product_mean": 0.9657980456026058,
            "correct_factorization_mean": 0.3811074918566775
        },
        "3": {
            "min_factor_decile": "(17.0, 241.0]",
            "group_size": 520,
            "correct_product_mean": 0.95,
            "correct_factorization_mean": 0.32884615384615384
        }
    },
    "loss": 0.16001929904730572,
    "meta": {
        "n_beams": 2,
        "temperature": 1.0
    }
}