{
    "correct": {
        "correct_product": 0.9700971463266546,
        "correct_factorization": 0.8530661809350334
    },
    "beam_accuracy": {
        "correct_product": {
            "0": 0.9442926533090468,
            "1": 0.21918639951426835
        },
        "correct_factorization": {
            "0": 0.8167880995749848,
            "1": 0.03673345476624165
        }
    },
    "by_prob": {
        "group_size": {
            "(-15.708, -9.21]": 1324.0,
            "(-9.21, -7.372]": 1312.0,
            "(-7.372, -4.446]": 1317.0,
            "(-4.446, -2.287]": 1318.0,
            "(-2.287, -1.207]": 1317.0,
            "(-1.207, -0.645]": 1318.0,
            "(-0.645, -0.021]": 1317.0,
            "(-0.021, -0.00121]": 1318.0,
            "(-0.00121, -0.000104]": 1317.0,
            "(-0.000104, -3.58e-07]": 1318.0
        },
        "correct_product": {
            "(-15.708, -9.21]": 0.19184290030211482,
            "(-9.21, -7.372]": 0.1638719512195122,
            "(-7.372, -4.446]": 0.25968109339407747,
            "(-4.446, -2.287]": 0.19347496206373294,
            "(-2.287, -1.207]": 0.2862566438876234,
            "(-1.207, -0.645]": 0.8315629742033384,
            "(-0.645, -0.021]": 0.894457099468489,
            "(-0.021, -0.00121]": 0.996206373292868,
            "(-0.00121, -0.000104]": 1.0,
            "(-0.000104, -3.58e-07]": 1.0
        },
        "correct_factorization": {
            "(-15.708, -9.21]": 0.0007552870090634441,
            "(-9.21, -7.372]": 0.0007621951219512195,
            "(-7.372, -4.446]": 0.0037965072133637054,
            "(-4.446, -2.287]": 0.02503793626707132,
            "(-2.287, -1.207]": 0.13439635535307518,
            "(-1.207, -0.645]": 0.34370257966616086,
            "(-0.645, -0.021]": 0.765375854214123,
            "(-0.021, -0.00121]": 0.9939301972685888,
            "(-0.00121, -0.000104]": 1.0,
            "(-0.000104, -3.58e-07]": 1.0
        },
        "percent_prime_factors_pred": {
            "(-15.708, -9.21]": 0.7688701865439026,
            "(-9.21, -7.372]": 0.847620862369338,
            "(-7.372, -4.446]": 0.8467783924503742,
            "(-4.446, -2.287]": 0.8390704410241587,
            "(-2.287, -1.207]": 0.831464005495896,
            "(-1.207, -0.645]": 0.5361026808295397,
            "(-0.645, -0.021]": 0.9089724120475828,
            "(-0.021, -0.00121]": 0.9993677288821448,
            "(-0.00121, -0.000104]": 1.0,
            "(-0.000104, -3.58e-07]": 1.0
        }
    },
    "by_num_target_factors": {
        "group_size": {
            "1": 668,
            "2": 1601,
            "3": 1720,
            "4": 1198,
            "5": 715,
            "6": 373,
            "7": 165,
            "8": 79,
            "9": 35,
            "10": 20,
            "11": 8,
            "12": 3,
            "13": 3
        },
        "correct_product_mean": {
            "1": 0.9670658682634731,
            "2": 0.9825109306683323,
            "3": 0.9883720930232558,
            "4": 0.9874791318864775,
            "5": 0.9706293706293706,
            "6": 0.9302949061662198,
            "7": 0.8666666666666667,
            "8": 0.7974683544303798,
            "9": 0.6857142857142857,
            "10": 0.5,
            "11": 0.625,
            "12": 0.6666666666666666,
            "13": 0.3333333333333333
        },
        "correct_factorization_mean": {
            "1": 0.9670658682634731,
            "2": 0.6995627732667083,
            "3": 0.8476744186046512,
            "4": 0.9432387312186978,
            "5": 0.9566433566433566,
            "6": 0.8981233243967829,
            "7": 0.8606060606060606,
            "8": 0.7974683544303798,
            "9": 0.6857142857142857,
            "10": 0.5,
            "11": 0.625,
            "12": 0.6666666666666666,
            "13": 0.3333333333333333
        }
    },
    "by_input_num": {
        "group_size": {
            "(7.999, 6350.5]": 659,
            "(6350.5, 12996.8]": 659,
            "(12996.8, 19472.5]": 659,
            "(19472.5, 26116.8]": 658,
            "(26116.8, 32574.0]": 659,
            "(32574.0, 39331.6]": 659,
            "(39331.6, 46013.7]": 658,
            "(46013.7, 52699.4]": 659,
            "(52699.4, 59007.6]": 659,
            "(59007.6, 65528.0]": 659
        },
        "correct_product_mean": {
            "(7.999, 6350.5]": 0.9893778452200304,
            "(6350.5, 12996.8]": 0.9954476479514416,
            "(12996.8, 19472.5]": 0.9939301972685888,
            "(19472.5, 26116.8]": 0.9832826747720365,
            "(26116.8, 32574.0]": 0.9499241274658573,
            "(32574.0, 39331.6]": 0.9696509863429439,
            "(39331.6, 46013.7]": 0.9620060790273556,
            "(46013.7, 52699.4]": 0.9453717754172989,
            "(52699.4, 59007.6]": 0.9575113808801214,
            "(59007.6, 65528.0]": 0.9544764795144158
        },
        "correct_factorization_mean": {
            "(7.999, 6350.5]": 0.9893778452200304,
            "(6350.5, 12996.8]": 0.9954476479514416,
            "(12996.8, 19472.5]": 0.9939301972685888,
            "(19472.5, 26116.8]": 0.9574468085106383,
            "(26116.8, 32574.0]": 0.8254931714719271,
            "(32574.0, 39331.6]": 0.7905918057663126,
            "(39331.6, 46013.7]": 0.7659574468085106,
            "(46013.7, 52699.4]": 0.787556904400607,
            "(52699.4, 59007.6]": 0.7283763277693475,
            "(59007.6, 65528.0]": 0.6965098634294385
        }
    },
    "pred_same_as_input_beam_0": {
        "0": {
            "input_is_prime": false,
            "pred_same_as_input": false,
            "group_size": 5920,
            "correct_product_mean": 0.9435810810810811,
            "correct_factorization_mean": 0.8016891891891892
        },
        "1": {
            "input_is_prime": true,
            "pred_same_as_input": false,
            "group_size": 661,
            "correct_product_mean": 0.9500756429652042,
            "correct_factorization_mean": 0.9500756429652042
        },
        "2": {
            "input_is_prime": true,
            "pred_same_as_input": true,
            "group_size": 7,
            "correct_product_mean": 1.0,
            "correct_factorization_mean": 1.0
        }
    },
    "by_min_factor_composite_only": {
        "0": {
            "min_factor_decile": "(1.999, 3.0]",
            "group_size": 4339,
            "correct_product_mean": 0.969578243834985,
            "correct_factorization_mean": 0.9087347315049551
        },
        "1": {
            "min_factor_decile": "(3.0, 5.0]",
            "group_size": 447,
            "correct_product_mean": 0.9821029082774049,
            "correct_factorization_mean": 0.9530201342281879
        },
        "2": {
            "min_factor_decile": "(5.0, 17.0]",
            "group_size": 614,
            "correct_product_mean": 0.9706840390879479,
            "correct_factorization_mean": 0.36319218241042345
        },
        "3": {
            "min_factor_decile": "(17.0, 241.0]",
            "group_size": 520,
            "correct_product_mean": 0.9673076923076923,
            "correct_factorization_mean": 0.29615384615384616
        }
    },
    "loss": 0.15511508567475996,
    "meta": {
        "n_beams": 2,
        "temperature": 1.0
    }
}