{
    "correct": {
        "correct_product": 0.9691863995142683,
        "correct_factorization": 0.850789313904068
    },
    "beam_accuracy": {
        "correct_product": {
            "0": 0.9429265330904675,
            "1": 0.2204007285974499
        },
        "correct_factorization": {
            "0": 0.8105646630236795,
            "1": 0.04037644201578628
        }
    },
    "by_prob": {
        "group_size": {
            "(-16.642, -9.21]": 1322.0,
            "(-9.21, -7.128]": 1314.0,
            "(-7.128, -4.472]": 1317.0,
            "(-4.472, -2.376]": 1318.0,
            "(-2.376, -1.243]": 1317.0,
            "(-1.243, -0.772]": 1318.0,
            "(-0.772, -0.0234]": 1317.0,
            "(-0.0234, -0.00158]": 1318.0,
            "(-0.00158, -0.000178]": 1317.0,
            "(-0.000178, -2.38e-07]": 1318.0
        },
        "correct_product": {
            "(-16.642, -9.21]": 0.18835098335854766,
            "(-9.21, -7.128]": 0.2115677321156773,
            "(-7.128, -4.472]": 0.2255125284738041,
            "(-4.472, -2.376]": 0.18740515933232169,
            "(-2.376, -1.243]": 0.2938496583143508,
            "(-1.243, -0.772]": 0.838391502276176,
            "(-0.772, -0.0234]": 0.8724373576309795,
            "(-0.0234, -0.00158]": 0.9992412746585736,
            "(-0.00158, -0.000178]": 1.0,
            "(-0.000178, -2.38e-07]": 1.0
        },
        "correct_factorization": {
            "(-16.642, -9.21]": 0.0,
            "(-9.21, -7.128]": 0.0,
            "(-7.128, -4.472]": 0.002277904328018223,
            "(-4.472, -2.376]": 0.03110773899848255,
            "(-2.376, -1.243]": 0.15034168564920272,
            "(-1.243, -0.772]": 0.34597875569044007,
            "(-0.772, -0.0234]": 0.7304479878511769,
            "(-0.0234, -0.00158]": 0.9946889226100152,
            "(-0.00158, -0.000178]": 1.0,
            "(-0.000178, -2.38e-07]": 1.0
        },
        "percent_prime_factors_pred": {
            "(-16.642, -9.21]": 0.8260064716759092,
            "(-9.21, -7.128]": 0.879401319127345,
            "(-7.128, -4.472]": 0.8502205589904894,
            "(-4.472, -2.376]": 0.8279337379868476,
            "(-2.376, -1.243]": 0.836883971508116,
            "(-1.243, -0.772]": 0.534324192499458,
            "(-0.772, -0.0234]": 0.8968109339407744,
            "(-0.0234, -0.00158]": 0.9976605968639353,
            "(-0.00158, -0.000178]": 1.0,
            "(-0.000178, -2.38e-07]": 1.0
        }
    },
    "by_num_target_factors": {
        "group_size": {
            "1": 668,
            "2": 1601,
            "3": 1720,
            "4": 1198,
            "5": 715,
            "6": 373,
            "7": 165,
            "8": 79,
            "9": 35,
            "10": 20,
            "11": 8,
            "12": 3,
            "13": 3
        },
        "correct_product_mean": {
            "1": 0.9880239520958084,
            "2": 0.9893816364772018,
            "3": 0.9918604651162791,
            "4": 0.9841402337228714,
            "5": 0.9482517482517483,
            "6": 0.8927613941018767,
            "7": 0.8424242424242424,
            "8": 0.7215189873417721,
            "9": 0.7142857142857143,
            "10": 0.75,
            "11": 0.5,
            "12": 1.0,
            "13": 0.6666666666666666
        },
        "correct_factorization_mean": {
            "1": 0.9880239520958084,
            "2": 0.707682698313554,
            "3": 0.852906976744186,
            "4": 0.9465776293823038,
            "5": 0.9076923076923077,
            "6": 0.8579088471849866,
            "7": 0.8303030303030303,
            "8": 0.7088607594936709,
            "9": 0.7142857142857143,
            "10": 0.75,
            "11": 0.5,
            "12": 1.0,
            "13": 0.6666666666666666
        }
    },
    "by_input_num": {
        "group_size": {
            "(7.999, 6350.5]": 659,
            "(6350.5, 12996.8]": 659,
            "(12996.8, 19472.5]": 659,
            "(19472.5, 26116.8]": 658,
            "(26116.8, 32574.0]": 659,
            "(32574.0, 39331.6]": 659,
            "(39331.6, 46013.7]": 658,
            "(46013.7, 52699.4]": 659,
            "(52699.4, 59007.6]": 659,
            "(59007.6, 65528.0]": 659
        },
        "correct_product_mean": {
            "(7.999, 6350.5]": 0.9969650986342944,
            "(6350.5, 12996.8]": 0.9969650986342944,
            "(12996.8, 19472.5]": 0.9878603945371776,
            "(19472.5, 26116.8]": 0.9726443768996961,
            "(26116.8, 32574.0]": 0.9590288315629742,
            "(32574.0, 39331.6]": 0.9650986342943855,
            "(39331.6, 46013.7]": 0.9574468085106383,
            "(46013.7, 52699.4]": 0.9317147192716236,
            "(52699.4, 59007.6]": 0.9650986342943855,
            "(59007.6, 65528.0]": 0.9590288315629742
        },
        "correct_factorization_mean": {
            "(7.999, 6350.5]": 0.9969650986342944,
            "(6350.5, 12996.8]": 0.9969650986342944,
            "(12996.8, 19472.5]": 0.9863429438543247,
            "(19472.5, 26116.8]": 0.939209726443769,
            "(26116.8, 32574.0]": 0.8437025796661608,
            "(32574.0, 39331.6]": 0.7738998482549317,
            "(39331.6, 46013.7]": 0.770516717325228,
            "(46013.7, 52699.4]": 0.7769347496206374,
            "(52699.4, 59007.6]": 0.7253414264036419,
            "(59007.6, 65528.0]": 0.6980273141122914
        }
    },
    "pred_same_as_input_beam_0": {
        "0": {
            "input_is_prime": false,
            "pred_same_as_input": false,
            "group_size": 5224,
            "correct_product_mean": 0.9307044410413476,
            "correct_factorization_mean": 0.8970137825421133
        },
        "1": {
            "input_is_prime": false,
            "pred_same_as_input": true,
            "group_size": 696,
            "correct_product_mean": 1.0,
            "correct_factorization_mean": 0.0
        },
        "2": {
            "input_is_prime": true,
            "pred_same_as_input": false,
            "group_size": 14,
            "correct_product_mean": 0.0,
            "correct_factorization_mean": 0.0
        },
        "3": {
            "input_is_prime": true,
            "pred_same_as_input": true,
            "group_size": 654,
            "correct_product_mean": 1.0,
            "correct_factorization_mean": 1.0
        }
    },
    "by_min_factor_composite_only": {
        "0": {
            "min_factor_decile": "(1.999, 3.0]",
            "group_size": 4339,
            "correct_product_mean": 0.9624337404932012,
            "correct_factorization_mean": 0.8942152569716525
        },
        "1": {
            "min_factor_decile": "(3.0, 5.0]",
            "group_size": 447,
            "correct_product_mean": 0.9776286353467561,
            "correct_factorization_mean": 0.9328859060402684
        },
        "2": {
            "min_factor_decile": "(5.0, 17.0]",
            "group_size": 614,
            "correct_product_mean": 0.9788273615635179,
            "correct_factorization_mean": 0.3713355048859935
        },
        "3": {
            "min_factor_decile": "(17.0, 241.0]",
            "group_size": 520,
            "correct_product_mean": 0.9826923076923076,
            "correct_factorization_mean": 0.3096153846153846
        }
    },
    "loss": 0.04882312675069373,
    "meta": {
        "n_beams": 2,
        "temperature": 1.0
    }
}