{
    "correct": {
        "correct_product": 0.9052734375,
        "correct_factorization": 0.6552734375
    },
    "beam_accuracy": {
        "correct_product": {
            "0": 0.87646484375,
            "1": 0.15283203125
        },
        "correct_factorization": {
            "0": 0.62255859375,
            "1": 0.03271484375
        }
    },
    "by_prob": {
        "group_size": {
            "(-13.232999999999999, -5.948]": 410.0,
            "(-5.948, -3.565]": 410.0,
            "(-3.565, -2.834]": 409.0,
            "(-2.834, -2.189]": 410.0,
            "(-2.189, -1.387]": 409.0,
            "(-1.387, -1.011]": 410.0,
            "(-1.011, -0.806]": 409.0,
            "(-0.806, -0.137]": 410.0,
            "(-0.137, -0.00507]": 409.0,
            "(-0.00507, -3.34e-06]": 410.0
        },
        "correct_product": {
            "(-13.232999999999999, -5.948]": 0.23170731707317074,
            "(-5.948, -3.565]": 0.16829268292682928,
            "(-3.565, -2.834]": 0.06601466992665037,
            "(-2.834, -2.189]": 0.08536585365853659,
            "(-2.189, -1.387]": 0.2371638141809291,
            "(-1.387, -1.011]": 0.7414634146341463,
            "(-1.011, -0.806]": 0.8850855745721271,
            "(-0.806, -0.137]": 0.7634146341463415,
            "(-0.137, -0.00507]": 0.9706601466992665,
            "(-0.00507, -3.34e-06]": 0.9975609756097561
        },
        "correct_factorization": {
            "(-13.232999999999999, -5.948]": 0.0024390243902439024,
            "(-5.948, -3.565]": 0.0024390243902439024,
            "(-3.565, -2.834]": 0.004889975550122249,
            "(-2.834, -2.189]": 0.03414634146341464,
            "(-2.189, -1.387]": 0.1271393643031785,
            "(-1.387, -1.011]": 0.28292682926829266,
            "(-1.011, -0.806]": 0.3374083129584352,
            "(-0.806, -0.137]": 0.5292682926829269,
            "(-0.137, -0.00507]": 0.9584352078239609,
            "(-0.00507, -3.34e-06]": 0.9975609756097561
        },
        "percent_prime_factors_pred": {
            "(-13.232999999999999, -5.948]": 0.8925958188153313,
            "(-5.948, -3.565]": 0.8973170731707322,
            "(-3.565, -2.834]": 0.9373442775643268,
            "(-2.834, -2.189]": 0.9232404181184672,
            "(-2.189, -1.387]": 0.8945220631039703,
            "(-1.387, -1.011]": 0.588130081300813,
            "(-1.011, -0.806]": 0.5119804400977994,
            "(-0.806, -0.137]": 0.8815040650406506,
            "(-0.137, -0.00507]": 0.995639771801141,
            "(-0.00507, -3.34e-06]": 1.0
        }
    },
    "by_num_target_factors": {
        "group_size": {
            "1": 192,
            "2": 466,
            "3": 501,
            "4": 401,
            "5": 237,
            "6": 131,
            "7": 62,
            "8": 32,
            "9": 12,
            "10": 7,
            "11": 5,
            "12": 1,
            "16": 1
        },
        "correct_product_mean": {
            "1": 0.9427083333333334,
            "2": 0.9699570815450643,
            "3": 0.9880239520958084,
            "4": 0.9376558603491272,
            "5": 0.7468354430379747,
            "6": 0.7557251908396947,
            "7": 0.7580645161290323,
            "8": 0.53125,
            "9": 0.3333333333333333,
            "10": 0.7142857142857143,
            "11": 0.2,
            "12": 0.0,
            "16": 0.0
        },
        "correct_factorization_mean": {
            "1": 0.9427083333333334,
            "2": 0.4592274678111588,
            "3": 0.5988023952095808,
            "4": 0.7930174563591023,
            "5": 0.6919831223628692,
            "6": 0.7175572519083969,
            "7": 0.7096774193548387,
            "8": 0.53125,
            "9": 0.3333333333333333,
            "10": 0.7142857142857143,
            "11": 0.2,
            "12": 0.0,
            "16": 0.0
        }
    },
    "by_input_num": {
        "group_size": {
            "(65535.999, 65740.7]": 205,
            "(65740.7, 65945.4]": 205,
            "(65945.4, 66150.1]": 205,
            "(66150.1, 66354.8]": 204,
            "(66354.8, 66559.5]": 205,
            "(66559.5, 66764.2]": 205,
            "(66764.2, 66968.9]": 204,
            "(66968.9, 67173.6]": 205,
            "(67173.6, 67378.3]": 205,
            "(67378.3, 67583.0]": 205
        },
        "correct_product_mean": {
            "(65535.999, 65740.7]": 0.9170731707317074,
            "(65740.7, 65945.4]": 0.9170731707317074,
            "(65945.4, 66150.1]": 0.9073170731707317,
            "(66150.1, 66354.8]": 0.8774509803921569,
            "(66354.8, 66559.5]": 0.9024390243902439,
            "(66559.5, 66764.2]": 0.9024390243902439,
            "(66764.2, 66968.9]": 0.9068627450980392,
            "(66968.9, 67173.6]": 0.9317073170731708,
            "(67173.6, 67378.3]": 0.9317073170731708,
            "(67378.3, 67583.0]": 0.8585365853658536
        },
        "correct_factorization_mean": {
            "(65535.999, 65740.7]": 0.7024390243902439,
            "(65740.7, 65945.4]": 0.6536585365853659,
            "(65945.4, 66150.1]": 0.6682926829268293,
            "(66150.1, 66354.8]": 0.5980392156862745,
            "(66354.8, 66559.5]": 0.6439024390243903,
            "(66559.5, 66764.2]": 0.6634146341463415,
            "(66764.2, 66968.9]": 0.6421568627450981,
            "(66968.9, 67173.6]": 0.6780487804878049,
            "(67173.6, 67378.3]": 0.6682926829268293,
            "(67378.3, 67583.0]": 0.6341463414634146
        }
    },
    "pred_same_as_input_beam_0": {
        "0": {
            "input_is_prime": false,
            "pred_same_as_input": false,
            "group_size": 1520,
            "correct_product_mean": 0.8427631578947369,
            "correct_factorization_mean": 0.7217105263157895
        },
        "1": {
            "input_is_prime": false,
            "pred_same_as_input": true,
            "group_size": 336,
            "correct_product_mean": 1.0,
            "correct_factorization_mean": 0.0
        },
        "2": {
            "input_is_prime": true,
            "pred_same_as_input": false,
            "group_size": 14,
            "correct_product_mean": 0.0,
            "correct_factorization_mean": 0.0
        },
        "3": {
            "input_is_prime": true,
            "pred_same_as_input": true,
            "group_size": 178,
            "correct_product_mean": 1.0,
            "correct_factorization_mean": 1.0
        }
    },
    "by_min_factor_composite_only": {
        "0": {
            "min_factor_decile": "(1.999, 3.0]",
            "group_size": 1365,
            "correct_product_mean": 0.884981684981685,
            "correct_factorization_mean": 0.717948717948718
        },
        "1": {
            "min_factor_decile": "(3.0, 5.0]",
            "group_size": 136,
            "correct_product_mean": 0.9191176470588235,
            "correct_factorization_mean": 0.8602941176470589
        },
        "2": {
            "min_factor_decile": "(5.0, 17.0]",
            "group_size": 176,
            "correct_product_mean": 0.9602272727272727,
            "correct_factorization_mean": 0.0
        },
        "3": {
            "min_factor_decile": "(17.0, 257.0]",
            "group_size": 179,
            "correct_product_mean": 0.9553072625698324,
            "correct_factorization_mean": 0.0
        }
    },
    "loss": 0.12892862316221,
    "meta": {
        "n_beams": 2,
        "temperature": 1.0
    }
}