{
    "correct": {
        "correct_product": 0.8779296875,
        "correct_factorization": 0.62353515625
    },
    "beam_accuracy": {
        "correct_product": {
            "0": 0.8388671875,
            "1": 0.14599609375
        },
        "correct_factorization": {
            "0": 0.57568359375,
            "1": 0.0478515625
        }
    },
    "by_prob": {
        "group_size": {
            "(-14.833, -5.45]": 410.0,
            "(-5.45, -3.142]": 410.0,
            "(-3.142, -2.557]": 409.0,
            "(-2.557, -2.035]": 410.0,
            "(-2.035, -1.389]": 409.0,
            "(-1.389, -1.063]": 410.0,
            "(-1.063, -0.874]": 409.0,
            "(-0.874, -0.221]": 410.0,
            "(-0.221, -0.00792]": 409.0,
            "(-0.00792, -5.96e-07]": 410.0
        },
        "correct_product": {
            "(-14.833, -5.45]": 0.14878048780487804,
            "(-5.45, -3.142]": 0.15609756097560976,
            "(-3.142, -2.557]": 0.05867970660146699,
            "(-2.557, -2.035]": 0.1048780487804878,
            "(-2.035, -1.389]": 0.3251833740831296,
            "(-1.389, -1.063]": 0.7414634146341463,
            "(-1.063, -0.874]": 0.863080684596577,
            "(-0.874, -0.221]": 0.6609756097560976,
            "(-0.221, -0.00792]": 0.8728606356968215,
            "(-0.00792, -5.96e-07]": 0.9926829268292683
        },
        "correct_factorization": {
            "(-14.833, -5.45]": 0.007317073170731708,
            "(-5.45, -3.142]": 0.01707317073170732,
            "(-3.142, -2.557]": 0.022004889975550123,
            "(-2.557, -2.035]": 0.03902439024390244,
            "(-2.035, -1.389]": 0.1393643031784841,
            "(-1.389, -1.063]": 0.3048780487804878,
            "(-1.063, -0.874]": 0.33007334963325186,
            "(-0.874, -0.221]": 0.4170731707317073,
            "(-0.221, -0.00792]": 0.8508557457212714,
            "(-0.00792, -5.96e-07]": 0.9902439024390244
        },
        "percent_prime_factors_pred": {
            "(-14.833, -5.45]": 0.9226103368176539,
            "(-5.45, -3.142]": 0.899390243902439,
            "(-3.142, -2.557]": 0.9274246128769356,
            "(-2.557, -2.035]": 0.93,
            "(-2.035, -1.389]": 0.8472697636511818,
            "(-1.389, -1.063]": 0.6173751451800232,
            "(-1.063, -0.874]": 0.5294213528932356,
            "(-0.874, -0.221]": 0.8675783972125436,
            "(-0.221, -0.00792]": 0.9940505297473513,
            "(-0.00792, -5.96e-07]": 0.999390243902439
        }
    },
    "by_num_target_factors": {
        "group_size": {
            "1": 192,
            "2": 466,
            "3": 501,
            "4": 401,
            "5": 237,
            "6": 131,
            "7": 62,
            "8": 32,
            "9": 12,
            "10": 7,
            "11": 5,
            "12": 1,
            "16": 1
        },
        "correct_product_mean": {
            "1": 0.9375,
            "2": 0.9635193133047211,
            "3": 0.93812375249501,
            "4": 0.9251870324189526,
            "5": 0.7637130801687764,
            "6": 0.6641221374045801,
            "7": 0.5806451612903226,
            "8": 0.375,
            "9": 0.4166666666666667,
            "10": 0.5714285714285714,
            "11": 0.6,
            "12": 0.0,
            "16": 0.0
        },
        "correct_factorization_mean": {
            "1": 0.9375,
            "2": 0.4570815450643777,
            "3": 0.5489021956087824,
            "4": 0.7805486284289277,
            "5": 0.6835443037974683,
            "6": 0.5954198473282443,
            "7": 0.5161290322580645,
            "8": 0.375,
            "9": 0.4166666666666667,
            "10": 0.5714285714285714,
            "11": 0.6,
            "12": 0.0,
            "16": 0.0
        }
    },
    "by_input_num": {
        "group_size": {
            "(65535.999, 65740.7]": 205,
            "(65740.7, 65945.4]": 205,
            "(65945.4, 66150.1]": 205,
            "(66150.1, 66354.8]": 204,
            "(66354.8, 66559.5]": 205,
            "(66559.5, 66764.2]": 205,
            "(66764.2, 66968.9]": 204,
            "(66968.9, 67173.6]": 205,
            "(67173.6, 67378.3]": 205,
            "(67378.3, 67583.0]": 205
        },
        "correct_product_mean": {
            "(65535.999, 65740.7]": 0.9219512195121952,
            "(65740.7, 65945.4]": 0.9219512195121952,
            "(65945.4, 66150.1]": 0.9463414634146341,
            "(66150.1, 66354.8]": 0.9313725490196079,
            "(66354.8, 66559.5]": 0.9170731707317074,
            "(66559.5, 66764.2]": 0.8634146341463415,
            "(66764.2, 66968.9]": 0.8529411764705882,
            "(66968.9, 67173.6]": 0.8292682926829268,
            "(67173.6, 67378.3]": 0.7902439024390244,
            "(67378.3, 67583.0]": 0.8048780487804879
        },
        "correct_factorization_mean": {
            "(65535.999, 65740.7]": 0.6780487804878049,
            "(65740.7, 65945.4]": 0.6487804878048781,
            "(65945.4, 66150.1]": 0.7024390243902439,
            "(66150.1, 66354.8]": 0.6078431372549019,
            "(66354.8, 66559.5]": 0.6682926829268293,
            "(66559.5, 66764.2]": 0.5804878048780487,
            "(66764.2, 66968.9]": 0.6029411764705882,
            "(66968.9, 67173.6]": 0.5804878048780487,
            "(67173.6, 67378.3]": 0.551219512195122,
            "(67378.3, 67583.0]": 0.6146341463414634
        }
    },
    "pred_same_as_input_beam_0": {
        "0": {
            "input_is_prime": false,
            "pred_same_as_input": false,
            "group_size": 1521,
            "correct_product_mean": 0.7928994082840237,
            "correct_factorization_mean": 0.6587771203155819
        },
        "1": {
            "input_is_prime": false,
            "pred_same_as_input": true,
            "group_size": 335,
            "correct_product_mean": 1.0,
            "correct_factorization_mean": 0.0
        },
        "2": {
            "input_is_prime": true,
            "pred_same_as_input": false,
            "group_size": 15,
            "correct_product_mean": 0.0,
            "correct_factorization_mean": 0.0
        },
        "3": {
            "input_is_prime": true,
            "pred_same_as_input": true,
            "group_size": 177,
            "correct_product_mean": 1.0,
            "correct_factorization_mean": 1.0
        }
    },
    "by_min_factor_composite_only": {
        "0": {
            "min_factor_decile": "(1.999, 3.0]",
            "group_size": 1365,
            "correct_product_mean": 0.8512820512820513,
            "correct_factorization_mean": 0.652014652014652
        },
        "1": {
            "min_factor_decile": "(3.0, 5.0]",
            "group_size": 136,
            "correct_product_mean": 0.875,
            "correct_factorization_mean": 0.8235294117647058
        },
        "2": {
            "min_factor_decile": "(5.0, 17.0]",
            "group_size": 176,
            "correct_product_mean": 0.9318181818181818,
            "correct_factorization_mean": 0.0
        },
        "3": {
            "min_factor_decile": "(17.0, 257.0]",
            "group_size": 179,
            "correct_product_mean": 0.9664804469273743,
            "correct_factorization_mean": 0.0
        }
    },
    "loss": 0.45635699392549145,
    "meta": {
        "n_beams": 2,
        "temperature": 1.0
    }
}