{
    "correct": {
        "correct_product": 0.91162109375,
        "correct_factorization": 0.66943359375
    },
    "beam_accuracy": {
        "correct_product": {
            "0": 0.8818359375,
            "1": 0.1484375
        },
        "correct_factorization": {
            "0": 0.6201171875,
            "1": 0.04931640625
        }
    },
    "by_prob": {
        "group_size": {
            "(-14.993, -6.658]": 410.0,
            "(-6.658, -3.528]": 410.0,
            "(-3.528, -2.656]": 409.0,
            "(-2.656, -2.117]": 410.0,
            "(-2.117, -1.302]": 409.0,
            "(-1.302, -0.963]": 410.0,
            "(-0.963, -0.665]": 409.0,
            "(-0.665, -0.0861]": 410.0,
            "(-0.0861, -0.00251]": 409.0,
            "(-0.00251, -7.15e-07]": 410.0
        },
        "correct_product": {
            "(-14.993, -6.658]": 0.16585365853658537,
            "(-6.658, -3.528]": 0.15853658536585366,
            "(-3.528, -2.656]": 0.06845965770171149,
            "(-2.656, -2.117]": 0.07317073170731707,
            "(-2.117, -1.302]": 0.3251833740831296,
            "(-1.302, -0.963]": 0.8121951219512196,
            "(-0.963, -0.665]": 0.8581907090464548,
            "(-0.665, -0.0861]": 0.7560975609756098,
            "(-0.0861, -0.00251]": 0.9339853300733496,
            "(-0.00251, -7.15e-07]": 1.0
        },
        "correct_factorization": {
            "(-14.993, -6.658]": 0.0,
            "(-6.658, -3.528]": 0.026829268292682926,
            "(-3.528, -2.656]": 0.012224938875305624,
            "(-2.656, -2.117]": 0.03902439024390244,
            "(-2.117, -1.302]": 0.16136919315403422,
            "(-1.302, -0.963]": 0.29024390243902437,
            "(-0.963, -0.665]": 0.34474327628361856,
            "(-0.665, -0.0861]": 0.5560975609756098,
            "(-0.0861, -0.00251]": 0.9168704156479217,
            "(-0.00251, -7.15e-07]": 1.0
        },
        "percent_prime_factors_pred": {
            "(-14.993, -6.658]": 0.8835152922957802,
            "(-6.658, -3.528]": 0.9208536585365854,
            "(-3.528, -2.656]": 0.9303178484107579,
            "(-2.656, -2.117]": 0.9430081300813008,
            "(-2.117, -1.302]": 0.84559902200489,
            "(-1.302, -0.963]": 0.5337572590011614,
            "(-0.963, -0.665]": 0.5749796251018745,
            "(-0.665, -0.0861]": 0.9046109175377468,
            "(-0.0861, -0.00251]": 0.993480032599837,
            "(-0.00251, -7.15e-07]": 1.0
        }
    },
    "by_num_target_factors": {
        "group_size": {
            "1": 192,
            "2": 466,
            "3": 501,
            "4": 401,
            "5": 237,
            "6": 131,
            "7": 62,
            "8": 32,
            "9": 12,
            "10": 7,
            "11": 5,
            "12": 1,
            "16": 1
        },
        "correct_product_mean": {
            "1": 0.9010416666666666,
            "2": 0.9721030042918455,
            "3": 0.9520958083832335,
            "4": 0.9326683291770573,
            "5": 0.8565400843881856,
            "6": 0.7938931297709924,
            "7": 0.7903225806451613,
            "8": 0.6875,
            "9": 0.4166666666666667,
            "10": 0.7142857142857143,
            "11": 0.4,
            "12": 0.0,
            "16": 0.0
        },
        "correct_factorization_mean": {
            "1": 0.9010416666666666,
            "2": 0.4656652360515021,
            "3": 0.5728542914171657,
            "4": 0.8154613466334164,
            "5": 0.8143459915611815,
            "6": 0.7099236641221374,
            "7": 0.7580645161290323,
            "8": 0.6875,
            "9": 0.4166666666666667,
            "10": 0.7142857142857143,
            "11": 0.4,
            "12": 0.0,
            "16": 0.0
        }
    },
    "by_input_num": {
        "group_size": {
            "(65535.999, 65740.7]": 205,
            "(65740.7, 65945.4]": 205,
            "(65945.4, 66150.1]": 205,
            "(66150.1, 66354.8]": 204,
            "(66354.8, 66559.5]": 205,
            "(66559.5, 66764.2]": 205,
            "(66764.2, 66968.9]": 204,
            "(66968.9, 67173.6]": 205,
            "(67173.6, 67378.3]": 205,
            "(67378.3, 67583.0]": 205
        },
        "correct_product_mean": {
            "(65535.999, 65740.7]": 0.9609756097560975,
            "(65740.7, 65945.4]": 0.9365853658536586,
            "(65945.4, 66150.1]": 0.9463414634146341,
            "(66150.1, 66354.8]": 0.9264705882352942,
            "(66354.8, 66559.5]": 0.8731707317073171,
            "(66559.5, 66764.2]": 0.9073170731707317,
            "(66764.2, 66968.9]": 0.9166666666666666,
            "(66968.9, 67173.6]": 0.8975609756097561,
            "(67173.6, 67378.3]": 0.8975609756097561,
            "(67378.3, 67583.0]": 0.8536585365853658
        },
        "correct_factorization_mean": {
            "(65535.999, 65740.7]": 0.751219512195122,
            "(65740.7, 65945.4]": 0.6585365853658537,
            "(65945.4, 66150.1]": 0.7024390243902439,
            "(66150.1, 66354.8]": 0.6421568627450981,
            "(66354.8, 66559.5]": 0.6390243902439025,
            "(66559.5, 66764.2]": 0.6536585365853659,
            "(66764.2, 66968.9]": 0.6666666666666666,
            "(66968.9, 67173.6]": 0.6341463414634146,
            "(67173.6, 67378.3]": 0.6634146341463415,
            "(67378.3, 67583.0]": 0.6829268292682927
        }
    },
    "pred_same_as_input_beam_0": {
        "0": {
            "input_is_prime": false,
            "pred_same_as_input": false,
            "group_size": 1856,
            "correct_product_mean": 0.880926724137931,
            "correct_factorization_mean": 0.5921336206896551
        },
        "1": {
            "input_is_prime": true,
            "pred_same_as_input": false,
            "group_size": 192,
            "correct_product_mean": 0.890625,
            "correct_factorization_mean": 0.890625
        }
    },
    "by_min_factor_composite_only": {
        "0": {
            "min_factor_decile": "(1.999, 3.0]",
            "group_size": 1365,
            "correct_product_mean": 0.9076923076923077,
            "correct_factorization_mean": 0.7238095238095238
        },
        "1": {
            "min_factor_decile": "(3.0, 5.0]",
            "group_size": 136,
            "correct_product_mean": 0.8529411764705882,
            "correct_factorization_mean": 0.8161764705882353
        },
        "2": {
            "min_factor_decile": "(5.0, 17.0]",
            "group_size": 176,
            "correct_product_mean": 0.9545454545454546,
            "correct_factorization_mean": 0.0
        },
        "3": {
            "min_factor_decile": "(17.0, 257.0]",
            "group_size": 179,
            "correct_product_mean": 0.9553072625698324,
            "correct_factorization_mean": 0.0
        }
    },
    "loss": 0.39813203797070196,
    "meta": {
        "n_beams": 2,
        "temperature": 1.0
    }
}