{
    "correct": {
        "correct_product": 0.7919921875,
        "correct_factorization": 0.3759765625
    },
    "beam_accuracy": {
        "correct_product": {
            "0": 0.75341796875,
            "1": 0.09619140625
        },
        "correct_factorization": {
            "0": 0.318359375,
            "1": 0.0576171875
        }
    },
    "by_prob": {
        "group_size": {
            "(-9.902999999999999, -3.904]": 410.0,
            "(-3.904, -3.221]": 410.0,
            "(-3.221, -2.786]": 409.0,
            "(-2.786, -2.387]": 410.0,
            "(-2.387, -1.943]": 409.0,
            "(-1.943, -1.593]": 410.0,
            "(-1.593, -1.339]": 409.0,
            "(-1.339, -0.991]": 410.0,
            "(-0.991, -0.82]": 409.0,
            "(-0.82, -0.000349]": 410.0
        },
        "correct_product": {
            "(-9.902999999999999, -3.904]": 0.004878048780487805,
            "(-3.904, -3.221]": 0.036585365853658534,
            "(-3.221, -2.786]": 0.09290953545232274,
            "(-2.786, -2.387]": 0.12439024390243902,
            "(-2.387, -1.943]": 0.1687041564792176,
            "(-1.943, -1.593]": 0.47073170731707314,
            "(-1.593, -1.339]": 0.6479217603911981,
            "(-1.339, -0.991]": 0.7902439024390244,
            "(-0.991, -0.82]": 0.9682151589242054,
            "(-0.82, -0.000349]": 0.9439024390243902
        },
        "correct_factorization": {
            "(-9.902999999999999, -3.904]": 0.0,
            "(-3.904, -3.221]": 0.02195121951219512,
            "(-3.221, -2.786]": 0.044009779951100246,
            "(-2.786, -2.387]": 0.06585365853658537,
            "(-2.387, -1.943]": 0.097799511002445,
            "(-1.943, -1.593]": 0.1951219512195122,
            "(-1.593, -1.339]": 0.23471882640586797,
            "(-1.339, -0.991]": 0.3048780487804878,
            "(-0.991, -0.82]": 0.37897310513447435,
            "(-0.82, -0.000349]": 0.5365853658536586
        },
        "percent_prime_factors_pred": {
            "(-9.902999999999999, -3.904]": 0.9254645760743322,
            "(-3.904, -3.221]": 0.8710917537746806,
            "(-3.221, -2.786]": 0.8665735242752358,
            "(-2.786, -2.387]": 0.8845876887340302,
            "(-2.387, -1.943]": 0.8848585399930143,
            "(-1.943, -1.593]": 0.7410162601626016,
            "(-1.593, -1.339]": 0.645436022819886,
            "(-1.339, -0.991]": 0.750993031358885,
            "(-0.991, -0.82]": 0.7107986960065199,
            "(-0.82, -0.000349]": 0.8504878048780488
        }
    },
    "by_num_target_factors": {
        "group_size": {
            "1": 192,
            "2": 466,
            "3": 501,
            "4": 401,
            "5": 237,
            "6": 131,
            "7": 62,
            "8": 32,
            "9": 12,
            "10": 7,
            "11": 5,
            "12": 1,
            "16": 1
        },
        "correct_product_mean": {
            "1": 0.6979166666666666,
            "2": 0.8218884120171673,
            "3": 0.9181636726546906,
            "4": 0.8827930174563591,
            "5": 0.6751054852320675,
            "6": 0.6564885496183206,
            "7": 0.45161290322580644,
            "8": 0.40625,
            "9": 0.25,
            "10": 0.14285714285714285,
            "11": 0.0,
            "12": 0.0,
            "16": 0.0
        },
        "correct_factorization_mean": {
            "1": 0.6979166666666666,
            "2": 0.4678111587982833,
            "3": 0.32335329341317365,
            "4": 0.27680798004987534,
            "5": 0.24050632911392406,
            "6": 0.3816793893129771,
            "7": 0.3387096774193548,
            "8": 0.40625,
            "9": 0.25,
            "10": 0.14285714285714285,
            "11": 0.0,
            "12": 0.0,
            "16": 0.0
        }
    },
    "by_input_num": {
        "group_size": {
            "(65535.999, 65740.7]": 205,
            "(65740.7, 65945.4]": 205,
            "(65945.4, 66150.1]": 205,
            "(66150.1, 66354.8]": 204,
            "(66354.8, 66559.5]": 205,
            "(66559.5, 66764.2]": 205,
            "(66764.2, 66968.9]": 204,
            "(66968.9, 67173.6]": 205,
            "(67173.6, 67378.3]": 205,
            "(67378.3, 67583.0]": 205
        },
        "correct_product_mean": {
            "(65535.999, 65740.7]": 0.9365853658536586,
            "(65740.7, 65945.4]": 0.7073170731707317,
            "(65945.4, 66150.1]": 0.7024390243902439,
            "(66150.1, 66354.8]": 0.7303921568627451,
            "(66354.8, 66559.5]": 0.7073170731707317,
            "(66559.5, 66764.2]": 0.8146341463414634,
            "(66764.2, 66968.9]": 0.8284313725490197,
            "(66968.9, 67173.6]": 0.8097560975609757,
            "(67173.6, 67378.3]": 0.8585365853658536,
            "(67378.3, 67583.0]": 0.824390243902439
        },
        "correct_factorization_mean": {
            "(65535.999, 65740.7]": 0.44878048780487806,
            "(65740.7, 65945.4]": 0.32682926829268294,
            "(65945.4, 66150.1]": 0.35609756097560974,
            "(66150.1, 66354.8]": 0.36764705882352944,
            "(66354.8, 66559.5]": 0.34146341463414637,
            "(66559.5, 66764.2]": 0.375609756097561,
            "(66764.2, 66968.9]": 0.36764705882352944,
            "(66968.9, 67173.6]": 0.36585365853658536,
            "(67173.6, 67378.3]": 0.4195121951219512,
            "(67378.3, 67583.0]": 0.3902439024390244
        }
    },
    "pred_same_as_input_beam_0": {
        "0": {
            "input_is_prime": false,
            "pred_same_as_input": false,
            "group_size": 1633,
            "correct_product_mean": 0.7323943661971831,
            "correct_factorization_mean": 0.32333129210042866
        },
        "1": {
            "input_is_prime": false,
            "pred_same_as_input": true,
            "group_size": 223,
            "correct_product_mean": 1.0,
            "correct_factorization_mean": 0.0
        },
        "2": {
            "input_is_prime": true,
            "pred_same_as_input": false,
            "group_size": 68,
            "correct_product_mean": 0.0,
            "correct_factorization_mean": 0.0
        },
        "3": {
            "input_is_prime": true,
            "pred_same_as_input": true,
            "group_size": 124,
            "correct_product_mean": 1.0,
            "correct_factorization_mean": 1.0
        }
    },
    "by_min_factor_composite_only": {
        "0": {
            "min_factor_decile": "(1.999, 3.0]",
            "group_size": 1365,
            "correct_product_mean": 0.819047619047619,
            "correct_factorization_mean": 0.3487179487179487
        },
        "1": {
            "min_factor_decile": "(3.0, 5.0]",
            "group_size": 136,
            "correct_product_mean": 0.9411764705882353,
            "correct_factorization_mean": 0.375
        },
        "2": {
            "min_factor_decile": "(5.0, 17.0]",
            "group_size": 176,
            "correct_product_mean": 0.6818181818181818,
            "correct_factorization_mean": 0.0
        },
        "3": {
            "min_factor_decile": "(17.0, 257.0]",
            "group_size": 179,
            "correct_product_mean": 0.6815642458100558,
            "correct_factorization_mean": 0.00558659217877095
        }
    },
    "loss": 0.4762472451912583,
    "meta": {
        "n_beams": 2,
        "temperature": 1.0
    }
}