{
    "correct": {
        "correct_product": 0.9505160898603522,
        "correct_factorization": 0.5809046751669702
    },
    "beam_accuracy": {
        "correct_product": {
            "0": 0.9207650273224044,
            "1": 0.15907710989678203
        },
        "correct_factorization": {
            "0": 0.48360655737704916,
            "1": 0.09729811778992106
        }
    },
    "by_prob": {
        "group_size": {
            "(-12.543999999999999, -3.341]": 1318.0,
            "(-3.341, -2.851]": 1318.0,
            "(-2.851, -2.492]": 1317.0,
            "(-2.492, -2.083]": 1318.0,
            "(-2.083, -1.419]": 1317.0,
            "(-1.419, -0.98]": 1318.0,
            "(-0.98, -0.846]": 1317.0,
            "(-0.846, -0.66]": 1318.0,
            "(-0.66, -0.397]": 1317.0,
            "(-0.397, -1.74e-05]": 1318.0
        },
        "correct_product": {
            "(-12.543999999999999, -3.341]": 0.0637329286798179,
            "(-3.341, -2.851]": 0.11380880121396054,
            "(-2.851, -2.492]": 0.1366742596810934,
            "(-2.492, -2.083]": 0.1646433990895296,
            "(-2.083, -1.419]": 0.2885345482156416,
            "(-1.419, -0.98]": 0.7822458270106222,
            "(-0.98, -0.846]": 0.9574791192103265,
            "(-0.846, -0.66]": 0.9506828528072838,
            "(-0.66, -0.397]": 0.9597570235383447,
            "(-0.397, -1.74e-05]": 0.9817905918057663
        },
        "correct_factorization": {
            "(-12.543999999999999, -3.341]": 0.009863429438543247,
            "(-3.341, -2.851]": 0.05007587253414264,
            "(-2.851, -2.492]": 0.07972665148063782,
            "(-2.492, -2.083]": 0.11001517450682853,
            "(-2.083, -1.419]": 0.20197418375094914,
            "(-1.419, -0.98]": 0.33839150227617604,
            "(-0.98, -0.846]": 0.36370539104024296,
            "(-0.846, -0.66]": 0.40212443095599393,
            "(-0.66, -0.397]": 0.4806378132118451,
            "(-0.397, -1.74e-05]": 0.8679817905918058
        },
        "percent_prime_factors_pred": {
            "(-12.543999999999999, -3.341]": 0.9034241997254138,
            "(-3.341, -2.851]": 0.8364368812775489,
            "(-2.851, -2.492]": 0.8716678116450326,
            "(-2.492, -2.083]": 0.9185824481537683,
            "(-2.083, -1.419]": 0.9503633799761362,
            "(-1.419, -0.98]": 0.704558674759737,
            "(-0.98, -0.846]": 0.5244495064540623,
            "(-0.846, -0.66]": 0.6654834164318232,
            "(-0.66, -0.397]": 0.7542014679827892,
            "(-0.397, -1.74e-05]": 0.9543120890237734
        }
    },
    "by_num_target_factors": {
        "group_size": {
            "1": 668,
            "2": 1601,
            "3": 1720,
            "4": 1198,
            "5": 715,
            "6": 373,
            "7": 165,
            "8": 79,
            "9": 35,
            "10": 20,
            "11": 8,
            "12": 3,
            "13": 3
        },
        "correct_product_mean": {
            "1": 1.0,
            "2": 0.9975015615240475,
            "3": 0.9906976744186047,
            "4": 0.9682804674457429,
            "5": 0.9230769230769231,
            "6": 0.7908847184986595,
            "7": 0.696969696969697,
            "8": 0.5443037974683544,
            "9": 0.45714285714285713,
            "10": 0.2,
            "11": 0.0,
            "12": 0.0,
            "13": 0.0
        },
        "correct_factorization_mean": {
            "1": 1.0,
            "2": 0.5665209244222361,
            "3": 0.47267441860465115,
            "4": 0.5058430717863105,
            "5": 0.6027972027972028,
            "6": 0.6434316353887399,
            "7": 0.6181818181818182,
            "8": 0.5189873417721519,
            "9": 0.42857142857142855,
            "10": 0.2,
            "11": 0.0,
            "12": 0.0,
            "13": 0.0
        }
    },
    "by_input_num": {
        "group_size": {
            "(7.999, 6350.5]": 659,
            "(6350.5, 12996.8]": 659,
            "(12996.8, 19472.5]": 659,
            "(19472.5, 26116.8]": 658,
            "(26116.8, 32574.0]": 659,
            "(32574.0, 39331.6]": 659,
            "(39331.6, 46013.7]": 658,
            "(46013.7, 52699.4]": 659,
            "(52699.4, 59007.6]": 659,
            "(59007.6, 65528.0]": 659
        },
        "correct_product_mean": {
            "(7.999, 6350.5]": 0.9635811836115327,
            "(6350.5, 12996.8]": 0.9635811836115327,
            "(12996.8, 19472.5]": 0.9590288315629742,
            "(19472.5, 26116.8]": 0.9544072948328267,
            "(26116.8, 32574.0]": 0.9423368740515933,
            "(32574.0, 39331.6]": 0.9499241274658573,
            "(39331.6, 46013.7]": 0.9437689969604863,
            "(46013.7, 52699.4]": 0.9347496206373292,
            "(52699.4, 59007.6]": 0.9347496206373292,
            "(59007.6, 65528.0]": 0.9590288315629742
        },
        "correct_factorization_mean": {
            "(7.999, 6350.5]": 0.8634294385432474,
            "(6350.5, 12996.8]": 0.7101669195751138,
            "(12996.8, 19472.5]": 0.6585735963581184,
            "(19472.5, 26116.8]": 0.5759878419452887,
            "(26116.8, 32574.0]": 0.5493171471927162,
            "(32574.0, 39331.6]": 0.496206373292868,
            "(39331.6, 46013.7]": 0.49544072948328266,
            "(46013.7, 52699.4]": 0.5144157814871017,
            "(52699.4, 59007.6]": 0.4658573596358118,
            "(59007.6, 65528.0]": 0.4795144157814871
        }
    },
    "pred_same_as_input_beam_0": {
        "0": {
            "input_is_prime": false,
            "pred_same_as_input": false,
            "group_size": 4807,
            "correct_product_mean": 0.8914083628042438,
            "correct_factorization_mean": 0.5238194299979197
        },
        "1": {
            "input_is_prime": false,
            "pred_same_as_input": true,
            "group_size": 1113,
            "correct_product_mean": 1.0,
            "correct_factorization_mean": 0.0
        },
        "2": {
            "input_is_prime": true,
            "pred_same_as_input": true,
            "group_size": 668,
            "correct_product_mean": 1.0,
            "correct_factorization_mean": 1.0
        }
    },
    "by_min_factor_composite_only": {
        "0": {
            "min_factor_decile": "(1.999, 3.0]",
            "group_size": 4339,
            "correct_product_mean": 0.9297073058308366,
            "correct_factorization_mean": 0.5254666973957133
        },
        "1": {
            "min_factor_decile": "(3.0, 5.0]",
            "group_size": 447,
            "correct_product_mean": 0.9574944071588367,
            "correct_factorization_mean": 0.49440715883668906
        },
        "2": {
            "min_factor_decile": "(5.0, 17.0]",
            "group_size": 614,
            "correct_product_mean": 0.998371335504886,
            "correct_factorization_mean": 0.02280130293159609
        },
        "3": {
            "min_factor_decile": "(17.0, 241.0]",
            "group_size": 520,
            "correct_product_mean": 0.9980769230769231,
            "correct_factorization_mean": 0.0057692307692307696
        }
    },
    "loss": 0.2910885794015098,
    "meta": {
        "n_beams": 2,
        "temperature": 1.0
    }
}