{
    "correct": {
        "correct_product": 0.7900390625,
        "correct_factorization": 0.37353515625
    },
    "beam_accuracy": {
        "correct_product": {
            "0": 0.74658203125,
            "1": 0.09033203125
        },
        "correct_factorization": {
            "0": 0.31591796875,
            "1": 0.0576171875
        }
    },
    "by_prob": {
        "group_size": {
            "(-12.472999999999999, -3.809]": 410.0,
            "(-3.809, -3.32]": 410.0,
            "(-3.32, -2.852]": 409.0,
            "(-2.852, -2.342]": 410.0,
            "(-2.342, -1.894]": 409.0,
            "(-1.894, -1.515]": 410.0,
            "(-1.515, -1.282]": 409.0,
            "(-1.282, -1.093]": 410.0,
            "(-1.093, -0.808]": 409.0,
            "(-0.808, -0.00107]": 410.0
        },
        "correct_product": {
            "(-12.472999999999999, -3.809]": 0.004878048780487805,
            "(-3.809, -3.32]": 0.026829268292682926,
            "(-3.32, -2.852]": 0.07579462102689487,
            "(-2.852, -2.342]": 0.11463414634146342,
            "(-2.342, -1.894]": 0.17114914425427874,
            "(-1.894, -1.515]": 0.4609756097560976,
            "(-1.515, -1.282]": 0.7506112469437652,
            "(-1.282, -1.093]": 0.8048780487804879,
            "(-1.093, -0.808]": 0.8850855745721271,
            "(-0.808, -0.00107]": 0.8902439024390244
        },
        "correct_factorization": {
            "(-12.472999999999999, -3.809]": 0.004878048780487805,
            "(-3.809, -3.32]": 0.007317073170731708,
            "(-3.32, -2.852]": 0.0488997555012225,
            "(-2.852, -2.342]": 0.07560975609756097,
            "(-2.342, -1.894]": 0.11246943765281174,
            "(-1.894, -1.515]": 0.18048780487804877,
            "(-1.515, -1.282]": 0.26405867970660146,
            "(-1.282, -1.093]": 0.3121951219512195,
            "(-1.093, -0.808]": 0.3569682151589242,
            "(-0.808, -0.00107]": 0.5048780487804878
        },
        "percent_prime_factors_pred": {
            "(-12.472999999999999, -3.809]": 0.9012853271389857,
            "(-3.809, -3.32]": 0.862439024390244,
            "(-3.32, -2.852]": 0.8770287577133542,
            "(-2.852, -2.342]": 0.9204819976771197,
            "(-2.342, -1.894]": 0.9272150424962161,
            "(-1.894, -1.515]": 0.8051393728222996,
            "(-1.515, -1.282]": 0.6125509372453137,
            "(-1.282, -1.093]": 0.5773577235772358,
            "(-1.093, -0.808]": 0.7240831295843521,
            "(-0.808, -0.00107]": 0.8447154471544714
        }
    },
    "by_num_target_factors": {
        "group_size": {
            "1": 192,
            "2": 466,
            "3": 501,
            "4": 401,
            "5": 237,
            "6": 131,
            "7": 62,
            "8": 32,
            "9": 12,
            "10": 7,
            "11": 5,
            "12": 1,
            "16": 1
        },
        "correct_product_mean": {
            "1": 0.9895833333333334,
            "2": 0.9098712446351931,
            "3": 0.8582834331337326,
            "4": 0.7506234413965087,
            "5": 0.6286919831223629,
            "6": 0.549618320610687,
            "7": 0.5483870967741935,
            "8": 0.4375,
            "9": 0.25,
            "10": 0.14285714285714285,
            "11": 0.0,
            "12": 0.0,
            "16": 0.0
        },
        "correct_factorization_mean": {
            "1": 0.9895833333333334,
            "2": 0.3776824034334764,
            "3": 0.2774451097804391,
            "4": 0.24438902743142144,
            "5": 0.29957805907172996,
            "6": 0.3282442748091603,
            "7": 0.4838709677419355,
            "8": 0.4375,
            "9": 0.25,
            "10": 0.14285714285714285,
            "11": 0.0,
            "12": 0.0,
            "16": 0.0
        }
    },
    "by_input_num": {
        "group_size": {
            "(65535.999, 65740.7]": 205,
            "(65740.7, 65945.4]": 205,
            "(65945.4, 66150.1]": 205,
            "(66150.1, 66354.8]": 204,
            "(66354.8, 66559.5]": 205,
            "(66559.5, 66764.2]": 205,
            "(66764.2, 66968.9]": 204,
            "(66968.9, 67173.6]": 205,
            "(67173.6, 67378.3]": 205,
            "(67378.3, 67583.0]": 205
        },
        "correct_product_mean": {
            "(65535.999, 65740.7]": 0.9365853658536586,
            "(65740.7, 65945.4]": 0.8829268292682927,
            "(65945.4, 66150.1]": 0.8878048780487805,
            "(66150.1, 66354.8]": 0.8823529411764706,
            "(66354.8, 66559.5]": 0.848780487804878,
            "(66559.5, 66764.2]": 0.7414634146341463,
            "(66764.2, 66968.9]": 0.7156862745098039,
            "(66968.9, 67173.6]": 0.7560975609756098,
            "(67173.6, 67378.3]": 0.6536585365853659,
            "(67378.3, 67583.0]": 0.5951219512195122
        },
        "correct_factorization_mean": {
            "(65535.999, 65740.7]": 0.47804878048780486,
            "(65740.7, 65945.4]": 0.40487804878048783,
            "(65945.4, 66150.1]": 0.44390243902439025,
            "(66150.1, 66354.8]": 0.39215686274509803,
            "(66354.8, 66559.5]": 0.40487804878048783,
            "(66559.5, 66764.2]": 0.32682926829268294,
            "(66764.2, 66968.9]": 0.3235294117647059,
            "(66968.9, 67173.6]": 0.34146341463414637,
            "(67173.6, 67378.3]": 0.3121951219512195,
            "(67378.3, 67583.0]": 0.3073170731707317
        }
    },
    "pred_same_as_input_beam_0": {
        "0": {
            "input_is_prime": false,
            "pred_same_as_input": false,
            "group_size": 1856,
            "correct_product_mean": 0.7214439655172413,
            "correct_factorization_mean": 0.24622844827586207
        },
        "1": {
            "input_is_prime": true,
            "pred_same_as_input": false,
            "group_size": 192,
            "correct_product_mean": 0.9895833333333334,
            "correct_factorization_mean": 0.9895833333333334
        }
    },
    "by_min_factor_composite_only": {
        "0": {
            "min_factor_decile": "(1.999, 3.0]",
            "group_size": 1365,
            "correct_product_mean": 0.7003663003663003,
            "correct_factorization_mean": 0.2989010989010989
        },
        "1": {
            "min_factor_decile": "(3.0, 5.0]",
            "group_size": 136,
            "correct_product_mean": 0.8823529411764706,
            "correct_factorization_mean": 0.3602941176470588
        },
        "2": {
            "min_factor_decile": "(5.0, 17.0]",
            "group_size": 176,
            "correct_product_mean": 0.9886363636363636,
            "correct_factorization_mean": 0.0
        },
        "3": {
            "min_factor_decile": "(17.0, 257.0]",
            "group_size": 179,
            "correct_product_mean": 0.994413407821229,
            "correct_factorization_mean": 0.0
        }
    },
    "loss": 0.5110905169911781,
    "meta": {
        "n_beams": 2,
        "temperature": 1.0
    }
}