{
    "correct": {
        "correct_product": 0.9448998178506375,
        "correct_factorization": 0.585458409228901
    },
    "beam_accuracy": {
        "correct_product": {
            "0": 0.9121129326047359,
            "1": 0.15270188221007894
        },
        "correct_factorization": {
            "0": 0.4892228293867638,
            "1": 0.09638737097753491
        }
    },
    "by_prob": {
        "group_size": {
            "(-11.123999999999999, -3.286]": 1318.0,
            "(-3.286, -2.796]": 1318.0,
            "(-2.796, -2.44]": 1317.0,
            "(-2.44, -2.009]": 1318.0,
            "(-2.009, -1.437]": 1317.0,
            "(-1.437, -1.006]": 1318.0,
            "(-1.006, -0.863]": 1317.0,
            "(-0.863, -0.664]": 1318.0,
            "(-0.664, -0.37]": 1317.0,
            "(-0.37, -4.79e-05]": 1318.0
        },
        "correct_product": {
            "(-11.123999999999999, -3.286]": 0.06525037936267071,
            "(-3.286, -2.796]": 0.11608497723823975,
            "(-2.796, -2.44]": 0.12072892938496584,
            "(-2.44, -2.009]": 0.16009104704097116,
            "(-2.009, -1.437]": 0.2984054669703872,
            "(-1.437, -1.006]": 0.7389984825493171,
            "(-1.006, -0.863]": 0.9453302961275627,
            "(-0.863, -0.664]": 0.9408194233687405,
            "(-0.664, -0.37]": 0.9544419134396356,
            "(-0.37, -4.79e-05]": 0.9840667678300455
        },
        "correct_factorization": {
            "(-11.123999999999999, -3.286]": 0.013657056145675266,
            "(-3.286, -2.796]": 0.06069802731411229,
            "(-2.796, -2.44]": 0.06985573272589218,
            "(-2.44, -2.009]": 0.11911987860394538,
            "(-2.009, -1.437]": 0.1958997722095672,
            "(-1.437, -1.006]": 0.3110773899848255,
            "(-1.006, -0.863]": 0.3530751708428246,
            "(-0.863, -0.664]": 0.40364188163884673,
            "(-0.664, -0.37]": 0.5170842824601367,
            "(-0.37, -4.79e-05]": 0.8839150227617603
        },
        "percent_prime_factors_pred": {
            "(-11.123999999999999, -3.286]": 0.9109364838499892,
            "(-3.286, -2.796]": 0.847223426548161,
            "(-2.796, -2.44]": 0.8706584228224319,
            "(-2.44, -2.009]": 0.936803598525905,
            "(-2.009, -1.437]": 0.9422280073760713,
            "(-1.437, -1.006]": 0.7301783004552352,
            "(-1.006, -0.863]": 0.5196152872690458,
            "(-0.863, -0.664]": 0.6569296914516946,
            "(-0.664, -0.37]": 0.7733919080160537,
            "(-0.37, -4.79e-05]": 0.9563480020232676
        }
    },
    "by_num_target_factors": {
        "group_size": {
            "1": 668,
            "2": 1601,
            "3": 1720,
            "4": 1198,
            "5": 715,
            "6": 373,
            "7": 165,
            "8": 79,
            "9": 35,
            "10": 20,
            "11": 8,
            "12": 3,
            "13": 3
        },
        "correct_product_mean": {
            "1": 1.0,
            "2": 0.9943785134291068,
            "3": 0.9848837209302326,
            "4": 0.9532554257095158,
            "5": 0.9020979020979021,
            "6": 0.8123324396782842,
            "7": 0.7151515151515152,
            "8": 0.5189873417721519,
            "9": 0.4,
            "10": 0.25,
            "11": 0.375,
            "12": 0.0,
            "13": 0.0
        },
        "correct_factorization_mean": {
            "1": 1.0,
            "2": 0.5708931917551531,
            "3": 0.4720930232558139,
            "4": 0.505008347245409,
            "5": 0.5944055944055944,
            "6": 0.6997319034852547,
            "7": 0.6666666666666666,
            "8": 0.5063291139240507,
            "9": 0.4,
            "10": 0.25,
            "11": 0.375,
            "12": 0.0,
            "13": 0.0
        }
    },
    "by_input_num": {
        "group_size": {
            "(7.999, 6350.5]": 659,
            "(6350.5, 12996.8]": 659,
            "(12996.8, 19472.5]": 659,
            "(19472.5, 26116.8]": 658,
            "(26116.8, 32574.0]": 659,
            "(32574.0, 39331.6]": 659,
            "(39331.6, 46013.7]": 658,
            "(46013.7, 52699.4]": 659,
            "(52699.4, 59007.6]": 659,
            "(59007.6, 65528.0]": 659
        },
        "correct_product_mean": {
            "(7.999, 6350.5]": 0.9696509863429439,
            "(6350.5, 12996.8]": 0.952959028831563,
            "(12996.8, 19472.5]": 0.9575113808801214,
            "(19472.5, 26116.8]": 0.9483282674772037,
            "(26116.8, 32574.0]": 0.9423368740515933,
            "(32574.0, 39331.6]": 0.936267071320182,
            "(39331.6, 46013.7]": 0.939209726443769,
            "(46013.7, 52699.4]": 0.9347496206373292,
            "(52699.4, 59007.6]": 0.9241274658573596,
            "(59007.6, 65528.0]": 0.9438543247344461
        },
        "correct_factorization_mean": {
            "(7.999, 6350.5]": 0.8846737481031867,
            "(6350.5, 12996.8]": 0.716236722306525,
            "(12996.8, 19472.5]": 0.6631259484066768,
            "(19472.5, 26116.8]": 0.5805471124620061,
            "(26116.8, 32574.0]": 0.5538694992412747,
            "(32574.0, 39331.6]": 0.5007587253414264,
            "(39331.6, 46013.7]": 0.5045592705167173,
            "(46013.7, 52699.4]": 0.5068285280728376,
            "(52699.4, 59007.6]": 0.4658573596358118,
            "(59007.6, 65528.0]": 0.4779969650986343
        }
    },
    "pred_same_as_input_beam_0": {
        "0": {
            "input_is_prime": false,
            "pred_same_as_input": false,
            "group_size": 5920,
            "correct_product_mean": 0.9025337837837838,
            "correct_factorization_mean": 0.4319256756756757
        },
        "1": {
            "input_is_prime": true,
            "pred_same_as_input": false,
            "group_size": 667,
            "correct_product_mean": 0.9970014992503748,
            "correct_factorization_mean": 0.9970014992503748
        },
        "2": {
            "input_is_prime": true,
            "pred_same_as_input": true,
            "group_size": 1,
            "correct_product_mean": 1.0,
            "correct_factorization_mean": 1.0
        }
    },
    "by_min_factor_composite_only": {
        "0": {
            "min_factor_decile": "(1.999, 3.0]",
            "group_size": 4339,
            "correct_product_mean": 0.9221018667895828,
            "correct_factorization_mean": 0.5314588614888223
        },
        "1": {
            "min_factor_decile": "(3.0, 5.0]",
            "group_size": 447,
            "correct_product_mean": 0.9530201342281879,
            "correct_factorization_mean": 0.5212527964205816
        },
        "2": {
            "min_factor_decile": "(5.0, 17.0]",
            "group_size": 614,
            "correct_product_mean": 0.995114006514658,
            "correct_factorization_mean": 0.024429967426710098
        },
        "3": {
            "min_factor_decile": "(17.0, 241.0]",
            "group_size": 520,
            "correct_product_mean": 0.9980769230769231,
            "correct_factorization_mean": 0.0057692307692307696
        }
    },
    "loss": 0.28099425788716953,
    "meta": {
        "n_beams": 2,
        "temperature": 1.0
    }
}