{
    "correct": {
        "correct_product": 0.9766241651487553,
        "correct_factorization": 0.8597449908925319
    },
    "beam_accuracy": {
        "correct_product": {
            "0": 0.9562841530054644,
            "1": 0.18123861566484517
        },
        "correct_factorization": {
            "0": 0.8227079538554949,
            "1": 0.037037037037037035
        }
    },
    "by_prob": {
        "group_size": {
            "(-13.197, -8.253]": 1318.0,
            "(-8.253, -6.37]": 1318.0,
            "(-6.37, -4.079]": 1317.0,
            "(-4.079, -2.433]": 1318.0,
            "(-2.433, -1.254]": 1317.0,
            "(-1.254, -0.715]": 1318.0,
            "(-0.715, -0.0328]": 1317.0,
            "(-0.0328, -0.00348]": 1318.0,
            "(-0.00348, -0.000584]": 1317.0,
            "(-0.000584, -5.96e-06]": 1318.0
        },
        "correct_product": {
            "(-13.197, -8.253]": 0.11305007587253414,
            "(-8.253, -6.37]": 0.15781487101669195,
            "(-6.37, -4.079]": 0.19514047076689445,
            "(-4.079, -2.433]": 0.13884673748103188,
            "(-2.433, -1.254]": 0.32270311313591493,
            "(-1.254, -0.715]": 0.8535660091047041,
            "(-0.715, -0.0328]": 0.9081245254365984,
            "(-0.0328, -0.00348]": 0.9984825493171472,
            "(-0.00348, -0.000584]": 1.0,
            "(-0.000584, -5.96e-06]": 1.0
        },
        "correct_factorization": {
            "(-13.197, -8.253]": 0.0,
            "(-8.253, -6.37]": 0.0,
            "(-6.37, -4.079]": 0.0007593014426727411,
            "(-4.079, -2.433]": 0.026555386949924126,
            "(-2.433, -1.254]": 0.1571753986332574,
            "(-1.254, -0.715]": 0.3497723823975721,
            "(-0.715, -0.0328]": 0.7668944570994685,
            "(-0.0328, -0.00348]": 0.9977238239757208,
            "(-0.00348, -0.000584]": 1.0,
            "(-0.000584, -5.96e-06]": 1.0
        },
        "percent_prime_factors_pred": {
            "(-13.197, -8.253]": 0.8768245537972377,
            "(-8.253, -6.37]": 0.9199165402124424,
            "(-6.37, -4.079]": 0.8762908124525425,
            "(-4.079, -2.433]": 0.8672357106727363,
            "(-2.433, -1.254]": 0.8134974870737954,
            "(-1.254, -0.715]": 0.5320118866970156,
            "(-0.715, -0.0328]": 0.8955002350218749,
            "(-0.0328, -0.00348]": 0.9996206373292867,
            "(-0.00348, -0.000584]": 1.0,
            "(-0.000584, -5.96e-06]": 1.0
        }
    },
    "by_num_target_factors": {
        "group_size": {
            "1": 668,
            "2": 1601,
            "3": 1720,
            "4": 1198,
            "5": 715,
            "6": 373,
            "7": 165,
            "8": 79,
            "9": 35,
            "10": 20,
            "11": 8,
            "12": 3,
            "13": 3
        },
        "correct_product_mean": {
            "1": 0.9910179640718563,
            "2": 0.9875078076202374,
            "3": 0.9906976744186047,
            "4": 0.9924874791318865,
            "5": 0.9790209790209791,
            "6": 0.9302949061662198,
            "7": 0.8424242424242424,
            "8": 0.8354430379746836,
            "9": 0.7142857142857143,
            "10": 0.6,
            "11": 0.625,
            "12": 1.0,
            "13": 0.3333333333333333
        },
        "correct_factorization_mean": {
            "1": 0.9910179640718563,
            "2": 0.707682698313554,
            "3": 0.8459302325581395,
            "4": 0.9457429048414023,
            "5": 0.9748251748251748,
            "6": 0.8981233243967829,
            "7": 0.8303030303030303,
            "8": 0.8354430379746836,
            "9": 0.7142857142857143,
            "10": 0.6,
            "11": 0.625,
            "12": 1.0,
            "13": 0.3333333333333333
        }
    },
    "by_input_num": {
        "group_size": {
            "(7.999, 6350.5]": 659,
            "(6350.5, 12996.8]": 659,
            "(12996.8, 19472.5]": 659,
            "(19472.5, 26116.8]": 658,
            "(26116.8, 32574.0]": 659,
            "(32574.0, 39331.6]": 659,
            "(39331.6, 46013.7]": 658,
            "(46013.7, 52699.4]": 659,
            "(52699.4, 59007.6]": 659,
            "(59007.6, 65528.0]": 659
        },
        "correct_product_mean": {
            "(7.999, 6350.5]": 0.9954476479514416,
            "(6350.5, 12996.8]": 0.9954476479514416,
            "(12996.8, 19472.5]": 0.992412746585736,
            "(19472.5, 26116.8]": 0.9787234042553191,
            "(26116.8, 32574.0]": 0.9696509863429439,
            "(32574.0, 39331.6]": 0.9757207890743551,
            "(39331.6, 46013.7]": 0.9711246200607903,
            "(46013.7, 52699.4]": 0.9575113808801214,
            "(52699.4, 59007.6]": 0.9666160849772383,
            "(59007.6, 65528.0]": 0.9635811836115327
        },
        "correct_factorization_mean": {
            "(7.999, 6350.5]": 0.9954476479514416,
            "(6350.5, 12996.8]": 0.9939301972685888,
            "(12996.8, 19472.5]": 0.9893778452200304,
            "(19472.5, 26116.8]": 0.952887537993921,
            "(26116.8, 32574.0]": 0.8406676783004552,
            "(32574.0, 39331.6]": 0.7996965098634294,
            "(39331.6, 46013.7]": 0.7781155015197568,
            "(46013.7, 52699.4]": 0.7936267071320182,
            "(52699.4, 59007.6]": 0.7329286798179059,
            "(59007.6, 65528.0]": 0.7207890743550834
        }
    },
    "pred_same_as_input_beam_0": {
        "0": {
            "input_is_prime": false,
            "pred_same_as_input": false,
            "group_size": 5207,
            "correct_product_mean": 0.9471864797388131,
            "correct_factorization_mean": 0.9151142692529287
        },
        "1": {
            "input_is_prime": false,
            "pred_same_as_input": true,
            "group_size": 713,
            "correct_product_mean": 1.0,
            "correct_factorization_mean": 0.0
        },
        "2": {
            "input_is_prime": true,
            "pred_same_as_input": false,
            "group_size": 13,
            "correct_product_mean": 0.0,
            "correct_factorization_mean": 0.0
        },
        "3": {
            "input_is_prime": true,
            "pred_same_as_input": true,
            "group_size": 655,
            "correct_product_mean": 1.0,
            "correct_factorization_mean": 1.0
        }
    },
    "by_min_factor_composite_only": {
        "0": {
            "min_factor_decile": "(1.999, 3.0]",
            "group_size": 4339,
            "correct_product_mean": 0.9730352615810095,
            "correct_factorization_mean": 0.9147268955980641
        },
        "1": {
            "min_factor_decile": "(3.0, 5.0]",
            "group_size": 447,
            "correct_product_mean": 0.9753914988814317,
            "correct_factorization_mean": 0.941834451901566
        },
        "2": {
            "min_factor_decile": "(5.0, 17.0]",
            "group_size": 614,
            "correct_product_mean": 0.9837133550488599,
            "correct_factorization_mean": 0.35993485342019543
        },
        "3": {
            "min_factor_decile": "(17.0, 241.0]",
            "group_size": 520,
            "correct_product_mean": 0.9807692307692307,
            "correct_factorization_mean": 0.29615384615384616
        }
    },
    "loss": 0.04480049701389642,
    "meta": {
        "n_beams": 2,
        "temperature": 1.0
    }
}