{
    "correct": {
        "correct_product": 0.972829386763813,
        "correct_factorization": 0.855191256830601
    },
    "beam_accuracy": {
        "correct_product": {
            "0": 0.9527929568913176,
            "1": 0.21554341226472373
        },
        "correct_factorization": {
            "0": 0.8213418336369156,
            "1": 0.03384942319368549
        }
    },
    "by_prob": {
        "group_size": {
            "(-15.293, -9.21]": 1334.0,
            "(-9.21, -7.159]": 1302.0,
            "(-7.159, -4.578]": 1317.0,
            "(-4.578, -2.418]": 1318.0,
            "(-2.418, -1.268]": 1317.0,
            "(-1.268, -0.686]": 1318.0,
            "(-0.686, -0.0201]": 1317.0,
            "(-0.0201, -0.00152]": 1318.0,
            "(-0.00152, -0.000171]": 1317.0,
            "(-0.000171, -9.54e-07]": 1318.0
        },
        "correct_product": {
            "(-15.293, -9.21]": 0.18290854572713644,
            "(-9.21, -7.159]": 0.20046082949308755,
            "(-7.159, -4.578]": 0.22399392558845863,
            "(-4.578, -2.418]": 0.17678300455235205,
            "(-2.418, -1.268]": 0.2968868640850418,
            "(-1.268, -0.686]": 0.8482549317147192,
            "(-0.686, -0.0201]": 0.9157175398633257,
            "(-0.0201, -0.00152]": 0.9969650986342944,
            "(-0.00152, -0.000171]": 1.0,
            "(-0.000171, -9.54e-07]": 1.0
        },
        "correct_factorization": {
            "(-15.293, -9.21]": 0.0,
            "(-9.21, -7.159]": 0.0,
            "(-7.159, -4.578]": 0.0015186028853454822,
            "(-4.578, -2.418]": 0.023520485584218515,
            "(-2.418, -1.268]": 0.13591495823842065,
            "(-1.268, -0.686]": 0.34597875569044007,
            "(-0.686, -0.0201]": 0.7752467729688687,
            "(-0.0201, -0.00152]": 0.9939301972685888,
            "(-0.00152, -0.000171]": 1.0,
            "(-0.000171, -9.54e-07]": 1.0
        },
        "percent_prime_factors_pred": {
            "(-15.293, -9.21]": 0.7665066276385617,
            "(-9.21, -7.159]": 0.8756272401433691,
            "(-7.159, -4.578]": 0.8561937303395163,
            "(-4.578, -2.418]": 0.852218368379218,
            "(-2.418, -1.268]": 0.8132919935881212,
            "(-1.268, -0.686]": 0.5331292000867115,
            "(-0.686, -0.0201]": 0.8965252919694833,
            "(-0.0201, -0.00152]": 0.9983308042488619,
            "(-0.00152, -0.000171]": 1.0,
            "(-0.000171, -9.54e-07]": 1.0
        }
    },
    "by_num_target_factors": {
        "group_size": {
            "1": 668,
            "2": 1601,
            "3": 1720,
            "4": 1198,
            "5": 715,
            "6": 373,
            "7": 165,
            "8": 79,
            "9": 35,
            "10": 20,
            "11": 8,
            "12": 3,
            "13": 3
        },
        "correct_product_mean": {
            "1": 0.9700598802395209,
            "2": 0.9800124921923797,
            "3": 0.9872093023255814,
            "4": 0.9891485809682805,
            "5": 0.9832167832167832,
            "6": 0.9436997319034852,
            "7": 0.9030303030303031,
            "8": 0.8481012658227848,
            "9": 0.6571428571428571,
            "10": 0.5,
            "11": 0.375,
            "12": 0.3333333333333333,
            "13": 0.3333333333333333
        },
        "correct_factorization_mean": {
            "1": 0.9700598802395209,
            "2": 0.7014366021236728,
            "3": 0.8436046511627907,
            "4": 0.9424040066777963,
            "5": 0.972027972027972,
            "6": 0.9061662198391421,
            "7": 0.8787878787878788,
            "8": 0.8481012658227848,
            "9": 0.6571428571428571,
            "10": 0.5,
            "11": 0.375,
            "12": 0.3333333333333333,
            "13": 0.3333333333333333
        }
    },
    "by_input_num": {
        "group_size": {
            "(7.999, 6350.5]": 659,
            "(6350.5, 12996.8]": 659,
            "(12996.8, 19472.5]": 659,
            "(19472.5, 26116.8]": 658,
            "(26116.8, 32574.0]": 659,
            "(32574.0, 39331.6]": 659,
            "(39331.6, 46013.7]": 658,
            "(46013.7, 52699.4]": 659,
            "(52699.4, 59007.6]": 659,
            "(59007.6, 65528.0]": 659
        },
        "correct_product_mean": {
            "(7.999, 6350.5]": 0.9984825493171472,
            "(6350.5, 12996.8]": 0.9954476479514416,
            "(12996.8, 19472.5]": 0.9893778452200304,
            "(19472.5, 26116.8]": 0.9741641337386018,
            "(26116.8, 32574.0]": 0.9650986342943855,
            "(32574.0, 39331.6]": 0.9711684370257967,
            "(39331.6, 46013.7]": 0.9559270516717325,
            "(46013.7, 52699.4]": 0.9514415781487102,
            "(52699.4, 59007.6]": 0.9650986342943855,
            "(59007.6, 65528.0]": 0.9620637329286799
        },
        "correct_factorization_mean": {
            "(7.999, 6350.5]": 0.9984825493171472,
            "(6350.5, 12996.8]": 0.9939301972685888,
            "(12996.8, 19472.5]": 0.9878603945371776,
            "(19472.5, 26116.8]": 0.9407294832826748,
            "(26116.8, 32574.0]": 0.842185128983308,
            "(32574.0, 39331.6]": 0.7966616084977238,
            "(39331.6, 46013.7]": 0.770516717325228,
            "(46013.7, 52699.4]": 0.7830045523520486,
            "(52699.4, 59007.6]": 0.7359635811836115,
            "(59007.6, 65528.0]": 0.7025796661608498
        }
    },
    "pred_same_as_input_beam_0": {
        "0": {
            "input_is_prime": false,
            "pred_same_as_input": false,
            "group_size": 5919,
            "correct_product_mean": 0.9513431322858591,
            "correct_factorization_mean": 0.8052035816860956
        },
        "1": {
            "input_is_prime": false,
            "pred_same_as_input": true,
            "group_size": 1,
            "correct_product_mean": 1.0,
            "correct_factorization_mean": 0.0
        },
        "2": {
            "input_is_prime": true,
            "pred_same_as_input": false,
            "group_size": 657,
            "correct_product_mean": 0.9649923896499238,
            "correct_factorization_mean": 0.9649923896499238
        },
        "3": {
            "input_is_prime": true,
            "pred_same_as_input": true,
            "group_size": 11,
            "correct_product_mean": 1.0,
            "correct_factorization_mean": 1.0
        }
    },
    "by_min_factor_composite_only": {
        "0": {
            "min_factor_decile": "(1.999, 3.0]",
            "group_size": 4339,
            "correct_product_mean": 0.9741876008296843,
            "correct_factorization_mean": 0.9138050241991242
        },
        "1": {
            "min_factor_decile": "(3.0, 5.0]",
            "group_size": 447,
            "correct_product_mean": 0.9776286353467561,
            "correct_factorization_mean": 0.9552572706935123
        },
        "2": {
            "min_factor_decile": "(5.0, 17.0]",
            "group_size": 614,
            "correct_product_mean": 0.9739413680781759,
            "correct_factorization_mean": 0.3550488599348534
        },
        "3": {
            "min_factor_decile": "(17.0, 241.0]",
            "group_size": 520,
            "correct_product_mean": 0.9596153846153846,
            "correct_factorization_mean": 0.3
        }
    },
    "loss": 0.1426364426562613,
    "meta": {
        "n_beams": 2,
        "temperature": 1.0
    }
}