{
    "correct": {
        "correct_product": 0.89306640625,
        "correct_factorization": 0.64599609375
    },
    "beam_accuracy": {
        "correct_product": {
            "0": 0.8603515625,
            "1": 0.13525390625
        },
        "correct_factorization": {
            "0": 0.603515625,
            "1": 0.04296875
        }
    },
    "by_prob": {
        "group_size": {
            "(-12.53, -5.387]": 410.0,
            "(-5.387, -3.274]": 410.0,
            "(-3.274, -2.643]": 409.0,
            "(-2.643, -2.019]": 410.0,
            "(-2.019, -1.352]": 409.0,
            "(-1.352, -1.016]": 410.0,
            "(-1.016, -0.799]": 409.0,
            "(-0.799, -0.245]": 410.0,
            "(-0.245, -0.00956]": 409.0,
            "(-0.00956, -1.13e-05]": 410.0
        },
        "correct_product": {
            "(-12.53, -5.387]": 0.17560975609756097,
            "(-5.387, -3.274]": 0.1048780487804878,
            "(-3.274, -2.643]": 0.04645476772616137,
            "(-2.643, -2.019]": 0.09024390243902439,
            "(-2.019, -1.352]": 0.2860635696821516,
            "(-1.352, -1.016]": 0.7609756097560976,
            "(-1.016, -0.799]": 0.863080684596577,
            "(-0.799, -0.245]": 0.724390243902439,
            "(-0.245, -0.00956]": 0.9266503667481663,
            "(-0.00956, -1.13e-05]": 1.0
        },
        "correct_factorization": {
            "(-12.53, -5.387]": 0.0,
            "(-5.387, -3.274]": 0.007317073170731708,
            "(-3.274, -2.643]": 0.009779951100244499,
            "(-2.643, -2.019]": 0.05121951219512195,
            "(-2.019, -1.352]": 0.12224938875305623,
            "(-1.352, -1.016]": 0.3121951219512195,
            "(-1.016, -0.799]": 0.34963325183374083,
            "(-0.799, -0.245]": 0.48292682926829267,
            "(-0.245, -0.00956]": 0.8997555012224939,
            "(-0.00956, -1.13e-05]": 0.9975609756097561
        },
        "percent_prime_factors_pred": {
            "(-12.53, -5.387]": 0.9097435152922958,
            "(-5.387, -3.274]": 0.9236991869918698,
            "(-3.274, -2.643]": 0.9324775876120619,
            "(-2.643, -2.019]": 0.931788617886179,
            "(-2.019, -1.352]": 0.8532192339038304,
            "(-1.352, -1.016]": 0.5887166085946574,
            "(-1.016, -0.799]": 0.550176582450421,
            "(-0.799, -0.245]": 0.8819686411149825,
            "(-0.245, -0.00956]": 0.9901385493072534,
            "(-0.00956, -1.13e-05]": 0.9991869918699188
        }
    },
    "by_num_target_factors": {
        "group_size": {
            "1": 192,
            "2": 466,
            "3": 501,
            "4": 401,
            "5": 237,
            "6": 131,
            "7": 62,
            "8": 32,
            "9": 12,
            "10": 7,
            "11": 5,
            "12": 1,
            "16": 1
        },
        "correct_product_mean": {
            "1": 0.9479166666666666,
            "2": 0.9613733905579399,
            "3": 0.9201596806387226,
            "4": 0.9177057356608479,
            "5": 0.7721518987341772,
            "6": 0.7709923664122137,
            "7": 0.8064516129032258,
            "8": 0.6875,
            "9": 0.6666666666666666,
            "10": 0.7142857142857143,
            "11": 0.2,
            "12": 0.0,
            "16": 0.0
        },
        "correct_factorization_mean": {
            "1": 0.9479166666666666,
            "2": 0.44420600858369097,
            "3": 0.5548902195608783,
            "4": 0.7605985037406484,
            "5": 0.7257383966244726,
            "6": 0.7404580152671756,
            "7": 0.7580645161290323,
            "8": 0.65625,
            "9": 0.6666666666666666,
            "10": 0.7142857142857143,
            "11": 0.2,
            "12": 0.0,
            "16": 0.0
        }
    },
    "by_input_num": {
        "group_size": {
            "(65535.999, 65740.7]": 205,
            "(65740.7, 65945.4]": 205,
            "(65945.4, 66150.1]": 205,
            "(66150.1, 66354.8]": 204,
            "(66354.8, 66559.5]": 205,
            "(66559.5, 66764.2]": 205,
            "(66764.2, 66968.9]": 204,
            "(66968.9, 67173.6]": 205,
            "(67173.6, 67378.3]": 205,
            "(67378.3, 67583.0]": 205
        },
        "correct_product_mean": {
            "(65535.999, 65740.7]": 0.9121951219512195,
            "(65740.7, 65945.4]": 0.8926829268292683,
            "(65945.4, 66150.1]": 0.9073170731707317,
            "(66150.1, 66354.8]": 0.9264705882352942,
            "(66354.8, 66559.5]": 0.9024390243902439,
            "(66559.5, 66764.2]": 0.9024390243902439,
            "(66764.2, 66968.9]": 0.8970588235294118,
            "(66968.9, 67173.6]": 0.8780487804878049,
            "(67173.6, 67378.3]": 0.8780487804878049,
            "(67378.3, 67583.0]": 0.8341463414634146
        },
        "correct_factorization_mean": {
            "(65535.999, 65740.7]": 0.7073170731707317,
            "(65740.7, 65945.4]": 0.6390243902439025,
            "(65945.4, 66150.1]": 0.6682926829268293,
            "(66150.1, 66354.8]": 0.6470588235294118,
            "(66354.8, 66559.5]": 0.6341463414634146,
            "(66559.5, 66764.2]": 0.6341463414634146,
            "(66764.2, 66968.9]": 0.6372549019607843,
            "(66968.9, 67173.6]": 0.6341463414634146,
            "(67173.6, 67378.3]": 0.6390243902439025,
            "(67378.3, 67583.0]": 0.6195121951219512
        }
    },
    "pred_same_as_input_beam_0": {
        "0": {
            "input_is_prime": false,
            "pred_same_as_input": false,
            "group_size": 1856,
            "correct_product_mean": 0.8529094827586207,
            "correct_factorization_mean": 0.5695043103448276
        },
        "1": {
            "input_is_prime": true,
            "pred_same_as_input": false,
            "group_size": 192,
            "correct_product_mean": 0.9322916666666666,
            "correct_factorization_mean": 0.9322916666666666
        }
    },
    "by_min_factor_composite_only": {
        "0": {
            "min_factor_decile": "(1.999, 3.0]",
            "group_size": 1365,
            "correct_product_mean": 0.8776556776556776,
            "correct_factorization_mean": 0.6952380952380952
        },
        "1": {
            "min_factor_decile": "(3.0, 5.0]",
            "group_size": 136,
            "correct_product_mean": 0.8161764705882353,
            "correct_factorization_mean": 0.7941176470588235
        },
        "2": {
            "min_factor_decile": "(5.0, 17.0]",
            "group_size": 176,
            "correct_product_mean": 0.9318181818181818,
            "correct_factorization_mean": 0.0
        },
        "3": {
            "min_factor_decile": "(17.0, 257.0]",
            "group_size": 179,
            "correct_product_mean": 0.9720670391061452,
            "correct_factorization_mean": 0.0
        }
    },
    "loss": 0.40795293014768436,
    "meta": {
        "n_beams": 2,
        "temperature": 1.0
    }
}