{
    "correct": {
        "correct_product": 0.9725258044930176,
        "correct_factorization": 0.8554948391013965
    },
    "beam_accuracy": {
        "correct_product": {
            "0": 0.9521857923497268,
            "1": 0.21174863387978143
        },
        "correct_factorization": {
            "0": 0.8222525804493017,
            "1": 0.033545840922890105
        }
    },
    "by_prob": {
        "group_size": {
            "(-15.193, -9.21]": 1327.0,
            "(-9.21, -7.068]": 1309.0,
            "(-7.068, -4.684]": 1317.0,
            "(-4.684, -2.425]": 1318.0,
            "(-2.425, -1.258]": 1317.0,
            "(-1.258, -0.651]": 1318.0,
            "(-0.651, -0.0186]": 1317.0,
            "(-0.0186, -0.00165]": 1318.0,
            "(-0.00165, -0.00019]": 1317.0,
            "(-0.00019, -8.34e-07]": 1318.0
        },
        "correct_product": {
            "(-15.193, -9.21]": 0.14544084400904295,
            "(-9.21, -7.068]": 0.2055003819709702,
            "(-7.068, -4.684]": 0.25588458618071375,
            "(-4.684, -2.425]": 0.19347496206373294,
            "(-2.425, -1.258]": 0.27866362946089596,
            "(-1.258, -0.651]": 0.8361153262518968,
            "(-0.651, -0.0186]": 0.90584662110858,
            "(-0.0186, -0.00165]": 0.9992412746585736,
            "(-0.00165, -0.00019]": 1.0,
            "(-0.00019, -8.34e-07]": 1.0
        },
        "correct_factorization": {
            "(-15.193, -9.21]": 0.0015071590052750565,
            "(-9.21, -7.068]": 0.0,
            "(-7.068, -4.684]": 0.0007593014426727411,
            "(-4.684, -2.425]": 0.02959028831562974,
            "(-2.425, -1.258]": 0.12680334092634776,
            "(-1.258, -0.651]": 0.34294385432473445,
            "(-0.651, -0.0186]": 0.7805618830675778,
            "(-0.0186, -0.00165]": 0.9969650986342944,
            "(-0.00165, -0.00019]": 1.0,
            "(-0.00019, -8.34e-07]": 1.0
        },
        "percent_prime_factors_pred": {
            "(-15.193, -9.21]": 0.8312044712383824,
            "(-9.21, -7.068]": 0.8899414311179018,
            "(-7.068, -4.684]": 0.8453357197092961,
            "(-4.684, -2.425]": 0.8436456752655538,
            "(-2.425, -1.258]": 0.8190681081341674,
            "(-1.258, -0.651]": 0.5416088590216056,
            "(-0.651, -0.0186]": 0.9104331633944391,
            "(-0.0186, -0.00165]": 0.998710166919575,
            "(-0.00165, -0.00019]": 1.0,
            "(-0.00019, -8.34e-07]": 1.0
        }
    },
    "by_num_target_factors": {
        "group_size": {
            "1": 668,
            "2": 1601,
            "3": 1720,
            "4": 1198,
            "5": 715,
            "6": 373,
            "7": 165,
            "8": 79,
            "9": 35,
            "10": 20,
            "11": 8,
            "12": 3,
            "13": 3
        },
        "correct_product_mean": {
            "1": 0.9895209580838323,
            "2": 0.9831355402873204,
            "3": 0.9866279069767442,
            "4": 0.9891485809682805,
            "5": 0.9678321678321679,
            "6": 0.9329758713136729,
            "7": 0.8666666666666667,
            "8": 0.8354430379746836,
            "9": 0.7714285714285715,
            "10": 0.45,
            "11": 0.5,
            "12": 0.3333333333333333,
            "13": 0.0
        },
        "correct_factorization_mean": {
            "1": 0.9895209580838323,
            "2": 0.7083073079325422,
            "3": 0.8470930232558139,
            "4": 0.9382303839732888,
            "5": 0.958041958041958,
            "6": 0.8900804289544236,
            "7": 0.8242424242424242,
            "8": 0.8354430379746836,
            "9": 0.7714285714285715,
            "10": 0.45,
            "11": 0.5,
            "12": 0.3333333333333333,
            "13": 0.0
        }
    },
    "by_input_num": {
        "group_size": {
            "(7.999, 6350.5]": 659,
            "(6350.5, 12996.8]": 659,
            "(12996.8, 19472.5]": 659,
            "(19472.5, 26116.8]": 658,
            "(26116.8, 32574.0]": 659,
            "(32574.0, 39331.6]": 659,
            "(39331.6, 46013.7]": 658,
            "(46013.7, 52699.4]": 659,
            "(52699.4, 59007.6]": 659,
            "(59007.6, 65528.0]": 659
        },
        "correct_product_mean": {
            "(7.999, 6350.5]": 0.9954476479514416,
            "(6350.5, 12996.8]": 0.9969650986342944,
            "(12996.8, 19472.5]": 0.992412746585736,
            "(19472.5, 26116.8]": 0.9650455927051672,
            "(26116.8, 32574.0]": 0.9681335356600911,
            "(32574.0, 39331.6]": 0.9817905918057663,
            "(39331.6, 46013.7]": 0.9574468085106383,
            "(46013.7, 52699.4]": 0.9301972685887708,
            "(52699.4, 59007.6]": 0.9666160849772383,
            "(59007.6, 65528.0]": 0.9711684370257967
        },
        "correct_factorization_mean": {
            "(7.999, 6350.5]": 0.9954476479514416,
            "(6350.5, 12996.8]": 0.9969650986342944,
            "(12996.8, 19472.5]": 0.992412746585736,
            "(19472.5, 26116.8]": 0.9422492401215805,
            "(26116.8, 32574.0]": 0.8512898330804249,
            "(32574.0, 39331.6]": 0.802731411229135,
            "(39331.6, 46013.7]": 0.7674772036474165,
            "(46013.7, 52699.4]": 0.7738998482549317,
            "(52699.4, 59007.6]": 0.7207890743550834,
            "(59007.6, 65528.0]": 0.7116843702579666
        }
    },
    "pred_same_as_input_beam_0": {
        "0": {
            "input_is_prime": false,
            "pred_same_as_input": false,
            "group_size": 5237,
            "correct_product_mean": 0.9417605499331678,
            "correct_factorization_mean": 0.9087263700591942
        },
        "1": {
            "input_is_prime": false,
            "pred_same_as_input": true,
            "group_size": 683,
            "correct_product_mean": 1.0,
            "correct_factorization_mean": 0.0
        },
        "2": {
            "input_is_prime": true,
            "pred_same_as_input": false,
            "group_size": 10,
            "correct_product_mean": 0.0,
            "correct_factorization_mean": 0.0
        },
        "3": {
            "input_is_prime": true,
            "pred_same_as_input": true,
            "group_size": 658,
            "correct_product_mean": 1.0,
            "correct_factorization_mean": 1.0
        }
    },
    "by_min_factor_composite_only": {
        "0": {
            "min_factor_decile": "(1.999, 3.0]",
            "group_size": 4339,
            "correct_product_mean": 0.9702696473841899,
            "correct_factorization_mean": 0.90896519935469
        },
        "1": {
            "min_factor_decile": "(3.0, 5.0]",
            "group_size": 447,
            "correct_product_mean": 0.9798657718120806,
            "correct_factorization_mean": 0.9485458612975392
        },
        "2": {
            "min_factor_decile": "(5.0, 17.0]",
            "group_size": 614,
            "correct_product_mean": 0.9674267100977199,
            "correct_factorization_mean": 0.36644951140065146
        },
        "3": {
            "min_factor_decile": "(17.0, 241.0]",
            "group_size": 520,
            "correct_product_mean": 0.9692307692307692,
            "correct_factorization_mean": 0.3192307692307692
        }
    },
    "loss": 0.14338593748901646,
    "meta": {
        "n_beams": 2,
        "temperature": 1.0
    }
}