{
    "correct": {
        "correct_product": 0.85400390625,
        "correct_factorization": 0.61328125
    },
    "beam_accuracy": {
        "correct_product": {
            "0": 0.81298828125,
            "1": 0.14892578125
        },
        "correct_factorization": {
            "0": 0.56591796875,
            "1": 0.04736328125
        }
    },
    "by_prob": {
        "group_size": {
            "(-12.668, -5.085]": 410.0,
            "(-5.085, -3.103]": 410.0,
            "(-3.103, -2.483]": 409.0,
            "(-2.483, -1.969]": 410.0,
            "(-1.969, -1.365]": 409.0,
            "(-1.365, -1.035]": 410.0,
            "(-1.035, -0.811]": 409.0,
            "(-0.811, -0.29]": 410.0,
            "(-0.29, -0.0132]": 409.0,
            "(-0.0132, -9.42e-06]": 410.0
        },
        "correct_product": {
            "(-12.668, -5.085]": 0.18292682926829268,
            "(-5.085, -3.103]": 0.14390243902439023,
            "(-3.103, -2.483]": 0.07823960880195599,
            "(-2.483, -1.969]": 0.09024390243902439,
            "(-1.969, -1.365]": 0.3056234718826406,
            "(-1.365, -1.035]": 0.6878048780487804,
            "(-1.035, -0.811]": 0.8068459657701712,
            "(-0.811, -0.29]": 0.6658536585365854,
            "(-0.29, -0.0132]": 0.8557457212713936,
            "(-0.0132, -9.42e-06]": 0.9926829268292683
        },
        "correct_factorization": {
            "(-12.668, -5.085]": 0.0,
            "(-5.085, -3.103]": 0.014634146341463415,
            "(-3.103, -2.483]": 0.029339853300733496,
            "(-2.483, -1.969]": 0.041463414634146344,
            "(-1.969, -1.365]": 0.1393643031784841,
            "(-1.365, -1.035]": 0.2707317073170732,
            "(-1.035, -0.811]": 0.3251833740831296,
            "(-0.811, -0.29]": 0.43658536585365854,
            "(-0.29, -0.0132]": 0.8166259168704156,
            "(-0.0132, -9.42e-06]": 0.9926829268292683
        },
        "percent_prime_factors_pred": {
            "(-12.668, -5.085]": 0.9044308943089431,
            "(-5.085, -3.103]": 0.8983333333333333,
            "(-3.103, -2.483]": 0.91908836884387,
            "(-2.483, -1.969]": 0.9315853658536585,
            "(-1.969, -1.365]": 0.8462684829432996,
            "(-1.365, -1.035]": 0.6172764227642277,
            "(-1.035, -0.811]": 0.5765222959599487,
            "(-0.811, -0.29]": 0.8649186991869919,
            "(-0.29, -0.0132]": 0.9862673186634067,
            "(-0.0132, -9.42e-06]": 1.0
        }
    },
    "by_num_target_factors": {
        "group_size": {
            "1": 192,
            "2": 466,
            "3": 501,
            "4": 401,
            "5": 237,
            "6": 131,
            "7": 62,
            "8": 32,
            "9": 12,
            "10": 7,
            "11": 5,
            "12": 1,
            "16": 1
        },
        "correct_product_mean": {
            "1": 0.921875,
            "2": 0.9527896995708155,
            "3": 0.9421157684630739,
            "4": 0.8678304239401496,
            "5": 0.7130801687763713,
            "6": 0.6183206106870229,
            "7": 0.6129032258064516,
            "8": 0.34375,
            "9": 0.3333333333333333,
            "10": 0.5714285714285714,
            "11": 0.2,
            "12": 0.0,
            "16": 0.0
        },
        "correct_factorization_mean": {
            "1": 0.921875,
            "2": 0.4592274678111588,
            "3": 0.564870259481038,
            "4": 0.7306733167082294,
            "5": 0.6497890295358649,
            "6": 0.5954198473282443,
            "7": 0.5967741935483871,
            "8": 0.34375,
            "9": 0.3333333333333333,
            "10": 0.5714285714285714,
            "11": 0.2,
            "12": 0.0,
            "16": 0.0
        }
    },
    "by_input_num": {
        "group_size": {
            "(65535.999, 65740.7]": 205,
            "(65740.7, 65945.4]": 205,
            "(65945.4, 66150.1]": 205,
            "(66150.1, 66354.8]": 204,
            "(66354.8, 66559.5]": 205,
            "(66559.5, 66764.2]": 205,
            "(66764.2, 66968.9]": 204,
            "(66968.9, 67173.6]": 205,
            "(67173.6, 67378.3]": 205,
            "(67378.3, 67583.0]": 205
        },
        "correct_product_mean": {
            "(65535.999, 65740.7]": 0.9414634146341463,
            "(65740.7, 65945.4]": 0.9024390243902439,
            "(65945.4, 66150.1]": 0.9219512195121952,
            "(66150.1, 66354.8]": 0.8725490196078431,
            "(66354.8, 66559.5]": 0.8878048780487805,
            "(66559.5, 66764.2]": 0.8439024390243902,
            "(66764.2, 66968.9]": 0.8333333333333334,
            "(66968.9, 67173.6]": 0.8,
            "(67173.6, 67378.3]": 0.7951219512195122,
            "(67378.3, 67583.0]": 0.7414634146341463
        },
        "correct_factorization_mean": {
            "(65535.999, 65740.7]": 0.7121951219512195,
            "(65740.7, 65945.4]": 0.6341463414634146,
            "(65945.4, 66150.1]": 0.6682926829268293,
            "(66150.1, 66354.8]": 0.5833333333333334,
            "(66354.8, 66559.5]": 0.6292682926829268,
            "(66559.5, 66764.2]": 0.6146341463414634,
            "(66764.2, 66968.9]": 0.5882352941176471,
            "(66968.9, 67173.6]": 0.5609756097560976,
            "(67173.6, 67378.3]": 0.5804878048780487,
            "(67378.3, 67583.0]": 0.5609756097560976
        }
    },
    "pred_same_as_input_beam_0": {
        "0": {
            "input_is_prime": false,
            "pred_same_as_input": false,
            "group_size": 1530,
            "correct_product_mean": 0.7607843137254902,
            "correct_factorization_mean": 0.6431372549019608
        },
        "1": {
            "input_is_prime": false,
            "pred_same_as_input": true,
            "group_size": 326,
            "correct_product_mean": 1.0,
            "correct_factorization_mean": 0.0
        },
        "2": {
            "input_is_prime": true,
            "pred_same_as_input": false,
            "group_size": 17,
            "correct_product_mean": 0.0,
            "correct_factorization_mean": 0.0
        },
        "3": {
            "input_is_prime": true,
            "pred_same_as_input": true,
            "group_size": 175,
            "correct_product_mean": 1.0,
            "correct_factorization_mean": 1.0
        }
    },
    "by_min_factor_composite_only": {
        "0": {
            "min_factor_decile": "(1.999, 3.0]",
            "group_size": 1365,
            "correct_product_mean": 0.8227106227106227,
            "correct_factorization_mean": 0.6417582417582418
        },
        "1": {
            "min_factor_decile": "(3.0, 5.0]",
            "group_size": 136,
            "correct_product_mean": 0.8602941176470589,
            "correct_factorization_mean": 0.7941176470588235
        },
        "2": {
            "min_factor_decile": "(5.0, 17.0]",
            "group_size": 176,
            "correct_product_mean": 0.9488636363636364,
            "correct_factorization_mean": 0.0
        },
        "3": {
            "min_factor_decile": "(17.0, 257.0]",
            "group_size": 179,
            "correct_product_mean": 0.9217877094972067,
            "correct_factorization_mean": 0.0
        }
    },
    "loss": 0.4330015020970083,
    "meta": {
        "n_beams": 2,
        "temperature": 1.0
    }
}