{
    "correct": {
        "correct_product": 0.9979257893523853,
        "correct_factorization": 0.3038334485672582
    },
    "beam_accuracy": {
        "correct_product": {
            "0": 0.9922409157255896,
            "1": 0.2774832910808942
        },
        "correct_factorization": {
            "0": 0.2260889605899977,
            "1": 0.07774448797726051
        }
    },
    "by_prob": {
        "correct_product": {
            "(-8.581999999999999, -2.807]": 0.08448540706605223,
            "(-2.807, -2.561]": 0.30810603150211296,
            "(-2.561, -2.47]": 0.34152900499423744,
            "(-2.47, -2.299]": 0.32027649769585254,
            "(-2.299, -1.644]": 0.4606223588167499,
            "(-1.644, -1.577]": 0.9804072224356511,
            "(-1.577, -1.532]": 0.9834869431643625,
            "(-1.532, -1.474]": 0.9823280829811756,
            "(-1.474, -1.347]": 0.9704187475989243,
            "(-1.347, -0.000724]": 0.9170506912442397
        },
        "correct_factorization": {
            "(-8.581999999999999, -2.807]": 0.021889400921658985,
            "(-2.807, -2.561]": 0.06915097963887822,
            "(-2.561, -2.47]": 0.0768344218209758,
            "(-2.47, -2.299]": 0.07296466973886329,
            "(-2.299, -1.644]": 0.1386861313868613,
            "(-1.644, -1.577]": 0.20130618517095658,
            "(-1.577, -1.532]": 0.18509984639016897,
            "(-1.532, -1.474]": 0.1897810218978102,
            "(-1.474, -1.347]": 0.2208989627353054,
            "(-1.347, -0.000724]": 0.3425499231950845
        },
        "seq_dist_binary": {
            "(-8.581999999999999, -2.807]": 0.2209421402969788,
            "(-2.807, -2.561]": 0.20423549750288117,
            "(-2.561, -2.47]": 0.1988971059034447,
            "(-2.47, -2.299]": 0.19048419098822297,
            "(-2.299, -1.644]": 0.16875560250992433,
            "(-1.644, -1.577]": 0.1964320015366883,
            "(-1.577, -1.532]": 0.19758864567332332,
            "(-1.532, -1.474]": 0.19138173901908062,
            "(-1.474, -1.347]": 0.1700281726213346,
            "(-1.347, -0.000724]": 0.12456797235023026
        },
        "seq_dist_lev": {
            "(-8.581999999999999, -2.807]": 8.18778801843318,
            "(-2.807, -2.561]": 7.404917402996542,
            "(-2.561, -2.47]": 7.195159431425279,
            "(-2.47, -2.299]": 6.854070660522273,
            "(-2.299, -1.644]": 6.2796772954283515,
            "(-1.644, -1.577]": 7.652324241260085,
            "(-1.577, -1.532]": 7.686251920122888,
            "(-1.532, -1.474]": 7.511717249327699,
            "(-1.474, -1.347]": 6.680752977333846,
            "(-1.347, -0.000724]": 4.9658218125960065
        },
        "percent_prime_factors_pred": {
            "(-8.581999999999999, -2.807]": 0.8050290456684556,
            "(-2.807, -2.561]": 0.655626596905893,
            "(-2.561, -2.47]": 0.6713707931629622,
            "(-2.47, -2.299]": 0.720108092112705,
            "(-2.299, -1.644]": 0.6834210151056049,
            "(-1.644, -1.577]": 0.3028286958271588,
            "(-1.577, -1.532]": 0.34638879745446477,
            "(-1.532, -1.474]": 0.43775329442828365,
            "(-1.474, -1.347]": 0.5664123813182598,
            "(-1.347, -0.000724]": 0.7443487153740574
        }
    },
    "by_n_target_factors": {
        "correct_product_mean": {
            "1": 0.9992383853769993,
            "2": 0.9987381703470032,
            "3": 0.9990922844175492,
            "4": 0.9975010412328197,
            "5": 0.9964028776978417,
            "6": 0.9973753280839895,
            "7": 0.9943661971830986,
            "8": 0.9880239520958084,
            "9": 0.9893617021276596,
            "10": 0.96875,
            "11": 1.0,
            "12": 1.0,
            "13": 1.0,
            "14": 1.0
        },
        "correct_product_size": {
            "1": 1313,
            "2": 3170,
            "3": 3305,
            "4": 2401,
            "5": 1390,
            "6": 762,
            "7": 355,
            "8": 167,
            "9": 94,
            "10": 32,
            "11": 14,
            "12": 8,
            "13": 2,
            "14": 4
        },
        "correct_factorization_mean": {
            "1": 0.9992383853769993,
            "2": 0.3384858044164038,
            "3": 0.1815431164901664,
            "4": 0.1582673885880883,
            "5": 0.1474820143884892,
            "6": 0.17454068241469817,
            "7": 0.24788732394366197,
            "8": 0.39520958083832336,
            "9": 0.48936170212765956,
            "10": 0.78125,
            "11": 0.9285714285714286,
            "12": 1.0,
            "13": 1.0,
            "14": 1.0
        },
        "correct_factorization_size": {
            "1": 1313,
            "2": 3170,
            "3": 3305,
            "4": 2401,
            "5": 1390,
            "6": 762,
            "7": 355,
            "8": 167,
            "9": 94,
            "10": 32,
            "11": 14,
            "12": 8,
            "13": 2,
            "14": 4
        }
    },
    "by_target_number": {
        "correct_product_mean": {
            "(8.999, 6700.4]": 0.9869431643625192,
            "(6700.4, 13267.8]": 0.9961597542242704,
            "(13267.8, 19602.6]": 0.9992313604919293,
            "(19602.6, 25978.8]": 0.999231950844854,
            "(25978.8, 32651.0]": 0.999231950844854,
            "(32651.0, 39298.8]": 0.9992313604919293,
            "(39298.8, 45796.8]": 1.0,
            "(45796.8, 52327.8]": 1.0,
            "(52327.8, 59017.4]": 0.999231950844854,
            "(59017.4, 65521.0]": 1.0
        },
        "correct_product_size": {
            "(8.999, 6700.4]": 1302,
            "(6700.4, 13267.8]": 1302,
            "(13267.8, 19602.6]": 1301,
            "(19602.6, 25978.8]": 1302,
            "(25978.8, 32651.0]": 1302,
            "(32651.0, 39298.8]": 1301,
            "(39298.8, 45796.8]": 1302,
            "(45796.8, 52327.8]": 1301,
            "(52327.8, 59017.4]": 1302,
            "(59017.4, 65521.0]": 1302
        },
        "correct_factorization_mean": {
            "(8.999, 6700.4]": 0.4731182795698925,
            "(6700.4, 13267.8]": 0.3302611367127496,
            "(13267.8, 19602.6]": 0.30284396617986165,
            "(19602.6, 25978.8]": 0.2956989247311828,
            "(25978.8, 32651.0]": 0.2926267281105991,
            "(32651.0, 39298.8]": 0.2736356648731745,
            "(39298.8, 45796.8]": 0.25960061443932414,
            "(45796.8, 52327.8]": 0.2797847809377402,
            "(52327.8, 59017.4]": 0.28110599078341014,
            "(59017.4, 65521.0]": 0.24961597542242703
        },
        "correct_factorization_size": {
            "(8.999, 6700.4]": 1302,
            "(6700.4, 13267.8]": 1302,
            "(13267.8, 19602.6]": 1301,
            "(19602.6, 25978.8]": 1302,
            "(25978.8, 32651.0]": 1302,
            "(32651.0, 39298.8]": 1301,
            "(39298.8, 45796.8]": 1302,
            "(45796.8, 52327.8]": 1301,
            "(52327.8, 59017.4]": 1302,
            "(59017.4, 65521.0]": 1302
        }
    },
    "by_pct_target_ones": {
        "correct_product_mean": {
            "(0.187, 0.5]": 0.9989733059548255,
            "(0.5, 0.529]": 0.9971751412429378,
            "(0.529, 0.562]": 0.9976415094339622,
            "(0.562, 0.6]": 0.9993145990404386,
            "(0.6, 0.625]": 0.9948542024013722,
            "(0.625, 0.667]": 0.9979929754139488,
            "(0.667, 0.688]": 0.9986684420772304,
            "(0.688, 0.722]": 1.0,
            "(0.722, 0.769]": 0.997643362136685,
            "(0.769, 1.0]": 0.9961389961389961
        },
        "correct_product_size": {
            "(0.187, 0.5]": 1948,
            "(0.5, 0.529]": 708,
            "(0.529, 0.562]": 1272,
            "(0.562, 0.6]": 1459,
            "(0.6, 0.625]": 1166,
            "(0.625, 0.667]": 1993,
            "(0.667, 0.688]": 751,
            "(0.688, 0.722]": 1152,
            "(0.722, 0.769]": 1273,