{
    "correct": {
        "correct_product": 0.9091796875,
        "correct_factorization": 0.62353515625
    },
    "beam_accuracy": {
        "correct_product": {
            "0": 0.87158203125,
            "1": 0.18017578125
        },
        "correct_factorization": {
            "0": 0.55908203125,
            "1": 0.064453125
        }
    },
    "by_prob": {
        "group_size": {
            "(-11.927, -4.073]": 410.0,
            "(-4.073, -3.318]": 410.0,
            "(-3.318, -2.635]": 409.0,
            "(-2.635, -1.963]": 410.0,
            "(-1.963, -1.463]": 409.0,
            "(-1.463, -1.239]": 410.0,
            "(-1.239, -0.964]": 409.0,
            "(-0.964, -0.645]": 410.0,
            "(-0.645, -0.071]": 409.0,
            "(-0.071, -5.29e-05]": 410.0
        },
        "correct_product": {
            "(-11.927, -4.073]": 0.20243902439024392,
            "(-4.073, -3.318]": 0.06829268292682927,
            "(-3.318, -2.635]": 0.10268948655256724,
            "(-2.635, -1.963]": 0.20243902439024392,
            "(-1.963, -1.463]": 0.4547677261613692,
            "(-1.463, -1.239]": 0.8,
            "(-1.239, -0.964]": 0.7555012224938875,
            "(-0.964, -0.645]": 0.8097560975609757,
            "(-0.645, -0.071]": 0.8728606356968215,
            "(-0.071, -5.29e-05]": 0.9902439024390244
        },
        "correct_factorization": {
            "(-11.927, -4.073]": 0.0,
            "(-4.073, -3.318]": 0.004878048780487805,
            "(-3.318, -2.635]": 0.022004889975550123,
            "(-2.635, -1.963]": 0.09024390243902439,
            "(-1.963, -1.463]": 0.21026894865525672,
            "(-1.463, -1.239]": 0.3024390243902439,
            "(-1.239, -0.964]": 0.31295843520782396,
            "(-0.964, -0.645]": 0.44146341463414634,
            "(-0.645, -0.071]": 0.7457212713936431,
            "(-0.071, -5.29e-05]": 0.9878048780487805
        },
        "percent_prime_factors_pred": {
            "(-11.927, -4.073]": 0.9158130081300817,
            "(-4.073, -3.318]": 0.9180487804878049,
            "(-3.318, -2.635]": 0.8983700081499594,
            "(-2.635, -1.963]": 0.8986353077816495,
            "(-1.963, -1.463]": 0.7933490511118874,
            "(-1.463, -1.239]": 0.5448780487804878,
            "(-1.239, -0.964]": 0.6448655256723717,
            "(-0.964, -0.645]": 0.8215853658536587,
            "(-0.645, -0.071]": 0.9478402607986963,
            "(-0.071, -5.29e-05]": 0.999390243902439
        }
    },
    "by_num_target_factors": {
        "group_size": {
            "1": 192,
            "2": 466,
            "3": 501,
            "4": 401,
            "5": 237,
            "6": 131,
            "7": 62,
            "8": 32,
            "9": 12,
            "10": 7,
            "11": 5,
            "12": 1,
            "16": 1
        },
        "correct_product_mean": {
            "1": 1.0,
            "2": 0.9935622317596566,
            "3": 0.9580838323353293,
            "4": 0.9326683291770573,
            "5": 0.7932489451476793,
            "6": 0.732824427480916,
            "7": 0.6774193548387096,
            "8": 0.5625,
            "9": 0.5,
            "10": 0.2857142857142857,
            "11": 0.2,
            "12": 0.0,
            "16": 0.0
        },
        "correct_factorization_mean": {
            "1": 1.0,
            "2": 0.4613733905579399,
            "3": 0.48902195608782434,
            "4": 0.7456359102244389,
            "5": 0.7046413502109705,
            "6": 0.6946564885496184,
            "7": 0.6612903225806451,
            "8": 0.5625,
            "9": 0.5,
            "10": 0.2857142857142857,
            "11": 0.2,
            "12": 0.0,
            "16": 0.0
        }
    },
    "by_input_num": {
        "group_size": {
            "(65535.999, 65740.7]": 205,
            "(65740.7, 65945.4]": 205,
            "(65945.4, 66150.1]": 205,
            "(66150.1, 66354.8]": 204,
            "(66354.8, 66559.5]": 205,
            "(66559.5, 66764.2]": 205,
            "(66764.2, 66968.9]": 204,
            "(66968.9, 67173.6]": 205,
            "(67173.6, 67378.3]": 205,
            "(67378.3, 67583.0]": 205
        },
        "correct_product_mean": {
            "(65535.999, 65740.7]": 0.926829268292683,
            "(65740.7, 65945.4]": 0.9219512195121952,
            "(65945.4, 66150.1]": 0.9365853658536586,
            "(66150.1, 66354.8]": 0.9166666666666666,
            "(66354.8, 66559.5]": 0.9365853658536586,
            "(66559.5, 66764.2]": 0.8926829268292683,
            "(66764.2, 66968.9]": 0.8921568627450981,
            "(66968.9, 67173.6]": 0.8975609756097561,
            "(67173.6, 67378.3]": 0.8780487804878049,
            "(67378.3, 67583.0]": 0.8926829268292683
        },
        "correct_factorization_mean": {
            "(65535.999, 65740.7]": 0.6780487804878049,
            "(65740.7, 65945.4]": 0.6341463414634146,
            "(65945.4, 66150.1]": 0.6390243902439025,
            "(66150.1, 66354.8]": 0.5833333333333334,
            "(66354.8, 66559.5]": 0.6731707317073171,
            "(66559.5, 66764.2]": 0.6146341463414634,
            "(66764.2, 66968.9]": 0.6029411764705882,
            "(66968.9, 67173.6]": 0.5902439024390244,
            "(67173.6, 67378.3]": 0.5951219512195122,
            "(67378.3, 67583.0]": 0.624390243902439
        }
    },
    "pred_same_as_input_beam_0": {
        "0": {
            "input_is_prime": false,
            "pred_same_as_input": false,
            "group_size": 1503,
            "correct_product_mean": 0.8263473053892215,
            "correct_factorization_mean": 0.635395874916833
        },
        "1": {
            "input_is_prime": false,
            "pred_same_as_input": true,
            "group_size": 353,
            "correct_product_mean": 1.0,
            "correct_factorization_mean": 0.0
        },
        "2": {
            "input_is_prime": true,
            "pred_same_as_input": false,
            "group_size": 2,
            "correct_product_mean": 0.0,
            "correct_factorization_mean": 0.0
        },
        "3": {
            "input_is_prime": true,
            "pred_same_as_input": true,
            "group_size": 190,
            "correct_product_mean": 1.0,
            "correct_factorization_mean": 1.0
        }
    },
    "by_min_factor_composite_only": {
        "0": {
            "min_factor_decile": "(1.999, 3.0]",
            "group_size": 1365,
            "correct_product_mean": 0.882051282051282,
            "correct_factorization_mean": 0.6329670329670329
        },
        "1": {
            "min_factor_decile": "(3.0, 5.0]",
            "group_size": 136,
            "correct_product_mean": 0.8161764705882353,
            "correct_factorization_mean": 0.6691176470588235
        },
        "2": {
            "min_factor_decile": "(5.0, 17.0]",
            "group_size": 176,
            "correct_product_mean": 1.0,
            "correct_factorization_mean": 0.0
        },
        "3": {
            "min_factor_decile": "(17.0, 257.0]",
            "group_size": 179,
            "correct_product_mean": 1.0,
            "correct_factorization_mean": 0.0
        }
    },
    "loss": 0.12566384579986334,
    "meta": {
        "n_beams": 2,
        "temperature": 1.0
    }
}