{
    "correct": {
        "correct_product": 0.9711596842744383,
        "correct_factorization": 0.8248330297510625
    },
    "beam_accuracy": {
        "correct_product": {
            "0": 0.9426229508196722,
            "1": 0.25060716454159077
        },
        "correct_factorization": {
            "0": 0.7682149362477231,
            "1": 0.05692167577413479
        }
    },
    "by_prob": {
        "group_size": {
            "(-13.5, -7.501]": 1318.0,
            "(-7.501, -4.896]": 1318.0,
            "(-4.896, -2.956]": 1317.0,
            "(-2.956, -2.144]": 1318.0,
            "(-2.144, -1.189]": 1317.0,
            "(-1.189, -0.845]": 1318.0,
            "(-0.845, -0.228]": 1317.0,
            "(-0.228, -0.015]": 1318.0,
            "(-0.015, -0.00115]": 1317.0,
            "(-0.00115, -1.26e-05]": 1318.0
        },
        "correct_product": {
            "(-13.5, -7.501]": 0.20409711684370258,
            "(-7.501, -4.896]": 0.248103186646434,
            "(-4.896, -2.956]": 0.22930903568716782,
            "(-2.956, -2.144]": 0.20030349013657056,
            "(-2.144, -1.189]": 0.37509491268033407,
            "(-1.189, -0.845]": 0.8581183611532626,
            "(-0.845, -0.228]": 0.8716780561883067,
            "(-0.228, -0.015]": 0.9802731411229135,
            "(-0.015, -0.00115]": 0.9992406985573272,
            "(-0.00115, -1.26e-05]": 1.0
        },
        "correct_factorization": {
            "(-13.5, -7.501]": 0.0007587253414264037,
            "(-7.501, -4.896]": 0.0007587253414264037,
            "(-4.896, -2.956]": 0.01442672741078208,
            "(-2.956, -2.144]": 0.06676783004552352,
            "(-2.144, -1.189]": 0.19893697798025817,
            "(-1.189, -0.845]": 0.33611532625189683,
            "(-0.845, -0.228]": 0.5626423690205011,
            "(-0.228, -0.015]": 0.9468892261001517,
            "(-0.015, -0.00115]": 0.9984813971146546,
            "(-0.00115, -1.26e-05]": 1.0
        },
        "percent_prime_factors_pred": {
            "(-13.5, -7.501]": 0.8811044271021491,
            "(-7.501, -4.896]": 0.8816641375821933,
            "(-4.896, -2.956]": 0.8309668438370015,
            "(-2.956, -2.144]": 0.8253721367150797,
            "(-2.144, -1.189]": 0.8729152354437091,
            "(-1.189, -0.845]": 0.529697774405665,
            "(-0.845, -0.228]": 0.7630346747658815,
            "(-0.228, -0.015]": 0.9822331815882656,
            "(-0.015, -0.00115]": 0.9998101746393319,
            "(-0.00115, -1.26e-05]": 1.0
        }
    },
    "by_num_target_factors": {
        "group_size": {
            "1": 668,
            "2": 1601,
            "3": 1720,
            "4": 1198,
            "5": 715,
            "6": 373,
            "7": 165,
            "8": 79,
            "9": 35,
            "10": 20,
            "11": 8,
            "12": 3,
            "13": 3
        },
        "correct_product_mean": {
            "1": 0.9925149700598802,
            "2": 0.9925046845721424,
            "3": 0.9912790697674418,
            "4": 0.9908180300500835,
            "5": 0.9552447552447553,
            "6": 0.8981233243967829,
            "7": 0.8484848484848485,
            "8": 0.7215189873417721,
            "9": 0.6,
            "10": 0.6,
            "11": 0.375,
            "12": 0.6666666666666666,
            "13": 0.3333333333333333
        },
        "correct_factorization_mean": {
            "1": 0.9925149700598802,
            "2": 0.6783260462211118,
            "3": 0.7924418604651163,
            "4": 0.9357262103505843,
            "5": 0.8993006993006993,
            "6": 0.868632707774799,
            "7": 0.8363636363636363,
            "8": 0.7215189873417721,
            "9": 0.6,
            "10": 0.6,
            "11": 0.375,
            "12": 0.6666666666666666,
            "13": 0.3333333333333333
        }
    },
    "by_input_num": {
        "group_size": {
            "(7.999, 6350.5]": 659,
            "(6350.5, 12996.8]": 659,
            "(12996.8, 19472.5]": 659,
            "(19472.5, 26116.8]": 658,
            "(26116.8, 32574.0]": 659,
            "(32574.0, 39331.6]": 659,
            "(39331.6, 46013.7]": 658,
            "(46013.7, 52699.4]": 659,
            "(52699.4, 59007.6]": 659,
            "(59007.6, 65528.0]": 659
        },
        "correct_product_mean": {
            "(7.999, 6350.5]": 0.9984825493171472,
            "(6350.5, 12996.8]": 0.9939301972685888,
            "(12996.8, 19472.5]": 0.9878603945371776,
            "(19472.5, 26116.8]": 0.9726443768996961,
            "(26116.8, 32574.0]": 0.9757207890743551,
            "(32574.0, 39331.6]": 0.9681335356600911,
            "(39331.6, 46013.7]": 0.9635258358662614,
            "(46013.7, 52699.4]": 0.9408194233687405,
            "(52699.4, 59007.6]": 0.9559939301972686,
            "(59007.6, 65528.0]": 0.9544764795144158
        },
        "correct_factorization_mean": {
            "(7.999, 6350.5]": 0.9969650986342944,
            "(6350.5, 12996.8]": 0.9908952959028832,
            "(12996.8, 19472.5]": 0.952959028831563,
            "(19472.5, 26116.8]": 0.8875379939209727,
            "(26116.8, 32574.0]": 0.8163884673748103,
            "(32574.0, 39331.6]": 0.7663125948406677,
            "(39331.6, 46013.7]": 0.7522796352583586,
            "(46013.7, 52699.4]": 0.7314112291350531,
            "(52699.4, 59007.6]": 0.6813353566009105,
            "(59007.6, 65528.0]": 0.6722306525037937
        }
    },
    "pred_same_as_input_beam_0": {
        "0": {
            "input_is_prime": false,
            "pred_same_as_input": false,
            "group_size": 5107,
            "correct_product_mean": 0.928725279028784,
            "correct_factorization_mean": 0.8629332289015077
        },
        "1": {
            "input_is_prime": false,
            "pred_same_as_input": true,
            "group_size": 813,
            "correct_product_mean": 1.0,
            "correct_factorization_mean": 0.0
        },
        "2": {
            "input_is_prime": true,
            "pred_same_as_input": false,
            "group_size": 14,
            "correct_product_mean": 0.0,
            "correct_factorization_mean": 0.0
        },
        "3": {
            "input_is_prime": true,
            "pred_same_as_input": true,
            "group_size": 654,
            "correct_product_mean": 1.0,
            "correct_factorization_mean": 1.0
        }
    },
    "by_min_factor_composite_only": {
        "0": {
            "min_factor_decile": "(1.999, 3.0]",
            "group_size": 4339,
            "correct_product_mean": 0.9610509333947914,
            "correct_factorization_mean": 0.8513482369209495
        },
        "1": {
            "min_factor_decile": "(3.0, 5.0]",
            "group_size": 447,
            "correct_product_mean": 0.9843400447427293,
            "correct_factorization_mean": 0.9530201342281879
        },
        "2": {
            "min_factor_decile": "(5.0, 17.0]",
            "group_size": 614,
            "correct_product_mean": 0.990228013029316,
            "correct_factorization_mean": 0.30781758957654726
        },
        "3": {
            "min_factor_decile": "(17.0, 241.0]",
            "group_size": 520,
            "correct_product_mean": 0.9942307692307693,
            "correct_factorization_mean": 0.18846153846153846
        }
    },
    "loss": 0.050254889083309814,
    "meta": {
        "n_beams": 2,
        "temperature": 1.0
    }
}