{
    "correct": {
        "correct_product": 0.9793564055859137,
        "correct_factorization": 0.8570127504553734
    },
    "beam_accuracy": {
        "correct_product": {
            "0": 0.9631147540983607,
            "1": 0.21341833636915605
        },
        "correct_factorization": {
            "0": 0.8258955676988464,
            "1": 0.031572556162720096
        }
    },
    "by_prob": {
        "group_size": {
            "(-15.764, -9.21]": 1325.0,
            "(-9.21, -7.676]": 1311.0,
            "(-7.676, -4.901]": 1317.0,
            "(-4.901, -2.487]": 1318.0,
            "(-2.487, -1.213]": 1317.0,
            "(-1.213, -0.732]": 1318.0,
            "(-0.732, -0.0147]": 1317.0,
            "(-0.0147, -0.000941]": 1318.0,
            "(-0.000941, -9.66e-05]": 1317.0,
            "(-9.66e-05, -9.54e-07]": 1318.0
        },
        "correct_product": {
            "(-15.764, -9.21]": 0.24075471698113207,
            "(-9.21, -7.676]": 0.14111365369946605,
            "(-7.676, -4.901]": 0.21564160971905846,
            "(-4.901, -2.487]": 0.19271623672230653,
            "(-2.487, -1.213]": 0.29460895975702356,
            "(-1.213, -0.732]": 0.8975720789074355,
            "(-0.732, -0.0147]": 0.9005315110098709,
            "(-0.0147, -0.000941]": 0.9992412746585736,
            "(-0.000941, -9.66e-05]": 1.0,
            "(-9.66e-05, -9.54e-07]": 1.0
        },
        "correct_factorization": {
            "(-15.764, -9.21]": 0.0,
            "(-9.21, -7.676]": 0.0007627765064836003,
            "(-7.676, -4.901]": 0.0037965072133637054,
            "(-4.901, -2.487]": 0.024279210925644917,
            "(-2.487, -1.213]": 0.13059984813971146,
            "(-1.213, -0.732]": 0.3353566009104704,
            "(-0.732, -0.0147]": 0.7957479119210327,
            "(-0.0147, -0.000941]": 0.9969650986342944,
            "(-0.000941, -9.66e-05]": 1.0,
            "(-9.66e-05, -9.54e-07]": 1.0
        },
        "percent_prime_factors_pred": {
            "(-15.764, -9.21]": 0.8422443845462713,
            "(-9.21, -7.676]": 0.8702526243144093,
            "(-7.676, -4.901]": 0.8689445709946849,
            "(-4.901, -2.487]": 0.8276483127393598,
            "(-2.487, -1.213]": 0.8012962360342771,
            "(-1.213, -0.732]": 0.4756431100513043,
            "(-0.732, -0.0147]": 0.9244178688939508,
            "(-0.0147, -0.000941]": 0.9994436014162873,
            "(-0.000941, -9.66e-05]": 1.0,
            "(-9.66e-05, -9.54e-07]": 1.0
        }
    },
    "by_num_target_factors": {
        "group_size": {
            "1": 668,
            "2": 1601,
            "3": 1720,
            "4": 1198,
            "5": 715,
            "6": 373,
            "7": 165,
            "8": 79,
            "9": 35,
            "10": 20,
            "11": 8,
            "12": 3,
            "13": 3
        },
        "correct_product_mean": {
            "1": 0.9940119760479041,
            "2": 0.9887570268582137,
            "3": 0.9883720930232558,
            "4": 0.989983305509182,
            "5": 0.9874125874125874,
            "6": 0.9463806970509383,
            "7": 0.8909090909090909,
            "8": 0.8734177215189873,
            "9": 0.6,
            "10": 0.65,
            "11": 0.625,
            "12": 1.0,
            "13": 0.6666666666666666
        },
        "correct_factorization_mean": {
            "1": 0.9940119760479041,
            "2": 0.6995627732667083,
            "3": 0.8290697674418605,
            "4": 0.9440734557595993,
            "5": 0.9776223776223776,
            "6": 0.935656836461126,
            "7": 0.8727272727272727,
            "8": 0.8734177215189873,
            "9": 0.6,
            "10": 0.65,
            "11": 0.625,
            "12": 1.0,
            "13": 0.6666666666666666
        }
    },
    "by_input_num": {
        "group_size": {
            "(7.999, 6350.5]": 659,
            "(6350.5, 12996.8]": 659,
            "(12996.8, 19472.5]": 659,
            "(19472.5, 26116.8]": 658,
            "(26116.8, 32574.0]": 659,
            "(32574.0, 39331.6]": 659,
            "(39331.6, 46013.7]": 658,
            "(46013.7, 52699.4]": 659,
            "(52699.4, 59007.6]": 659,
            "(59007.6, 65528.0]": 659
        },
        "correct_product_mean": {
            "(7.999, 6350.5]": 0.9969650986342944,
            "(6350.5, 12996.8]": 0.9984825493171472,
            "(12996.8, 19472.5]": 0.9984825493171472,
            "(19472.5, 26116.8]": 0.9711246200607903,
            "(26116.8, 32574.0]": 0.9817905918057663,
            "(32574.0, 39331.6]": 0.9833080424886191,
            "(39331.6, 46013.7]": 0.9650455927051672,
            "(46013.7, 52699.4]": 0.9590288315629742,
            "(52699.4, 59007.6]": 0.9742033383915023,
            "(59007.6, 65528.0]": 0.9650986342943855
        },
        "correct_factorization_mean": {
            "(7.999, 6350.5]": 0.9969650986342944,
            "(6350.5, 12996.8]": 0.9969650986342944,
            "(12996.8, 19472.5]": 0.9984825493171472,
            "(19472.5, 26116.8]": 0.9300911854103343,
            "(26116.8, 32574.0]": 0.842185128983308,
            "(32574.0, 39331.6]": 0.8088012139605463,
            "(39331.6, 46013.7]": 0.7674772036474165,
            "(46013.7, 52699.4]": 0.7830045523520486,
            "(52699.4, 59007.6]": 0.7344461305007587,
            "(59007.6, 65528.0]": 0.7116843702579666
        }
    },
    "pred_same_as_input_beam_0": {
        "0": {
            "input_is_prime": false,
            "pred_same_as_input": false,
            "group_size": 5189,
            "correct_product_mean": 0.95490460589709,
            "correct_factorization_mean": 0.9215648487184429
        },
        "1": {
            "input_is_prime": false,
            "pred_same_as_input": true,
            "group_size": 731,
            "correct_product_mean": 1.0,
            "correct_factorization_mean": 0.0
        },
        "2": {
            "input_is_prime": true,
            "pred_same_as_input": false,
            "group_size": 9,
            "correct_product_mean": 0.0,
            "correct_factorization_mean": 0.0
        },
        "3": {
            "input_is_prime": true,
            "pred_same_as_input": true,
            "group_size": 659,
            "correct_product_mean": 1.0,
            "correct_factorization_mean": 1.0
        }
    },
    "by_min_factor_composite_only": {
        "0": {
            "min_factor_decile": "(1.999, 3.0]",
            "group_size": 4339,
            "correct_product_mean": 0.9764922793270339,
            "correct_factorization_mean": 0.9221018667895828
        },
        "1": {
            "min_factor_decile": "(3.0, 5.0]",
            "group_size": 447,
            "correct_product_mean": 0.970917225950783,
            "correct_factorization_mean": 0.9261744966442953
        },
        "2": {
            "min_factor_decile": "(5.0, 17.0]",
            "group_size": 614,
            "correct_product_mean": 0.9869706840390879,
            "correct_factorization_mean": 0.3485342019543974
        },
        "3": {
            "min_factor_decile": "(17.0, 241.0]",
            "group_size": 520,
            "correct_product_mean": 0.9826923076923076,
            "correct_factorization_mean": 0.29423076923076924
        }
    },
    "loss": 0.13327601997602453,
    "meta": {
        "n_beams": 2,
        "temperature": 1.0
    }
}