{
    "correct": {
        "correct_product": 0.94873046875,
        "correct_factorization": 0.69482421875
    },
    "beam_accuracy": {
        "correct_product": {
            "0": 0.921875,
            "1": 0.17919921875
        },
        "correct_factorization": {
            "0": 0.65234375,
            "1": 0.04248046875
        }
    },
    "by_prob": {
        "group_size": {
            "(-13.725, -6.367]": 410.0,
            "(-6.367, -3.999]": 410.0,
            "(-3.999, -3.168]": 409.0,
            "(-3.168, -2.383]": 410.0,
            "(-2.383, -1.38]": 409.0,
            "(-1.38, -0.997]": 410.0,
            "(-0.997, -0.787]": 409.0,
            "(-0.787, -0.0818]": 410.0,
            "(-0.0818, -0.00368]": 409.0,
            "(-0.00368, -4.77e-06]": 410.0
        },
        "correct_product": {
            "(-13.725, -6.367]": 0.2048780487804878,
            "(-6.367, -3.999]": 0.24390243902439024,
            "(-3.999, -3.168]": 0.0488997555012225,
            "(-3.168, -2.383]": 0.08292682926829269,
            "(-2.383, -1.38]": 0.3643031784841076,
            "(-1.38, -0.997]": 0.8463414634146341,
            "(-0.997, -0.787]": 0.9339853300733496,
            "(-0.787, -0.0818]": 0.802439024390244,
            "(-0.0818, -0.00368]": 0.980440097799511,
            "(-0.00368, -4.77e-06]": 0.9975609756097561
        },
        "correct_factorization": {
            "(-13.725, -6.367]": 0.0024390243902439024,
            "(-6.367, -3.999]": 0.004878048780487805,
            "(-3.999, -3.168]": 0.004889975550122249,
            "(-3.168, -2.383]": 0.03170731707317073,
            "(-2.383, -1.38]": 0.1687041564792176,
            "(-1.38, -0.997]": 0.32439024390243903,
            "(-0.997, -0.787]": 0.3691931540342298,
            "(-0.787, -0.0818]": 0.6073170731707317,
            "(-0.0818, -0.00368]": 0.9633251833740831,
            "(-0.00368, -4.77e-06]": 0.9975609756097561
        },
        "percent_prime_factors_pred": {
            "(-13.725, -6.367]": 0.8855420054200541,
            "(-6.367, -3.999]": 0.8735365853658537,
            "(-3.999, -3.168]": 0.9097799511002446,
            "(-3.168, -2.383]": 0.885609756097561,
            "(-2.383, -1.38]": 0.8179318508169364,
            "(-1.38, -0.997]": 0.5213821138211382,
            "(-0.997, -0.787]": 0.547001979275818,
            "(-0.787, -0.0818]": 0.9043670150987224,
            "(-0.0818, -0.00368]": 0.9948655256723716,
            "(-0.00368, -4.77e-06]": 1.0
        }
    },
    "by_num_target_factors": {
        "group_size": {
            "1": 192,
            "2": 466,
            "3": 501,
            "4": 401,
            "5": 237,
            "6": 131,
            "7": 62,
            "8": 32,
            "9": 12,
            "10": 7,
            "11": 5,
            "12": 1,
            "16": 1
        },
        "correct_product_mean": {
            "1": 0.9739583333333334,
            "2": 0.9914163090128756,
            "3": 0.9840319361277445,
            "4": 0.9825436408977556,
            "5": 0.9156118143459916,
            "6": 0.8473282442748091,
            "7": 0.7580645161290323,
            "8": 0.59375,
            "9": 0.5,
            "10": 0.7142857142857143,
            "11": 0.4,
            "12": 0.0,
            "16": 0.0
        },
        "correct_factorization_mean": {
            "1": 0.9739583333333334,
            "2": 0.4656652360515021,
            "3": 0.5868263473053892,
            "4": 0.8428927680798005,
            "5": 0.8818565400843882,
            "6": 0.7862595419847328,
            "7": 0.7096774193548387,
            "8": 0.5625,
            "9": 0.5,
            "10": 0.7142857142857143,
            "11": 0.4,
            "12": 0.0,
            "16": 0.0
        }
    },
    "by_input_num": {
        "group_size": {
            "(65535.999, 65740.7]": 205,
            "(65740.7, 65945.4]": 205,
            "(65945.4, 66150.1]": 205,
            "(66150.1, 66354.8]": 204,
            "(66354.8, 66559.5]": 205,
            "(66559.5, 66764.2]": 205,
            "(66764.2, 66968.9]": 204,
            "(66968.9, 67173.6]": 205,
            "(67173.6, 67378.3]": 205,
            "(67378.3, 67583.0]": 205
        },
        "correct_product_mean": {
            "(65535.999, 65740.7]": 0.9560975609756097,
            "(65740.7, 65945.4]": 0.9560975609756097,
            "(65945.4, 66150.1]": 0.9560975609756097,
            "(66150.1, 66354.8]": 0.946078431372549,
            "(66354.8, 66559.5]": 0.9463414634146341,
            "(66559.5, 66764.2]": 0.9414634146341463,
            "(66764.2, 66968.9]": 0.9264705882352942,
            "(66968.9, 67173.6]": 0.9512195121951219,
            "(67173.6, 67378.3]": 0.9560975609756097,
            "(67378.3, 67583.0]": 0.9512195121951219
        },
        "correct_factorization_mean": {
            "(65535.999, 65740.7]": 0.7414634146341463,
            "(65740.7, 65945.4]": 0.6926829268292682,
            "(65945.4, 66150.1]": 0.7024390243902439,
            "(66150.1, 66354.8]": 0.6421568627450981,
            "(66354.8, 66559.5]": 0.6926829268292682,
            "(66559.5, 66764.2]": 0.6731707317073171,
            "(66764.2, 66968.9]": 0.6764705882352942,
            "(66968.9, 67173.6]": 0.7170731707317073,
            "(67173.6, 67378.3]": 0.6878048780487804,
            "(67378.3, 67583.0]": 0.7219512195121951
        }
    },
    "pred_same_as_input_beam_0": {
        "0": {
            "input_is_prime": false,
            "pred_same_as_input": false,
            "group_size": 1856,
            "correct_product_mean": 0.9170258620689655,
            "correct_factorization_mean": 0.6196120689655172
        },
        "1": {
            "input_is_prime": true,
            "pred_same_as_input": false,
            "group_size": 192,
            "correct_product_mean": 0.96875,
            "correct_factorization_mean": 0.96875
        }
    },
    "by_min_factor_composite_only": {
        "0": {
            "min_factor_decile": "(1.999, 3.0]",
            "group_size": 1365,
            "correct_product_mean": 0.9399267399267399,
            "correct_factorization_mean": 0.7589743589743589
        },
        "1": {
            "min_factor_decile": "(3.0, 5.0]",
            "group_size": 136,
            "correct_product_mean": 0.8970588235294118,
            "correct_factorization_mean": 0.8382352941176471
        },
        "2": {
            "min_factor_decile": "(5.0, 17.0]",
            "group_size": 176,
            "correct_product_mean": 0.9943181818181818,
            "correct_factorization_mean": 0.0
        },
        "3": {
            "min_factor_decile": "(17.0, 257.0]",
            "group_size": 179,
            "correct_product_mean": 0.9832402234636871,
            "correct_factorization_mean": 0.0
        }
    },
    "loss": 0.35243385613019307,
    "meta": {
        "n_beams": 2,
        "temperature": 1.0
    }
}