{
    "correct": {
        "correct_product": 0.9799635701275046,
        "correct_factorization": 0.8542805100182149
    },
    "beam_accuracy": {
        "correct_product": {
            "0": 0.9625075895567698,
            "1": 0.2187310261080753
        },
        "correct_factorization": {
            "0": 0.8214936247723132,
            "1": 0.033090467516697024
        }
    },
    "by_prob": {
        "group_size": {
            "(-15.245, -9.21]": 1318.0,
            "(-9.21, -7.55]": 1318.0,
            "(-7.55, -4.681]": 1317.0,
            "(-4.681, -2.515]": 1318.0,
            "(-2.515, -1.19]": 1317.0,
            "(-1.19, -0.759]": 1318.0,
            "(-0.759, -0.019]": 1317.0,
            "(-0.019, -0.00101]": 1318.0,
            "(-0.00101, -0.000112]": 1317.0,
            "(-0.000112, -9.54e-07]": 1318.0
        },
        "correct_product": {
            "(-15.245, -9.21]": 0.2276176024279211,
            "(-9.21, -7.55]": 0.15477996965098634,
            "(-7.55, -4.681]": 0.24753227031131358,
            "(-4.681, -2.515]": 0.18892261001517452,
            "(-2.515, -1.19]": 0.2854973424449506,
            "(-1.19, -0.759]": 0.8869499241274659,
            "(-0.759, -0.019]": 0.9164768413059985,
            "(-0.019, -0.00101]": 0.9984825493171472,
            "(-0.00101, -0.000112]": 1.0,
            "(-0.000112, -9.54e-07]": 1.0
        },
        "correct_factorization": {
            "(-15.245, -9.21]": 0.0,
            "(-9.21, -7.55]": 0.0007587253414264037,
            "(-7.55, -4.681]": 0.0015186028853454822,
            "(-4.681, -2.515]": 0.03186646433990895,
            "(-2.515, -1.19]": 0.11921032649962035,
            "(-1.19, -0.759]": 0.34673748103186647,
            "(-0.759, -0.019]": 0.7744874715261959,
            "(-0.019, -0.00101]": 0.9984825493171472,
            "(-0.00101, -0.000112]": 1.0,
            "(-0.000112, -9.54e-07]": 1.0
        },
        "percent_prime_factors_pred": {
            "(-15.245, -9.21]": 0.7950246284654479,
            "(-9.21, -7.55]": 0.838525784618349,
            "(-7.55, -4.681]": 0.8484181219944317,
            "(-4.681, -2.515]": 0.8190530385143435,
            "(-2.515, -1.19]": 0.7933714791915248,
            "(-1.19, -0.759]": 0.4959661102680829,
            "(-0.759, -0.019]": 0.891785985464801,
            "(-0.019, -0.00101]": 1.0,
            "(-0.00101, -0.000112]": 1.0,
            "(-0.000112, -9.54e-07]": 1.0
        }
    },
    "by_num_target_factors": {
        "group_size": {
            "1": 668,
            "2": 1601,
            "3": 1720,
            "4": 1198,
            "5": 715,
            "6": 373,
            "7": 165,
            "8": 79,
            "9": 35,
            "10": 20,
            "11": 8,
            "12": 3,
            "13": 3
        },
        "correct_product_mean": {
            "1": 0.9880239520958084,
            "2": 0.9893816364772018,
            "3": 0.9906976744186047,
            "4": 0.9941569282136895,
            "5": 0.9888111888111888,
            "6": 0.9463806970509383,
            "7": 0.8787878787878788,
            "8": 0.8354430379746836,
            "9": 0.8285714285714286,
            "10": 0.5,
            "11": 0.5,
            "12": 0.6666666666666666,
            "13": 0.3333333333333333
        },
        "correct_factorization_mean": {
            "1": 0.9880239520958084,
            "2": 0.6926920674578388,
            "3": 0.8284883720930233,
            "4": 0.9440734557595993,
            "5": 0.9846153846153847,
            "6": 0.9222520107238605,
            "7": 0.8666666666666667,
            "8": 0.8354430379746836,
            "9": 0.8285714285714286,
            "10": 0.5,
            "11": 0.5,
            "12": 0.6666666666666666,
            "13": 0.3333333333333333
        }
    },
    "by_input_num": {
        "group_size": {
            "(7.999, 6350.5]": 659,
            "(6350.5, 12996.8]": 659,
            "(12996.8, 19472.5]": 659,
            "(19472.5, 26116.8]": 658,
            "(26116.8, 32574.0]": 659,
            "(32574.0, 39331.6]": 659,
            "(39331.6, 46013.7]": 658,
            "(46013.7, 52699.4]": 659,
            "(52699.4, 59007.6]": 659,
            "(59007.6, 65528.0]": 659
        },
        "correct_product_mean": {
            "(7.999, 6350.5]": 0.9969650986342944,
            "(6350.5, 12996.8]": 0.9969650986342944,
            "(12996.8, 19472.5]": 0.9954476479514416,
            "(19472.5, 26116.8]": 0.9741641337386018,
            "(26116.8, 32574.0]": 0.9742033383915023,
            "(32574.0, 39331.6]": 0.9817905918057663,
            "(39331.6, 46013.7]": 0.9756838905775076,
            "(46013.7, 52699.4]": 0.9650986342943855,
            "(52699.4, 59007.6]": 0.9757207890743551,
            "(59007.6, 65528.0]": 0.9635811836115327
        },
        "correct_factorization_mean": {
            "(7.999, 6350.5]": 0.9969650986342944,
            "(6350.5, 12996.8]": 0.9969650986342944,
            "(12996.8, 19472.5]": 0.9848254931714719,
            "(19472.5, 26116.8]": 0.9133738601823708,
            "(26116.8, 32574.0]": 0.8437025796661608,
            "(32574.0, 39331.6]": 0.8012139605462822,
            "(39331.6, 46013.7]": 0.7750759878419453,
            "(46013.7, 52699.4]": 0.7723823975720789,
            "(52699.4, 59007.6]": 0.7374810318664643,
            "(59007.6, 65528.0]": 0.7207890743550834
        }
    },
    "pred_same_as_input_beam_0": {
        "0": {
            "input_is_prime": false,
            "pred_same_as_input": false,
            "group_size": 5920,
            "correct_product_mean": 0.9601351351351352,
            "correct_factorization_mean": 0.8032094594594594
        },
        "1": {
            "input_is_prime": true,
            "pred_same_as_input": false,
            "group_size": 654,
            "correct_product_mean": 0.9831804281345565,
            "correct_factorization_mean": 0.9831804281345565
        },
        "2": {
            "input_is_prime": true,
            "pred_same_as_input": true,
            "group_size": 14,
            "correct_product_mean": 1.0,
            "correct_factorization_mean": 1.0
        }
    },
    "by_min_factor_composite_only": {
        "0": {
            "min_factor_decile": "(1.999, 3.0]",
            "group_size": 4339,
            "correct_product_mean": 0.9776446185757087,
            "correct_factorization_mean": 0.9165706383959438
        },
        "1": {
            "min_factor_decile": "(3.0, 5.0]",
            "group_size": 447,
            "correct_product_mean": 0.9776286353467561,
            "correct_factorization_mean": 0.9507829977628636
        },
        "2": {
            "min_factor_decile": "(5.0, 17.0]",
            "group_size": 614,
            "correct_product_mean": 0.9853420195439739,
            "correct_factorization_mean": 0.34201954397394135
        },
        "3": {
            "min_factor_decile": "(17.0, 241.0]",
            "group_size": 520,
            "correct_product_mean": 0.9846153846153847,
            "correct_factorization_mean": 0.275
        }
    },
    "loss": 0.13583083803639762,
    "meta": {
        "n_beams": 2,
        "temperature": 1.0
    }
}