{
    "correct": {
        "correct_product": 0.25146484375,
        "correct_factorization": 0.126953125
    },
    "beam_accuracy": {
        "correct_product": {
            "0": 0.19482421875,
            "1": 0.07275390625
        },
        "correct_factorization": {
            "0": 0.0947265625,
            "1": 0.0322265625
        }
    },
    "by_prob": {
        "group_size": {
            "(-8.799999999999999, -3.289]": 410.0,
            "(-3.289, -2.769]": 410.0,
            "(-2.769, -2.56]": 409.0,
            "(-2.56, -2.282]": 410.0,
            "(-2.282, -1.854]": 409.0,
            "(-1.854, -1.55]": 410.0,
            "(-1.55, -1.332]": 409.0,
            "(-1.332, -1.19]": 410.0,
            "(-1.19, -1.067]": 409.0,
            "(-1.067, -0.00071]": 410.0
        },
        "correct_product": {
            "(-8.799999999999999, -3.289]": 0.046341463414634146,
            "(-3.289, -2.769]": 0.036585365853658534,
            "(-2.769, -2.56]": 0.034229828850855744,
            "(-2.56, -2.282]": 0.03902439024390244,
            "(-2.282, -1.854]": 0.12224938875305623,
            "(-1.854, -1.55]": 0.13902439024390245,
            "(-1.55, -1.332]": 0.1687041564792176,
            "(-1.332, -1.19]": 0.17560975609756097,
            "(-1.19, -1.067]": 0.12224938875305623,
            "(-1.067, -0.00071]": 0.45365853658536587
        },
        "correct_factorization": {
            "(-8.799999999999999, -3.289]": 0.012195121951219513,
            "(-3.289, -2.769]": 0.012195121951219513,
            "(-2.769, -2.56]": 0.014669926650366748,
            "(-2.56, -2.282]": 0.012195121951219513,
            "(-2.282, -1.854]": 0.0488997555012225,
            "(-1.854, -1.55]": 0.05365853658536585,
            "(-1.55, -1.332]": 0.061124694376528114,
            "(-1.332, -1.19]": 0.05365853658536585,
            "(-1.19, -1.067]": 0.04645476772616137,
            "(-1.067, -0.00071]": 0.3195121951219512
        },
        "percent_prime_factors_pred": {
            "(-8.799999999999999, -3.289]": 0.8366142258825187,
            "(-3.289, -2.769]": 0.6995121951219513,
            "(-2.769, -2.56]": 0.6784433577832111,
            "(-2.56, -2.282]": 0.6986178861788618,
            "(-2.282, -1.854]": 0.7129254472775255,
            "(-1.854, -1.55]": 0.6464024390243902,
            "(-1.55, -1.332]": 0.5748418519812163,
            "(-1.332, -1.19]": 0.4560278745644599,
            "(-1.19, -1.067]": 0.38365351030387707,
            "(-1.067, -0.00071]": 0.7404336043360433
        }
    },
    "by_num_target_factors": {
        "group_size": {
            "1": 192,
            "2": 466,
            "3": 501,
            "4": 401,
            "5": 237,
            "6": 131,
            "7": 62,
            "8": 32,
            "9": 12,
            "10": 7,
            "11": 5,
            "12": 1,
            "16": 1
        },
        "correct_product_mean": {
            "1": 0.020833333333333332,
            "2": 0.07725321888412018,
            "3": 0.16966067864271456,
            "4": 0.3167082294264339,
            "5": 0.4430379746835443,
            "6": 0.5725190839694656,
            "7": 0.5967741935483871,
            "8": 0.8125,
            "9": 0.8333333333333334,
            "10": 0.7142857142857143,
            "11": 1.0,
            "12": 0.0,
            "16": 0.0
        },
        "correct_factorization_mean": {
            "1": 0.020833333333333332,
            "2": 0.07510729613733906,
            "3": 0.0658682634730539,
            "4": 0.10972568578553615,
            "5": 0.15611814345991562,
            "6": 0.2900763358778626,
            "7": 0.45161290322580644,
            "8": 0.6875,
            "9": 0.75,
            "10": 0.7142857142857143,
            "11": 1.0,
            "12": 0.0,
            "16": 0.0
        }
    },
    "by_input_num": {
        "group_size": {
            "(65535.999, 65740.7]": 205,
            "(65740.7, 65945.4]": 205,
            "(65945.4, 66150.1]": 205,
            "(66150.1, 66354.8]": 204,
            "(66354.8, 66559.5]": 205,
            "(66559.5, 66764.2]": 205,
            "(66764.2, 66968.9]": 204,
            "(66968.9, 67173.6]": 205,
            "(67173.6, 67378.3]": 205,
            "(67378.3, 67583.0]": 205
        },
        "correct_product_mean": {
            "(65535.999, 65740.7]": 0.37073170731707317,
            "(65740.7, 65945.4]": 0.32682926829268294,
            "(65945.4, 66150.1]": 0.3073170731707317,
            "(66150.1, 66354.8]": 0.2647058823529412,
            "(66354.8, 66559.5]": 0.22439024390243903,
            "(66559.5, 66764.2]": 0.28292682926829266,
            "(66764.2, 66968.9]": 0.24019607843137256,
            "(66968.9, 67173.6]": 0.17560975609756097,
            "(67173.6, 67378.3]": 0.2,
            "(67378.3, 67583.0]": 0.12195121951219512
        },
        "correct_factorization_mean": {
            "(65535.999, 65740.7]": 0.16097560975609757,
            "(65740.7, 65945.4]": 0.16585365853658537,
            "(65945.4, 66150.1]": 0.14146341463414633,
            "(66150.1, 66354.8]": 0.1323529411764706,
            "(66354.8, 66559.5]": 0.1073170731707317,
            "(66559.5, 66764.2]": 0.14634146341463414,
            "(66764.2, 66968.9]": 0.11274509803921569,
            "(66968.9, 67173.6]": 0.11219512195121951,
            "(67173.6, 67378.3]": 0.12195121951219512,
            "(67378.3, 67583.0]": 0.06829268292682927
        }
    },
    "pred_same_as_input_beam_0": {
        "0": {
            "input_is_prime": false,
            "pred_same_as_input": false,
            "group_size": 1854,
            "correct_product_mean": 0.21305285868392665,
            "correct_factorization_mean": 0.10355987055016182
        },
        "1": {
            "input_is_prime": false,
            "pred_same_as_input": true,
            "group_size": 2,
            "correct_product_mean": 1.0,
            "correct_factorization_mean": 0.0
        },
        "2": {
            "input_is_prime": true,
            "pred_same_as_input": false,
            "group_size": 190,
            "correct_product_mean": 0.0,
            "correct_factorization_mean": 0.0
        },
        "3": {
            "input_is_prime": true,
            "pred_same_as_input": true,
            "group_size": 2,
            "correct_product_mean": 1.0,
            "correct_factorization_mean": 1.0
        }
    },
    "by_min_factor_composite_only": {
        "0": {
            "min_factor_decile": "(1.999, 3.0]",
            "group_size": 1365,
            "correct_product_mean": 0.3648351648351648,
            "correct_factorization_mean": 0.14065934065934066
        },
        "1": {
            "min_factor_decile": "(3.0, 5.0]",
            "group_size": 136,
            "correct_product_mean": 0.058823529411764705,
            "correct_factorization_mean": 0.0
        },
        "2": {
            "min_factor_decile": "(5.0, 17.0]",
            "group_size": 176,
            "correct_product_mean": 0.022727272727272728,
            "correct_factorization_mean": 0.0
        },
        "3": {
            "min_factor_decile": "(17.0, 257.0]",
            "group_size": 179,
            "correct_product_mean": 0.00558659217877095,
            "correct_factorization_mean": 0.0
        }
    },
    "loss": 0.5688746093502424,
    "meta": {
        "n_beams": 2,
        "temperature": 1.0
    }
}