{
    "correct": {
        "correct_product": 0.9617486338797814,
        "correct_factorization": 0.5502428658166363
    },
    "beam_accuracy": {
        "correct_product": {
            "0": 0.9420157862780814,
            "1": 0.22131147540983606
        },
        "correct_factorization": {
            "0": 0.46675774134790526,
            "1": 0.08970856102003642
        }
    },
    "by_prob": {
        "group_size": {
            "(-11.452, -3.507]": 1318.0,
            "(-3.507, -2.731]": 1318.0,
            "(-2.731, -2.458]": 1317.0,
            "(-2.458, -2.064]": 1318.0,
            "(-2.064, -1.561]": 1317.0,
            "(-1.561, -1.325]": 1318.0,
            "(-1.325, -1.158]": 1317.0,
            "(-1.158, -0.974]": 1318.0,
            "(-0.974, -0.376]": 1317.0,
            "(-0.376, -1.07e-05]": 1318.0
        },
        "correct_product": {
            "(-11.452, -3.507]": 0.15174506828528073,
            "(-3.507, -2.731]": 0.125948406676783,
            "(-2.731, -2.458]": 0.1958997722095672,
            "(-2.458, -2.064]": 0.2094081942336874,
            "(-2.064, -1.561]": 0.4434320425208808,
            "(-1.561, -1.325]": 0.858877086494689,
            "(-1.325, -1.158]": 0.9286256643887624,
            "(-1.158, -0.974]": 0.9559939301972686,
            "(-0.974, -0.376]": 0.9491268033409264,
            "(-0.376, -1.07e-05]": 0.9977238239757208
        },
        "correct_factorization": {
            "(-11.452, -3.507]": 0.0409711684370258,
            "(-3.507, -2.731]": 0.038694992412746584,
            "(-2.731, -2.458]": 0.05998481397114654,
            "(-2.458, -2.064]": 0.07435508345978756,
            "(-2.064, -1.561]": 0.17312072892938496,
            "(-1.561, -1.325]": 0.25796661608497723,
            "(-1.325, -1.158]": 0.2847380410022779,
            "(-1.158, -0.974]": 0.30804248861911987,
            "(-0.974, -0.376]": 0.5580865603644647,
            "(-0.376, -1.07e-05]": 0.9863429438543247
        },
        "percent_prime_factors_pred": {
            "(-11.452, -3.507]": 0.8892267023147145,
            "(-3.507, -2.731]": 0.7532751643904907,
            "(-2.731, -2.458]": 0.7101149799327475,
            "(-2.458, -2.064]": 0.7612471999421924,
            "(-2.064, -1.561]": 0.760442202697328,
            "(-1.561, -1.325]": 0.6041657634222126,
            "(-1.325, -1.158]": 0.5170716274360921,
            "(-1.158, -0.974]": 0.48776465062504515,
            "(-0.974, -0.376]": 0.7574592327439708,
            "(-0.376, -1.07e-05]": 0.995371775417299
        }
    },
    "by_num_target_factors": {
        "group_size": {
            "1": 668,
            "2": 1601,
            "3": 1720,
            "4": 1198,
            "5": 715,
            "6": 373,
            "7": 165,
            "8": 79,
            "9": 35,
            "10": 20,
            "11": 8,
            "12": 3,
            "13": 3
        },
        "correct_product_mean": {
            "1": 0.9670658682634731,
            "2": 0.9725171767645222,
            "3": 0.9540697674418605,
            "4": 0.9432387312186978,
            "5": 0.9636363636363636,
            "6": 0.9758713136729222,
            "7": 0.9818181818181818,
            "8": 0.9873417721518988,
            "9": 1.0,
            "10": 1.0,
            "11": 1.0,
            "12": 1.0,
            "13": 1.0
        },
        "correct_factorization_mean": {
            "1": 0.9670658682634731,
            "2": 0.5171767645221736,
            "3": 0.386046511627907,
            "4": 0.4315525876460768,
            "5": 0.5664335664335665,
            "6": 0.7453083109919572,
            "7": 0.8606060606060606,
            "8": 0.9746835443037974,
            "9": 0.9714285714285714,
            "10": 1.0,
            "11": 1.0,
            "12": 1.0,
            "13": 1.0
        }
    },
    "by_input_num": {
        "group_size": {
            "(7.999, 6350.5]": 659,
            "(6350.5, 12996.8]": 659,
            "(12996.8, 19472.5]": 659,
            "(19472.5, 26116.8]": 658,
            "(26116.8, 32574.0]": 659,
            "(32574.0, 39331.6]": 659,
            "(39331.6, 46013.7]": 658,
            "(46013.7, 52699.4]": 659,
            "(52699.4, 59007.6]": 659,
            "(59007.6, 65528.0]": 659
        },
        "correct_product_mean": {
            "(7.999, 6350.5]": 0.9848254931714719,
            "(6350.5, 12996.8]": 0.9575113808801214,
            "(12996.8, 19472.5]": 0.9408194233687405,
            "(19472.5, 26116.8]": 0.9544072948328267,
            "(26116.8, 32574.0]": 0.9544764795144158,
            "(32574.0, 39331.6]": 0.9726858877086495,
            "(39331.6, 46013.7]": 0.9559270516717325,
            "(46013.7, 52699.4]": 0.9635811836115327,
            "(52699.4, 59007.6]": 0.9696509863429439,
            "(59007.6, 65528.0]": 0.9635811836115327
        },
        "correct_factorization_mean": {
            "(7.999, 6350.5]": 0.9650986342943855,
            "(6350.5, 12996.8]": 0.7814871016691958,
            "(12996.8, 19472.5]": 0.6388467374810318,
            "(19472.5, 26116.8]": 0.5015197568389058,
            "(26116.8, 32574.0]": 0.5220030349013657,
            "(32574.0, 39331.6]": 0.4309559939301973,
            "(39331.6, 46013.7]": 0.3966565349544073,
            "(46013.7, 52699.4]": 0.4339908952959029,
            "(52699.4, 59007.6]": 0.40667678300455234,
            "(59007.6, 65528.0]": 0.424886191198786
        }
    },
    "pred_same_as_input_beam_0": {
        "0": {
            "input_is_prime": false,
            "pred_same_as_input": false,
            "group_size": 4510,
            "correct_product_mean": 0.9206208425720621,
            "correct_factorization_mean": 0.5390243902439025
        },
        "1": {
            "input_is_prime": false,
            "pred_same_as_input": true,
            "group_size": 1410,
            "correct_product_mean": 1.0,
            "correct_factorization_mean": 0.0
        },
        "2": {
            "input_is_prime": true,
            "pred_same_as_input": false,
            "group_size": 24,
            "correct_product_mean": 0.0,
            "correct_factorization_mean": 0.0
        },
        "3": {
            "input_is_prime": true,
            "pred_same_as_input": true,
            "group_size": 644,
            "correct_product_mean": 1.0,
            "correct_factorization_mean": 1.0
        }
    },
    "by_min_factor_composite_only": {
        "0": {
            "min_factor_decile": "(1.999, 3.0]",
            "group_size": 4339,
            "correct_product_mean": 0.9536759622032727,
            "correct_factorization_mean": 0.5323807328877621
        },
        "1": {
            "min_factor_decile": "(3.0, 5.0]",
            "group_size": 447,
            "correct_product_mean": 0.9932885906040269,
            "correct_factorization_mean": 0.08501118568232663
        },
        "2": {
            "min_factor_decile": "(5.0, 17.0]",
            "group_size": 614,
            "correct_product_mean": 0.9804560260586319,
            "correct_factorization_mean": 0.07654723127035831
        },
        "3": {
            "min_factor_decile": "(17.0, 241.0]",
            "group_size": 520,
            "correct_product_mean": 0.9730769230769231,
            "correct_factorization_mean": 0.06923076923076923
        }
    },
    "loss": 0.12631187744381986,
    "meta": {
        "n_beams": 2,
        "temperature": 1.0
    }
}