{
    "correct": {
        "correct_product": 0.9693381906496661,
        "correct_factorization": 0.5673952641165756
    },
    "beam_accuracy": {
        "correct_product": {
            "0": 0.9477838494231937,
            "1": 0.22176684881602915
        },
        "correct_factorization": {
            "0": 0.4878567091681846,
            "1": 0.08864602307225258
        }
    },
    "by_prob": {
        "group_size": {
            "(-12.843, -3.835]": 1318.0,
            "(-3.835, -2.784]": 1318.0,
            "(-2.784, -2.463]": 1317.0,
            "(-2.463, -2.12]": 1318.0,
            "(-2.12, -1.575]": 1317.0,
            "(-1.575, -1.315]": 1318.0,
            "(-1.315, -1.155]": 1317.0,
            "(-1.155, -0.942]": 1318.0,
            "(-0.942, -0.215]": 1317.0,
            "(-0.215, -1.23e-05]": 1318.0
        },
        "correct_product": {
            "(-12.843, -3.835]": 0.15326251896813353,
            "(-3.835, -2.784]": 0.11305007587253414,
            "(-2.784, -2.463]": 0.19969627942293092,
            "(-2.463, -2.12]": 0.22230652503793627,
            "(-2.12, -1.575]": 0.44419134396355353,
            "(-1.575, -1.315]": 0.8679817905918058,
            "(-1.315, -1.155]": 0.935459377372817,
            "(-1.155, -0.942]": 0.9544764795144158,
            "(-0.942, -0.215]": 0.958997722095672,
            "(-0.215, -1.23e-05]": 0.9984825493171472
        },
        "correct_factorization": {
            "(-12.843, -3.835]": 0.04779969650986343,
            "(-3.835, -2.784]": 0.03338391502276176,
            "(-2.784, -2.463]": 0.06454062262718299,
            "(-2.463, -2.12]": 0.08952959028831563,
            "(-2.12, -1.575]": 0.17995444191343962,
            "(-1.575, -1.315]": 0.2701062215477997,
            "(-1.315, -1.155]": 0.275626423690205,
            "(-1.155, -0.942]": 0.3179059180576631,
            "(-0.942, -0.215]": 0.6066818526955201,
            "(-0.215, -1.23e-05]": 0.9969650986342944
        },
        "percent_prime_factors_pred": {
            "(-12.843, -3.835]": 0.9040685141026568,
            "(-3.835, -2.784]": 0.7942833658501336,
            "(-2.784, -2.463]": 0.7094786130093648,
            "(-2.463, -2.12]": 0.755770828817111,
            "(-2.12, -1.575]": 0.7703959817285557,
            "(-1.575, -1.315]": 0.605576631259484,
            "(-1.315, -1.155]": 0.4842698051126297,
            "(-1.155, -0.942]": 0.5096863935255438,
            "(-0.942, -0.215]": 0.7814983548468742,
            "(-0.215, -1.23e-05]": 0.9989883662114315
        }
    },
    "by_num_target_factors": {
        "group_size": {
            "1": 668,
            "2": 1601,
            "3": 1720,
            "4": 1198,
            "5": 715,
            "6": 373,
            "7": 165,
            "8": 79,
            "9": 35,
            "10": 20,
            "11": 8,
            "12": 3,
            "13": 3
        },
        "correct_product_mean": {
            "1": 0.9955089820359282,
            "2": 0.9800124921923797,
            "3": 0.9627906976744186,
            "4": 0.9499165275459098,
            "5": 0.9524475524475524,
            "6": 0.9758713136729222,
            "7": 1.0,
            "8": 1.0,
            "9": 1.0,
            "10": 1.0,
            "11": 1.0,
            "12": 1.0,
            "13": 1.0
        },
        "correct_factorization_mean": {
            "1": 0.9955089820359282,
            "2": 0.5309181761399125,
            "3": 0.40232558139534885,
            "4": 0.44741235392320533,
            "5": 0.5916083916083916,
            "6": 0.7667560321715817,
            "7": 0.8484848484848485,
            "8": 0.9873417721518988,
            "9": 0.9714285714285714,
            "10": 1.0,
            "11": 1.0,
            "12": 1.0,
            "13": 1.0
        }
    },
    "by_input_num": {
        "group_size": {
            "(7.999, 6350.5]": 659,
            "(6350.5, 12996.8]": 659,
            "(12996.8, 19472.5]": 659,
            "(19472.5, 26116.8]": 658,
            "(26116.8, 32574.0]": 659,
            "(32574.0, 39331.6]": 659,
            "(39331.6, 46013.7]": 658,
            "(46013.7, 52699.4]": 659,
            "(52699.4, 59007.6]": 659,
            "(59007.6, 65528.0]": 659
        },
        "correct_product_mean": {
            "(7.999, 6350.5]": 0.9939301972685888,
            "(6350.5, 12996.8]": 0.9650986342943855,
            "(12996.8, 19472.5]": 0.960546282245827,
            "(19472.5, 26116.8]": 0.958966565349544,
            "(26116.8, 32574.0]": 0.9590288315629742,
            "(32574.0, 39331.6]": 0.9681335356600911,
            "(39331.6, 46013.7]": 0.9802431610942249,
            "(46013.7, 52699.4]": 0.9711684370257967,
            "(52699.4, 59007.6]": 0.9681335356600911,
            "(59007.6, 65528.0]": 0.9681335356600911
        },
        "correct_factorization_mean": {
            "(7.999, 6350.5]": 0.9848254931714719,
            "(6350.5, 12996.8]": 0.8103186646433991,
            "(12996.8, 19472.5]": 0.6631259484066768,
            "(19472.5, 26116.8]": 0.513677811550152,
            "(26116.8, 32574.0]": 0.5553869499241275,
            "(32574.0, 39331.6]": 0.4324734446130501,
            "(39331.6, 46013.7]": 0.4027355623100304,
            "(46013.7, 52699.4]": 0.44916540212443096,
            "(52699.4, 59007.6]": 0.4157814871016692,
            "(59007.6, 65528.0]": 0.44613050075872535
        }
    },
    "pred_same_as_input_beam_0": {
        "0": {
            "input_is_prime": false,
            "pred_same_as_input": false,
            "group_size": 5920,
            "correct_product_mean": 0.9429054054054054,
            "correct_factorization_mean": 0.43108108108108106
        },
        "1": {
            "input_is_prime": true,
            "pred_same_as_input": false,
            "group_size": 667,
            "correct_product_mean": 0.9910044977511244,
            "correct_factorization_mean": 0.9910044977511244
        },
        "2": {
            "input_is_prime": true,
            "pred_same_as_input": true,
            "group_size": 1,
            "correct_product_mean": 1.0,
            "correct_factorization_mean": 1.0
        }
    },
    "by_min_factor_composite_only": {
        "0": {
            "min_factor_decile": "(1.999, 3.0]",
            "group_size": 4339,
            "correct_product_mean": 0.9585157870477068,
            "correct_factorization_mean": 0.5554275178612583
        },
        "1": {
            "min_factor_decile": "(3.0, 5.0]",
            "group_size": 447,
            "correct_product_mean": 0.9932885906040269,
            "correct_factorization_mean": 0.09395973154362416
        },
        "2": {
            "min_factor_decile": "(5.0, 17.0]",
            "group_size": 614,
            "correct_product_mean": 0.9820846905537459,
            "correct_factorization_mean": 0.09609120521172639
        },
        "3": {
            "min_factor_decile": "(17.0, 241.0]",
            "group_size": 520,
            "correct_product_mean": 0.9903846153846154,
            "correct_factorization_mean": 0.07884615384615384
        }
    },
    "loss": 0.12673692598411385,
    "meta": {
        "n_beams": 2,
        "temperature": 1.0
    }
}