{
    "correct": {
        "correct_product": 0.999769532150265,
        "correct_factorization": 0.6486133517707613
    },
    "beam_accuracy": {
        "correct_product": {
            "0": 0.988015671813782,
            "1": 0.2458323730506261,
            "2": 0.15149419989244833,
            "3": 0.09840977183682877,
            "4": 0.07874318199277867,
            "5": 0.06422370745947607,
            "6": 0.04924329722670354,
            "7": 0.04394253668279942,
            "8": 0.02596604440347238,
            "9": 0.02442959207190597
        },
        "correct_factorization": {
            "0": 0.3160482446032112,
            "1": 0.10424829069678113,
            "2": 0.06675885380656064,
            "3": 0.04209879388491972,
            "4": 0.0371821464239072,
            "5": 0.029653529999231775,
            "6": 0.02450641468848429,
            "7": 0.020742106476146577,
            "8": 0.011369747253591458,
            "9": 0.013904893600676038
        }
    },
    "by_prob": {
        "correct_product": {
            "(-11.966999999999999, -4.734]": 0.038949066605208575,
            "(-4.734, -4.2]": 0.02588922178689406,
            "(-4.2, -3.905]": 0.034954290543135896,
            "(-3.905, -3.702]": 0.04747637704540217,
            "(-3.702, -3.5]": 0.060305754013981715,
            "(-3.5, -3.248]": 0.07805177844357379,
            "(-3.248, -2.935]": 0.10163632173311823,
            "(-2.935, -2.546]": 0.15295382960743642,
            "(-2.546, -1.513]": 0.2580471690865791,
            "(-1.513, -0.000183]": 0.9720365675654913
        },
        "correct_factorization": {
            "(-11.966999999999999, -4.734]": 0.02005070292694169,
            "(-4.734, -4.2]": 0.00937235922255512,
            "(-4.2, -3.905]": 0.013290312668049474,
            "(-3.905, -3.702]": 0.01989705769378505,
            "(-3.702, -3.5]": 0.026196512253207346,
            "(-3.5, -3.248]": 0.03257278942920796,
            "(-3.248, -2.935]": 0.04401935929937774,
            "(-2.935, -2.546]": 0.06245678727817469,
            "(-2.546, -1.513]": 0.11508027963432435,
            "(-1.513, -0.000183]": 0.32357686102788663
        },
        "percent_prime_factors_pred": {
            "(-11.966999999999999, -4.734]": 0.891075131403301,
            "(-4.734, -4.2]": 0.8260132096442068,
            "(-4.2, -3.905]": 0.7916840140583831,
            "(-3.905, -3.702]": 0.7822557741951557,
            "(-3.702, -3.5]": 0.7931733045065511,
            "(-3.5, -3.248]": 0.8017460683282231,
            "(-3.248, -2.935]": 0.7869093956498825,
            "(-2.935, -2.546]": 0.7698867232227513,
            "(-2.546, -1.513]": 0.7929168632959757,
            "(-1.513, -0.000183]": 0.5965083788199859
        }
    },
    "by_n_target_factors": {
        "correct_product_mean": {
            "1": 0.9992383853769993,
            "2": 0.9996845425867508,
            "3": 0.999697428139183,
            "4": 1.0,
            "5": 1.0,
            "6": 1.0,
            "7": 1.0,
            "8": 1.0,
            "9": 1.0,
            "10": 1.0,
            "11": 1.0,
            "12": 1.0,
            "13": 1.0,
            "14": 1.0
        },
        "correct_product_size": {
            "1": 1313,
            "2": 3170,
            "3": 3305,
            "4": 2401,
            "5": 1390,
            "6": 762,
            "7": 355,
            "8": 167,
            "9": 94,
            "10": 32,
            "11": 14,
            "12": 8,
            "13": 2,
            "14": 4
        },
        "correct_factorization_mean": {
            "1": 0.9992383853769993,
            "2": 0.694006309148265,
            "3": 0.5416036308623298,
            "4": 0.5193669304456476,
            "5": 0.5661870503597123,
            "6": 0.6732283464566929,
            "7": 0.819718309859155,
            "8": 0.9101796407185628,
            "9": 0.9680851063829787,
            "10": 1.0,
            "11": 1.0,
            "12": 1.0,
            "13": 1.0,
            "14": 1.0
        },
        "correct_factorization_size": {
            "1": 1313,
            "2": 3170,
            "3": 3305,
            "4": 2401,
            "5": 1390,
            "6": 762,
            "7": 355,
            "8": 167,
            "9": 94,
            "10": 32,
            "11": 14,
            "12": 8,
            "13": 2,
            "14": 4
        }
    },
    "by_target_number": {
        "correct_product_mean": {
            "(8.999, 6700.4]": 1.0,
            "(6700.4, 13267.8]": 1.0,
            "(13267.8, 19602.6]": 1.0,
            "(19602.6, 25978.8]": 1.0,
            "(25978.8, 32651.0]": 1.0,
            "(32651.0, 39298.8]": 1.0,
            "(39298.8, 45796.8]": 1.0,
            "(45796.8, 52327.8]": 0.9976940814757879,
            "(52327.8, 59017.4]": 1.0,
            "(59017.4, 65521.0]": 1.0
        },
        "correct_product_size": {
            "(8.999, 6700.4]": 1302,
            "(6700.4, 13267.8]": 1302,
            "(13267.8, 19602.6]": 1301,
            "(19602.6, 25978.8]": 1302,
            "(25978.8, 32651.0]": 1302,
            "(32651.0, 39298.8]": 1301,
            "(39298.8, 45796.8]": 1302,
            "(45796.8, 52327.8]": 1301,
            "(52327.8, 59017.4]": 1302,
            "(59017.4, 65521.0]": 1302
        },
        "correct_factorization_mean": {
            "(8.999, 6700.4]": 0.9531490015360983,
            "(6700.4, 13267.8]": 0.7895545314900153,
            "(13267.8, 19602.6]": 0.7017678708685626,
            "(19602.6, 25978.8]": 0.6482334869431644,
            "(25978.8, 32651.0]": 0.6182795698924731,
            "(32651.0, 39298.8]": 0.5603382013835511,
            "(39298.8, 45796.8]": 0.5599078341013825,
            "(45796.8, 52327.8]": 0.5703305149884704,
            "(52327.8, 59017.4]": 0.5483870967741935,
            "(59017.4, 65521.0]": 0.5360983102918587
        },
        "correct_factorization_size": {
            "(8.999, 6700.4]": 1302,
            "(6700.4, 13267.8]": 1302,
            "(13267.8, 19602.6]": 1301,
            "(19602.6, 25978.8]": 1302,
            "(25978.8, 32651.0]": 1302,
            "(32651.0, 39298.8]": 1301,
            "(39298.8, 45796.8]": 1302,
            "(45796.8, 52327.8]": 1301,
            "(52327.8, 59017.4]": 1302,
            "(59017.4, 65521.0]": 1302
        }
    },
    "pred_same_as_target_beam_0": {
        "0": {
            "target_is_prime": false,
            "pred_same_as_target": false,
            "correct_product_mean": 0.9827786828019549,
            "correct_product_size": 8594,
            "correct_factorization_mean": 0.3268559460088434,
            "correct_factorization_size": 8594
        },
        "1": {
            "target_is_prime": false,
            "pred_same_as_target": true,
            "correct_product_mean": 1.0,
            "correct_product_size": 3110,
            "correct_factorization_mean": 0.0,
            "correct_factorization_size": 3110
        },
        "2": {
            "target_is_prime": true,
            "pred_same_as_target": false,
            "correct_product_mean": 0.0,
            "correct_product_size": 8,
            "correct_factorization_mean": 0.0,
            "correct_factorization_size": 8
        },
        "3": {
            "target_is_prime": true,
            "pred_same_as_target": true,
            "correct_product_mean": 1.0,
            "correct_product_size": 1305,
            "correct_factorization_mean": 1.0,
            "correct_factorization_size": 1305
        }
    },
    "test_loss": 0.0692183996240298,
    "meta": {
        "n_beams": 10
    }
}