{
    "correct": {
        "correct_product": 0.9370822770223554,
        "correct_factorization": 0.5231620188983637
    },
    "beam_accuracy": {
        "correct_product": {
            "0": 0.9074287470231236,
            "1": 0.20926480755934548
        },
        "correct_factorization": {
            "0": 0.430053007605439,
            "1": 0.0933394791426596
        }
    },
    "by_prob": {
        "correct_product": {
            "(-12.711, -3.651]": 0.0913978494623656,
            "(-3.651, -2.738]": 0.0914329619669612,
            "(-2.738, -2.363]": 0.18747598924318096,
            "(-2.363, -1.948]": 0.21121351766513058,
            "(-1.948, -1.516]": 0.45024971187091817,
            "(-1.516, -1.293]": 0.800230503265463,
            "(-1.293, -1.152]": 0.9208909370199693,
            "(-1.152, -0.974]": 0.9316173645793315,
            "(-0.974, -0.576]": 0.917402996542451,
            "(-0.576, -1e-05]": 0.9815668202764977
        },
        "correct_factorization": {
            "(-12.711, -3.651]": 0.00576036866359447,
            "(-3.651, -2.738]": 0.028044563964656165,
            "(-2.738, -2.363]": 0.06492508643872455,
            "(-2.363, -1.948]": 0.08486943164362519,
            "(-1.948, -1.516]": 0.18401844026123704,
            "(-1.516, -1.293]": 0.2524010756819055,
            "(-1.293, -1.152]": 0.30184331797235026,
            "(-1.152, -0.974]": 0.31655781790242027,
            "(-0.974, -0.576]": 0.4679216288897426,
            "(-0.576, -1e-05]": 0.9105222734254992
        },
        "percent_prime_factors_pred": {
            "(-12.711, -3.651]": 0.8524323139190663,
            "(-3.651, -2.738]": 0.7950164340291161,
            "(-2.738, -2.363]": 0.7464331449060695,
            "(-2.363, -1.948]": 0.7779819813230012,
            "(-1.948, -1.516]": 0.7666209318917729,
            "(-1.516, -1.293]": 0.589975852038856,
            "(-1.293, -1.152]": 0.4991615463389654,
            "(-1.152, -0.974]": 0.5512202037941577,
            "(-0.974, -0.576]": 0.7289327332930893,
            "(-0.576, -1e-05]": 0.9662995574573934
        }
    },
    "by_n_target_factors": {
        "correct_product_mean": {
            "1": 0.9946686976389947,
            "2": 0.9511041009463722,
            "3": 0.9216338880484115,
            "4": 0.9000416493127863,
            "5": 0.9165467625899281,
            "6": 0.9553805774278216,
            "7": 0.9830985915492958,
            "8": 0.9880239520958084,
            "9": 1.0,
            "10": 1.0,
            "11": 1.0,
            "12": 1.0,
            "13": 1.0,
            "14": 1.0
        },
        "correct_product_size": {
            "1": 1313,
            "2": 3170,
            "3": 3305,
            "4": 2401,
            "5": 1390,
            "6": 762,
            "7": 355,
            "8": 167,
            "9": 94,
            "10": 32,
            "11": 14,
            "12": 8,
            "13": 2,
            "14": 4
        },
        "correct_factorization_mean": {
            "1": 0.9946686976389947,
            "2": 0.4485804416403785,
            "3": 0.36127080181543114,
            "4": 0.41316118284048314,
            "5": 0.539568345323741,
            "6": 0.7073490813648294,
            "7": 0.847887323943662,
            "8": 0.9101796407185628,
            "9": 1.0,
            "10": 1.0,
            "11": 1.0,
            "12": 1.0,
            "13": 1.0,
            "14": 1.0
        },
        "correct_factorization_size": {
            "1": 1313,
            "2": 3170,
            "3": 3305,
            "4": 2401,
            "5": 1390,
            "6": 762,
            "7": 355,
            "8": 167,
            "9": 94,
            "10": 32,
            "11": 14,
            "12": 8,
            "13": 2,
            "14": 4
        }
    },
    "by_target_number": {
        "correct_product_mean": {
            "(8.999, 6700.4]": 0.9838709677419355,
            "(6700.4, 13267.8]": 0.956221198156682,
            "(13267.8, 19602.6]": 0.9577248270561107,
            "(19602.6, 25978.8]": 0.9270353302611367,
            "(25978.8, 32651.0]": 0.8986175115207373,
            "(32651.0, 39298.8]": 0.8831667947732513,
            "(39298.8, 45796.8]": 0.9416282642089093,
            "(45796.8, 52327.8]": 0.9392774788624135,
            "(52327.8, 59017.4]": 0.9377880184331797,
            "(59017.4, 65521.0]": 0.945468509984639
        },
        "correct_product_size": {
            "(8.999, 6700.4]": 1302,
            "(6700.4, 13267.8]": 1302,
            "(13267.8, 19602.6]": 1301,
            "(19602.6, 25978.8]": 1302,
            "(25978.8, 32651.0]": 1302,
            "(32651.0, 39298.8]": 1301,
            "(39298.8, 45796.8]": 1302,
            "(45796.8, 52327.8]": 1301,
            "(52327.8, 59017.4]": 1302,
            "(59017.4, 65521.0]": 1302
        },
        "correct_factorization_mean": {
            "(8.999, 6700.4]": 0.9316436251920123,
            "(6700.4, 13267.8]": 0.7434715821812596,
            "(13267.8, 19602.6]": 0.5864719446579554,
            "(19602.6, 25978.8]": 0.521505376344086,
            "(25978.8, 32651.0]": 0.4754224270353303,
            "(32651.0, 39298.8]": 0.3943120676402767,
            "(39298.8, 45796.8]": 0.4062980030721966,
            "(45796.8, 52327.8]": 0.404304381245196,
            "(52327.8, 59017.4]": 0.3932411674347158,
            "(59017.4, 65521.0]": 0.37480798771121354
        },
        "correct_factorization_size": {
            "(8.999, 6700.4]": 1302,
            "(6700.4, 13267.8]": 1302,
            "(13267.8, 19602.6]": 1301,
            "(19602.6, 25978.8]": 1302,
            "(25978.8, 32651.0]": 1302,
            "(32651.0, 39298.8]": 1301,
            "(39298.8, 45796.8]": 1302,
            "(45796.8, 52327.8]": 1301,
            "(52327.8, 59017.4]": 1302,
            "(59017.4, 65521.0]": 1302
        }
    },
    "pred_same_as_target_beam_0": {
        "0": {
            "target_is_prime": false,
            "pred_same_as_target": false,
            "correct_product_mean": 0.8663282571912013,
            "correct_product_size": 8865,
            "correct_factorization_mean": 0.4856175972927242,
            "correct_factorization_size": 8865
        },
        "1": {
            "target_is_prime": false,
            "pred_same_as_target": true,
            "correct_product_mean": 1.0,
            "correct_product_size": 2839,
            "correct_factorization_mean": 0.0,
            "correct_factorization_size": 2839
        },
        "2": {
            "target_is_prime": true,
            "pred_same_as_target": false,
            "correct_product_mean": 0.0,
            "correct_product_size": 20,
            "correct_factorization_mean": 0.0,
            "correct_factorization_size": 20
        },
        "3": {
            "target_is_prime": true,
            "pred_same_as_target": true,
            "correct_product_mean": 1.0,
            "correct_product_size": 1293,
            "correct_factorization_mean": 1.0,
            "correct_factorization_size": 1293
        }
    },
    "test_loss": 0.12383657794299663,
    "meta": {
        "n_beams": 2
    }
}