{
    "correct": {
        "correct_product": 0.9992317738342168,
        "correct_factorization": 0.7547822078820005
    },
    "beam_accuracy": {
        "correct_product": {
            "0": 0.9480679111930552,
            "1": 0.268802335407544,
            "2": 0.15256971652454482,
            "3": 0.09287854344318967,
            "4": 0.08150879618959822,
            "5": 0.06537604670815088,
            "6": 0.060613044480294996,
            "7": 0.07712990704463395,
            "8": 0.03579933932549743,
            "9": 0.05608051010217408
        },
        "correct_factorization": {
            "0": 0.4380425597295844,
            "1": 0.12130291157716831,
            "2": 0.06745025735576554,
            "3": 0.04002458323730506,
            "4": 0.03987093800414842,
            "5": 0.032342321579473,
            "6": 0.029807175232388416,
            "7": 0.05239302450641469,
            "8": 0.01398171621725436,
            "9": 0.04002458323730506
        }
    },
    "by_prob": {
        "correct_product": {
            "(-15.024999999999999, -6.807]": 0.17077667665360682,
            "(-6.807, -4.582]": 0.038795421372051934,
            "(-4.582, -4.031]": 0.028808481216870248,
            "(-4.031, -3.725]": 0.038718598755473614,
            "(-3.725, -3.476]": 0.04747637704540217,
            "(-3.476, -3.209]": 0.06376277176000615,
            "(-3.209, -2.898]": 0.08719366981639394,
            "(-2.898, -2.479]": 0.13443957901206116,
            "(-2.479, -1.475]": 0.3130521625566567,
            "(-1.475, -1e-05]": 0.9158024122301606
        },
        "correct_factorization": {
            "(-15.024999999999999, -6.807]": 0.12022739494507183,
            "(-6.807, -4.582]": 0.0013828070984097719,
            "(-4.582, -4.031]": 0.008604133056771913,
            "(-4.031, -3.725]": 0.013136667434892833,
            "(-3.725, -3.476]": 0.01843742797879696,
            "(-3.476, -3.209]": 0.027732964584773756,
            "(-3.209, -2.898]": 0.0375662595067988,
            "(-2.898, -2.479]": 0.05953752784819851,
            "(-2.479, -1.475]": 0.13781977414150726,
            "(-1.475, -1e-05]": 0.4507951140815856
        },
        "percent_prime_factors_pred": {
            "(-15.024999999999999, -6.807]": 0.8655059241451188,
            "(-6.807, -4.582]": 0.8651140571974729,
            "(-4.582, -4.031]": 0.8164301017838561,
            "(-4.031, -3.725]": 0.7850357773899994,
            "(-3.725, -3.476]": 0.7771994437066962,
            "(-3.476, -3.209]": 0.7840088236262399,
            "(-3.209, -2.898]": 0.7747635570578615,
            "(-2.898, -2.479]": 0.770922090892125,
            "(-2.479, -1.475]": 0.7835691360869933,
            "(-1.475, -1e-05]": 0.6682787526933729
        }
    },
    "by_n_target_factors": {
        "correct_product_mean": {
            "1": 0.9992383853769993,
            "2": 0.9990536277602524,
            "3": 0.9987897125567322,
            "4": 0.9991670137442732,
            "5": 1.0,
            "6": 1.0,
            "7": 1.0,
            "8": 1.0,
            "9": 1.0,
            "10": 1.0,
            "11": 1.0,
            "12": 1.0,
            "13": 1.0,
            "14": 1.0
        },
        "correct_product_size": {
            "1": 1313,
            "2": 3170,
            "3": 3305,
            "4": 2401,
            "5": 1390,
            "6": 762,
            "7": 355,
            "8": 167,
            "9": 94,
            "10": 32,
            "11": 14,
            "12": 8,
            "13": 2,
            "14": 4
        },
        "correct_factorization_mean": {
            "1": 0.9992383853769993,
            "2": 0.7365930599369085,
            "3": 0.637821482602118,
            "4": 0.6930445647646813,
            "5": 0.7841726618705036,
            "6": 0.8713910761154856,
            "7": 0.9492957746478873,
            "8": 0.9640718562874252,
            "9": 1.0,
            "10": 1.0,
            "11": 1.0,
            "12": 1.0,
            "13": 1.0,
            "14": 1.0
        },
        "correct_factorization_size": {
            "1": 1313,
            "2": 3170,
            "3": 3305,
            "4": 2401,
            "5": 1390,
            "6": 762,
            "7": 355,
            "8": 167,
            "9": 94,
            "10": 32,
            "11": 14,
            "12": 8,
            "13": 2,
            "14": 4
        }
    },
    "by_target_number": {
        "correct_product_mean": {
            "(8.999, 6700.4]": 1.0,
            "(6700.4, 13267.8]": 1.0,
            "(13267.8, 19602.6]": 0.9992313604919293,
            "(19602.6, 25978.8]": 0.999231950844854,
            "(25978.8, 32651.0]": 0.999231950844854,
            "(32651.0, 39298.8]": 0.9976940814757879,
            "(39298.8, 45796.8]": 0.999231950844854,
            "(45796.8, 52327.8]": 0.9976940814757879,
            "(52327.8, 59017.4]": 1.0,
            "(59017.4, 65521.0]": 1.0
        },
        "correct_product_size": {
            "(8.999, 6700.4]": 1302,
            "(6700.4, 13267.8]": 1302,
            "(13267.8, 19602.6]": 1301,
            "(19602.6, 25978.8]": 1302,
            "(25978.8, 32651.0]": 1302,
            "(32651.0, 39298.8]": 1301,
            "(39298.8, 45796.8]": 1302,
            "(45796.8, 52327.8]": 1301,
            "(52327.8, 59017.4]": 1302,
            "(59017.4, 65521.0]": 1302
        },
        "correct_factorization_mean": {
            "(8.999, 6700.4]": 0.9984639016897081,
            "(6700.4, 13267.8]": 0.9685099846390169,
            "(13267.8, 19602.6]": 0.8677940046118371,
            "(19602.6, 25978.8]": 0.8110599078341014,
            "(25978.8, 32651.0]": 0.783410138248848,
            "(32651.0, 39298.8]": 0.6195234435049961,
            "(39298.8, 45796.8]": 0.631336405529954,
            "(45796.8, 52327.8]": 0.633358954650269,
            "(52327.8, 59017.4]": 0.6182795698924731,
            "(59017.4, 65521.0]": 0.6159754224270353
        },
        "correct_factorization_size": {
            "(8.999, 6700.4]": 1302,
            "(6700.4, 13267.8]": 1302,
            "(13267.8, 19602.6]": 1301,
            "(19602.6, 25978.8]": 1302,
            "(25978.8, 32651.0]": 1302,
            "(32651.0, 39298.8]": 1301,
            "(39298.8, 45796.8]": 1302,
            "(45796.8, 52327.8]": 1301,
            "(52327.8, 59017.4]": 1302,
            "(59017.4, 65521.0]": 1302
        }
    },
    "pred_same_as_target_beam_0": {
        "0": {
            "target_is_prime": false,
            "pred_same_as_target": false,
            "correct_product_mean": 0.9254153011639733,
            "correct_product_size": 8849,
            "correct_factorization_mean": 0.49779636117075377,
            "correct_factorization_size": 8849
        },
        "1": {
            "target_is_prime": false,
            "pred_same_as_target": true,
            "correct_product_mean": 1.0,
            "correct_product_size": 2855,
            "correct_factorization_mean": 0.0,
            "correct_factorization_size": 2855
        },
        "2": {
            "target_is_prime": true,
            "pred_same_as_target": false,
            "correct_product_mean": 0.0,
            "correct_product_size": 16,
            "correct_factorization_mean": 0.0,
            "correct_factorization_size": 16
        },
        "3": {
            "target_is_prime": true,
            "pred_same_as_target": true,
            "correct_product_mean": 1.0,
            "correct_product_size": 1297,
            "correct_factorization_mean": 1.0,
            "correct_factorization_size": 1297
        }
    },
    "test_loss": 0.12383657794299663,
    "meta": {
        "n_beams": 10
    }
}