{
    "correct": {
        "correct_product": 0.9809479910885764,
        "correct_factorization": 0.3990166705077975
    },
    "beam_accuracy": {
        "correct_product": {
            "0": 0.9742644234462626,
            "1": 0.19943151263732042
        },
        "correct_factorization": {
            "0": 0.3142045018053315,
            "1": 0.08488899131904433
        }
    },
    "by_prob": {
        "correct_product": {
            "(-9.212, -3.073]": 0.04992319508448541,
            "(-3.073, -2.554]": 0.17633499807913947,
            "(-2.554, -2.387]": 0.23703419131771034,
            "(-2.387, -2.175]": 0.22849462365591397,
            "(-2.175, -1.546]": 0.3311563580484057,
            "(-1.546, -1.282]": 0.8989627353054168,
            "(-1.282, -1.163]": 0.9865591397849462,
            "(-1.163, -1.077]": 0.9861698040722243,
            "(-1.077, -0.968]": 0.9923165578179024,
            "(-0.968, -0.000183]": 0.9815668202764977
        },
        "correct_factorization": {
            "(-9.212, -3.073]": 0.012672811059907835,
            "(-3.073, -2.554]": 0.05608912792931233,
            "(-2.554, -2.387]": 0.0695351517479831,
            "(-2.387, -2.175]": 0.0825652841781874,
            "(-2.175, -1.546]": 0.15751056473300037,
            "(-1.546, -1.282]": 0.23165578179024202,
            "(-1.282, -1.163]": 0.2707373271889401,
            "(-1.163, -1.077]": 0.29273914713791777,
            "(-1.077, -0.968]": 0.3131002689204764,
            "(-0.968, -0.000183]": 0.5088325652841782
        },
        "percent_prime_factors_pred": {
            "(-9.212, -3.073]": 0.856441236481559,
            "(-3.073, -2.554]": 0.7288950783284344,
            "(-2.554, -2.387]": 0.7010229344651246,
            "(-2.387, -2.175]": 0.7532442457269717,
            "(-2.175, -1.546]": 0.8232465287305843,
            "(-1.546, -1.282]": 0.6640122203318549,
            "(-1.282, -1.163]": 0.4987764550264553,
            "(-1.163, -1.077]": 0.5019316705832264,
            "(-1.077, -0.968]": 0.558340345998817,
            "(-0.968, -0.000183]": 0.7606652159071517
        }
    },
    "by_n_target_factors": {
        "correct_product_mean": {
            "1": 0.9931454683929931,
            "2": 0.9864353312302839,
            "3": 0.9779122541603631,
            "4": 0.9708454810495627,
            "5": 0.979136690647482,
            "6": 0.979002624671916,
            "7": 0.9887323943661972,
            "8": 0.9880239520958084,
            "9": 0.9787234042553191,
            "10": 1.0,
            "11": 1.0,
            "12": 1.0,
            "13": 1.0,
            "14": 1.0
        },
        "correct_product_size": {
            "1": 1313,
            "2": 3170,
            "3": 3305,
            "4": 2401,
            "5": 1390,
            "6": 762,
            "7": 355,
            "8": 167,
            "9": 94,
            "10": 32,
            "11": 14,
            "12": 8,
            "13": 2,
            "14": 4
        },
        "correct_factorization_mean": {
            "1": 0.9931454683929931,
            "2": 0.443217665615142,
            "3": 0.2777609682299546,
            "4": 0.24114952103290296,
            "5": 0.2460431654676259,
            "6": 0.3228346456692913,
            "7": 0.4507042253521127,
            "8": 0.6347305389221557,
            "9": 0.8191489361702128,
            "10": 0.90625,
            "11": 1.0,
            "12": 1.0,
            "13": 1.0,
            "14": 1.0
        },
        "correct_factorization_size": {
            "1": 1313,
            "2": 3170,
            "3": 3305,
            "4": 2401,
            "5": 1390,
            "6": 762,
            "7": 355,
            "8": 167,
            "9": 94,
            "10": 32,
            "11": 14,
            "12": 8,
            "13": 2,
            "14": 4
        }
    },
    "by_target_number": {
        "correct_product_mean": {
            "(8.999, 6700.4]": 0.9907834101382489,
            "(6700.4, 13267.8]": 0.9861751152073732,
            "(13267.8, 19602.6]": 0.9823212913143735,
            "(19602.6, 25978.8]": 0.9869431643625192,
            "(25978.8, 32651.0]": 0.9723502304147466,
            "(32651.0, 39298.8]": 0.9400461183704842,
            "(39298.8, 45796.8]": 0.989247311827957,
            "(45796.8, 52327.8]": 0.9869331283627979,
            "(52327.8, 59017.4]": 0.9923195084485407,
            "(59017.4, 65521.0]": 0.9823348694316436
        },
        "correct_product_size": {
            "(8.999, 6700.4]": 1302,
            "(6700.4, 13267.8]": 1302,
            "(13267.8, 19602.6]": 1301,
            "(19602.6, 25978.8]": 1302,
            "(25978.8, 32651.0]": 1302,
            "(32651.0, 39298.8]": 1301,
            "(39298.8, 45796.8]": 1302,
            "(45796.8, 52327.8]": 1301,
            "(52327.8, 59017.4]": 1302,
            "(59017.4, 65521.0]": 1302
        },
        "correct_factorization_mean": {
            "(8.999, 6700.4]": 0.6566820276497696,
            "(6700.4, 13267.8]": 0.46543778801843316,
            "(13267.8, 19602.6]": 0.409684857801691,
            "(19602.6, 25978.8]": 0.3870967741935484,
            "(25978.8, 32651.0]": 0.35714285714285715,
            "(32651.0, 39298.8]": 0.3474250576479631,
            "(39298.8, 45796.8]": 0.35176651305683565,
            "(45796.8, 52327.8]": 0.35126825518831667,
            "(52327.8, 59017.4]": 0.35714285714285715,
            "(59017.4, 65521.0]": 0.3064516129032258
        },
        "correct_factorization_size": {
            "(8.999, 6700.4]": 1302,
            "(6700.4, 13267.8]": 1302,
            "(13267.8, 19602.6]": 1301,
            "(19602.6, 25978.8]": 1302,
            "(25978.8, 32651.0]": 1302,
            "(32651.0, 39298.8]": 1301,
            "(39298.8, 45796.8]": 1302,
            "(45796.8, 52327.8]": 1301,
            "(52327.8, 59017.4]": 1302,
            "(59017.4, 65521.0]": 1302
        }
    },
    "pred_same_as_target_beam_0": {
        "0": {
            "target_is_prime": false,
            "pred_same_as_target": false,
            "correct_product_mean": 0.9623824451410659,
            "correct_product_size": 8613,
            "correct_factorization_mean": 0.32369673748984096,
            "correct_factorization_size": 8613
        },
        "1": {
            "target_is_prime": false,
            "pred_same_as_target": true,
            "correct_product_mean": 1.0,
            "correct_product_size": 3091,
            "correct_factorization_mean": 0.0,
            "correct_factorization_size": 3091
        },
        "2": {
            "target_is_prime": true,
            "pred_same_as_target": false,
            "correct_product_mean": 0.0,
            "correct_product_size": 11,
            "correct_factorization_mean": 0.0,
            "correct_factorization_size": 11
        },
        "3": {
            "target_is_prime": true,
            "pred_same_as_target": true,
            "correct_product_mean": 1.0,
            "correct_product_size": 1302,
            "correct_factorization_mean": 1.0,
            "correct_factorization_size": 1302
        }
    },
    "test_loss": 0.0692183996240298,
    "meta": {
        "n_beams": 2
    }
}