{
    "correct": {
        "correct_product": 0.9779902853673346,
        "correct_factorization": 0.8533697632058288
    },
    "beam_accuracy": {
        "correct_product": {
            "0": 0.9611414693381907,
            "1": 0.20749848208864602
        },
        "correct_factorization": {
            "0": 0.8224043715846995,
            "1": 0.03111718275652702
        }
    },
    "by_prob": {
        "group_size": {
            "(-15.918999999999999, -9.21]": 1328.0,
            "(-9.21, -7.186]": 1308.0,
            "(-7.186, -4.401]": 1317.0,
            "(-4.401, -2.506]": 1318.0,
            "(-2.506, -1.245]": 1317.0,
            "(-1.245, -0.772]": 1318.0,
            "(-0.772, -0.0261]": 1317.0,
            "(-0.0261, -0.00148]": 1318.0,
            "(-0.00148, -0.000177]": 1317.0,
            "(-0.000177, -5.96e-07]": 1318.0
        },
        "correct_product": {
            "(-15.918999999999999, -9.21]": 0.1852409638554217,
            "(-9.21, -7.186]": 0.18654434250764526,
            "(-7.186, -4.401]": 0.21488230827638571,
            "(-4.401, -2.506]": 0.17754172989377845,
            "(-2.506, -1.245]": 0.3014426727410782,
            "(-1.245, -0.772]": 0.8793626707132018,
            "(-0.772, -0.0261]": 0.8997722095671982,
            "(-0.0261, -0.00148]": 0.9984825493171472,
            "(-0.00148, -0.000177]": 1.0,
            "(-0.000177, -5.96e-07]": 1.0
        },
        "correct_factorization": {
            "(-15.918999999999999, -9.21]": 0.0,
            "(-9.21, -7.186]": 0.0,
            "(-7.186, -4.401]": 0.0,
            "(-4.401, -2.506]": 0.02959028831562974,
            "(-2.506, -1.245]": 0.1366742596810934,
            "(-1.245, -0.772]": 0.34142640364188165,
            "(-0.772, -0.0261]": 0.7615793470007594,
            "(-0.0261, -0.00148]": 0.9984825493171472,
            "(-0.00148, -0.000177]": 1.0,
            "(-0.000177, -5.96e-07]": 1.0
        },
        "percent_prime_factors_pred": {
            "(-15.918999999999999, -9.21]": 0.765181260757315,
            "(-9.21, -7.186]": 0.884849643221203,
            "(-7.186, -4.401]": 0.8674892432295621,
            "(-4.401, -2.506]": 0.8395783654888359,
            "(-2.506, -1.245]": 0.8174892432295622,
            "(-1.245, -0.772]": 0.5002583279138666,
            "(-0.772, -0.0261]": 0.8971146545178436,
            "(-0.0261, -0.00148]": 1.0,
            "(-0.00148, -0.000177]": 1.0,
            "(-0.000177, -5.96e-07]": 1.0
        }
    },
    "by_num_target_factors": {
        "group_size": {
            "1": 668,
            "2": 1601,
            "3": 1720,
            "4": 1198,
            "5": 715,
            "6": 373,
            "7": 165,
            "8": 79,
            "9": 35,
            "10": 20,
            "11": 8,
            "12": 3,
            "13": 3
        },
        "correct_product_mean": {
            "1": 0.9850299401197605,
            "2": 0.9900062460961899,
            "3": 0.9906976744186047,
            "4": 0.993322203672788,
            "5": 0.972027972027972,
            "6": 0.9490616621983914,
            "7": 0.8848484848484849,
            "8": 0.810126582278481,
            "9": 0.7142857142857143,
            "10": 0.65,
            "11": 0.625,
            "12": 1.0,
            "13": 0.3333333333333333
        },
        "correct_factorization_mean": {
            "1": 0.9850299401197605,
            "2": 0.7026858213616489,
            "3": 0.8302325581395349,
            "4": 0.9424040066777963,
            "5": 0.9636363636363636,
            "6": 0.9115281501340483,
            "7": 0.8666666666666667,
            "8": 0.7974683544303798,
            "9": 0.7142857142857143,
            "10": 0.65,
            "11": 0.625,
            "12": 1.0,
            "13": 0.3333333333333333
        }
    },
    "by_input_num": {
        "group_size": {
            "(7.999, 6350.5]": 659,
            "(6350.5, 12996.8]": 659,
            "(12996.8, 19472.5]": 659,
            "(19472.5, 26116.8]": 658,
            "(26116.8, 32574.0]": 659,
            "(32574.0, 39331.6]": 659,
            "(39331.6, 46013.7]": 658,
            "(46013.7, 52699.4]": 659,
            "(52699.4, 59007.6]": 659,
            "(59007.6, 65528.0]": 659
        },
        "correct_product_mean": {
            "(7.999, 6350.5]": 0.9939301972685888,
            "(6350.5, 12996.8]": 0.9969650986342944,
            "(12996.8, 19472.5]": 0.9939301972685888,
            "(19472.5, 26116.8]": 0.9802431610942249,
            "(26116.8, 32574.0]": 0.9757207890743551,
            "(32574.0, 39331.6]": 0.9833080424886191,
            "(39331.6, 46013.7]": 0.9574468085106383,
            "(46013.7, 52699.4]": 0.9544764795144158,
            "(52699.4, 59007.6]": 0.9726858877086495,
            "(59007.6, 65528.0]": 0.9711684370257967
        },
        "correct_factorization_mean": {
            "(7.999, 6350.5]": 0.9939301972685888,
            "(6350.5, 12996.8]": 0.9969650986342944,
            "(12996.8, 19472.5]": 0.992412746585736,
            "(19472.5, 26116.8]": 0.9285714285714286,
            "(26116.8, 32574.0]": 0.8361153262518968,
            "(32574.0, 39331.6]": 0.8103186646433991,
            "(39331.6, 46013.7]": 0.7507598784194529,
            "(46013.7, 52699.4]": 0.7723823975720789,
            "(52699.4, 59007.6]": 0.7344461305007587,
            "(59007.6, 65528.0]": 0.7177541729893778
        }
    },
    "pred_same_as_input_beam_0": {
        "0": {
            "input_is_prime": false,
            "pred_same_as_input": false,
            "group_size": 5920,
            "correct_product_mean": 0.9596283783783783,
            "correct_factorization_mean": 0.8052364864864865
        },
        "1": {
            "input_is_prime": true,
            "pred_same_as_input": false,
            "group_size": 666,
            "correct_product_mean": 0.9744744744744744,
            "correct_factorization_mean": 0.9744744744744744
        },
        "2": {
            "input_is_prime": true,
            "pred_same_as_input": true,
            "group_size": 2,
            "correct_product_mean": 1.0,
            "correct_factorization_mean": 1.0
        }
    },
    "by_min_factor_composite_only": {
        "0": {
            "min_factor_decile": "(1.999, 3.0]",
            "group_size": 4339,
            "correct_product_mean": 0.975800875777829,
            "correct_factorization_mean": 0.9168011062456787
        },
        "1": {
            "min_factor_decile": "(3.0, 5.0]",
            "group_size": 447,
            "correct_product_mean": 0.9731543624161074,
            "correct_factorization_mean": 0.9507829977628636
        },
        "2": {
            "min_factor_decile": "(5.0, 17.0]",
            "group_size": 614,
            "correct_product_mean": 0.9804560260586319,
            "correct_factorization_mean": 0.3485342019543974
        },
        "3": {
            "min_factor_decile": "(17.0, 241.0]",
            "group_size": 520,
            "correct_product_mean": 0.9884615384615385,
            "correct_factorization_mean": 0.28846153846153844
        }
    },
    "loss": 0.13862744199908816,
    "meta": {
        "n_beams": 2,
        "temperature": 1.0
    }
}