{
    "correct": {
        "correct_product": 0.93212890625,
        "correct_factorization": 0.6845703125
    },
    "beam_accuracy": {
        "correct_product": {
            "0": 0.89453125,
            "1": 0.15869140625
        },
        "correct_factorization": {
            "0": 0.63916015625,
            "1": 0.04541015625
        }
    },
    "by_prob": {
        "group_size": {
            "(-14.136999999999999, -5.944]": 410.0,
            "(-5.944, -3.651]": 410.0,
            "(-3.651, -2.971]": 409.0,
            "(-2.971, -2.352]": 410.0,
            "(-2.352, -1.374]": 409.0,
            "(-1.374, -1.042]": 410.0,
            "(-1.042, -0.791]": 409.0,
            "(-0.791, -0.125]": 410.0,
            "(-0.125, -0.00527]": 409.0,
            "(-0.00527, -5.25e-06]": 410.0
        },
        "correct_product": {
            "(-14.136999999999999, -5.944]": 0.18292682926829268,
            "(-5.944, -3.651]": 0.15121951219512195,
            "(-3.651, -2.971]": 0.06601466992665037,
            "(-2.971, -2.352]": 0.10975609756097561,
            "(-2.352, -1.374]": 0.3202933985330073,
            "(-1.374, -1.042]": 0.8121951219512196,
            "(-1.042, -0.791]": 0.8753056234718827,
            "(-0.791, -0.125]": 0.7780487804878049,
            "(-0.125, -0.00527]": 0.9706601466992665,
            "(-0.00527, -5.25e-06]": 1.0
        },
        "correct_factorization": {
            "(-14.136999999999999, -5.944]": 0.0,
            "(-5.944, -3.651]": 0.012195121951219513,
            "(-3.651, -2.971]": 0.017114914425427872,
            "(-2.971, -2.352]": 0.046341463414634146,
            "(-2.352, -1.374]": 0.15403422982885084,
            "(-1.374, -1.042]": 0.3097560975609756,
            "(-1.042, -0.791]": 0.3374083129584352,
            "(-0.791, -0.125]": 0.5853658536585366,
            "(-0.125, -0.00527]": 0.960880195599022,
            "(-0.00527, -5.25e-06]": 1.0
        },
        "percent_prime_factors_pred": {
            "(-14.136999999999999, -5.944]": 0.9017479674796748,
            "(-5.944, -3.651]": 0.9137398373983739,
            "(-3.651, -2.971]": 0.9221678891605543,
            "(-2.971, -2.352]": 0.9098780487804878,
            "(-2.352, -1.374]": 0.8408312958435207,
            "(-1.374, -1.042]": 0.5497502903600465,
            "(-1.042, -0.791]": 0.5679473745488416,
            "(-0.791, -0.125]": 0.906869918699187,
            "(-0.125, -0.00527]": 0.9958435207823961,
            "(-0.00527, -5.25e-06]": 1.0
        }
    },
    "by_num_target_factors": {
        "group_size": {
            "1": 192,
            "2": 466,
            "3": 501,
            "4": 401,
            "5": 237,
            "6": 131,
            "7": 62,
            "8": 32,
            "9": 12,
            "10": 7,
            "11": 5,
            "12": 1,
            "16": 1
        },
        "correct_product_mean": {
            "1": 0.9479166666666666,
            "2": 0.9635193133047211,
            "3": 0.9720558882235529,
            "4": 0.9600997506234414,
            "5": 0.9071729957805907,
            "6": 0.8091603053435115,
            "7": 0.8064516129032258,
            "8": 0.6875,
            "9": 0.6666666666666666,
            "10": 0.5714285714285714,
            "11": 0.2,
            "12": 0.0,
            "16": 0.0
        },
        "correct_factorization_mean": {
            "1": 0.9479166666666666,
            "2": 0.463519313304721,
            "3": 0.5728542914171657,
            "4": 0.827930174563591,
            "5": 0.8607594936708861,
            "6": 0.7557251908396947,
            "7": 0.7741935483870968,
            "8": 0.65625,
            "9": 0.6666666666666666,
            "10": 0.5714285714285714,
            "11": 0.2,
            "12": 0.0,
            "16": 0.0
        }
    },
    "by_input_num": {
        "group_size": {
            "(65535.999, 65740.7]": 205,
            "(65740.7, 65945.4]": 205,
            "(65945.4, 66150.1]": 205,
            "(66150.1, 66354.8]": 204,
            "(66354.8, 66559.5]": 205,
            "(66559.5, 66764.2]": 205,
            "(66764.2, 66968.9]": 204,
            "(66968.9, 67173.6]": 205,
            "(67173.6, 67378.3]": 205,
            "(67378.3, 67583.0]": 205
        },
        "correct_product_mean": {
            "(65535.999, 65740.7]": 0.9560975609756097,
            "(65740.7, 65945.4]": 0.9414634146341463,
            "(65945.4, 66150.1]": 0.9365853658536586,
            "(66150.1, 66354.8]": 0.9362745098039216,
            "(66354.8, 66559.5]": 0.9317073170731708,
            "(66559.5, 66764.2]": 0.9414634146341463,
            "(66764.2, 66968.9]": 0.9362745098039216,
            "(66968.9, 67173.6]": 0.9121951219512195,
            "(67173.6, 67378.3]": 0.9073170731707317,
            "(67378.3, 67583.0]": 0.9219512195121952
        },
        "correct_factorization_mean": {
            "(65535.999, 65740.7]": 0.7463414634146341,
            "(65740.7, 65945.4]": 0.6585365853658537,
            "(65945.4, 66150.1]": 0.6829268292682927,
            "(66150.1, 66354.8]": 0.6372549019607843,
            "(66354.8, 66559.5]": 0.697560975609756,
            "(66559.5, 66764.2]": 0.6829268292682927,
            "(66764.2, 66968.9]": 0.6813725490196079,
            "(66968.9, 67173.6]": 0.6780487804878049,
            "(67173.6, 67378.3]": 0.6780487804878049,
            "(67378.3, 67583.0]": 0.7024390243902439
        }
    },
    "pred_same_as_input_beam_0": {
        "0": {
            "input_is_prime": false,
            "pred_same_as_input": false,
            "group_size": 1526,
            "correct_product_mean": 0.8682830930537353,
            "correct_factorization_mean": 0.7418086500655308
        },
        "1": {
            "input_is_prime": false,
            "pred_same_as_input": true,
            "group_size": 330,
            "correct_product_mean": 1.0,
            "correct_factorization_mean": 0.0
        },
        "2": {
            "input_is_prime": true,
            "pred_same_as_input": false,
            "group_size": 15,
            "correct_product_mean": 0.0,
            "correct_factorization_mean": 0.0
        },
        "3": {
            "input_is_prime": true,
            "pred_same_as_input": true,
            "group_size": 177,
            "correct_product_mean": 1.0,
            "correct_factorization_mean": 1.0
        }
    },
    "by_min_factor_composite_only": {
        "0": {
            "min_factor_decile": "(1.999, 3.0]",
            "group_size": 1365,
            "correct_product_mean": 0.9318681318681319,
            "correct_factorization_mean": 0.7450549450549451
        },
        "1": {
            "min_factor_decile": "(3.0, 5.0]",
            "group_size": 136,
            "correct_product_mean": 0.875,
            "correct_factorization_mean": 0.8308823529411765
        },
        "2": {
            "min_factor_decile": "(5.0, 17.0]",
            "group_size": 176,
            "correct_product_mean": 0.9545454545454546,
            "correct_factorization_mean": 0.0
        },
        "3": {
            "min_factor_decile": "(17.0, 257.0]",
            "group_size": 179,
            "correct_product_mean": 0.9385474860335196,
            "correct_factorization_mean": 0.0111731843575419
        }
    },
    "loss": 0.3746216292906598,
    "meta": {
        "n_beams": 2,
        "temperature": 1.0
    }
}