{
    "correct": {
        "correct_product": 0.9013671875,
        "correct_factorization": 0.6474609375
    },
    "beam_accuracy": {
        "correct_product": {
            "0": 0.86962890625,
            "1": 0.150390625
        },
        "correct_factorization": {
            "0": 0.599609375,
            "1": 0.0478515625
        }
    },
    "by_prob": {
        "group_size": {
            "(-12.66, -5.792]": 410.0,
            "(-5.792, -3.702]": 410.0,
            "(-3.702, -3.024]": 409.0,
            "(-3.024, -2.273]": 410.0,
            "(-2.273, -1.341]": 409.0,
            "(-1.341, -1.008]": 410.0,
            "(-1.008, -0.798]": 409.0,
            "(-0.798, -0.168]": 410.0,
            "(-0.168, -0.00634]": 409.0,
            "(-0.00634, -7.27e-06]": 410.0
        },
        "correct_product": {
            "(-12.66, -5.792]": 0.16341463414634147,
            "(-5.792, -3.702]": 0.15365853658536585,
            "(-3.702, -3.024]": 0.07090464547677261,
            "(-3.024, -2.273]": 0.1,
            "(-2.273, -1.341]": 0.3202933985330073,
            "(-1.341, -1.008]": 0.8292682926829268,
            "(-1.008, -0.798]": 0.8753056234718827,
            "(-0.798, -0.168]": 0.6853658536585366,
            "(-0.168, -0.00634]": 0.9095354523227384,
            "(-0.00634, -7.27e-06]": 0.9926829268292683
        },
        "correct_factorization": {
            "(-12.66, -5.792]": 0.0,
            "(-5.792, -3.702]": 0.012195121951219513,
            "(-3.702, -3.024]": 0.012224938875305624,
            "(-3.024, -2.273]": 0.046341463414634146,
            "(-2.273, -1.341]": 0.1882640586797066,
            "(-1.341, -1.008]": 0.2804878048780488,
            "(-1.008, -0.798]": 0.36674816625916873,
            "(-0.798, -0.168]": 0.44878048780487806,
            "(-0.168, -0.00634]": 0.8899755501222494,
            "(-0.00634, -7.27e-06]": 0.9926829268292683
        },
        "percent_prime_factors_pred": {
            "(-12.66, -5.792]": 0.9063530778164924,
            "(-5.792, -3.702]": 0.9052845528455286,
            "(-3.702, -3.024]": 0.9382233088834556,
            "(-3.024, -2.273]": 0.9084030197444831,
            "(-2.273, -1.341]": 0.8711189788206902,
            "(-1.341, -1.008]": 0.5084146341463415,
            "(-1.008, -0.798]": 0.5658924205378972,
            "(-0.798, -0.168]": 0.8758536585365854,
            "(-0.168, -0.00634]": 0.9933985330073349,
            "(-0.00634, -7.27e-06]": 1.0
        }
    },
    "by_num_target_factors": {
        "group_size": {
            "1": 192,
            "2": 466,
            "3": 501,
            "4": 401,
            "5": 237,
            "6": 131,
            "7": 62,
            "8": 32,
            "9": 12,
            "10": 7,
            "11": 5,
            "12": 1,
            "16": 1
        },
        "correct_product_mean": {
            "1": 0.9947916666666666,
            "2": 0.9914163090128756,
            "3": 0.9640718562874252,
            "4": 0.9451371571072319,
            "5": 0.7721518987341772,
            "6": 0.6793893129770993,
            "7": 0.5967741935483871,
            "8": 0.40625,
            "9": 0.4166666666666667,
            "10": 0.2857142857142857,
            "11": 0.4,
            "12": 0.0,
            "16": 0.0
        },
        "correct_factorization_mean": {
            "1": 0.9947916666666666,
            "2": 0.463519313304721,
            "3": 0.5588822355289421,
            "4": 0.8129675810473815,
            "5": 0.7341772151898734,
            "6": 0.6335877862595419,
            "7": 0.5483870967741935,
            "8": 0.40625,
            "9": 0.4166666666666667,
            "10": 0.2857142857142857,
            "11": 0.4,
            "12": 0.0,
            "16": 0.0
        }
    },
    "by_input_num": {
        "group_size": {
            "(65535.999, 65740.7]": 205,
            "(65740.7, 65945.4]": 205,
            "(65945.4, 66150.1]": 205,
            "(66150.1, 66354.8]": 204,
            "(66354.8, 66559.5]": 205,
            "(66559.5, 66764.2]": 205,
            "(66764.2, 66968.9]": 204,
            "(66968.9, 67173.6]": 205,
            "(67173.6, 67378.3]": 205,
            "(67378.3, 67583.0]": 205
        },
        "correct_product_mean": {
            "(65535.999, 65740.7]": 0.9560975609756097,
            "(65740.7, 65945.4]": 0.9121951219512195,
            "(65945.4, 66150.1]": 0.9414634146341463,
            "(66150.1, 66354.8]": 0.9117647058823529,
            "(66354.8, 66559.5]": 0.9365853658536586,
            "(66559.5, 66764.2]": 0.8829268292682927,
            "(66764.2, 66968.9]": 0.8725490196078431,
            "(66968.9, 67173.6]": 0.8829268292682927,
            "(67173.6, 67378.3]": 0.8536585365853658,
            "(67378.3, 67583.0]": 0.8634146341463415
        },
        "correct_factorization_mean": {
            "(65535.999, 65740.7]": 0.7268292682926829,
            "(65740.7, 65945.4]": 0.6439024390243903,
            "(65945.4, 66150.1]": 0.6878048780487804,
            "(66150.1, 66354.8]": 0.6176470588235294,
            "(66354.8, 66559.5]": 0.6780487804878049,
            "(66559.5, 66764.2]": 0.6292682926829268,
            "(66764.2, 66968.9]": 0.6225490196078431,
            "(66968.9, 67173.6]": 0.6292682926829268,
            "(67173.6, 67378.3]": 0.6,
            "(67378.3, 67583.0]": 0.6390243902439025
        }
    },
    "pred_same_as_input_beam_0": {
        "0": {
            "input_is_prime": false,
            "pred_same_as_input": false,
            "group_size": 1856,
            "correct_product_mean": 0.8572198275862069,
            "correct_factorization_mean": 0.5592672413793104
        },
        "1": {
            "input_is_prime": true,
            "pred_same_as_input": false,
            "group_size": 192,
            "correct_product_mean": 0.9895833333333334,
            "correct_factorization_mean": 0.9895833333333334
        }
    },
    "by_min_factor_composite_only": {
        "0": {
            "min_factor_decile": "(1.999, 3.0]",
            "group_size": 1365,
            "correct_product_mean": 0.8695970695970696,
            "correct_factorization_mean": 0.6805860805860806
        },
        "1": {
            "min_factor_decile": "(3.0, 5.0]",
            "group_size": 136,
            "correct_product_mean": 0.8602941176470589,
            "correct_factorization_mean": 0.8014705882352942
        },
        "2": {
            "min_factor_decile": "(5.0, 17.0]",
            "group_size": 176,
            "correct_product_mean": 0.9943181818181818,
            "correct_factorization_mean": 0.0
        },
        "3": {
            "min_factor_decile": "(17.0, 257.0]",
            "group_size": 179,
            "correct_product_mean": 0.9832402234636871,
            "correct_factorization_mean": 0.0
        }
    },
    "loss": 0.4006290881757999,
    "meta": {
        "n_beams": 2,
        "temperature": 1.0
    }
}