{
    "correct": {
        "correct_product": 0.9775349119611415,
        "correct_factorization": 0.8548876745598057
    },
    "beam_accuracy": {
        "correct_product": {
            "0": 0.9600789313904068,
            "1": 0.20248937462052216
        },
        "correct_factorization": {
            "0": 0.8222525804493017,
            "1": 0.03263509411050395
        }
    },
    "by_prob": {
        "group_size": {
            "(-14.923, -9.21]": 1323.0,
            "(-9.21, -7.372]": 1313.0,
            "(-7.372, -4.71]": 1317.0,
            "(-4.71, -2.543]": 1318.0,
            "(-2.543, -1.227]": 1317.0,
            "(-1.227, -0.729]": 1318.0,
            "(-0.729, -0.0181]": 1317.0,
            "(-0.0181, -0.00125]": 1318.0,
            "(-0.00125, -0.000145]": 1317.0,
            "(-0.000145, -7.15e-07]": 1318.0
        },
        "correct_product": {
            "(-14.923, -9.21]": 0.18594104308390022,
            "(-9.21, -7.372]": 0.146991622239147,
            "(-7.372, -4.71]": 0.20804859529233105,
            "(-4.71, -2.543]": 0.19499241274658574,
            "(-2.543, -1.227]": 0.28018223234624146,
            "(-1.227, -0.729]": 0.8892261001517451,
            "(-0.729, -0.0181]": 0.9111617312072893,
            "(-0.0181, -0.00125]": 0.996206373292868,
            "(-0.00125, -0.000145]": 1.0,
            "(-0.000145, -7.15e-07]": 1.0
        },
        "correct_factorization": {
            "(-14.923, -9.21]": 0.0,
            "(-9.21, -7.372]": 0.0,
            "(-7.372, -4.71]": 0.0015186028853454822,
            "(-4.71, -2.543]": 0.02276176024279211,
            "(-2.543, -1.227]": 0.13211845102505695,
            "(-1.227, -0.729]": 0.34446130500758726,
            "(-0.729, -0.0181]": 0.7790432801822323,
            "(-0.0181, -0.00125]": 0.9946889226100152,
            "(-0.00125, -0.000145]": 1.0,
            "(-0.000145, -7.15e-07]": 1.0
        },
        "percent_prime_factors_pred": {
            "(-14.923, -9.21]": 0.8327607409806957,
            "(-9.21, -7.372]": 0.8919504587821419,
            "(-7.372, -4.71]": 0.8754040568391366,
            "(-4.71, -2.543]": 0.819138846737481,
            "(-2.543, -1.227]": 0.8112973207506238,
            "(-1.227, -0.729]": 0.4955415853746658,
            "(-0.729, -0.0181]": 0.9031384459630474,
            "(-0.0181, -0.00125]": 0.9994688922610014,
            "(-0.00125, -0.000145]": 1.0,
            "(-0.000145, -7.15e-07]": 1.0
        }
    },
    "by_num_target_factors": {
        "group_size": {
            "1": 668,
            "2": 1601,
            "3": 1720,
            "4": 1198,
            "5": 715,
            "6": 373,
            "7": 165,
            "8": 79,
            "9": 35,
            "10": 20,
            "11": 8,
            "12": 3,
            "13": 3
        },
        "correct_product_mean": {
            "1": 0.9850299401197605,
            "2": 0.9868831980012492,
            "3": 0.9912790697674418,
            "4": 0.988313856427379,
            "5": 0.9818181818181818,
            "6": 0.9436997319034852,
            "7": 0.9030303030303031,
            "8": 0.8607594936708861,
            "9": 0.7142857142857143,
            "10": 0.5,
            "11": 0.5,
            "12": 0.6666666666666666,
            "13": 0.3333333333333333
        },
        "correct_factorization_mean": {
            "1": 0.9850299401197605,
            "2": 0.6983135540287321,
            "3": 0.836046511627907,
            "4": 0.9432387312186978,
            "5": 0.9692307692307692,
            "6": 0.903485254691689,
            "7": 0.896969696969697,
            "8": 0.8607594936708861,
            "9": 0.7142857142857143,
            "10": 0.5,
            "11": 0.5,
            "12": 0.6666666666666666,
            "13": 0.3333333333333333
        }
    },
    "by_input_num": {
        "group_size": {
            "(7.999, 6350.5]": 659,
            "(6350.5, 12996.8]": 659,
            "(12996.8, 19472.5]": 659,
            "(19472.5, 26116.8]": 658,
            "(26116.8, 32574.0]": 659,
            "(32574.0, 39331.6]": 659,
            "(39331.6, 46013.7]": 658,
            "(46013.7, 52699.4]": 659,
            "(52699.4, 59007.6]": 659,
            "(59007.6, 65528.0]": 659
        },
        "correct_product_mean": {
            "(7.999, 6350.5]": 0.9984825493171472,
            "(6350.5, 12996.8]": 0.9969650986342944,
            "(12996.8, 19472.5]": 0.992412746585736,
            "(19472.5, 26116.8]": 0.9756838905775076,
            "(26116.8, 32574.0]": 0.9757207890743551,
            "(32574.0, 39331.6]": 0.9742033383915023,
            "(39331.6, 46013.7]": 0.9696048632218845,
            "(46013.7, 52699.4]": 0.9499241274658573,
            "(52699.4, 59007.6]": 0.9711684370257967,
            "(59007.6, 65528.0]": 0.9711684370257967
        },
        "correct_factorization_mean": {
            "(7.999, 6350.5]": 0.9984825493171472,
            "(6350.5, 12996.8]": 0.9969650986342944,
            "(12996.8, 19472.5]": 0.9893778452200304,
            "(19472.5, 26116.8]": 0.9285714285714286,
            "(26116.8, 32574.0]": 0.8391502276176024,
            "(32574.0, 39331.6]": 0.8012139605462822,
            "(39331.6, 46013.7]": 0.7674772036474165,
            "(46013.7, 52699.4]": 0.7708649468892261,
            "(52699.4, 59007.6]": 0.7374810318664643,
            "(59007.6, 65528.0]": 0.7192716236722306
        }
    },
    "pred_same_as_input_beam_0": {
        "0": {
            "input_is_prime": false,
            "pred_same_as_input": false,
            "group_size": 5189,
            "correct_product_mean": 0.9516284447870496,
            "correct_factorization_mean": 0.9175178261707458
        },
        "1": {
            "input_is_prime": false,
            "pred_same_as_input": true,
            "group_size": 731,
            "correct_product_mean": 1.0,
            "correct_factorization_mean": 0.0
        },
        "2": {
            "input_is_prime": true,
            "pred_same_as_input": false,
            "group_size": 12,
            "correct_product_mean": 0.0,
            "correct_factorization_mean": 0.0
        },
        "3": {
            "input_is_prime": true,
            "pred_same_as_input": true,
            "group_size": 656,
            "correct_product_mean": 1.0,
            "correct_factorization_mean": 1.0
        }
    },
    "by_min_factor_composite_only": {
        "0": {
            "min_factor_decile": "(1.999, 3.0]",
            "group_size": 4339,
            "correct_product_mean": 0.9753399400783591,
            "correct_factorization_mean": 0.9158792348467388
        },
        "1": {
            "min_factor_decile": "(3.0, 5.0]",
            "group_size": 447,
            "correct_product_mean": 0.9776286353467561,
            "correct_factorization_mean": 0.9530201342281879
        },
        "2": {
            "min_factor_decile": "(5.0, 17.0]",
            "group_size": 614,
            "correct_product_mean": 0.9788273615635179,
            "correct_factorization_mean": 0.3469055374592834
        },
        "3": {
            "min_factor_decile": "(17.0, 241.0]",
            "group_size": 520,
            "correct_product_mean": 0.9846153846153847,
            "correct_factorization_mean": 0.2846153846153846
        }
    },
    "loss": 0.13479664674196337,
    "meta": {
        "n_beams": 2,
        "temperature": 1.0
    }
}