{
    "correct": {
        "correct_product": 0.966909532483303,
        "correct_factorization": 0.8228597449908925
    },
    "beam_accuracy": {
        "correct_product": {
            "0": 0.9408014571948998,
            "1": 0.21903460837887068
        },
        "correct_factorization": {
            "0": 0.7741347905282332,
            "1": 0.048876745598057075
        }
    },
    "by_prob": {
        "group_size": {
            "(-15.267, -8.578]": 1318.0,
            "(-8.578, -5.995]": 1318.0,
            "(-5.995, -3.264]": 1317.0,
            "(-3.264, -2.251]": 1318.0,
            "(-2.251, -1.24]": 1317.0,
            "(-1.24, -0.836]": 1318.0,
            "(-0.836, -0.137]": 1317.0,
            "(-0.137, -0.00496]": 1318.0,
            "(-0.00496, -0.000367]": 1317.0,
            "(-0.000367, -4.77e-07]": 1318.0
        },
        "correct_product": {
            "(-15.267, -8.578]": 0.17147192716236723,
            "(-8.578, -5.995]": 0.208649468892261,
            "(-5.995, -3.264]": 0.22930903568716782,
            "(-3.264, -2.251]": 0.15629742033383914,
            "(-2.251, -1.24]": 0.32953682611996965,
            "(-1.24, -0.836]": 0.84597875569044,
            "(-0.836, -0.137]": 0.8678815489749431,
            "(-0.137, -0.00496]": 0.9908952959028832,
            "(-0.00496, -0.000367]": 0.9992406985573272,
            "(-0.000367, -4.77e-07]": 1.0
        },
        "correct_factorization": {
            "(-15.267, -8.578]": 0.0,
            "(-8.578, -5.995]": 0.0007587253414264037,
            "(-5.995, -3.264]": 0.00683371298405467,
            "(-3.264, -2.251]": 0.05614567526555387,
            "(-2.251, -1.24]": 0.16400911161731208,
            "(-1.24, -0.836]": 0.3550834597875569,
            "(-0.836, -0.137]": 0.5603644646924829,
            "(-0.137, -0.00496]": 0.9726858877086495,
            "(-0.00496, -0.000367]": 0.9992406985573272,
            "(-0.000367, -4.77e-07]": 1.0
        },
        "percent_prime_factors_pred": {
            "(-15.267, -8.578]": 0.8539020160416176,
            "(-8.578, -5.995]": 0.8929944360141617,
            "(-5.995, -3.264]": 0.8419640597317115,
            "(-3.264, -2.251]": 0.8240570127899408,
            "(-2.251, -1.24]": 0.849429619987706,
            "(-1.24, -0.836]": 0.5420881807452367,
            "(-0.836, -0.137]": 0.767836352460498,
            "(-0.137, -0.00496]": 0.9929185634800203,
            "(-0.00496, -0.000367]": 1.0,
            "(-0.000367, -4.77e-07]": 1.0
        }
    },
    "by_num_target_factors": {
        "group_size": {
            "1": 668,
            "2": 1601,
            "3": 1720,
            "4": 1198,
            "5": 715,
            "6": 373,
            "7": 165,
            "8": 79,
            "9": 35,
            "10": 20,
            "11": 8,
            "12": 3,
            "13": 3
        },
        "correct_product_mean": {
            "1": 0.9970059880239521,
            "2": 0.9862585883822611,
            "3": 0.9877906976744186,
            "4": 0.9833055091819699,
            "5": 0.9566433566433566,
            "6": 0.8954423592493298,
            "7": 0.8181818181818182,
            "8": 0.7468354430379747,
            "9": 0.6,
            "10": 0.5,
            "11": 0.5,
            "12": 0.3333333333333333,
            "13": 0.0
        },
        "correct_factorization_mean": {
            "1": 0.9970059880239521,
            "2": 0.6758276077451593,
            "3": 0.8023255813953488,
            "4": 0.9257095158597662,
            "5": 0.8937062937062937,
            "6": 0.8525469168900804,
            "7": 0.806060606060606,
            "8": 0.7341772151898734,
            "9": 0.6,
            "10": 0.5,
            "11": 0.5,
            "12": 0.3333333333333333,
            "13": 0.0
        }
    },
    "by_input_num": {
        "group_size": {
            "(7.999, 6350.5]": 659,
            "(6350.5, 12996.8]": 659,
            "(12996.8, 19472.5]": 659,
            "(19472.5, 26116.8]": 658,
            "(26116.8, 32574.0]": 659,
            "(32574.0, 39331.6]": 659,
            "(39331.6, 46013.7]": 658,
            "(46013.7, 52699.4]": 659,
            "(52699.4, 59007.6]": 659,
            "(59007.6, 65528.0]": 659
        },
        "correct_product_mean": {
            "(7.999, 6350.5]": 0.9954476479514416,
            "(6350.5, 12996.8]": 0.9939301972685888,
            "(12996.8, 19472.5]": 0.9833080424886191,
            "(19472.5, 26116.8]": 0.9726443768996961,
            "(26116.8, 32574.0]": 0.9696509863429439,
            "(32574.0, 39331.6]": 0.9559939301972686,
            "(39331.6, 46013.7]": 0.9483282674772037,
            "(46013.7, 52699.4]": 0.936267071320182,
            "(52699.4, 59007.6]": 0.960546282245827,
            "(59007.6, 65528.0]": 0.952959028831563
        },
        "correct_factorization_mean": {
            "(7.999, 6350.5]": 0.9954476479514416,
            "(6350.5, 12996.8]": 0.9939301972685888,
            "(12996.8, 19472.5]": 0.9742033383915023,
            "(19472.5, 26116.8]": 0.8723404255319149,
            "(26116.8, 32574.0]": 0.7966616084977238,
            "(32574.0, 39331.6]": 0.7481031866464339,
            "(39331.6, 46013.7]": 0.7370820668693009,
            "(46013.7, 52699.4]": 0.7329286798179059,
            "(52699.4, 59007.6]": 0.6995447647951442,
            "(59007.6, 65528.0]": 0.6783004552352049
        }
    },
    "pred_same_as_input_beam_0": {
        "0": {
            "input_is_prime": false,
            "pred_same_as_input": false,
            "group_size": 5120,
            "correct_product_mean": 0.9255859375,
            "correct_factorization_mean": 0.8673828125
        },
        "1": {
            "input_is_prime": false,
            "pred_same_as_input": true,
            "group_size": 800,
            "correct_product_mean": 1.0,
            "correct_factorization_mean": 0.0
        },
        "2": {
            "input_is_prime": true,
            "pred_same_as_input": false,
            "group_size": 9,
            "correct_product_mean": 0.0,
            "correct_factorization_mean": 0.0
        },
        "3": {
            "input_is_prime": true,
            "pred_same_as_input": true,
            "group_size": 659,
            "correct_product_mean": 1.0,
            "correct_factorization_mean": 1.0
        }
    },
    "by_min_factor_composite_only": {
        "0": {
            "min_factor_decile": "(1.999, 3.0]",
            "group_size": 4339,
            "correct_product_mean": 0.957593915648767,
            "correct_factorization_mean": 0.8587232081124683
        },
        "1": {
            "min_factor_decile": "(3.0, 5.0]",
            "group_size": 447,
            "correct_product_mean": 0.970917225950783,
            "correct_factorization_mean": 0.941834451901566
        },
        "2": {
            "min_factor_decile": "(5.0, 17.0]",
            "group_size": 614,
            "correct_product_mean": 0.9820846905537459,
            "correct_factorization_mean": 0.2915309446254072
        },
        "3": {
            "min_factor_decile": "(17.0, 241.0]",
            "group_size": 520,
            "correct_product_mean": 0.9846153846153847,
            "correct_factorization_mean": 0.22115384615384615
        }
    },
    "loss": 0.05170547034895907,
    "meta": {
        "n_beams": 2,
        "temperature": 1.0
    }
}