{
    "correct": {
        "correct_product": 0.9228515625,
        "correct_factorization": 0.64013671875
    },
    "beam_accuracy": {
        "correct_product": {
            "0": 0.8955078125,
            "1": 0.1669921875
        },
        "correct_factorization": {
            "0": 0.5908203125,
            "1": 0.04931640625
        }
    },
    "by_prob": {
        "group_size": {
            "(-12.336, -5.124]": 410.0,
            "(-5.124, -3.527]": 410.0,
            "(-3.527, -2.938]": 409.0,
            "(-2.938, -2.182]": 410.0,
            "(-2.182, -1.386]": 409.0,
            "(-1.386, -1.081]": 410.0,
            "(-1.081, -0.947]": 409.0,
            "(-0.947, -0.449]": 410.0,
            "(-0.449, -0.0124]": 409.0,
            "(-0.0124, -1.51e-05]": 410.0
        },
        "correct_product": {
            "(-12.336, -5.124]": 0.2073170731707317,
            "(-5.124, -3.527]": 0.11707317073170732,
            "(-3.527, -2.938]": 0.039119804400977995,
            "(-2.938, -2.182]": 0.12926829268292683,
            "(-2.182, -1.386]": 0.3080684596577017,
            "(-1.386, -1.081]": 0.7853658536585366,
            "(-1.081, -0.947]": 0.9119804400977995,
            "(-0.947, -0.449]": 0.8707317073170732,
            "(-0.449, -0.0124]": 0.9462102689486552,
            "(-0.0124, -1.51e-05]": 0.9975609756097561
        },
        "correct_factorization": {
            "(-12.336, -5.124]": 0.0,
            "(-5.124, -3.527]": 0.00975609756097561,
            "(-3.527, -2.938]": 0.004889975550122249,
            "(-2.938, -2.182]": 0.06829268292682927,
            "(-2.182, -1.386]": 0.16381418092909536,
            "(-1.386, -1.081]": 0.3048780487804878,
            "(-1.081, -0.947]": 0.3276283618581907,
            "(-0.947, -0.449]": 0.45365853658536587,
            "(-0.449, -0.0124]": 0.8704156479217604,
            "(-0.0124, -1.51e-05]": 0.9975609756097561
        },
        "percent_prime_factors_pred": {
            "(-12.336, -5.124]": 0.9084901277584209,
            "(-5.124, -3.527]": 0.921016260162602,
            "(-3.527, -2.938]": 0.9243276283618582,
            "(-2.938, -2.182]": 0.9156213704994197,
            "(-2.182, -1.386]": 0.9022528815927352,
            "(-1.386, -1.081]": 0.5716666666666665,
            "(-1.081, -0.947]": 0.4713936430317848,
            "(-0.947, -0.449]": 0.7951626016260164,
            "(-0.449, -0.0124]": 0.9720863895680523,
            "(-0.0124, -1.51e-05]": 1.0
        }
    },
    "by_num_target_factors": {
        "group_size": {
            "1": 192,
            "2": 466,
            "3": 501,
            "4": 401,
            "5": 237,
            "6": 131,
            "7": 62,
            "8": 32,
            "9": 12,
            "10": 7,
            "11": 5,
            "12": 1,
            "16": 1
        },
        "correct_product_mean": {
            "1": 0.9947916666666666,
            "2": 0.9957081545064378,
            "3": 0.9740518962075848,
            "4": 0.9501246882793017,
            "5": 0.8270042194092827,
            "6": 0.7404580152671756,
            "7": 0.7258064516129032,
            "8": 0.53125,
            "9": 0.4166666666666667,
            "10": 0.42857142857142855,
            "11": 0.4,
            "12": 1.0,
            "16": 0.0
        },
        "correct_factorization_mean": {
            "1": 0.9947916666666666,
            "2": 0.4613733905579399,
            "3": 0.530938123752495,
            "4": 0.7855361596009975,
            "5": 0.6919831223628692,
            "6": 0.6793893129770993,
            "7": 0.6935483870967742,
            "8": 0.53125,
            "9": 0.4166666666666667,
            "10": 0.42857142857142855,
            "11": 0.4,
            "12": 1.0,
            "16": 0.0
        }
    },
    "by_input_num": {
        "group_size": {
            "(65535.999, 65740.7]": 205,
            "(65740.7, 65945.4]": 205,
            "(65945.4, 66150.1]": 205,
            "(66150.1, 66354.8]": 204,
            "(66354.8, 66559.5]": 205,
            "(66559.5, 66764.2]": 205,
            "(66764.2, 66968.9]": 204,
            "(66968.9, 67173.6]": 205,
            "(67173.6, 67378.3]": 205,
            "(67378.3, 67583.0]": 205
        },
        "correct_product_mean": {
            "(65535.999, 65740.7]": 0.9219512195121952,
            "(65740.7, 65945.4]": 0.9463414634146341,
            "(65945.4, 66150.1]": 0.9414634146341463,
            "(66150.1, 66354.8]": 0.9313725490196079,
            "(66354.8, 66559.5]": 0.9560975609756097,
            "(66559.5, 66764.2]": 0.9073170731707317,
            "(66764.2, 66968.9]": 0.8970588235294118,
            "(66968.9, 67173.6]": 0.9170731707317074,
            "(67173.6, 67378.3]": 0.9219512195121952,
            "(67378.3, 67583.0]": 0.8878048780487805
        },
        "correct_factorization_mean": {
            "(65535.999, 65740.7]": 0.6682926829268293,
            "(65740.7, 65945.4]": 0.6487804878048781,
            "(65945.4, 66150.1]": 0.6585365853658537,
            "(66150.1, 66354.8]": 0.5931372549019608,
            "(66354.8, 66559.5]": 0.6829268292682927,
            "(66559.5, 66764.2]": 0.6048780487804878,
            "(66764.2, 66968.9]": 0.6323529411764706,
            "(66968.9, 67173.6]": 0.6585365853658537,
            "(67173.6, 67378.3]": 0.624390243902439,
            "(67378.3, 67583.0]": 0.6292682926829268
        }
    },
    "pred_same_as_input_beam_0": {
        "0": {
            "input_is_prime": false,
            "pred_same_as_input": false,
            "group_size": 1501,
            "correct_product_mean": 0.8580946035976016,
            "correct_factorization_mean": 0.6788807461692206
        },
        "1": {
            "input_is_prime": false,
            "pred_same_as_input": true,
            "group_size": 355,
            "correct_product_mean": 1.0,
            "correct_factorization_mean": 0.0
        },
        "2": {
            "input_is_prime": true,
            "pred_same_as_input": false,
            "group_size": 1,
            "correct_product_mean": 0.0,
            "correct_factorization_mean": 0.0
        },
        "3": {
            "input_is_prime": true,
            "pred_same_as_input": true,
            "group_size": 191,
            "correct_product_mean": 1.0,
            "correct_factorization_mean": 1.0
        }
    },
    "by_min_factor_composite_only": {
        "0": {
            "min_factor_decile": "(1.999, 3.0]",
            "group_size": 1365,
            "correct_product_mean": 0.8930402930402931,
            "correct_factorization_mean": 0.6608058608058608
        },
        "1": {
            "min_factor_decile": "(3.0, 5.0]",
            "group_size": 136,
            "correct_product_mean": 0.9191176470588235,
            "correct_factorization_mean": 0.8602941176470589
        },
        "2": {
            "min_factor_decile": "(5.0, 17.0]",
            "group_size": 176,
            "correct_product_mean": 1.0,
            "correct_factorization_mean": 0.0
        },
        "3": {
            "min_factor_decile": "(17.0, 257.0]",
            "group_size": 179,
            "correct_product_mean": 1.0,
            "correct_factorization_mean": 0.0
        }
    },
    "loss": 0.11737832892686129,
    "meta": {
        "n_beams": 2,
        "temperature": 1.0
    }
}