{
    "correct": {
        "correct_product": 0.97,
        "correct_factorization": 0.55
    },
    "beam_accuracy": {
        "correct_product": {
            "0": 0.97,
            "1": 0.24
        },
        "correct_factorization": {
            "0": 0.44,
            "1": 0.11
        }
    },
    "by_prob": {
        "correct_product": {
            "(-3.544, -2.579]": 0.0,
            "(-2.579, -2.221]": 0.05,
            "(-2.221, -2.076]": 0.4,
            "(-2.076, -1.923]": 0.35,
            "(-1.923, -1.372]": 0.45,
            "(-1.372, -1.143]": 0.85,
            "(-1.143, -1.069]": 1.0,
            "(-1.069, -0.99]": 1.0,
            "(-0.99, -0.883]": 0.95,
            "(-0.883, -0.184]": 1.0
        },
        "correct_factorization": {
            "(-3.544, -2.579]": 0.0,
            "(-2.579, -2.221]": 0.0,
            "(-2.221, -2.076]": 0.1,
            "(-2.076, -1.923]": 0.1,
            "(-1.923, -1.372]": 0.35,
            "(-1.372, -1.143]": 0.2,
            "(-1.143, -1.069]": 0.45,
            "(-1.069, -0.99]": 0.4,
            "(-0.99, -0.883]": 0.55,
            "(-0.883, -0.184]": 0.6
        },
        "percent_prime_factors_pred": {
            "(-3.544, -2.579]": 0.95,
            "(-2.579, -2.221]": 0.7416666666666667,
            "(-2.221, -2.076]": 0.6791666666666667,
            "(-2.076, -1.923]": 0.8333333333333333,
            "(-1.923, -1.372]": 0.8708333333333332,
            "(-1.372, -1.143]": 0.35,
            "(-1.143, -1.069]": 0.475,
            "(-1.069, -0.99]": 0.5833333333333333,
            "(-0.99, -0.883]": 0.7916666666666666,
            "(-0.883, -0.184]": 0.8875
        }
    },
    "by_n_target_factors": {
        "correct_product_mean": {
            "1": 0.95,
            "2": 0.967741935483871,
            "3": 1.0,
            "4": 1.0,
            "5": 1.0,
            "7": 1.0,
            "8": 0.5
        },
        "correct_product_size": {
            "1": 20,
            "2": 31,
            "3": 27,
            "4": 9,
            "5": 7,
            "7": 4,
            "8": 2
        },
        "correct_factorization_mean": {
            "1": 0.95,
            "2": 0.5161290322580645,
            "3": 0.3333333333333333,
            "4": 0.2222222222222222,
            "5": 0.5714285714285714,
            "7": 1.0,
            "8": 0.5
        },
        "correct_factorization_size": {
            "1": 20,
            "2": 31,
            "3": 27,
            "4": 9,
            "5": 7,
            "7": 4,
            "8": 2
        }
    },
    "by_target_number": {
        "correct_product_mean": {
            "(8.999, 69.8]": 0.8,
            "(69.8, 119.6]": 1.0,
            "(119.6, 162.9]": 1.0,
            "(162.9, 225.4]": 1.0,
            "(225.4, 276.0]": 1.0,
            "(276.0, 309.2]": 1.0,
            "(309.2, 386.3]": 0.9,
            "(386.3, 431.0]": 1.0,
            "(431.0, 470.3]": 1.0,
            "(470.3, 508.0]": 1.0
        },
        "correct_product_size": {
            "(8.999, 69.8]": 10,
            "(69.8, 119.6]": 10,
            "(119.6, 162.9]": 10,
            "(162.9, 225.4]": 10,
            "(225.4, 276.0]": 10,
            "(276.0, 309.2]": 10,
            "(309.2, 386.3]": 10,
            "(386.3, 431.0]": 10,
            "(431.0, 470.3]": 10,
            "(470.3, 508.0]": 10
        },
        "correct_factorization_mean": {
            "(8.999, 69.8]": 0.5,
            "(69.8, 119.6]": 0.6,
            "(119.6, 162.9]": 0.8,
            "(162.9, 225.4]": 0.7,
            "(225.4, 276.0]": 0.3,
            "(276.0, 309.2]": 0.6,
            "(309.2, 386.3]": 0.5,
            "(386.3, 431.0]": 0.4,
            "(431.0, 470.3]": 0.7,
            "(470.3, 508.0]": 0.4
        },
        "correct_factorization_size": {
            "(8.999, 69.8]": 10,
            "(69.8, 119.6]": 10,
            "(119.6, 162.9]": 10,
            "(162.9, 225.4]": 10,
            "(225.4, 276.0]": 10,
            "(276.0, 309.2]": 10,
            "(309.2, 386.3]": 10,
            "(386.3, 431.0]": 10,
            "(431.0, 470.3]": 10,
            "(470.3, 508.0]": 10
        }
    },
    "pred_same_as_target_beam_0": {
        "0": {
            "target_is_prime": false,
            "pred_same_as_target": false,
            "correct_product_mean": 0.96,
            "correct_product_size": 50,
            "correct_factorization_mean": 0.5,
            "correct_factorization_size": 50
        },
        "1": {
            "target_is_prime": false,
            "pred_same_as_target": true,
            "correct_product_mean": 1.0,
            "correct_product_size": 30,
            "correct_factorization_mean": 0.0,
            "correct_factorization_size": 30
        },
        "2": {
            "target_is_prime": true,
            "pred_same_as_target": false,
            "correct_product_mean": 0.0,
            "correct_product_size": 1,
            "correct_factorization_mean": 0.0,
            "correct_factorization_size": 1
        },
        "3": {
            "target_is_prime": true,
            "pred_same_as_target": true,
            "correct_product_mean": 1.0,
            "correct_product_size": 19,
            "correct_factorization_mean": 1.0,
            "correct_factorization_size": 19
        }
    },
    "test_loss": 0.11230301959257499,
    "meta": {
        "n_beams": 2
    }
}