{
    "correct": {
        "correct_product": 0.9342145476772616,
        "correct_factorization": 0.4944223716381418
    },
    "beam_accuracy": {
        "correct_product": {
            "0": 0.9039578239608802,
            "1": 0.21386002444987776
        },
        "correct_factorization": {
            "0": 0.4079309290953545,
            "1": 0.0868734718826406
        }
    },
    "by_prob": {
        "correct_product": {
            "(-9.212, -3.756]": 0.0481283422459893,
            "(-3.756, -2.943]": 0.09663865546218488,
            "(-2.943, -2.477]": 0.2216278181123424,
            "(-2.477, -2.055]": 0.2685255920550038,
            "(-2.055, -1.75]": 0.5999235766144441,
            "(-1.75, -1.639]": 0.8724216959511077,
            "(-1.639, -1.524]": 0.8819258693160107,
            "(-1.524, -1.254]": 0.7826585179526356,
            "(-1.254, -0.681]": 0.8261367978601452,
            "(-0.681, -5.64e-05]": 0.9912146676852559
        },
        "correct_factorization": {
            "(-9.212, -3.756]": 0.006875477463712758,
            "(-3.756, -2.943]": 0.025210084033613446,
            "(-2.943, -2.477]": 0.05349636988918609,
            "(-2.477, -2.055]": 0.0962566844919786,
            "(-2.055, -1.75]": 0.18723729461215133,
            "(-1.75, -1.639]": 0.193659281894576,
            "(-1.639, -1.524]": 0.18570882690103171,
            "(-1.524, -1.254]": 0.26394194041252866,
            "(-1.254, -0.681]": 0.49866259075277036,
            "(-0.681, -5.64e-05]": 0.9629488158899924
        },
        "percent_prime_factors_pred": {
            "(-9.212, -3.756]": 0.8876959874859032,
            "(-3.756, -2.943]": 0.8219184643554468,
            "(-2.943, -2.477]": 0.7332892079261992,
            "(-2.477, -2.055]": 0.7656265536517692,
            "(-2.055, -1.75]": 0.5907495860399937,
            "(-1.75, -1.639]": 0.3768707482993194,
            "(-1.639, -1.524]": 0.40219944684025644,
            "(-1.524, -1.254]": 0.6154693695660107,
            "(-1.254, -0.681]": 0.7913887220918215,
            "(-0.681, -5.64e-05]": 0.9831423478482307
        }
    },
    "by_n_target_factors": {
        "correct_product_mean": {
            "1": 0.9295454545454546,
            "2": 0.926913425345044,
            "3": 0.9234907352062164,
            "4": 0.9258010118043845,
            "5": 0.9457579972183588,
            "6": 0.9760956175298805,
            "7": 0.9834710743801653,
            "8": 0.9940119760479041,
            "9": 1.0,
            "10": 1.0,
            "11": 1.0,
            "12": 1.0,
            "13": 1.0
        },
        "correct_product_size": {
            "1": 1320,
            "2": 3188,
            "3": 3346,
            "4": 2372,
            "5": 1438,
            "6": 753,
            "7": 363,
            "8": 167,
            "9": 84,
            "10": 32,
            "11": 14,
            "12": 7,
            "13": 4
        },
        "correct_factorization_mean": {
            "1": 0.9295454545454546,
            "2": 0.37892095357590966,
            "3": 0.32127913927077106,
            "4": 0.40134907251264756,
            "5": 0.5917941585535466,
            "6": 0.7343957503320053,
            "7": 0.8457300275482094,
            "8": 0.9580838323353293,
            "9": 0.9880952380952381,
            "10": 0.9375,
            "11": 1.0,
            "12": 1.0,
            "13": 1.0
        },
        "correct_factorization_size": {
            "1": 1320,
            "2": 3188,
            "3": 3346,
            "4": 2372,
            "5": 1438,
            "6": 753,
            "7": 363,
            "8": 167,
            "9": 84,
            "10": 32,
            "11": 14,
            "12": 7,
            "13": 4
        }
    },
    "by_target_number": {
        "correct_product_mean": {
            "(5.999, 6350.5]": 0.9877769289533995,
            "(6350.5, 12963.8]": 0.9358288770053476,
            "(12963.8, 19565.5]": 0.9052711993888465,
            "(19565.5, 26498.0]": 0.9204892966360856,
            "(26498.0, 32923.5]": 0.904507257448434,
            "(32923.5, 39478.2]": 0.9258976317799847,
            "(39478.2, 45920.5]": 0.9648318042813455,
            "(45920.5, 52429.8]": 0.9381207028265852,
            "(52429.8, 59009.5]": 0.9113827349121467,
            "(59009.5, 65534.0]": 0.948051948051948
        },
        "correct_product_size": {
            "(5.999, 6350.5]": 1309,
            "(6350.5, 12963.8]": 1309,
            "(12963.8, 19565.5]": 1309,
            "(19565.5, 26498.0]": 1308,
            "(26498.0, 32923.5]": 1309,
            "(32923.5, 39478.2]": 1309,
            "(39478.2, 45920.5]": 1308,
            "(45920.5, 52429.8]": 1309,
            "(52429.8, 59009.5]": 1309,
            "(59009.5, 65534.0]": 1309
        },
        "correct_factorization_mean": {
            "(5.999, 6350.5]": 0.9694423223834988,
            "(6350.5, 12963.8]": 0.7822765469824293,
            "(12963.8, 19565.5]": 0.6187929717341482,
            "(19565.5, 26498.0]": 0.4441896024464832,
            "(26498.0, 32923.5]": 0.46218487394957986,
            "(32923.5, 39478.2]": 0.3537051184110008,
            "(39478.2, 45920.5]": 0.31574923547400613,
            "(45920.5, 52429.8]": 0.3315508021390374,
            "(52429.8, 59009.5]": 0.3284950343773873,
            "(59009.5, 65534.0]": 0.33766233766233766
        },
        "correct_factorization_size": {
            "(5.999, 6350.5]": 1309,
            "(6350.5, 12963.8]": 1309,
            "(12963.8, 19565.5]": 1309,
            "(19565.5, 26498.0]": 1308,
            "(26498.0, 32923.5]": 1309,
            "(32923.5, 39478.2]": 1309,
            "(39478.2, 45920.5]": 1308,
            "(45920.5, 52429.8]": 1309,
            "(52429.8, 59009.5]": 1309,
            "(59009.5, 65534.0]": 1309
        }
    },
    "pred_same_as_target_beam_0": {
        "0": {
            "target_is_prime": false,
            "pred_same_as_target": false,
            "correct_product_mean": 0.9023623385452073,
            "correct_product_size": 11768,
            "correct_factorization_mean": 0.3506968048946295,
            "correct_factorization_size": 11768
        },
        "1": {
            "target_is_prime": true,
            "pred_same_as_target": false,
            "correct_product_mean": 0.0,
            "correct_product_size": 108,
            "correct_factorization_mean": 0.0,
            "correct_factorization_size": 108
        },
        "2": {
            "target_is_prime": true,
            "pred_same_as_target": true,
            "correct_product_mean": 1.0,
            "correct_product_size": 1212,
            "correct_factorization_mean": 1.0,
            "correct_factorization_size": 1212
        }
    },
    "by_min_factor": {
        "0": {
            "min_factor_decile": "(1.999, 3.0]",
            "correct_product_mean": 0.9414819944598338,
            "correct_product_size": 8664,
            "correct_factorization_mean": 0.44032779316712833,
            "correct_factorization_size": 8664
        },
        "1": {
            "min_factor_decile": "(3.0, 5.0]",
            "correct_product_mean": 0.952,
            "correct_product_size": 875,
            "correct_factorization_mean": 0.12571428571428572,
            "correct_factorization_size": 875
        },
        "2": {
            "min_factor_decile": "(5.0, 17.0]",
            "correct_product_mean": 0.8959587274290628,
            "correct_product_size": 1163,
            "correct_factorization_mean": 0.0937231298366294,
            "correct_factorization_size": 1163
        },
        "3": {
            "min_factor_decile": "(17.0, 251.0]",
            "correct_product_mean": 0.9080675422138836,
            "correct_product_size": 1066,
            "correct_factorization_mean": 0.08724202626641651,
            "correct_factorization_size": 1066
        }
    },
    "test_loss": 0.09044032655387688,
    "meta": {
        "n_beams": 2,