{
    "correct": {
        "correct_product": 0.9996927095336867,
        "correct_factorization": 0.27056925558884537
    },
    "beam_accuracy": {
        "correct_product": {
            "0": 0.9994622416839517,
            "1": 0.2197895060305754
        },
        "correct_factorization": {
            "0": 0.2153337942690328,
            "1": 0.05523546131981255
        }
    },
    "by_prob": {
        "correct_product": {
            "(-10.815999999999999, -5.919]": 0.004608294930875576,
            "(-5.919, -2.973]": 0.0311179408374952,
            "(-2.973, -2.638]": 0.2808298117556665,
            "(-2.638, -2.449]": 0.3859447004608295,
            "(-2.449, -1.684]": 0.40145985401459855,
            "(-1.684, -1.566]": 0.9984633115635805,
            "(-1.566, -1.516]": 0.9984639016897081,
            "(-1.516, -1.459]": 0.9996158278908951,
            "(-1.459, -1.368]": 0.9996158278908951,
            "(-1.368, -0.184]": 0.9961597542242704
        },
        "correct_factorization": {
            "(-10.815999999999999, -5.919]": 0.0015360983102918587,
            "(-5.919, -2.973]": 0.0072992700729927005,
            "(-2.973, -2.638]": 0.06146753745678064,
            "(-2.638, -2.449]": 0.08986175115207373,
            "(-2.449, -1.684]": 0.11640414905877833,
            "(-1.684, -1.566]": 0.18901267767960045,
            "(-1.566, -1.516]": 0.19086021505376344,
            "(-1.516, -1.459]": 0.2009220130618517,
            "(-1.459, -1.368]": 0.21475220898962735,
            "(-1.368, -0.184]": 0.28072196620583717
        },
        "percent_prime_factors_pred": {
            "(-10.815999999999999, -5.919]": 0.8453155692202721,
            "(-5.919, -2.973]": 0.7763645732335747,
            "(-2.973, -2.638]": 0.6672531389300544,
            "(-2.638, -2.449]": 0.712495580669548,
            "(-2.449, -1.684]": 0.7842469435631155,
            "(-1.684, -1.566]": 0.21732250333863842,
            "(-1.566, -1.516]": 0.3651724619466546,
            "(-1.516, -1.459]": 0.42687924190037035,
            "(-1.459, -1.368]": 0.524913561275451,
            "(-1.368, -0.184]": 0.7036750361347089
        }
    },
    "by_n_target_factors": {
        "correct_product_mean": {
            "1": 0.9992383853769993,
            "2": 0.9996845425867508,
            "3": 1.0,
            "4": 1.0,
            "5": 1.0,
            "6": 1.0,
            "7": 1.0,
            "8": 0.9940119760479041,
            "9": 0.9893617021276596,
            "10": 1.0,
            "11": 1.0,
            "12": 1.0,
            "13": 1.0,
            "14": 1.0
        },
        "correct_product_size": {
            "1": 1313,
            "2": 3170,
            "3": 3305,
            "4": 2401,
            "5": 1390,
            "6": 762,
            "7": 355,
            "8": 167,
            "9": 94,
            "10": 32,
            "11": 14,
            "12": 8,
            "13": 2,
            "14": 4
        },
        "correct_factorization_mean": {
            "1": 0.9992383853769993,
            "2": 0.3053627760252366,
            "3": 0.1594553706505295,
            "4": 0.12952936276551436,
            "5": 0.12589928057553956,
            "6": 0.12598425196850394,
            "7": 0.17464788732394365,
            "8": 0.20958083832335328,
            "9": 0.20212765957446807,
            "10": 0.21875,
            "11": 0.2857142857142857,
            "12": 0.5,
            "13": 0.0,
            "14": 0.5
        },
        "correct_factorization_size": {
            "1": 1313,
            "2": 3170,
            "3": 3305,
            "4": 2401,
            "5": 1390,
            "6": 762,
            "7": 355,
            "8": 167,
            "9": 94,
            "10": 32,
            "11": 14,
            "12": 8,
            "13": 2,
            "14": 4
        }
    },
    "by_target_number": {
        "correct_product_mean": {
            "(8.999, 6700.4]": 0.9969278033794163,
            "(6700.4, 13267.8]": 1.0,
            "(13267.8, 19602.6]": 1.0,
            "(19602.6, 25978.8]": 1.0,
            "(25978.8, 32651.0]": 1.0,
            "(32651.0, 39298.8]": 1.0,
            "(39298.8, 45796.8]": 1.0,
            "(45796.8, 52327.8]": 1.0,
            "(52327.8, 59017.4]": 1.0,
            "(59017.4, 65521.0]": 1.0
        },
        "correct_product_size": {
            "(8.999, 6700.4]": 1302,
            "(6700.4, 13267.8]": 1302,
            "(13267.8, 19602.6]": 1301,
            "(19602.6, 25978.8]": 1302,
            "(25978.8, 32651.0]": 1302,
            "(32651.0, 39298.8]": 1301,
            "(39298.8, 45796.8]": 1302,
            "(45796.8, 52327.8]": 1301,
            "(52327.8, 59017.4]": 1302,
            "(59017.4, 65521.0]": 1302
        },
        "correct_factorization_mean": {
            "(8.999, 6700.4]": 0.35253456221198154,
            "(6700.4, 13267.8]": 0.29877112135176653,
            "(13267.8, 19602.6]": 0.2682551883166795,
            "(19602.6, 25978.8]": 0.2588325652841782,
            "(25978.8, 32651.0]": 0.2857142857142857,
            "(32651.0, 39298.8]": 0.23366641045349731,
            "(39298.8, 45796.8]": 0.21889400921658986,
            "(45796.8, 52327.8]": 0.2690238278247502,
            "(52327.8, 59017.4]": 0.27956989247311825,
            "(59017.4, 65521.0]": 0.2403993855606759
        },
        "correct_factorization_size": {
            "(8.999, 6700.4]": 1302,
            "(6700.4, 13267.8]": 1302,
            "(13267.8, 19602.6]": 1301,
            "(19602.6, 25978.8]": 1302,
            "(25978.8, 32651.0]": 1302,
            "(32651.0, 39298.8]": 1301,
            "(39298.8, 45796.8]": 1302,
            "(45796.8, 52327.8]": 1301,
            "(52327.8, 59017.4]": 1302,
            "(59017.4, 65521.0]": 1302
        }
    },
    "test_loss": 0.11230301959257499,
    "meta": {
        "n_beams": 2
    }
}