{
    "correct": {
        "correct_product": 0.9264807559345472,
        "correct_factorization": 0.5034954290543135
    },
    "beam_accuracy": {
        "correct_product": {
            "0": 0.8873780440961819,
            "1": 0.21433510025351463
        },
        "correct_factorization": {
            "0": 0.42482906967811324,
            "1": 0.08043327955750172
        }
    },
    "by_prob": {
        "correct_product": {
            "(-10.639999999999999, -3.818]": 0.06874039938556067,
            "(-3.818, -2.934]": 0.11102573953131002,
            "(-2.934, -2.45]": 0.20745293891663466,
            "(-2.45, -2.014]": 0.2465437788018433,
            "(-2.014, -1.755]": 0.606223588167499,
            "(-1.755, -1.648]": 0.8605455243949289,
            "(-1.648, -1.51]": 0.8379416282642089,
            "(-1.51, -1.247]": 0.7645024971187092,
            "(-1.247, -0.509]": 0.8117556665386093,
            "(-0.509, -2.99e-05]": 0.9938556067588326
        },
        "correct_factorization": {
            "(-10.639999999999999, -3.818]": 0.01152073732718894,
            "(-3.818, -2.934]": 0.020361121782558587,
            "(-2.934, -2.45]": 0.051479062620053785,
            "(-2.45, -2.014]": 0.08102918586789555,
            "(-2.014, -1.755]": 0.17287744909719555,
            "(-1.755, -1.648]": 0.19093353822512485,
            "(-1.648, -1.51]": 0.1966205837173579,
            "(-1.51, -1.247]": 0.26892047637341526,
            "(-1.247, -0.509]": 0.5570495582020746,
            "(-0.509, -2.99e-05]": 0.9754224270353302
        },
        "percent_prime_factors_pred": {
            "(-10.639999999999999, -3.818]": 0.8814157733800599,
            "(-3.818, -2.934]": 0.8300668032612006,
            "(-2.934, -2.45]": 0.7533308636554904,
            "(-2.45, -2.014]": 0.7708197705605593,
            "(-2.014, -1.755]": 0.5677793937398244,
            "(-1.755, -1.648]": 0.37211779448621507,
            "(-1.648, -1.51]": 0.4530557384244017,
            "(-1.51, -1.247]": 0.6163181676819806,
            "(-1.247, -0.509]": 0.8238122678960198,
            "(-0.509, -2.99e-05]": 0.990060163850487
        }
    },
    "by_n_target_factors": {
        "correct_product_mean": {
            "1": 0.9177456207159177,
            "2": 0.908832807570978,
            "3": 0.9146747352496218,
            "4": 0.9229487713452728,
            "5": 0.9496402877697842,
            "6": 0.9724409448818898,
            "7": 0.9971830985915493,
            "8": 1.0,
            "9": 0.9893617021276596,
            "10": 1.0,
            "11": 1.0,
            "12": 1.0,
            "13": 1.0,
            "14": 1.0
        },
        "correct_product_size": {
            "1": 1313,
            "2": 3170,
            "3": 3305,
            "4": 2401,
            "5": 1390,
            "6": 762,
            "7": 355,
            "8": 167,
            "9": 94,
            "10": 32,
            "11": 14,
            "12": 8,
            "13": 2,
            "14": 4
        },
        "correct_factorization_mean": {
            "1": 0.9177456207159177,
            "2": 0.3725552050473186,
            "3": 0.33494704992435703,
            "4": 0.4356518117451062,
            "5": 0.5892086330935252,
            "6": 0.7480314960629921,
            "7": 0.8901408450704226,
            "8": 0.9401197604790419,
            "9": 0.9893617021276596,
            "10": 1.0,
            "11": 1.0,
            "12": 1.0,
            "13": 1.0,
            "14": 1.0
        },
        "correct_factorization_size": {
            "1": 1313,
            "2": 3170,
            "3": 3305,
            "4": 2401,
            "5": 1390,
            "6": 762,
            "7": 355,
            "8": 167,
            "9": 94,
            "10": 32,
            "11": 14,
            "12": 8,
            "13": 2,
            "14": 4
        }
    },
    "by_target_number": {
        "correct_product_mean": {
            "(8.999, 6700.4]": 0.9907834101382489,
            "(6700.4, 13267.8]": 0.9170506912442397,
            "(13267.8, 19602.6]": 0.8939277478862413,
            "(19602.6, 25978.8]": 0.9201228878648233,
            "(25978.8, 32651.0]": 0.8817204301075269,
            "(32651.0, 39298.8]": 0.9431206764027671,
            "(39298.8, 45796.8]": 0.9708141321044547,
            "(45796.8, 52327.8]": 0.92467332820907,
            "(52327.8, 59017.4]": 0.8556067588325653,
            "(59017.4, 65521.0]": 0.966973886328725
        },
        "correct_product_size": {
            "(8.999, 6700.4]": 1302,
            "(6700.4, 13267.8]": 1302,
            "(13267.8, 19602.6]": 1301,
            "(19602.6, 25978.8]": 1302,
            "(25978.8, 32651.0]": 1302,
            "(32651.0, 39298.8]": 1301,
            "(39298.8, 45796.8]": 1302,
            "(45796.8, 52327.8]": 1301,
            "(52327.8, 59017.4]": 1302,
            "(59017.4, 65521.0]": 1302
        },
        "correct_factorization_mean": {
            "(8.999, 6700.4]": 0.978494623655914,
            "(6700.4, 13267.8]": 0.7695852534562212,
            "(13267.8, 19602.6]": 0.5903151421983089,
            "(19602.6, 25978.8]": 0.4923195084485407,
            "(25978.8, 32651.0]": 0.46159754224270355,
            "(32651.0, 39298.8]": 0.35588009223674094,
            "(39298.8, 45796.8]": 0.3456221198156682,
            "(45796.8, 52327.8]": 0.37432744043043814,
            "(52327.8, 59017.4]": 0.32565284178187404,
            "(59017.4, 65521.0]": 0.34101382488479265
        },
        "correct_factorization_size": {
            "(8.999, 6700.4]": 1302,
            "(6700.4, 13267.8]": 1302,
            "(13267.8, 19602.6]": 1301,
            "(19602.6, 25978.8]": 1302,
            "(25978.8, 32651.0]": 1302,
            "(32651.0, 39298.8]": 1301,
            "(39298.8, 45796.8]": 1302,
            "(45796.8, 52327.8]": 1301,
            "(52327.8, 59017.4]": 1302,
            "(59017.4, 65521.0]": 1302
        }
    },
    "pred_same_as_target_beam_0": {
        "0": {
            "target_is_prime": false,
            "pred_same_as_target": false,
            "correct_product_mean": 0.8861927546138072,
            "correct_product_size": 11704,
            "correct_factorization_mean": 0.3717532467532468,
            "correct_factorization_size": 11704
        },
        "1": {
            "target_is_prime": true,
            "pred_same_as_target": false,
            "correct_product_mean": 0.0,
            "correct_product_size": 134,
            "correct_factorization_mean": 0.0,
            "correct_factorization_size": 134
        },
        "2": {
            "target_is_prime": true,
            "pred_same_as_target": true,
            "correct_product_mean": 1.0,
            "correct_product_size": 1179,
            "correct_factorization_mean": 1.0,
            "correct_factorization_size": 1179
        }
    },
    "by_min_factor": {
        "0": {
            "min_factor_decile": "(1.999, 3.0]",
            "correct_product_mean": 0.9361330851558864,
            "correct_product_size": 8596,
            "correct_factorization_mean": 0.4678920428106096,
            "correct_factorization_size": 8596
        },
        "1": {
            "min_factor_decile": "(3.0, 5.0]",
            "correct_product_mean": 0.9454756380510441,
            "correct_product_size": 862,
            "correct_factorization_mean": 0.13921113689095127,
            "correct_factorization_size": 862
        },
        "2": {
            "min_factor_decile": "(5.0, 17.0]",
            "correct_product_mean": 0.8806104129263914,
            "correct_product_size": 1114,
            "correct_factorization_mean": 0.08976660682226212,
            "correct_factorization_size": 1114
        },
        "3": {
            "min_factor_decile": "(17.0, 241.0]",
            "correct_product_mean": 0.8939929328621908,
            "correct_product_size": 1132,
            "correct_factorization_mean": 0.09628975265017668,