{
    "correct": {
        "correct_product": 1.0,
        "correct_factorization": 0.8805408312207114
    },
    "beam_accuracy": {
        "correct_product": {
            "0": 0.9302450641468848,
            "1": 0.32081124683106704,
            "2": 0.19866328647153722,
            "3": 0.14304371206883307,
            "4": 0.11692402243220404,
            "5": 0.1041714680802028,
            "6": 0.10086809556733502,
            "7": 0.09917799800261197,
            "8": 0.07828224629330875,
            "9": 0.10117538603364831,
            "10": 0.09449181839133441,
            "11": 0.10839671199201045,
            "12": 0.10255819313205808,
            "13": 0.12038104017822847,
            "14": 0.1189982330798187,
            "15": 0.11561803795037259,
            "16": 0.09879388491972037,
            "17": 0.12153337942690327,
            "18": 0.10394100023046784,
            "19": 0.11484981178458939,
            "20": 0.1004071598678651,
            "21": 0.12061150802796343,
            "22": 0.09541368979027426,
            "23": 0.11292924637013137,
            "24": 0.08988246139663517,
            "25": 0.11116232618882999,
            "26": 0.1048628716294077,
            "27": 0.10517016209572098,
            "28": 0.1018667895828532,
            "29": 0.10755166320964892,
            "30": 0.09741107782131059,
            "31": 0.10555427517861259,
            "32": 0.0721364369670431,
            "33": 0.09018975186294845,
            "34": 0.09226396251056311,
            "35": 0.0721364369670431,
            "36": 0.06967811323653683,
            "37": 0.09011292924637013,
            "38": 0.0896519935469002,
            "39": 0.08765460551586388,
            "40": 0.07305830836598294,
            "41": 0.08803871859875548,
            "42": 0.07981869862487516,
            "43": 0.06737343473918722,
            "44": 0.06791119305523546,
            "45": 0.07951140815856188,
            "46": 0.0672966121226089,
            "47": 0.07021587155258509,
            "48": 0.07405700238150112,
            "49": 0.07428747023123608,
            "50": 0.07083045248521165,
            "51": 0.06237996466159637,
            "52": 0.057616962433740496,
            "53": 0.06445417530921103,
            "54": 0.06353230391027119,
            "55": 0.06307136821080125,
            "56": 0.05723284935084889,
            "57": 0.06576015979104248,
            "58": 0.06291772297764461,
            "59": 0.06529922409157256,
            "60": 0.04655450564646232,
            "61": 0.06176538372896981,
            "62": 0.05600368748559576,
            "63": 0.060689867096873316,
            "64": 0.03748943689022048,
            "65": 0.0517016209572098,
            "66": 0.045325343781209185,
            "67": 0.05377583160482446,
            "68": 0.0397941153875701,
            "69": 0.05124068525773988,
            "70": 0.045171698548052544,
            "71": 0.05369900898824614,
            "72": 0.04901282937696858,
            "73": 0.056541445801644004,
            "74": 0.05185526619036644,
            "75": 0.054083122071137746,
            "76": 0.041561035568871474,
            "77": 0.054006299454559425,
            "78": 0.03748943689022048,
            "79": 0.053084428055619574,
            "80": 0.060689867096873316,
            "81": 0.06383959437658447,
            "82": 0.06422370745947607,
            "83": 0.06299454559422293,
            "84": 0.05185526619036644,
            "85": 0.06591380502419912,
            "86": 0.05923023738188523,
            "87": 0.06399323960974111,
            "88": 0.061304448029499886,
            "89": 0.07144503341783821,
            "90": 0.060305754013981715,
            "91": 0.06529922409157256,
            "92": 0.04678497349619728,
            "93": 0.06391641699316279,
            "94": 0.04325113313359453,
            "95": 0.05969117308135515,
            "96": 0.05938388261504187,
            "97": 0.06714296688945226,
            "98": 0.05830836598294538,
            "99": 0.06368594914342783
        },
        "correct_factorization": {
            "0": 0.4298993623722824,
            "1": 0.11024045478989014,
            "2": 0.06599062764077744,
            "3": 0.05239302450641469,
            "4": 0.04693861872935392,
            "5": 0.049396942459860184,
            "6": 0.05085657217484828,
            "7": 0.056464623185065684,
            "8": 0.04394253668279942,
            "9": 0.06929400015364523,
            "10": 0.0662210954905124,
            "11": 0.08173926403933318,
            "12": 0.07720672966121227,
            "13": 0.0959514481063225,
            "14": 0.09702696473841899,
            "15": 0.09648920642237074,
            "16": 0.0799723438580318,
            "17": 0.10255819313205808,
            "18": 0.08826918644849044,
            "19": 0.09794883613735884,
            "20": 0.08189290927248982,
            "21": 0.10509333947914266,
            "22": 0.07966505339171852,
            "23": 0.09702696473841899,
            "24": 0.07351924406545286,
            "25": 0.09303218867634631,
            "26": 0.08757778289928556,
            "27": 0.08834600906506876,
            "28": 0.08350618422063455,
            "29": 0.08819236383191212,
            "30": 0.07743719751094723,
            "31": 0.08350618422063455,
            "32": 0.05193208880694476,
            "33": 0.06714296688945226,
            "34": 0.06914035492048859,
            "35": 0.0520857340401014,
            "36": 0.049934700775908426,
            "37": 0.06337865867711455,
            "38": 0.06145809326265653,
            "39": 0.060075286164246754,
            "40": 0.045939924713835754,
            "41": 0.05638780056848736,
            "42": 0.05177844357378812,
            "43": 0.041714680802028115,
            "44": 0.0394100023046785,
            "45": 0.04693861872935392,
            "46": 0.03856495352231697,
            "47": 0.041714680802028115,
            "48": 0.042636552200967966,
            "49": 0.04071598678650995,
            "50": 0.037950372589690404,
            "51": 0.029653529999231775,
            "52": 0.02811707766766536,
            "53": 0.031266804947376506,
            "54": 0.030575401398171623,
            "55": 0.03157409541368979,
            "56": 0.023891833755857725,
            "57": 0.02934623953291849,
            "58": 0.02688791580241223,
            "59": 0.028270722900822002,
            "60": 0.01620957209802566,
            "61": 0.025274640854267498,
            "62": 0.021356687408773143,
            "63": 0.023123607590074518,
            "64": 0.010063762771760007,
            "65": 0.018283782745640315,
            "66": 0.014749942383037565,
            "67": 0.019359299377736807,
            "68": 0.010371053238073288,
            "69": 0.01613274948144734,
            "70": 0.013828070984097718,
            "71": 0.01620957209802566,
            "72": 0.014519474533302604,
            "73": 0.017746024429592073,
            "74": 0.015594991165399093,
            "75": 0.017669201813013753,
            "76": 0.0092955366059768,
            "77": 0.01620957209802566,
            "78": 0.009141891372820158,
            "79": 0.017438733963278788,
            "80": 0.018283782745640315,
            "81": 0.019128831528001843,
            "82": 0.019359299377736807,
            "83": 0.019205654144580163,
            "84": 0.01290619958515787,
            "85": 0.019128831528001843,
            "86": 0.01644003994776062,
            "87": 0.020127525543520014,
            "88": 0.01667050779749558,
            "89": 0.022585849274026272,
            "90": 0.017592379196435432,
            "91": 0.01974341246062841,
            "92": 0.011062456787278175,
            "93": 0.01889836367826688,
            "94": 0.012061150802796343,
            "95": 0.01889836367826688,
            "96": 0.01751555657985711,
            "97": 0.021203042175616502,
            "98": 0.018053314895905354,