{
    "correct": {
        "correct_product": 1.0,
        "correct_factorization": 0.3742029653529999
    },
    "beam_accuracy": {
        "correct_product": {
            "0": 0.9994622416839517,
            "1": 0.32772528232311593,
            "2": 0.10048398248444342,
            "3": 0.06299454559422293,
            "4": 0.04086963201966659,
            "5": 0.02542828608742414,
            "6": 0.016900975647230546,
            "7": 0.017438733963278788,
            "8": 0.00460935699469924,
            "9": 0.0016900975647230546
        },
        "correct_factorization": {
            "0": 0.2153337942690328,
            "1": 0.08051010217408006,
            "2": 0.027118383652147193,
            "3": 0.01751555657985711,
            "4": 0.01282937696857955,
            "5": 0.008680955673350234,
            "6": 0.006453099792578935,
            "7": 0.004916647461012522,
            "8": 0.002535146347084582,
            "9": 0.0006914035492048859
        }
    },
    "by_prob": {
        "correct_product": {
            "(-10.898, -9.546]": 0.008450487823615273,
            "(-9.546, -8.247]": 0.00015364523315664132,
            "(-8.247, -6.513]": 0.0017669201813013751,
            "(-6.513, -5.595]": 0.011139279403856495,
            "(-5.595, -5.075]": 0.028347545517400322,
            "(-5.075, -4.61]": 0.04486440808173926,
            "(-4.61, -4.04]": 0.06491511100868096,
            "(-4.04, -3.041]": 0.1007912729507567,
            "(-3.041, -1.683]": 0.3387109164938158,
            "(-1.683, -0.184]": 0.9984635476684336
        },
        "correct_factorization": {
            "(-10.898, -9.546]": 0.0013828070984097719,
            "(-9.546, -8.247]": 0.00015364523315664132,
            "(-8.247, -6.513]": 0.0006914035492048859,
            "(-6.513, -5.595]": 0.002688791580241223,
            "(-5.595, -5.075]": 0.00699085810862718,
            "(-5.075, -4.61]": 0.011523392486748099,
            "(-4.61, -4.04]": 0.018975186294845202,
            "(-4.04, -3.041]": 0.031727740646846435,
            "(-3.041, -1.683]": 0.08711684719981562,
            "(-1.683, -0.184]": 0.2153337942690328
        },
        "percent_prime_factors_pred": {
            "(-10.898, -9.546]": 0.9057522126881352,
            "(-9.546, -8.247]": 0.9528108541821338,
            "(-8.247, -6.513]": 0.9041551252602139,
            "(-6.513, -5.595]": 0.7926994430970047,
            "(-5.595, -5.075]": 0.7305585126165952,
            "(-5.075, -4.61]": 0.7513740800269909,
            "(-4.61, -4.04]": 0.7737694405071663,
            "(-4.04, -3.041]": 0.7988052264671212,
            "(-3.041, -1.683]": 0.7218156972132582,
            "(-1.683, -0.184]": 0.4477525634762396
        }
    },
    "by_n_target_factors": {
        "correct_product_mean": {
            "1": 1.0,
            "2": 1.0,
            "3": 1.0,
            "4": 1.0,
            "5": 1.0,
            "6": 1.0,
            "7": 1.0,
            "8": 1.0,
            "9": 1.0,
            "10": 1.0,
            "11": 1.0,
            "12": 1.0,
            "13": 1.0,
            "14": 1.0
        },
        "correct_product_size": {
            "1": 1313,
            "2": 3170,
            "3": 3305,
            "4": 2401,
            "5": 1390,
            "6": 762,
            "7": 355,
            "8": 167,
            "9": 94,
            "10": 32,
            "11": 14,
            "12": 8,
            "13": 2,
            "14": 4
        },
        "correct_factorization_mean": {
            "1": 1.0,
            "2": 0.4533123028391167,
            "3": 0.253857791225416,
            "4": 0.21949187838400666,
            "5": 0.2093525179856115,
            "6": 0.2388451443569554,
            "7": 0.3464788732394366,
            "8": 0.41317365269461076,
            "9": 0.5212765957446809,
            "10": 0.59375,
            "11": 0.8571428571428571,
            "12": 0.75,
            "13": 0.5,
            "14": 0.75
        },
        "correct_factorization_size": {
            "1": 1313,
            "2": 3170,
            "3": 3305,
            "4": 2401,
            "5": 1390,
            "6": 762,
            "7": 355,
            "8": 167,
            "9": 94,
            "10": 32,
            "11": 14,
            "12": 8,
            "13": 2,
            "14": 4
        }
    },
    "by_target_number": {
        "correct_product_mean": {
            "(8.999, 6700.4]": 1.0,
            "(6700.4, 13267.8]": 1.0,
            "(13267.8, 19602.6]": 1.0,
            "(19602.6, 25978.8]": 1.0,
            "(25978.8, 32651.0]": 1.0,
            "(32651.0, 39298.8]": 1.0,
            "(39298.8, 45796.8]": 1.0,
            "(45796.8, 52327.8]": 1.0,
            "(52327.8, 59017.4]": 1.0,
            "(59017.4, 65521.0]": 1.0
        },
        "correct_product_size": {
            "(8.999, 6700.4]": 1302,
            "(6700.4, 13267.8]": 1302,
            "(13267.8, 19602.6]": 1301,
            "(19602.6, 25978.8]": 1302,
            "(25978.8, 32651.0]": 1302,
            "(32651.0, 39298.8]": 1301,
            "(39298.8, 45796.8]": 1302,
            "(45796.8, 52327.8]": 1301,
            "(52327.8, 59017.4]": 1302,
            "(59017.4, 65521.0]": 1302
        },
        "correct_factorization_mean": {
            "(8.999, 6700.4]": 0.5852534562211982,
            "(6700.4, 13267.8]": 0.43701996927803377,
            "(13267.8, 19602.6]": 0.3697156033820138,
            "(19602.6, 25978.8]": 0.3778801843317972,
            "(25978.8, 32651.0]": 0.35253456221198154,
            "(32651.0, 39298.8]": 0.32667179093005383,
            "(39298.8, 45796.8]": 0.33947772657450076,
            "(45796.8, 52327.8]": 0.3235972328977709,
            "(52327.8, 59017.4]": 0.3241167434715822,
            "(59017.4, 65521.0]": 0.30568356374807987
        },
        "correct_factorization_size": {
            "(8.999, 6700.4]": 1302,
            "(6700.4, 13267.8]": 1302,
            "(13267.8, 19602.6]": 1301,
            "(19602.6, 25978.8]": 1302,
            "(25978.8, 32651.0]": 1302,
            "(32651.0, 39298.8]": 1301,
            "(39298.8, 45796.8]": 1302,
            "(45796.8, 52327.8]": 1301,
            "(52327.8, 59017.4]": 1302,
            "(59017.4, 65521.0]": 1302
        }
    },
    "pred_same_as_target_beam_0": {
        "0": {
            "target_is_prime": false,
            "pred_same_as_target": false,
            "correct_product_mean": 0.9990684676292502,
            "correct_product_size": 6441,
            "correct_factorization_mean": 0.23148579413134607,
            "correct_factorization_size": 6441
        },
        "1": {
            "target_is_prime": false,
            "pred_same_as_target": true,
            "correct_product_mean": 1.0,
            "correct_product_size": 5263,
            "correct_factorization_mean": 0.0,
            "correct_factorization_size": 5263
        },
        "2": {
            "target_is_prime": true,
            "pred_same_as_target": false,
            "correct_product_mean": 0.0,
            "correct_product_size": 1,
            "correct_factorization_mean": 0.0,
            "correct_factorization_size": 1
        },
        "3": {
            "target_is_prime": true,
            "pred_same_as_target": true,
            "correct_product_mean": 1.0,
            "correct_product_size": 1312,
            "correct_factorization_mean": 1.0,
            "correct_factorization_size": 1312
        }
    },
    "test_loss": 0.11230301959257499,
    "meta": {
        "n_beams": 10
    }
}