{
    "correct": {
        "correct_product": 0.9999235941320294,
        "correct_factorization": 0.7165342298288508
    },
    "beam_accuracy": {
        "correct_product": {
            "0": 0.9468215158924206,
            "1": 0.3249541564792176,
            "2": 0.1920843520782396,
            "3": 0.1415036674816626,
            "4": 0.10719743276283619,
            "5": 0.08794315403422982,
            "6": 0.08679706601466992,
            "7": 0.07312041564792177,
            "8": 0.06731356968215159,
            "9": 0.03606356968215159
        },
        "correct_factorization": {
            "0": 0.41274449877750613,
            "1": 0.11644254278728607,
            "2": 0.06578545232273839,
            "3": 0.04714242053789731,
            "4": 0.04133557457212714,
            "5": 0.034077017114914426,
            "6": 0.04125916870415648,
            "7": 0.038126528117359414,
            "8": 0.0402658924205379,
            "9": 0.018719437652811737
        }
    },
    "by_prob": {
        "correct_product": {
            "(-13.462, -5.803]": 0.18490220048899755,
            "(-5.803, -4.64]": 0.0406479217603912,
            "(-4.64, -4.094]": 0.0387377750611247,
            "(-4.094, -3.747]": 0.05409535452322738,
            "(-3.747, -3.487]": 0.07327322738386308,
            "(-3.487, -3.243]": 0.0964242053789731,
            "(-3.243, -2.933]": 0.120950488997555,
            "(-2.933, -2.517]": 0.19238997555012224,
            "(-2.517, -1.713]": 0.3966992665036675,
            "(-1.713, -5.64e-05]": 0.8656784841075794
        },
        "correct_factorization": {
            "(-13.462, -5.803]": 0.1389822738386308,
            "(-5.803, -4.64]": 0.001604523227383863,
            "(-4.64, -4.094]": 0.0058832518337408315,
            "(-4.094, -3.747]": 0.013065403422982885,
            "(-3.747, -3.487]": 0.02047677261613692,
            "(-3.487, -3.243]": 0.028652200488997553,
            "(-3.243, -2.933]": 0.034229828850855744,
            "(-2.933, -2.517]": 0.060207823960880195,
            "(-2.517, -1.713]": 0.12866748166259168,
            "(-1.713, -5.64e-05]": 0.4241289731051345
        },
        "percent_prime_factors_pred": {
            "(-13.462, -5.803]": 0.9104115042455644,
            "(-5.803, -4.64]": 0.8637430782678178,
            "(-4.64, -4.094]": 0.8319548744518085,
            "(-4.094, -3.747]": 0.8054611094131874,
            "(-3.747, -3.487]": 0.7913667433150852,
            "(-3.487, -3.243]": 0.778480499524583,
            "(-3.243, -2.933]": 0.7748700493848679,
            "(-2.933, -2.517]": 0.762519010507622,
            "(-2.517, -1.713]": 0.7085727080665254,
            "(-1.713, -5.64e-05]": 0.6490785816160295
        }
    },
    "by_n_target_factors": {
        "correct_product_mean": {
            "1": 1.0,
            "2": 1.0,
            "3": 0.9997011356843993,
            "4": 1.0,
            "5": 1.0,
            "6": 1.0,
            "7": 1.0,
            "8": 1.0,
            "9": 1.0,
            "10": 1.0,
            "11": 1.0,
            "12": 1.0,
            "13": 1.0
        },
        "correct_product_size": {
            "1": 1320,
            "2": 3188,
            "3": 3346,
            "4": 2372,
            "5": 1438,
            "6": 753,
            "7": 363,
            "8": 167,
            "9": 84,
            "10": 32,
            "11": 14,
            "12": 7,
            "13": 4
        },
        "correct_factorization_mean": {
            "1": 1.0,
            "2": 0.685069008782936,
            "3": 0.5809922295277944,
            "4": 0.6302698145025295,
            "5": 0.7872044506258693,
            "6": 0.8698539176626826,
            "7": 0.9449035812672176,
            "8": 0.9940119760479041,
            "9": 0.9880952380952381,
            "10": 0.96875,
            "11": 1.0,
            "12": 1.0,
            "13": 1.0
        },
        "correct_factorization_size": {
            "1": 1320,
            "2": 3188,
            "3": 3346,
            "4": 2372,
            "5": 1438,
            "6": 753,
            "7": 363,
            "8": 167,
            "9": 84,
            "10": 32,
            "11": 14,
            "12": 7,
            "13": 4
        }
    },
    "by_target_number": {
        "correct_product_mean": {
            "(5.999, 6350.5]": 1.0,
            "(6350.5, 12963.8]": 1.0,
            "(12963.8, 19565.5]": 1.0,
            "(19565.5, 26498.0]": 1.0,
            "(26498.0, 32923.5]": 1.0,
            "(32923.5, 39478.2]": 0.9992360580595875,
            "(39478.2, 45920.5]": 1.0,
            "(45920.5, 52429.8]": 1.0,
            "(52429.8, 59009.5]": 1.0,
            "(59009.5, 65534.0]": 1.0
        },
        "correct_product_size": {
            "(5.999, 6350.5]": 1309,
            "(6350.5, 12963.8]": 1309,
            "(12963.8, 19565.5]": 1309,
            "(19565.5, 26498.0]": 1308,
            "(26498.0, 32923.5]": 1309,
            "(32923.5, 39478.2]": 1309,
            "(39478.2, 45920.5]": 1308,
            "(45920.5, 52429.8]": 1309,
            "(52429.8, 59009.5]": 1309,
            "(59009.5, 65534.0]": 1309
        },
        "correct_factorization_mean": {
            "(5.999, 6350.5]": 0.998472116119175,
            "(6350.5, 12963.8]": 0.9732620320855615,
            "(12963.8, 19565.5]": 0.8976317799847212,
            "(19565.5, 26498.0]": 0.7324159021406728,
            "(26498.0, 32923.5]": 0.7394957983193278,
            "(32923.5, 39478.2]": 0.586707410236822,
            "(39478.2, 45920.5]": 0.5428134556574924,
            "(45920.5, 52429.8]": 0.5676088617265088,
            "(52429.8, 59009.5]": 0.5676088617265088,
            "(59009.5, 65534.0]": 0.5592055003819709
        },
        "correct_factorization_size": {
            "(5.999, 6350.5]": 1309,
            "(6350.5, 12963.8]": 1309,
            "(12963.8, 19565.5]": 1309,
            "(19565.5, 26498.0]": 1308,
            "(26498.0, 32923.5]": 1309,
            "(32923.5, 39478.2]": 1309,
            "(39478.2, 45920.5]": 1308,
            "(45920.5, 52429.8]": 1309,
            "(52429.8, 59009.5]": 1309,
            "(59009.5, 65534.0]": 1309
        }
    },
    "pred_same_as_target_beam_0": {
        "0": {
            "target_is_prime": false,
            "pred_same_as_target": false,
            "correct_product_mean": 0.9433208701563562,
            "correct_product_size": 11768,
            "correct_factorization_mean": 0.34933718558803534,
            "correct_factorization_size": 11768
        },
        "1": {
            "target_is_prime": true,
            "pred_same_as_target": false,
            "correct_product_mean": 0.0,
            "correct_product_size": 29,
            "correct_factorization_mean": 0.0,
            "correct_factorization_size": 29
        },
        "2": {
            "target_is_prime": true,
            "pred_same_as_target": true,
            "correct_product_mean": 1.0,
            "correct_product_size": 1291,
            "correct_factorization_mean": 1.0,
            "correct_factorization_size": 1291
        }
    },
    "by_min_factor": {
        "0": {
            "min_factor_decile": "(1.999, 3.0]",
            "correct_product_mean": 0.9998845798707294,
            "correct_product_size": 8664,
            "correct_factorization_mean": 0.4390581717451524,
            "correct_factorization_size": 8664
        },
        "1": {
            "min_factor_decile": "(3.0, 5.0]",
            "correct_product_mean": 1.0,
            "correct_product_size": 875,
            "correct_factorization_mean": 0.11314285714285714,
            "correct_factorization_size": 875
        },
        "2": {
            "min_factor_decile": "(5.0, 17.0]",
            "correct_product_mean": 1.0,
            "correct_product_size": 1163,
            "correct_factorization_mean": 0.09802235597592433,
            "correct_factorization_size": 1163
        },