{
    "correct": {
        "correct_product": 0.999769532150265,
        "correct_factorization": 0.6410847353460859
    },
    "beam_accuracy": {
        "correct_product": {
            "0": 0.9555197050011524,
            "1": 0.331105477452562,
            "2": 0.1955903818084044,
            "3": 0.14849811784589384,
            "4": 0.11484981178458939,
            "5": 0.08596450795114081,
            "6": 0.07689943919489897,
            "7": 0.064684643158946,
            "8": 0.032035031113159716,
            "9": 0.027272028885303834
        },
        "correct_factorization": {
            "0": 0.32549742644234464,
            "1": 0.11062456787278174,
            "2": 0.06145809326265653,
            "3": 0.056925558884535606,
            "4": 0.042636552200967966,
            "5": 0.03218867634631636,
            "6": 0.03426288699393101,
            "7": 0.03418606437735269,
            "8": 0.00937235922255512,
            "9": 0.010908811554121533
        }
    },
    "by_prob": {
        "correct_product": {
            "(-14.652, -5.562]": 0.12967657678420527,
            "(-5.562, -4.507]": 0.02804025505108704,
            "(-4.507, -4.004]": 0.034493354843665974,
            "(-4.004, -3.694]": 0.05930705999846355,
            "(-3.694, -3.468]": 0.08389029730352615,
            "(-3.468, -3.227]": 0.09641238380579242,
            "(-3.227, -2.924]": 0.1289851732350004,
            "(-2.924, -2.559]": 0.21026350157486365,
            "(-2.559, -1.696]": 0.3776599830990244,
            "(-1.696, -7.87e-06]": 0.8836905585004226
        },
        "correct_factorization": {
            "(-14.652, -5.562]": 0.07743719751094723,
            "(-5.562, -4.507]": 0.0035338403626027502,
            "(-4.507, -4.004]": 0.007835906890988707,
            "(-4.004, -3.694]": 0.015134055465929169,
            "(-3.694, -3.468]": 0.02442959207190597,
            "(-3.468, -3.227]": 0.030191288315280018,
            "(-3.227, -2.924]": 0.04048551893677499,
            "(-2.924, -2.559]": 0.06214949681186141,
            "(-2.559, -1.696]": 0.11830682953061382,
            "(-1.696, -7.87e-06]": 0.33855727126065915
        },
        "percent_prime_factors_pred": {
            "(-14.652, -5.562]": 0.8883883134607734,
            "(-5.562, -4.507]": 0.8490532222209873,
            "(-4.507, -4.004]": 0.8145250838037057,
            "(-4.004, -3.694]": 0.7809340288828605,
            "(-3.694, -3.468]": 0.7641605421969468,
            "(-3.468, -3.227]": 0.7648319474777178,
            "(-3.227, -2.924]": 0.7561824524949691,
            "(-2.924, -2.559]": 0.742185524180224,
            "(-2.559, -1.696]": 0.7134934353245113,
            "(-1.696, -7.87e-06]": 0.5850402891944857
        }
    },
    "by_n_target_factors": {
        "correct_product_mean": {
            "1": 1.0,
            "2": 1.0,
            "3": 0.999697428139183,
            "4": 1.0,
            "5": 0.9992805755395684,
            "6": 0.9986876640419947,
            "7": 1.0,
            "8": 1.0,
            "9": 1.0,
            "10": 1.0,
            "11": 1.0,
            "12": 1.0,
            "13": 1.0,
            "14": 1.0
        },
        "correct_product_size": {
            "1": 1313,
            "2": 3170,
            "3": 3305,
            "4": 2401,
            "5": 1390,
            "6": 762,
            "7": 355,
            "8": 167,
            "9": 94,
            "10": 32,
            "11": 14,
            "12": 8,
            "13": 2,
            "14": 4
        },
        "correct_factorization_mean": {
            "1": 1.0,
            "2": 0.6498422712933754,
            "3": 0.5052950075642966,
            "4": 0.5222823823406914,
            "5": 0.6100719424460431,
            "6": 0.7664041994750657,
            "7": 0.8647887323943662,
            "8": 0.9401197604790419,
            "9": 0.9893617021276596,
            "10": 0.96875,
            "11": 1.0,
            "12": 1.0,
            "13": 1.0,
            "14": 1.0
        },
        "correct_factorization_size": {
            "1": 1313,
            "2": 3170,
            "3": 3305,
            "4": 2401,
            "5": 1390,
            "6": 762,
            "7": 355,
            "8": 167,
            "9": 94,
            "10": 32,
            "11": 14,
            "12": 8,
            "13": 2,
            "14": 4
        }
    },
    "by_target_number": {
        "correct_product_mean": {
            "(8.999, 6700.4]": 1.0,
            "(6700.4, 13267.8]": 1.0,
            "(13267.8, 19602.6]": 1.0,
            "(19602.6, 25978.8]": 0.999231950844854,
            "(25978.8, 32651.0]": 0.999231950844854,
            "(32651.0, 39298.8]": 1.0,
            "(39298.8, 45796.8]": 0.999231950844854,
            "(45796.8, 52327.8]": 1.0,
            "(52327.8, 59017.4]": 1.0,
            "(59017.4, 65521.0]": 1.0
        },
        "correct_product_size": {
            "(8.999, 6700.4]": 1302,
            "(6700.4, 13267.8]": 1302,
            "(13267.8, 19602.6]": 1301,
            "(19602.6, 25978.8]": 1302,
            "(25978.8, 32651.0]": 1302,
            "(32651.0, 39298.8]": 1301,
            "(39298.8, 45796.8]": 1302,
            "(45796.8, 52327.8]": 1301,
            "(52327.8, 59017.4]": 1302,
            "(59017.4, 65521.0]": 1302
        },
        "correct_factorization_mean": {
            "(8.999, 6700.4]": 0.9915514592933948,
            "(6700.4, 13267.8]": 0.858678955453149,
            "(13267.8, 19602.6]": 0.7294388931591084,
            "(19602.6, 25978.8]": 0.6382488479262672,
            "(25978.8, 32651.0]": 0.6213517665130568,
            "(32651.0, 39298.8]": 0.5172943889315911,
            "(39298.8, 45796.8]": 0.500768049155146,
            "(45796.8, 52327.8]": 0.5288239815526518,
            "(52327.8, 59017.4]": 0.5245775729646698,
            "(59017.4, 65521.0]": 0.5
        },
        "correct_factorization_size": {
            "(8.999, 6700.4]": 1302,
            "(6700.4, 13267.8]": 1302,
            "(13267.8, 19602.6]": 1301,
            "(19602.6, 25978.8]": 1302,
            "(25978.8, 32651.0]": 1302,
            "(32651.0, 39298.8]": 1301,
            "(39298.8, 45796.8]": 1302,
            "(45796.8, 52327.8]": 1301,
            "(52327.8, 59017.4]": 1302,
            "(59017.4, 65521.0]": 1302
        }
    },
    "pred_same_as_target_beam_0": {
        "0": {
            "target_is_prime": false,
            "pred_same_as_target": false,
            "correct_product_mean": 0.918054338299737,
            "correct_product_size": 6846,
            "correct_factorization_mean": 0.42973999415717207,
            "correct_factorization_size": 6846
        },
        "1": {
            "target_is_prime": false,
            "pred_same_as_target": true,
            "correct_product_mean": 1.0,
            "correct_product_size": 4858,
            "correct_factorization_mean": 0.0,
            "correct_factorization_size": 4858
        },
        "2": {
            "target_is_prime": true,
            "pred_same_as_target": false,
            "correct_product_mean": 0.0,
            "correct_product_size": 18,
            "correct_factorization_mean": 0.0,
            "correct_factorization_size": 18
        },
        "3": {
            "target_is_prime": true,
            "pred_same_as_target": true,
            "correct_product_mean": 1.0,
            "correct_product_size": 1295,
            "correct_factorization_mean": 1.0,
            "correct_factorization_size": 1295
        }
    },
    "test_loss": 0.09814517758786678,
    "meta": {
        "n_beams": 10
    }
}