{
    "correct": {
        "correct_product": 1.0,
        "correct_factorization": 0.8862316625916871
    },
    "beam_accuracy": {
        "correct_product": {
            "0": 0.9468215158924206,
            "1": 0.3249541564792176,
            "2": 0.1920843520782396,
            "3": 0.13867665036674817,
            "4": 0.10780867970660146,
            "5": 0.09329156479217604,
            "6": 0.08748471882640586,
            "7": 0.08328239608801956,
            "8": 0.06823044009779951,
            "9": 0.08496332518337409,
            "10": 0.07892726161369193,
            "11": 0.08091381418092909,
            "12": 0.0787744498777506,
            "13": 0.08679706601466992,
            "14": 0.08679706601466992,
            "15": 0.09061735941320294,
            "16": 0.07915647921760391,
            "17": 0.09672982885085575,
            "18": 0.07961491442542787,
            "19": 0.09382640586797066,
            "20": 0.07694070904645477,
            "21": 0.09481968215158924,
            "22": 0.07808679706601467,
            "23": 0.09275672371638141,
            "24": 0.07548899755501222,
            "25": 0.08610941320293398,
            "26": 0.08618581907090464,
            "27": 0.08832518337408313,
            "28": 0.08037897310513448,
            "29": 0.08962408312958435,
            "30": 0.08297677261613692,
            "31": 0.08824877750611247,
            "32": 0.06532701711491443,
            "33": 0.08641503667481662,
            "34": 0.08366442542787286,
            "35": 0.06624388753056235,
            "36": 0.06196515892420538,
            "37": 0.09466687041564792,
            "38": 0.08404645476772617,
            "39": 0.07846882640586797,
            "40": 0.07854523227383862,
            "41": 0.08779034229828851,
            "42": 0.0828239608801956,
            "43": 0.0722799511002445,
            "44": 0.06983496332518338,
            "45": 0.08351161369193154,
            "46": 0.07923288508557458,
            "47": 0.07716992665036675,
            "48": 0.07885085574572127,
            "49": 0.07869804400977995,
            "50": 0.07671149144254279,
            "51": 0.06838325183374083,
            "52": 0.06693154034229828,
            "53": 0.07915647921760391,
            "54": 0.07510696821515893,
            "55": 0.07319682151589242,
            "56": 0.06815403422982885,
            "57": 0.07831601466992665,
            "58": 0.06731356968215159,
            "59": 0.0726619804400978,
            "60": 0.06494498777506112,
            "61": 0.07159229828850856,
            "62": 0.06433374083129584,
            "63": 0.06349327628361859,
            "64": 0.05035146699266504,
            "65": 0.06899449877750612,
            "66": 0.05676955990220049,
            "67": 0.06563264058679706,
            "68": 0.04874694376528117,
            "69": 0.06081907090464548,
            "70": 0.04698960880195599,
            "71": 0.06013141809290953,
            "72": 0.05035146699266504,
            "73": 0.059443765281173594,
            "74": 0.055547066014669924,
            "75": 0.05860330073349633,
            "76": 0.04676039119804401,
            "77": 0.060666259168704155,
            "78": 0.04339853300733496,
            "79": 0.0542481662591687,
            "80": 0.05768643031784841,
            "81": 0.05883251833740831,
            "82": 0.05791564792176039,
            "83": 0.06013141809290953,
            "84": 0.05187958435207824,
            "85": 0.0617359413202934,
            "86": 0.05478300733496332,
            "87": 0.0628820293398533,
            "88": 0.053178484107579464,
            "89": 0.05455378973105134,
            "90": 0.05569987775061125,
            "91": 0.05883251833740831,
            "92": 0.0406479217603912,
            "93": 0.06830684596577018,
            "94": 0.04118276283618582,
            "95": 0.0617359413202934,
            "96": 0.06081907090464548,
            "97": 0.066320293398533,
            "98": 0.0640281173594132,
            "99": 0.06738997555012224
        },
        "correct_factorization": {
            "0": 0.41274449877750613,
            "1": 0.11644254278728607,
            "2": 0.06578545232273839,
            "3": 0.04439180929095354,
            "4": 0.040571515892420536,
            "5": 0.0387377750611247,
            "6": 0.03705684596577017,
            "7": 0.0406479217603912,
            "8": 0.0323960880195599,
            "9": 0.05249083129584352,
            "10": 0.05065709046454768,
            "11": 0.05669315403422983,
            "12": 0.05623471882640587,
            "13": 0.0647921760391198,
            "14": 0.06593826405867971,
            "15": 0.07121026894865526,
            "16": 0.05783924205378973,
            "17": 0.0790036674816626,
            "18": 0.06196515892420538,
            "19": 0.07770476772616138,
            "20": 0.06013141809290953,
            "21": 0.07976772616136919,
            "22": 0.06318765281173594,
            "23": 0.07640586797066015,
            "24": 0.06181234718826406,
            "25": 0.06876528117359414,
            "26": 0.06899449877750612,
            "27": 0.0711338630806846,
            "28": 0.06494498777506112,
            "29": 0.07174511002444987,
            "30": 0.06609107579462102,
            "31": 0.07044621026894865,
            "32": 0.04607273838630807,
            "33": 0.06463936430317849,
            "34": 0.06334046454767726,
            "35": 0.04599633251833741,
            "36": 0.04232885085574572,
            "37": 0.06616748166259169,
            "38": 0.060207823960880195,
            "39": 0.053407701711491444,
            "40": 0.05111552567237164,
            "41": 0.05646393643031785,
            "42": 0.0550122249388753,
            "43": 0.04645476772616137,
            "44": 0.04171760391198044,
            "45": 0.05035146699266504,
            "46": 0.0504278728606357,
            "47": 0.04775366748166259,
            "48": 0.04721882640586797,
            "49": 0.04500305623471883,
            "50": 0.046378361858190706,
            "51": 0.03782090464547677,
            "52": 0.037668092909535454,
            "53": 0.0448502444987775,
            "54": 0.0417940097799511,
            "55": 0.03827933985330073,
            "56": 0.03484107579462103,
            "57": 0.042940097799511,
            "58": 0.03575794621026895,
            "59": 0.03675122249388753,
            "60": 0.03063875305623472,
            "61": 0.03606356968215159,
            "62": 0.03270171149144254,
            "63": 0.030944376528117358,
            "64": 0.02131723716381418,
            "65": 0.032625305623471886,
            "66": 0.027353300733496334,
            "67": 0.030180317848410756,
            "68": 0.01986552567237164,
            "69": 0.02727689486552567,
            "70": 0.01986552567237164,
            "71": 0.024984718826405867,
            "72": 0.02062958435207824,
            "73": 0.023303789731051346,
            "74": 0.024144254278728607,
            "75": 0.022616136919315404,
            "76": 0.017114914425427872,
            "77": 0.022921760391198046,
            "78": 0.015357579462102689,
            "79": 0.019025061124694376,
            "80": 0.02024755501222494,
            "81": 0.019254278728606355,
            "82": 0.02062958435207824,
            "83": 0.019559902200488997,
            "84": 0.016427261613691933,
            "85": 0.02055317848410758,
            "86": 0.01650366748166259,
            "87": 0.018184596577017115,
            "88": 0.014975550122249388,
            "89": 0.016427261613691933,
            "90": 0.018948655256723717,
            "91": 0.017726161369193152,
            "92": 0.011613691931540342,
            "93": 0.0214700488997555,
            "94": 0.011995721271393643,
            "95": 0.019330684596577018,
            "96": 0.01696210268948655,
            "97": 0.020171149144254278,
            "98": 0.02024755501222494,