{
    "correct": {
        "correct_product": 0.9994622416839517,
        "correct_factorization": 0.7242836291004071
    },
    "beam_accuracy": {
        "correct_product": {
            "0": 0.9302450641468848,
            "1": 0.3201966658984405,
            "2": 0.1963586079741876,
            "3": 0.14227548590304986,
            "4": 0.11208419758776984,
            "5": 0.09310901129292463,
            "6": 0.092955366059768,
            "7": 0.08289160328800799,
            "8": 0.06360912652684951,
            "9": 0.03257278942920796
        },
        "correct_factorization": {
            "0": 0.4298993623722824,
            "1": 0.10962587385726358,
            "2": 0.06360912652684951,
            "3": 0.05154797572405316,
            "4": 0.04348160098332949,
            "5": 0.039102711838365216,
            "6": 0.04693861872935392,
            "7": 0.04555581163094415,
            "8": 0.03771990473995544,
            "9": 0.011907505569639702
        }
    },
    "by_prob": {
        "correct_product": {
            "(-14.375, -6.096]": 0.2074978873780441,
            "(-6.096, -4.736]": 0.05285396020588461,
            "(-4.736, -4.121]": 0.0397941153875701,
            "(-4.121, -3.746]": 0.05216255665667972,
            "(-3.746, -3.481]": 0.07152185603441653,
            "(-3.481, -3.222]": 0.09387723745870784,
            "(-3.222, -2.917]": 0.12122608896058999,
            "(-2.917, -2.51]": 0.18283782745640317,
            "(-2.51, -1.719]": 0.39579012061150803,
            "(-1.719, -2.99e-05]": 0.8487362679572866
        },
        "correct_factorization": {
            "(-14.375, -6.096]": 0.1550280402550511,
            "(-6.096, -4.736]": 0.0010755166320964892,
            "(-4.736, -4.121]": 0.0036874855957593914,
            "(-4.121, -3.746]": 0.009833294922025044,
            "(-3.746, -3.481]": 0.018053314895905354,
            "(-3.481, -3.222]": 0.031343627563954826,
            "(-3.222, -2.917]": 0.038795421372051934,
            "(-2.917, -2.51]": 0.05631097795190904,
            "(-2.51, -1.719]": 0.12330029960820466,
            "(-1.719, -2.99e-05]": 0.44196051317507873
        },
        "percent_prime_factors_pred": {
            "(-14.375, -6.096]": 0.9033072232369497,
            "(-6.096, -4.736]": 0.8705553848386138,
            "(-4.736, -4.121]": 0.8361795503072231,
            "(-4.121, -3.746]": 0.8070079907715191,
            "(-3.746, -3.481]": 0.7882245866516366,
            "(-3.481, -3.222]": 0.7856314880052994,
            "(-3.222, -2.917]": 0.7742543023713765,
            "(-2.917, -2.51]": 0.7573408582915377,
            "(-2.51, -1.719]": 0.6923728250358886,
            "(-1.719, -2.99e-05]": 0.6660936979846941
        }
    },
    "by_n_target_factors": {
        "correct_product_mean": {
            "1": 0.9992383853769993,
            "2": 0.9993690851735015,
            "3": 0.9987897125567322,
            "4": 1.0,
            "5": 1.0,
            "6": 1.0,
            "7": 1.0,
            "8": 1.0,
            "9": 1.0,
            "10": 1.0,
            "11": 1.0,
            "12": 1.0,
            "13": 1.0,
            "14": 1.0
        },
        "correct_product_size": {
            "1": 1313,
            "2": 3170,
            "3": 3305,
            "4": 2401,
            "5": 1390,
            "6": 762,
            "7": 355,
            "8": 167,
            "9": 94,
            "10": 32,
            "11": 14,
            "12": 8,
            "13": 2,
            "14": 4
        },
        "correct_factorization_mean": {
            "1": 0.9992383853769993,
            "2": 0.6779179810725552,
            "3": 0.5833585476550681,
            "4": 0.6801332778009163,
            "5": 0.781294964028777,
            "6": 0.8779527559055118,
            "7": 0.9464788732394366,
            "8": 0.9640718562874252,
            "9": 1.0,
            "10": 1.0,
            "11": 1.0,
            "12": 1.0,
            "13": 1.0,
            "14": 1.0
        },
        "correct_factorization_size": {
            "1": 1313,
            "2": 3170,
            "3": 3305,
            "4": 2401,
            "5": 1390,
            "6": 762,
            "7": 355,
            "8": 167,
            "9": 94,
            "10": 32,
            "11": 14,
            "12": 8,
            "13": 2,
            "14": 4
        }
    },
    "by_target_number": {
        "correct_product_mean": {
            "(8.999, 6700.4]": 1.0,
            "(6700.4, 13267.8]": 0.999231950844854,
            "(13267.8, 19602.6]": 0.9992313604919293,
            "(19602.6, 25978.8]": 0.999231950844854,
            "(25978.8, 32651.0]": 0.999231950844854,
            "(32651.0, 39298.8]": 1.0,
            "(39298.8, 45796.8]": 0.9984639016897081,
            "(45796.8, 52327.8]": 0.9992313604919293,
            "(52327.8, 59017.4]": 1.0,
            "(59017.4, 65521.0]": 1.0
        },
        "correct_product_size": {
            "(8.999, 6700.4]": 1302,
            "(6700.4, 13267.8]": 1302,
            "(13267.8, 19602.6]": 1301,
            "(19602.6, 25978.8]": 1302,
            "(25978.8, 32651.0]": 1302,
            "(32651.0, 39298.8]": 1301,
            "(39298.8, 45796.8]": 1302,
            "(45796.8, 52327.8]": 1301,
            "(52327.8, 59017.4]": 1302,
            "(59017.4, 65521.0]": 1302
        },
        "correct_factorization_mean": {
            "(8.999, 6700.4]": 0.9976958525345622,
            "(6700.4, 13267.8]": 0.9715821812596006,
            "(13267.8, 19602.6]": 0.8785549577248271,
            "(19602.6, 25978.8]": 0.7657450076804916,
            "(25978.8, 32651.0]": 0.7711213517665131,
            "(32651.0, 39298.8]": 0.5826287471176018,
            "(39298.8, 45796.8]": 0.5691244239631337,
            "(45796.8, 52327.8]": 0.568793235972329,
            "(52327.8, 59017.4]": 0.5721966205837173,
            "(59017.4, 65521.0]": 0.565284178187404
        },
        "correct_factorization_size": {
            "(8.999, 6700.4]": 1302,
            "(6700.4, 13267.8]": 1302,
            "(13267.8, 19602.6]": 1301,
            "(19602.6, 25978.8]": 1302,
            "(25978.8, 32651.0]": 1302,
            "(32651.0, 39298.8]": 1301,
            "(39298.8, 45796.8]": 1302,
            "(45796.8, 52327.8]": 1301,
            "(52327.8, 59017.4]": 1302,
            "(59017.4, 65521.0]": 1302
        }
    },
    "pred_same_as_target_beam_0": {
        "0": {
            "target_is_prime": false,
            "pred_same_as_target": false,
            "correct_product_mean": 0.9270334928229665,
            "correct_product_size": 11704,
            "correct_factorization_mean": 0.3705570745044429,
            "correct_factorization_size": 11704
        },
        "1": {
            "target_is_prime": true,
            "pred_same_as_target": false,
            "correct_product_mean": 0.0,
            "correct_product_size": 54,
            "correct_factorization_mean": 0.0,
            "correct_factorization_size": 54
        },
        "2": {
            "target_is_prime": true,
            "pred_same_as_target": true,
            "correct_product_mean": 1.0,
            "correct_product_size": 1259,
            "correct_factorization_mean": 1.0,
            "correct_factorization_size": 1259
        }
    },
    "by_min_factor": {
        "0": {
            "min_factor_decile": "(1.999, 3.0]",
            "correct_product_mean": 0.9994183341088878,
            "correct_product_size": 8596,
            "correct_factorization_mean": 0.466379711493718,
            "correct_factorization_size": 8596
        },
        "1": {
            "min_factor_decile": "(3.0, 5.0]",
            "correct_product_mean": 1.0,
            "correct_product_size": 862,
            "correct_factorization_mean": 0.13225058004640372,
            "correct_factorization_size": 862
        },
        "2": {
            "min_factor_decile": "(5.0, 17.0]",
            "correct_product_mean": 0.9991023339317774,