{
    "correct": {
        "correct_product": 0.9591681845780207,
        "correct_factorization": 0.7278384942319368
    },
    "beam_accuracy": {
        "correct_product": {
            "0": 0.9309350333940498,
            "1": 0.16833636915604128
        },
        "correct_factorization": {
            "0": 0.6578627808136005,
            "1": 0.07027929568913176
        }
    },
    "by_prob": {
        "group_size": {
            "(-15.51, -7.305]": 1318.0,
            "(-7.305, -3.346]": 1318.0,
            "(-3.346, -2.638]": 1317.0,
            "(-2.638, -2.049]": 1318.0,
            "(-2.049, -1.352]": 1317.0,
            "(-1.352, -0.94]": 1318.0,
            "(-0.94, -0.726]": 1317.0,
            "(-0.726, -0.135]": 1318.0,
            "(-0.135, -0.00111]": 1317.0,
            "(-0.00111, -3.58e-07]": 1318.0
        },
        "correct_product": {
            "(-15.51, -7.305]": 0.09711684370257967,
            "(-7.305, -3.346]": 0.16919575113808802,
            "(-3.346, -2.638]": 0.11465451784358391,
            "(-2.638, -2.049]": 0.15402124430955993,
            "(-2.049, -1.352]": 0.3211845102505695,
            "(-1.352, -0.94]": 0.8125948406676783,
            "(-0.94, -0.726]": 0.935459377372817,
            "(-0.726, -0.135]": 0.8975720789074355,
            "(-0.135, -0.00111]": 0.9946848899012908,
            "(-0.00111, -3.58e-07]": 1.0
        },
        "correct_factorization": {
            "(-15.51, -7.305]": 0.0,
            "(-7.305, -3.346]": 0.00834597875569044,
            "(-3.346, -2.638]": 0.04403948367501898,
            "(-2.638, -2.049]": 0.08725341426403642,
            "(-2.049, -1.352]": 0.19741837509491267,
            "(-1.352, -0.94]": 0.330804248861912,
            "(-0.94, -0.726]": 0.35990888382687924,
            "(-0.726, -0.135]": 0.6229135053110774,
            "(-0.135, -0.00111]": 0.9901290812452543,
            "(-0.00111, -3.58e-07]": 1.0
        },
        "percent_prime_factors_pred": {
            "(-15.51, -7.305]": 0.8799786834308805,
            "(-7.305, -3.346]": 0.8991274658573583,
            "(-3.346, -2.638]": 0.8218931915970631,
            "(-2.638, -2.049]": 0.8662927234626772,
            "(-2.049, -1.352]": 0.8934688023526277,
            "(-1.352, -0.94]": 0.6189554881133024,
            "(-0.94, -0.726]": 0.5269298911667931,
            "(-0.726, -0.135]": 0.8522689500686458,
            "(-0.135, -0.00111]": 0.9987724626676789,
            "(-0.00111, -3.58e-07]": 1.0
        }
    },
    "by_num_target_factors": {
        "group_size": {
            "1": 668,
            "2": 1601,
            "3": 1720,
            "4": 1198,
            "5": 715,
            "6": 373,
            "7": 165,
            "8": 79,
            "9": 35,
            "10": 20,
            "11": 8,
            "12": 3,
            "13": 3
        },
        "correct_product_mean": {
            "1": 0.9970059880239521,
            "2": 0.9925046845721424,
            "3": 0.9808139534883721,
            "4": 0.9766277128547579,
            "5": 0.9538461538461539,
            "6": 0.8605898123324397,
            "7": 0.793939393939394,
            "8": 0.620253164556962,
            "9": 0.45714285714285713,
            "10": 0.25,
            "11": 0.25,
            "12": 0.3333333333333333,
            "13": 0.0
        },
        "correct_factorization_mean": {
            "1": 0.9970059880239521,
            "2": 0.6271080574640849,
            "3": 0.6383720930232558,
            "4": 0.7921535893155259,
            "5": 0.827972027972028,
            "6": 0.7694369973190348,
            "7": 0.7636363636363637,
            "8": 0.620253164556962,
            "9": 0.45714285714285713,
            "10": 0.25,
            "11": 0.25,
            "12": 0.3333333333333333,
            "13": 0.0
        }
    },
    "by_input_num": {
        "group_size": {
            "(7.999, 6350.5]": 659,
            "(6350.5, 12996.8]": 659,
            "(12996.8, 19472.5]": 659,
            "(19472.5, 26116.8]": 658,
            "(26116.8, 32574.0]": 659,
            "(32574.0, 39331.6]": 659,
            "(39331.6, 46013.7]": 658,
            "(46013.7, 52699.4]": 659,
            "(52699.4, 59007.6]": 659,
            "(59007.6, 65528.0]": 659
        },
        "correct_product_mean": {
            "(7.999, 6350.5]": 0.9878603945371776,
            "(6350.5, 12996.8]": 0.9757207890743551,
            "(12996.8, 19472.5]": 0.9711684370257967,
            "(19472.5, 26116.8]": 0.9696048632218845,
            "(26116.8, 32574.0]": 0.9514415781487102,
            "(32574.0, 39331.6]": 0.9393019726858877,
            "(39331.6, 46013.7]": 0.9452887537993921,
            "(46013.7, 52699.4]": 0.9347496206373292,
            "(52699.4, 59007.6]": 0.9575113808801214,
            "(59007.6, 65528.0]": 0.9590288315629742
        },
        "correct_factorization_mean": {
            "(7.999, 6350.5]": 0.9878603945371776,
            "(6350.5, 12996.8]": 0.9347496206373292,
            "(12996.8, 19472.5]": 0.849772382397572,
            "(19472.5, 26116.8]": 0.7629179331306991,
            "(26116.8, 32574.0]": 0.701062215477997,
            "(32574.0, 39331.6]": 0.6312594840667678,
            "(39331.6, 46013.7]": 0.6139817629179332,
            "(46013.7, 52699.4]": 0.6024279210925645,
            "(52699.4, 59007.6]": 0.6054628224582701,
            "(59007.6, 65528.0]": 0.5887708649468892
        }
    },
    "pred_same_as_input_beam_0": {
        "0": {
            "input_is_prime": false,
            "pred_same_as_input": false,
            "group_size": 4939,
            "correct_product_mean": 0.9088884389552541,
            "correct_factorization_mean": 0.7432678679894715
        },
        "1": {
            "input_is_prime": false,
            "pred_same_as_input": true,
            "group_size": 981,
            "correct_product_mean": 1.0,
            "correct_factorization_mean": 0.0
        },
        "2": {
            "input_is_prime": true,
            "pred_same_as_input": false,
            "group_size": 5,
            "correct_product_mean": 0.0,
            "correct_factorization_mean": 0.0
        },
        "3": {
            "input_is_prime": true,
            "pred_same_as_input": true,
            "group_size": 663,
            "correct_product_mean": 1.0,
            "correct_factorization_mean": 1.0
        }
    },
    "by_min_factor_composite_only": {
        "0": {
            "min_factor_decile": "(1.999, 3.0]",
            "group_size": 4339,
            "correct_product_mean": 0.945840055312284,
            "correct_factorization_mean": 0.7356533763539986
        },
        "1": {
            "min_factor_decile": "(3.0, 5.0]",
            "group_size": 447,
            "correct_product_mean": 0.9530201342281879,
            "correct_factorization_mean": 0.7807606263982103
        },
        "2": {
            "min_factor_decile": "(5.0, 17.0]",
            "group_size": 614,
            "correct_product_mean": 0.99185667752443,
            "correct_factorization_mean": 0.11726384364820847
        },
        "3": {
            "min_factor_decile": "(17.0, 241.0]",
            "group_size": 520,
            "correct_product_mean": 0.9884615384615385,
            "correct_factorization_mean": 0.11153846153846154
        }
    },
    "test_loss": 0.07038509731109326,
    "meta": {
        "n_beams": 2,
        "temperature": 1.0
    }
}