{
    "correct": {
        "correct_product": 0.89697265625,
        "correct_factorization": 0.51611328125
    },
    "beam_accuracy": {
        "correct_product": {
            "0": 0.86572265625,
            "1": 0.115234375
        },
        "correct_factorization": {
            "0": 0.45361328125,
            "1": 0.0625
        }
    },
    "by_prob": {
        "group_size": {
            "(-12.120999999999999, -3.966]": 410.0,
            "(-3.966, -3.096]": 410.0,
            "(-3.096, -2.623]": 409.0,
            "(-2.623, -2.087]": 410.0,
            "(-2.087, -1.512]": 409.0,
            "(-1.512, -1.102]": 410.0,
            "(-1.102, -0.957]": 409.0,
            "(-0.957, -0.84]": 410.0,
            "(-0.84, -0.368]": 409.0,
            "(-0.368, -5.13e-06]": 410.0
        },
        "correct_product": {
            "(-12.120999999999999, -3.966]": 0.07804878048780488,
            "(-3.966, -3.096]": 0.04390243902439024,
            "(-3.096, -2.623]": 0.08557457212713937,
            "(-2.623, -2.087]": 0.12195121951219512,
            "(-2.087, -1.512]": 0.21515892420537897,
            "(-1.512, -1.102]": 0.6804878048780488,
            "(-1.102, -0.957]": 0.9462102689486552,
            "(-0.957, -0.84]": 0.9536585365853658,
            "(-0.84, -0.368]": 0.8533007334963325,
            "(-0.368, -5.13e-06]": 0.926829268292683
        },
        "correct_factorization": {
            "(-12.120999999999999, -3.966]": 0.007317073170731708,
            "(-3.966, -3.096]": 0.014634146341463415,
            "(-3.096, -2.623]": 0.029339853300733496,
            "(-2.623, -2.087]": 0.08536585365853659,
            "(-2.087, -1.512]": 0.12469437652811736,
            "(-1.512, -1.102]": 0.24146341463414633,
            "(-1.102, -0.957]": 0.3643031784841076,
            "(-0.957, -0.84]": 0.348780487804878,
            "(-0.84, -0.368]": 0.46943765281173594,
            "(-0.368, -5.13e-06]": 0.8951219512195122
        },
        "percent_prime_factors_pred": {
            "(-12.120999999999999, -3.966]": 0.9279239256678286,
            "(-3.966, -3.096]": 0.8506910569105697,
            "(-3.096, -2.623]": 0.8434800325998377,
            "(-2.623, -2.087]": 0.9043089430894311,
            "(-2.087, -1.512]": 0.9260973337990458,
            "(-1.512, -1.102]": 0.7025609756097563,
            "(-1.102, -0.957]": 0.4813773431132845,
            "(-0.957, -0.84]": 0.6031707317073169,
            "(-0.84, -0.368]": 0.8271393643031787,
            "(-0.368, -5.13e-06]": 0.9891869918699189
        }
    },
    "by_num_target_factors": {
        "group_size": {
            "1": 192,
            "2": 466,
            "3": 501,
            "4": 401,
            "5": 237,
            "6": 131,
            "7": 62,
            "8": 32,
            "9": 12,
            "10": 7,
            "11": 5,
            "12": 1,
            "16": 1
        },
        "correct_product_mean": {
            "1": 1.0,
            "2": 0.9957081545064378,
            "3": 0.9680638722554891,
            "4": 0.9002493765586035,
            "5": 0.7890295358649789,
            "6": 0.6335877862595419,
            "7": 0.6290322580645161,
            "8": 0.625,
            "9": 0.3333333333333333,
            "10": 0.2857142857142857,
            "11": 0.0,
            "12": 0.0,
            "16": 0.0
        },
        "correct_factorization_mean": {
            "1": 1.0,
            "2": 0.4656652360515021,
            "3": 0.35728542914171657,
            "4": 0.5062344139650873,
            "5": 0.6075949367088608,
            "6": 0.48854961832061067,
            "7": 0.5161290322580645,
            "8": 0.625,
            "9": 0.3333333333333333,
            "10": 0.2857142857142857,
            "11": 0.0,
            "12": 0.0,
            "16": 0.0
        }
    },
    "by_input_num": {
        "group_size": {
            "(65535.999, 65740.7]": 205,
            "(65740.7, 65945.4]": 205,
            "(65945.4, 66150.1]": 205,
            "(66150.1, 66354.8]": 204,
            "(66354.8, 66559.5]": 205,
            "(66559.5, 66764.2]": 205,
            "(66764.2, 66968.9]": 204,
            "(66968.9, 67173.6]": 205,
            "(67173.6, 67378.3]": 205,
            "(67378.3, 67583.0]": 205
        },
        "correct_product_mean": {
            "(65535.999, 65740.7]": 0.9365853658536586,
            "(65740.7, 65945.4]": 0.9414634146341463,
            "(65945.4, 66150.1]": 0.9609756097560975,
            "(66150.1, 66354.8]": 0.9313725490196079,
            "(66354.8, 66559.5]": 0.9121951219512195,
            "(66559.5, 66764.2]": 0.8878048780487805,
            "(66764.2, 66968.9]": 0.8774509803921569,
            "(66968.9, 67173.6]": 0.8585365853658536,
            "(67173.6, 67378.3]": 0.8439024390243902,
            "(67378.3, 67583.0]": 0.8195121951219512
        },
        "correct_factorization_mean": {
            "(65535.999, 65740.7]": 0.5658536585365853,
            "(65740.7, 65945.4]": 0.5414634146341464,
            "(65945.4, 66150.1]": 0.5414634146341464,
            "(66150.1, 66354.8]": 0.4852941176470588,
            "(66354.8, 66559.5]": 0.526829268292683,
            "(66559.5, 66764.2]": 0.4975609756097561,
            "(66764.2, 66968.9]": 0.5147058823529411,
            "(66968.9, 67173.6]": 0.47804878048780486,
            "(67173.6, 67378.3]": 0.5073170731707317,
            "(67378.3, 67583.0]": 0.5024390243902439
        }
    },
    "pred_same_as_input_beam_0": {
        "0": {
            "input_is_prime": false,
            "pred_same_as_input": false,
            "group_size": 1503,
            "correct_product_mean": 0.8170326014637392,
            "correct_factorization_mean": 0.490352628077179
        },
        "1": {
            "input_is_prime": false,
            "pred_same_as_input": true,
            "group_size": 353,
            "correct_product_mean": 1.0,
            "correct_factorization_mean": 0.0
        },
        "2": {
            "input_is_prime": true,
            "pred_same_as_input": true,
            "group_size": 192,
            "correct_product_mean": 1.0,
            "correct_factorization_mean": 1.0
        }
    },
    "by_min_factor_composite_only": {
        "0": {
            "min_factor_decile": "(1.999, 3.0]",
            "group_size": 1365,
            "correct_product_mean": 0.8564102564102564,
            "correct_factorization_mean": 0.5018315018315018
        },
        "1": {
            "min_factor_decile": "(3.0, 5.0]",
            "group_size": 136,
            "correct_product_mean": 0.8970588235294118,
            "correct_factorization_mean": 0.38235294117647056
        },
        "2": {
            "min_factor_decile": "(5.0, 17.0]",
            "group_size": 176,
            "correct_product_mean": 1.0,
            "correct_factorization_mean": 0.0
        },
        "3": {
            "min_factor_decile": "(17.0, 257.0]",
            "group_size": 179,
            "correct_product_mean": 0.994413407821229,
            "correct_factorization_mean": 0.0
        }
    },
    "test_loss": 0.07038509731109326,
    "meta": {
        "n_beams": 2,
        "temperature": 1.0
    }
}