{
    "correct": {
        "correct_product": 0.880859375,
        "correct_factorization": 0.5302734375
    },
    "beam_accuracy": {
        "correct_product": {
            "0": 0.83837890625,
            "1": 0.130859375
        },
        "correct_factorization": {
            "0": 0.4541015625,
            "1": 0.076171875
        }
    },
    "by_prob": {
        "group_size": {
            "(-13.927999999999999, -3.721]": 410.0,
            "(-3.721, -3.197]": 410.0,
            "(-3.197, -2.549]": 409.0,
            "(-2.549, -1.937]": 410.0,
            "(-1.937, -1.419]": 409.0,
            "(-1.419, -1.043]": 410.0,
            "(-1.043, -0.985]": 409.0,
            "(-0.985, -0.824]": 410.0,
            "(-0.824, -0.278]": 409.0,
            "(-0.278, -4.77e-07]": 410.0
        },
        "correct_product": {
            "(-13.927999999999999, -3.721]": 0.10975609756097561,
            "(-3.721, -3.197]": 0.01951219512195122,
            "(-3.197, -2.549]": 0.08557457212713937,
            "(-2.549, -1.937]": 0.15121951219512195,
            "(-1.937, -1.419]": 0.2713936430317848,
            "(-1.419, -1.043]": 0.6073170731707317,
            "(-1.043, -0.985]": 0.9511002444987775,
            "(-0.985, -0.824]": 0.9024390243902439,
            "(-0.824, -0.278]": 0.7775061124694377,
            "(-0.278, -4.77e-07]": 0.9707317073170731
        },
        "correct_factorization": {
            "(-13.927999999999999, -3.721]": 0.0024390243902439024,
            "(-3.721, -3.197]": 0.004878048780487805,
            "(-3.197, -2.549]": 0.05378973105134474,
            "(-2.549, -1.937]": 0.1048780487804878,
            "(-1.937, -1.419]": 0.14180929095354522,
            "(-1.419, -1.043]": 0.2731707317073171,
            "(-1.043, -0.985]": 0.35207823960880197,
            "(-0.985, -0.824]": 0.3439024390243902,
            "(-0.824, -0.278]": 0.44987775061124696,
            "(-0.278, -4.77e-07]": 0.9243902439024391
        },
        "percent_prime_factors_pred": {
            "(-13.927999999999999, -3.721]": 0.9273228803716614,
            "(-3.721, -3.197]": 0.8659756097560978,
            "(-3.197, -2.549]": 0.8709453952730238,
            "(-2.549, -1.937]": 0.9244192799070852,
            "(-1.937, -1.419]": 0.9277506112469441,
            "(-1.419, -1.043]": 0.7967886178861793,
            "(-1.043, -0.985]": 0.4349225753871231,
            "(-0.985, -0.824]": 0.6137804878048781,
            "(-0.824, -0.278]": 0.8591279543602284,
            "(-0.278, -4.77e-07]": 0.9856910569105694
        }
    },
    "by_num_target_factors": {
        "group_size": {
            "1": 192,
            "2": 466,
            "3": 501,
            "4": 401,
            "5": 237,
            "6": 131,
            "7": 62,
            "8": 32,
            "9": 12,
            "10": 7,
            "11": 5,
            "12": 1,
            "16": 1
        },
        "correct_product_mean": {
            "1": 1.0,
            "2": 0.9463519313304721,
            "3": 0.9141716566866267,
            "4": 0.8778054862842892,
            "5": 0.810126582278481,
            "6": 0.7557251908396947,
            "7": 0.7419354838709677,
            "8": 0.5625,
            "9": 0.4166666666666667,
            "10": 0.14285714285714285,
            "11": 0.0,
            "12": 0.0,
            "16": 0.0
        },
        "correct_factorization_mean": {
            "1": 1.0,
            "2": 0.40987124463519314,
            "3": 0.35728542914171657,
            "4": 0.5361596009975063,
            "5": 0.6666666666666666,
            "6": 0.6412213740458015,
            "7": 0.6935483870967742,
            "8": 0.5625,
            "9": 0.4166666666666667,
            "10": 0.14285714285714285,
            "11": 0.0,
            "12": 0.0,
            "16": 0.0
        }
    },
    "by_input_num": {
        "group_size": {
            "(65535.999, 65740.7]": 205,
            "(65740.7, 65945.4]": 205,
            "(65945.4, 66150.1]": 205,
            "(66150.1, 66354.8]": 204,
            "(66354.8, 66559.5]": 205,
            "(66559.5, 66764.2]": 205,
            "(66764.2, 66968.9]": 204,
            "(66968.9, 67173.6]": 205,
            "(67173.6, 67378.3]": 205,
            "(67378.3, 67583.0]": 205
        },
        "correct_product_mean": {
            "(65535.999, 65740.7]": 0.9170731707317074,
            "(65740.7, 65945.4]": 0.8975609756097561,
            "(65945.4, 66150.1]": 0.8975609756097561,
            "(66150.1, 66354.8]": 0.8823529411764706,
            "(66354.8, 66559.5]": 0.8829268292682927,
            "(66559.5, 66764.2]": 0.8731707317073171,
            "(66764.2, 66968.9]": 0.8480392156862745,
            "(66968.9, 67173.6]": 0.8780487804878049,
            "(67173.6, 67378.3]": 0.8780487804878049,
            "(67378.3, 67583.0]": 0.8536585365853658
        },
        "correct_factorization_mean": {
            "(65535.999, 65740.7]": 0.5853658536585366,
            "(65740.7, 65945.4]": 0.5073170731707317,
            "(65945.4, 66150.1]": 0.5365853658536586,
            "(66150.1, 66354.8]": 0.5098039215686274,
            "(66354.8, 66559.5]": 0.5658536585365853,
            "(66559.5, 66764.2]": 0.4926829268292683,
            "(66764.2, 66968.9]": 0.5147058823529411,
            "(66968.9, 67173.6]": 0.5170731707317073,
            "(67173.6, 67378.3]": 0.5317073170731708,
            "(67378.3, 67583.0]": 0.5414634146341464
        }
    },
    "pred_same_as_input_beam_0": {
        "0": {
            "input_is_prime": false,
            "pred_same_as_input": false,
            "group_size": 1503,
            "correct_product_mean": 0.7797737857618097,
            "correct_factorization_mean": 0.49101796407185627
        },
        "1": {
            "input_is_prime": false,
            "pred_same_as_input": true,
            "group_size": 353,
            "correct_product_mean": 1.0,
            "correct_factorization_mean": 0.0
        },
        "2": {
            "input_is_prime": true,
            "pred_same_as_input": true,
            "group_size": 192,
            "correct_product_mean": 1.0,
            "correct_factorization_mean": 1.0
        }
    },
    "by_min_factor_composite_only": {
        "0": {
            "min_factor_decile": "(1.999, 3.0]",
            "group_size": 1365,
            "correct_product_mean": 0.8879120879120879,
            "correct_factorization_mean": 0.526007326007326
        },
        "1": {
            "min_factor_decile": "(3.0, 5.0]",
            "group_size": 136,
            "correct_product_mean": 0.33088235294117646,
            "correct_factorization_mean": 0.14705882352941177
        },
        "2": {
            "min_factor_decile": "(5.0, 17.0]",
            "group_size": 176,
            "correct_product_mean": 1.0,
            "correct_factorization_mean": 0.0
        },
        "3": {
            "min_factor_decile": "(17.0, 257.0]",
            "group_size": 179,
            "correct_product_mean": 1.0,
            "correct_factorization_mean": 0.0
        }
    },
    "loss": 0.15008380357176065,
    "meta": {
        "n_beams": 2,
        "temperature": 1.0
    }
}