{
    "correct": {
        "correct_product": 0.9599271402550091,
        "correct_factorization": 0.7610807528840315
    },
    "beam_accuracy": {
        "correct_product": {
            "0": 0.9295689131754705,
            "1": 0.18442622950819673
        },
        "correct_factorization": {
            "0": 0.6939890710382514,
            "1": 0.0672434729811779
        }
    },
    "by_prob": {
        "group_size": {
            "(-16.409000000000002, -7.454]": 1318.0,
            "(-7.454, -3.795]": 1318.0,
            "(-3.795, -2.691]": 1317.0,
            "(-2.691, -2.074]": 1318.0,
            "(-2.074, -1.339]": 1317.0,
            "(-1.339, -0.939]": 1318.0,
            "(-0.939, -0.626]": 1317.0,
            "(-0.626, -0.0447]": 1318.0,
            "(-0.0447, -0.000958]": 1317.0,
            "(-0.000958, -1.19e-07]": 1318.0
        },
        "correct_product": {
            "(-16.409000000000002, -7.454]": 0.12974203338391502,
            "(-7.454, -3.795]": 0.1669195751138088,
            "(-3.795, -2.691]": 0.13287775246772968,
            "(-2.691, -2.074]": 0.17374810318664644,
            "(-2.074, -1.339]": 0.3333333333333333,
            "(-1.339, -0.939]": 0.8232169954476479,
            "(-0.939, -0.626]": 0.8906605922551253,
            "(-0.626, -0.0447]": 0.9241274658573596,
            "(-0.0447, -0.000958]": 0.9954441913439636,
            "(-0.000958, -1.19e-07]": 1.0
        },
        "correct_factorization": {
            "(-16.409000000000002, -7.454]": 0.0,
            "(-7.454, -3.795]": 0.0030349013657056147,
            "(-3.795, -2.691]": 0.0425208807896735,
            "(-2.691, -2.074]": 0.08801213960546282,
            "(-2.074, -1.339]": 0.1958997722095672,
            "(-1.339, -0.939]": 0.3179059180576631,
            "(-0.939, -0.626]": 0.40926347760060744,
            "(-0.626, -0.0447]": 0.7549317147192717,
            "(-0.0447, -0.000958]": 0.9946848899012908,
            "(-0.000958, -1.19e-07]": 1.0
        },
        "percent_prime_factors_pred": {
            "(-16.409000000000002, -7.454]": 0.8862499096755508,
            "(-7.454, -3.795]": 0.9179185634800195,
            "(-3.795, -2.691]": 0.8219311566691967,
            "(-2.691, -2.074]": 0.861406170966109,
            "(-2.074, -1.339]": 0.8857947355099964,
            "(-1.339, -0.939]": 0.5774532119372783,
            "(-0.939, -0.626]": 0.6052075423943301,
            "(-0.626, -0.0447]": 0.9037556904400611,
            "(-0.0447, -0.000958]": 0.9998101746393319,
            "(-0.000958, -1.19e-07]": 1.0
        }
    },
    "by_num_target_factors": {
        "group_size": {
            "1": 668,
            "2": 1601,
            "3": 1720,
            "4": 1198,
            "5": 715,
            "6": 373,
            "7": 165,
            "8": 79,
            "9": 35,
            "10": 20,
            "11": 8,
            "12": 3,
            "13": 3
        },
        "correct_product_mean": {
            "1": 0.9955089820359282,
            "2": 0.9875078076202374,
            "3": 0.9784883720930233,
            "4": 0.9757929883138564,
            "5": 0.9496503496503497,
            "6": 0.8981233243967829,
            "7": 0.8121212121212121,
            "8": 0.6075949367088608,
            "9": 0.6,
            "10": 0.3,
            "11": 0.25,
            "12": 0.3333333333333333,
            "13": 0.0
        },
        "correct_factorization_mean": {
            "1": 0.9955089820359282,
            "2": 0.6333541536539663,
            "3": 0.6784883720930233,
            "4": 0.8313856427378965,
            "5": 0.9104895104895104,
            "6": 0.8364611260053619,
            "7": 0.793939393939394,
            "8": 0.6075949367088608,
            "9": 0.6,
            "10": 0.3,
            "11": 0.25,
            "12": 0.3333333333333333,
            "13": 0.0
        }
    },
    "by_input_num": {
        "group_size": {
            "(7.999, 6350.5]": 659,
            "(6350.5, 12996.8]": 659,
            "(12996.8, 19472.5]": 659,
            "(19472.5, 26116.8]": 658,
            "(26116.8, 32574.0]": 659,
            "(32574.0, 39331.6]": 659,
            "(39331.6, 46013.7]": 658,
            "(46013.7, 52699.4]": 659,
            "(52699.4, 59007.6]": 659,
            "(59007.6, 65528.0]": 659
        },
        "correct_product_mean": {
            "(7.999, 6350.5]": 0.992412746585736,
            "(6350.5, 12996.8]": 0.9772382397572079,
            "(12996.8, 19472.5]": 0.9650986342943855,
            "(19472.5, 26116.8]": 0.9756838905775076,
            "(26116.8, 32574.0]": 0.952959028831563,
            "(32574.0, 39331.6]": 0.9575113808801214,
            "(39331.6, 46013.7]": 0.9483282674772037,
            "(46013.7, 52699.4]": 0.9241274658573596,
            "(52699.4, 59007.6]": 0.9514415781487102,
            "(59007.6, 65528.0]": 0.9544764795144158
        },
        "correct_factorization_mean": {
            "(7.999, 6350.5]": 0.992412746585736,
            "(6350.5, 12996.8]": 0.9559939301972686,
            "(12996.8, 19472.5]": 0.8786039453717754,
            "(19472.5, 26116.8]": 0.790273556231003,
            "(26116.8, 32574.0]": 0.7420333839150227,
            "(32574.0, 39331.6]": 0.7025796661608498,
            "(39331.6, 46013.7]": 0.6656534954407295,
            "(46013.7, 52699.4]": 0.644916540212443,
            "(52699.4, 59007.6]": 0.629742033383915,
            "(59007.6, 65528.0]": 0.6084977238239757
        }
    },
    "pred_same_as_input_beam_0": {
        "0": {
            "input_is_prime": false,
            "pred_same_as_input": false,
            "group_size": 4987,
            "correct_product_mean": 0.908361740525366,
            "correct_factorization_mean": 0.7842390214557851
        },
        "1": {
            "input_is_prime": false,
            "pred_same_as_input": true,
            "group_size": 933,
            "correct_product_mean": 1.0,
            "correct_factorization_mean": 0.0
        },
        "2": {
            "input_is_prime": true,
            "pred_same_as_input": false,
            "group_size": 7,
            "correct_product_mean": 0.0,
            "correct_factorization_mean": 0.0
        },
        "3": {
            "input_is_prime": true,
            "pred_same_as_input": true,
            "group_size": 661,
            "correct_product_mean": 1.0,
            "correct_factorization_mean": 1.0
        }
    },
    "by_min_factor_composite_only": {
        "0": {
            "min_factor_decile": "(1.999, 3.0]",
            "group_size": 4339,
            "correct_product_mean": 0.9474533302604287,
            "correct_factorization_mean": 0.7808250749020512
        },
        "1": {
            "min_factor_decile": "(3.0, 5.0]",
            "group_size": 447,
            "correct_product_mean": 0.959731543624161,
            "correct_factorization_mean": 0.7874720357941835
        },
        "2": {
            "min_factor_decile": "(5.0, 17.0]",
            "group_size": 614,
            "correct_product_mean": 0.99185667752443,
            "correct_factorization_mean": 0.16612377850162866
        },
        "3": {
            "min_factor_decile": "(17.0, 241.0]",
            "group_size": 520,
            "correct_product_mean": 0.9807692307692307,
            "correct_factorization_mean": 0.1326923076923077
        }
    },
    "test_loss": 0.0637979516132663,
    "meta": {
        "n_beams": 2,
        "temperature": 1.0
    }
}