{
    "correct": {
        "correct_product": 0.8520396404701545,
        "correct_factorization": 0.4958131673964815
    },
    "beam_accuracy": {
        "correct_product": {
            "0": 0.789659675808558,
            "1": 0.13843435507413382
        },
        "correct_factorization": {
            "0": 0.4113851117769071,
            "1": 0.08442805561957441
        }
    },
    "by_prob": {
        "correct_product": {
            "(-13.527, -3.375]": 0.05491551459293395,
            "(-3.375, -2.737]": 0.06684594698424895,
            "(-2.737, -2.331]": 0.11102573953131002,
            "(-2.331, -1.968]": 0.1912442396313364,
            "(-1.968, -1.636]": 0.3784095274683058,
            "(-1.636, -1.36]": 0.5785631963119477,
            "(-1.36, -1.03]": 0.6589861751152074,
            "(-1.03, -0.832]": 0.8455628121398386,
            "(-0.832, -0.634]": 0.8440261237034191,
            "(-0.634, -5.84e-06]": 0.9109062980030722
        },
        "correct_factorization": {
            "(-13.527, -3.375]": 0.010752688172043012,
            "(-3.375, -2.737]": 0.03419131771033423,
            "(-2.737, -2.331]": 0.058009988474836724,
            "(-2.331, -1.968]": 0.10368663594470046,
            "(-1.968, -1.636]": 0.14944295044179792,
            "(-1.636, -1.36]": 0.22589320015366884,
            "(-1.36, -1.03]": 0.3076036866359447,
            "(-1.03, -0.832]": 0.3595850941221667,
            "(-0.832, -0.634]": 0.4940453323088744,
            "(-0.634, -5.84e-06]": 0.7357910906298003
        },
        "percent_prime_factors_pred": {
            "(-13.527, -3.375]": 0.9363139548623416,
            "(-3.375, -2.737]": 0.9010304044783488,
            "(-2.737, -2.331]": 0.8969010116532209,
            "(-2.331, -1.968]": 0.9159882232462883,
            "(-1.968, -1.636]": 0.8560955307977993,
            "(-1.636, -1.36]": 0.807827049375265,
            "(-1.36, -1.03]": 0.7362071172555085,
            "(-1.03, -0.832]": 0.570610833653477,
            "(-0.832, -0.634]": 0.716801126904854,
            "(-0.634, -5.84e-06]": 0.888940092165898
        }
    },
    "by_n_target_factors": {
        "correct_product_mean": {
            "1": 0.996953541507997,
            "2": 0.9757097791798107,
            "3": 0.9092284417549168,
            "4": 0.8150770512286547,
            "5": 0.7028776978417266,
            "6": 0.562992125984252,
            "7": 0.5154929577464789,
            "8": 0.4491017964071856,
            "9": 0.44680851063829785,
            "10": 0.375,
            "11": 0.35714285714285715,
            "12": 0.25,
            "13": 0.5,
            "14": 0.25
        },
        "correct_product_size": {
            "1": 1313,
            "2": 3170,
            "3": 3305,
            "4": 2401,
            "5": 1390,
            "6": 762,
            "7": 355,
            "8": 167,
            "9": 94,
            "10": 32,
            "11": 14,
            "12": 8,
            "13": 2,
            "14": 4
        },
        "correct_factorization_mean": {
            "1": 0.996953541507997,
            "2": 0.5151419558359621,
            "3": 0.38789712556732225,
            "4": 0.470637234485631,
            "5": 0.4683453237410072,
            "6": 0.3333333333333333,
            "7": 0.3295774647887324,
            "8": 0.23353293413173654,
            "9": 0.2765957446808511,
            "10": 0.21875,
            "11": 0.21428571428571427,
            "12": 0.125,
            "13": 0.5,
            "14": 0.25
        },
        "correct_factorization_size": {
            "1": 1313,
            "2": 3170,
            "3": 3305,
            "4": 2401,
            "5": 1390,
            "6": 762,
            "7": 355,
            "8": 167,
            "9": 94,
            "10": 32,
            "11": 14,
            "12": 8,
            "13": 2,
            "14": 4
        }
    },
    "by_target_number": {
        "correct_product_mean": {
            "(8.999, 6700.4]": 0.8978494623655914,
            "(6700.4, 13267.8]": 0.8563748079877113,
            "(13267.8, 19602.6]": 0.8585703305149884,
            "(19602.6, 25978.8]": 0.8617511520737328,
            "(25978.8, 32651.0]": 0.8548387096774194,
            "(32651.0, 39298.8]": 0.8501152959262106,
            "(39298.8, 45796.8]": 0.847926267281106,
            "(45796.8, 52327.8]": 0.8285933897002306,
            "(52327.8, 59017.4]": 0.8502304147465438,
            "(59017.4, 65521.0]": 0.8141321044546851
        },
        "correct_product_size": {
            "(8.999, 6700.4]": 1302,
            "(6700.4, 13267.8]": 1302,
            "(13267.8, 19602.6]": 1301,
            "(19602.6, 25978.8]": 1302,
            "(25978.8, 32651.0]": 1302,
            "(32651.0, 39298.8]": 1301,
            "(39298.8, 45796.8]": 1302,
            "(45796.8, 52327.8]": 1301,
            "(52327.8, 59017.4]": 1302,
            "(59017.4, 65521.0]": 1302
        },
        "correct_factorization_mean": {
            "(8.999, 6700.4]": 0.7895545314900153,
            "(6700.4, 13267.8]": 0.6559139784946236,
            "(13267.8, 19602.6]": 0.579554189085319,
            "(19602.6, 25978.8]": 0.5192012288786483,
            "(25978.8, 32651.0]": 0.4631336405529954,
            "(32651.0, 39298.8]": 0.425826287471176,
            "(39298.8, 45796.8]": 0.39631336405529954,
            "(45796.8, 52327.8]": 0.37586471944657956,
            "(52327.8, 59017.4]": 0.3986175115207373,
            "(59017.4, 65521.0]": 0.35407066052227343
        },
        "correct_factorization_size": {
            "(8.999, 6700.4]": 1302,
            "(6700.4, 13267.8]": 1302,
            "(13267.8, 19602.6]": 1301,
            "(19602.6, 25978.8]": 1302,
            "(25978.8, 32651.0]": 1302,
            "(32651.0, 39298.8]": 1301,
            "(39298.8, 45796.8]": 1302,
            "(45796.8, 52327.8]": 1301,
            "(52327.8, 59017.4]": 1302,
            "(59017.4, 65521.0]": 1302
        }
    },
    "pred_same_as_target_beam_0": {
        "0": {
            "target_is_prime": false,
            "pred_same_as_target": false,
            "correct_product_mean": 0.7670881749829118,
            "correct_product_size": 11704,
            "correct_factorization_mean": 0.3463773069036227,
            "correct_factorization_size": 11704
        },
        "1": {
            "target_is_prime": true,
            "pred_same_as_target": false,
            "correct_product_mean": 0.0,
            "correct_product_size": 12,
            "correct_factorization_mean": 0.0,
            "correct_factorization_size": 12
        },
        "2": {
            "target_is_prime": true,
            "pred_same_as_target": true,
            "correct_product_mean": 1.0,
            "correct_product_size": 1301,
            "correct_factorization_mean": 1.0,
            "correct_factorization_size": 1301
        }
    },
    "test_loss": 0.12411990842106295,
    "meta": {
        "n_beams": 2,
        "temperature": 1
    }
}