{
    "correct": {
        "correct_product": 0.9883229622800953,
        "correct_factorization": 0.7570100637627718
    },
    "beam_accuracy": {
        "correct_product": {
            "0": 0.8034109241760774,
            "1": 0.2134900514711531,
            "2": 0.11139279403856496,
            "3": 0.09318583390950295,
            "4": 0.05585004225243912,
            "5": 0.04417300453253438,
            "6": 0.04547898901436583,
            "7": 0.03602980717523239,
            "8": 0.05554275178612583,
            "9": 0.03587616194207575
        },
        "correct_factorization": {
            "0": 0.4190673734347392,
            "1": 0.12137973419374663,
            "2": 0.0628409003610663,
            "3": 0.05923023738188523,
            "4": 0.03149727279711147,
            "5": 0.023968656372436045,
            "6": 0.028808481216870248,
            "7": 0.020511638626411616,
            "8": 0.04371206883306446,
            "9": 0.02558193132058078
        }
    },
    "by_prob": {
        "correct_product": {
            "(-16.001, -6.517]": 0.09203349466082815,
            "(-6.517, -4.323]": 0.03249596681262964,
            "(-4.323, -3.932]": 0.023123607590074518,
            "(-3.932, -3.689]": 0.03241914419605132,
            "(-3.689, -3.459]": 0.04025505108704003,
            "(-3.459, -3.191]": 0.05285396020588461,
            "(-3.191, -2.834]": 0.0729046631328263,
            "(-2.834, -2.366]": 0.12007374971191519,
            "(-2.366, -1.527]": 0.2756395482830145,
            "(-1.527, -5.84e-06]": 0.7526311746178075
        },
        "correct_factorization": {
            "(-16.001, -6.517]": 0.07628485826227241,
            "(-6.517, -4.323]": 0.009833294922025044,
            "(-4.323, -3.932]": 0.014365829300145964,
            "(-3.932, -3.689]": 0.019282476761158487,
            "(-3.689, -3.459]": 0.02442959207190597,
            "(-3.459, -3.191]": 0.030652224014749943,
            "(-3.191, -2.834]": 0.039102711838365216,
            "(-2.834, -2.366]": 0.061381270646078206,
            "(-2.366, -1.527]": 0.12629638165475915,
            "(-1.527, -5.84e-06]": 0.4349696550664516
        },
        "percent_prime_factors_pred": {
            "(-16.001, -6.517]": 0.8541674740971716,
            "(-6.517, -4.323]": 0.9575763839073341,
            "(-4.323, -3.932]": 0.9563726207549157,
            "(-3.932, -3.689]": 0.9575202330042064,
            "(-3.689, -3.459]": 0.9569240346262616,
            "(-3.459, -3.191]": 0.9499697282308394,
            "(-3.191, -2.834]": 0.931039964832304,
            "(-2.834, -2.366]": 0.9224430872448712,
            "(-2.366, -1.527]": 0.895475147883518,
            "(-1.527, -5.84e-06]": 0.7585355414348252
        }
    },
    "by_n_target_factors": {
        "correct_product_mean": {
            "1": 0.9992383853769993,
            "2": 0.9965299684542587,
            "3": 0.9960665658093797,
            "4": 0.9895876718034152,
            "5": 0.9719424460431655,
            "6": 0.9711286089238845,
            "7": 0.9577464788732394,
            "8": 0.9640718562874252,
            "9": 0.8936170212765957,
            "10": 0.90625,
            "11": 0.7857142857142857,
            "12": 0.75,
            "13": 0.5,
            "14": 0.75
        },
        "correct_product_size": {
            "1": 1313,
            "2": 3170,
            "3": 3305,
            "4": 2401,
            "5": 1390,
            "6": 762,
            "7": 355,
            "8": 167,
            "9": 94,
            "10": 32,
            "11": 14,
            "12": 8,
            "13": 2,
            "14": 4
        },
        "correct_factorization_mean": {
            "1": 0.9992383853769993,
            "2": 0.7037854889589905,
            "3": 0.680786686838124,
            "4": 0.7567680133277801,
            "5": 0.7913669064748201,
            "6": 0.8110236220472441,
            "7": 0.8140845070422535,
            "8": 0.7784431137724551,
            "9": 0.7340425531914894,
            "10": 0.71875,
            "11": 0.6428571428571429,
            "12": 0.5,
            "13": 0.5,
            "14": 0.25
        },
        "correct_factorization_size": {
            "1": 1313,
            "2": 3170,
            "3": 3305,
            "4": 2401,
            "5": 1390,
            "6": 762,
            "7": 355,
            "8": 167,
            "9": 94,
            "10": 32,
            "11": 14,
            "12": 8,
            "13": 2,
            "14": 4
        }
    },
    "by_target_number": {
        "correct_product_mean": {
            "(8.999, 6700.4]": 0.9961597542242704,
            "(6700.4, 13267.8]": 0.9923195084485407,
            "(13267.8, 19602.6]": 0.9900076863950807,
            "(19602.6, 25978.8]": 0.9946236559139785,
            "(25978.8, 32651.0]": 0.9915514592933948,
            "(32651.0, 39298.8]": 0.9853958493466565,
            "(39298.8, 45796.8]": 0.9861751152073732,
            "(45796.8, 52327.8]": 0.9815526518063028,
            "(52327.8, 59017.4]": 0.9831029185867896,
            "(59017.4, 65521.0]": 0.9823348694316436
        },
        "correct_product_size": {
            "(8.999, 6700.4]": 1302,
            "(6700.4, 13267.8]": 1302,
            "(13267.8, 19602.6]": 1301,
            "(19602.6, 25978.8]": 1302,
            "(25978.8, 32651.0]": 1302,
            "(32651.0, 39298.8]": 1301,
            "(39298.8, 45796.8]": 1302,
            "(45796.8, 52327.8]": 1301,
            "(52327.8, 59017.4]": 1302,
            "(59017.4, 65521.0]": 1302
        },
        "correct_factorization_mean": {
            "(8.999, 6700.4]": 0.9738863287250384,
            "(6700.4, 13267.8]": 0.9185867895545314,
            "(13267.8, 19602.6]": 0.862413528055342,
            "(19602.6, 25978.8]": 0.8056835637480799,
            "(25978.8, 32651.0]": 0.738863287250384,
            "(32651.0, 39298.8]": 0.703305149884704,
            "(39298.8, 45796.8]": 0.6720430107526881,
            "(45796.8, 52327.8]": 0.638739431206764,
            "(52327.8, 59017.4]": 0.6344086021505376,
            "(59017.4, 65521.0]": 0.6221198156682027
        },
        "correct_factorization_size": {
            "(8.999, 6700.4]": 1302,
            "(6700.4, 13267.8]": 1302,
            "(13267.8, 19602.6]": 1301,
            "(19602.6, 25978.8]": 1302,
            "(25978.8, 32651.0]": 1302,
            "(32651.0, 39298.8]": 1301,
            "(39298.8, 45796.8]": 1302,
            "(45796.8, 52327.8]": 1301,
            "(52327.8, 59017.4]": 1302,
            "(59017.4, 65521.0]": 1302
        }
    },
    "pred_same_as_target_beam_0": {
        "0": {
            "target_is_prime": false,
            "pred_same_as_target": false,
            "correct_product_mean": 0.7822966507177034,
            "correct_product_size": 11704,
            "correct_factorization_mean": 0.35483595352016406,
            "correct_factorization_size": 11704
        },
        "1": {
            "target_is_prime": true,
            "pred_same_as_target": false,
            "correct_product_mean": 0.0,
            "correct_product_size": 11,
            "correct_factorization_mean": 0.0,
            "correct_factorization_size": 11
        },
        "2": {
            "target_is_prime": true,
            "pred_same_as_target": true,
            "correct_product_mean": 1.0,
            "correct_product_size": 1302,
            "correct_factorization_mean": 1.0,
            "correct_factorization_size": 1302
        }
    },
    "test_loss": 0.12411990842106295,
    "meta": {
        "n_beams": 10,
        "temperature": 1
    }
}