{
    "correct": {
        "correct_product": 0.8995928401321349,
        "correct_factorization": 0.4775293846508412
    },
    "beam_accuracy": {
        "correct_product": {
            "0": 0.8388261504186832,
            "1": 0.15195513559191826
        },
        "correct_factorization": {
            "0": 0.38465084120765153,
            "1": 0.092955366059768
        }
    },
    "by_prob": {
        "correct_product": {
            "(-11.581, -3.427]": 0.041474654377880185,
            "(-3.427, -2.779]": 0.09796388782174414,
            "(-2.779, -2.299]": 0.13791778716865155,
            "(-2.299, -1.911]": 0.24155145929339478,
            "(-1.911, -1.603]": 0.4756050710718402,
            "(-1.603, -1.399]": 0.615827890895121,
            "(-1.399, -1.092]": 0.7039170506912442,
            "(-1.092, -0.891]": 0.8843641951594314,
            "(-0.891, -0.658]": 0.8624663849404534,
            "(-0.658, -2.38e-05]": 0.8928571428571429
        },
        "correct_factorization": {
            "(-11.581, -3.427]": 0.013440860215053764,
            "(-3.427, -2.779]": 0.04610065309258548,
            "(-2.779, -2.299]": 0.058009988474836724,
            "(-2.299, -1.911]": 0.10829493087557604,
            "(-1.911, -1.603]": 0.15290049942374184,
            "(-1.603, -1.399]": 0.22358816749903956,
            "(-1.399, -1.092]": 0.31451612903225806,
            "(-1.092, -0.891]": 0.3568958893584326,
            "(-0.891, -0.658]": 0.3764886669227814,
            "(-0.658, -2.38e-05]": 0.7377112135176651
        },
        "percent_prime_factors_pred": {
            "(-11.581, -3.427]": 0.9426831844042752,
            "(-3.427, -2.779]": 0.8661699870113239,
            "(-2.779, -2.299]": 0.8719234216929194,
            "(-2.299, -1.911]": 0.8962969058591214,
            "(-1.911, -1.603]": 0.8225893200153682,
            "(-1.603, -1.399]": 0.7972211550774781,
            "(-1.399, -1.092]": 0.7556451612903283,
            "(-1.092, -0.891]": 0.5453707260852864,
            "(-0.891, -0.658]": 0.6302087335126146,
            "(-0.658, -2.38e-05]": 0.9016897081413202
        }
    },
    "by_n_target_factors": {
        "correct_product_mean": {
            "1": 0.9977151561309977,
            "2": 0.97602523659306,
            "3": 0.9500756429652042,
            "4": 0.8887963348604748,
            "5": 0.8323741007194244,
            "6": 0.6981627296587927,
            "7": 0.5830985915492958,
            "8": 0.4311377245508982,
            "9": 0.44680851063829785,
            "10": 0.375,
            "11": 0.35714285714285715,
            "12": 0.5,
            "13": 0.0,
            "14": 0.25
        },
        "correct_product_size": {
            "1": 1313,
            "2": 3170,
            "3": 3305,
            "4": 2401,
            "5": 1390,
            "6": 762,
            "7": 355,
            "8": 167,
            "9": 94,
            "10": 32,
            "11": 14,
            "12": 8,
            "13": 2,
            "14": 4
        },
        "correct_factorization_mean": {
            "1": 0.9977151561309977,
            "2": 0.5201892744479495,
            "3": 0.3585476550680787,
            "4": 0.4310703873386089,
            "5": 0.45323741007194246,
            "6": 0.36089238845144356,
            "7": 0.23098591549295774,
            "8": 0.17365269461077845,
            "9": 0.14893617021276595,
            "10": 0.125,
            "11": 0.14285714285714285,
            "12": 0.125,
            "13": 0.0,
            "14": 0.0
        },
        "correct_factorization_size": {
            "1": 1313,
            "2": 3170,
            "3": 3305,
            "4": 2401,
            "5": 1390,
            "6": 762,
            "7": 355,
            "8": 167,
            "9": 94,
            "10": 32,
            "11": 14,
            "12": 8,
            "13": 2,
            "14": 4
        }
    },
    "by_target_number": {
        "correct_product_mean": {
            "(8.999, 6700.4]": 0.8847926267281107,
            "(6700.4, 13267.8]": 0.9116743471582182,
            "(13267.8, 19602.6]": 0.8900845503458877,
            "(19602.6, 25978.8]": 0.9139784946236559,
            "(25978.8, 32651.0]": 0.901689708141321,
            "(32651.0, 39298.8]": 0.9046887009992314,
            "(39298.8, 45796.8]": 0.901689708141321,
            "(45796.8, 52327.8]": 0.8946963873943121,
            "(52327.8, 59017.4]": 0.9032258064516129,
            "(59017.4, 65521.0]": 0.8894009216589862
        },
        "correct_product_size": {
            "(8.999, 6700.4]": 1302,
            "(6700.4, 13267.8]": 1302,
            "(13267.8, 19602.6]": 1301,
            "(19602.6, 25978.8]": 1302,
            "(25978.8, 32651.0]": 1302,
            "(32651.0, 39298.8]": 1301,
            "(39298.8, 45796.8]": 1302,
            "(45796.8, 52327.8]": 1301,
            "(52327.8, 59017.4]": 1302,
            "(59017.4, 65521.0]": 1302
        },
        "correct_factorization_mean": {
            "(8.999, 6700.4]": 0.7488479262672811,
            "(6700.4, 13267.8]": 0.609062980030722,
            "(13267.8, 19602.6]": 0.5372790161414297,
            "(19602.6, 25978.8]": 0.4930875576036866,
            "(25978.8, 32651.0]": 0.4377880184331797,
            "(32651.0, 39298.8]": 0.4196771714066103,
            "(39298.8, 45796.8]": 0.3955453149001536,
            "(45796.8, 52327.8]": 0.3843197540353574,
            "(52327.8, 59017.4]": 0.391705069124424,
            "(59017.4, 65521.0]": 0.3579109062980031
        },
        "correct_factorization_size": {
            "(8.999, 6700.4]": 1302,
            "(6700.4, 13267.8]": 1302,
            "(13267.8, 19602.6]": 1301,
            "(19602.6, 25978.8]": 1302,
            "(25978.8, 32651.0]": 1302,
            "(32651.0, 39298.8]": 1301,
            "(39298.8, 45796.8]": 1302,
            "(45796.8, 52327.8]": 1301,
            "(52327.8, 59017.4]": 1302,
            "(59017.4, 65521.0]": 1302
        }
    },
    "pred_same_as_target_beam_0": {
        "0": {
            "target_is_prime": false,
            "pred_same_as_target": false,
            "correct_product_mean": 0.8211722488038278,
            "correct_product_size": 11704,
            "correct_factorization_mean": 0.3160457963089542,
            "correct_factorization_size": 11704
        },
        "1": {
            "target_is_prime": true,
            "pred_same_as_target": false,
            "correct_product_mean": 0.9961919268849961,
            "correct_product_size": 1313,
            "correct_factorization_mean": 0.9961919268849961,
            "correct_factorization_size": 1313
        }
    },
    "test_loss": 0.1288773107031981,
    "meta": {
        "n_beams": 2,
        "temperature": 1.0
    }
}