{
    "correct": {
        "correct_product": 0.9903971729277099,
        "correct_factorization": 0.7342705692555889
    },
    "beam_accuracy": {
        "correct_product": {
            "0": 0.8428977490973343,
            "1": 0.2134900514711531,
            "2": 0.11446569870169777,
            "3": 0.07574709994622417,
            "4": 0.05439041253745103,
            "5": 0.046093569946992395,
            "6": 0.04471076284858262,
            "7": 0.03264961204578628,
            "8": 0.026350157486363986,
            "9": 0.02235538142429131
        },
        "correct_factorization": {
            "0": 0.38626411615579626,
            "1": 0.12084197587769839,
            "2": 0.06437735269263271,
            "3": 0.04378889144964278,
            "4": 0.031881385880003076,
            "5": 0.026734270569255588,
            "6": 0.02942306214949681,
            "7": 0.017208266113543827,
            "8": 0.01398171621725436,
            "9": 0.011907505569639702
        }
    },
    "by_prob": {
        "correct_product": {
            "(-13.106, -5.412]": 0.035107935776292544,
            "(-5.412, -4.234]": 0.025197818237689174,
            "(-4.234, -3.921]": 0.023968656372436045,
            "(-3.921, -3.699]": 0.031881385880003076,
            "(-3.699, -3.47]": 0.03956364753783514,
            "(-3.47, -3.211]": 0.048705538910655294,
            "(-3.211, -2.898]": 0.08004916647461012,
            "(-2.898, -2.439]": 0.11892141046324038,
            "(-2.439, -1.584]": 0.2797111469616655,
            "(-1.584, -2.38e-05]": 0.7900437888914497
        },
        "correct_factorization": {
            "(-13.106, -5.412]": 0.010985634170699855,
            "(-5.412, -4.234]": 0.009602827072290081,
            "(-4.234, -3.921]": 0.013828070984097718,
            "(-3.921, -3.699]": 0.020588461242989936,
            "(-3.699, -3.47]": 0.02458323730506261,
            "(-3.47, -3.211]": 0.028731658600291927,
            "(-3.211, -2.898]": 0.045171698548052544,
            "(-2.898, -2.439]": 0.06230314204501805,
            "(-2.439, -1.584]": 0.1260659138050242,
            "(-1.584, -2.38e-05]": 0.4045478989014366
        },
        "percent_prime_factors_pred": {
            "(-13.106, -5.412]": 0.8841897189319218,
            "(-5.412, -4.234]": 0.9489941703406893,
            "(-4.234, -3.921]": 0.9530288840844182,
            "(-3.921, -3.699]": 0.9574058831491324,
            "(-3.699, -3.47]": 0.9498335509974025,
            "(-3.47, -3.211]": 0.9438014208525712,
            "(-3.211, -2.898]": 0.9310605506287671,
            "(-2.898, -2.439]": 0.9183470699488071,
            "(-2.439, -1.584]": 0.8923010019863911,
            "(-1.584, -2.38e-05]": 0.7287290978464083
        }
    },
    "by_n_target_factors": {
        "correct_product_mean": {
            "1": 0.9992383853769993,
            "2": 0.998422712933754,
            "3": 0.9981845688350983,
            "4": 0.9916701374427322,
            "5": 0.9798561151079137,
            "6": 0.9724409448818898,
            "7": 0.9690140845070423,
            "8": 0.9401197604790419,
            "9": 0.8829787234042553,
            "10": 0.875,
            "11": 0.7857142857142857,
            "12": 0.625,
            "13": 0.5,
            "14": 0.75
        },
        "correct_product_size": {
            "1": 1313,
            "2": 3170,
            "3": 3305,
            "4": 2401,
            "5": 1390,
            "6": 762,
            "7": 355,
            "8": 167,
            "9": 94,
            "10": 32,
            "11": 14,
            "12": 8,
            "13": 2,
            "14": 4
        },
        "correct_factorization_mean": {
            "1": 0.9992383853769993,
            "2": 0.7003154574132492,
            "3": 0.6632375189107413,
            "4": 0.7221990837151187,
            "5": 0.7510791366906475,
            "6": 0.7585301837270341,
            "7": 0.7661971830985915,
            "8": 0.718562874251497,
            "9": 0.6170212765957447,
            "10": 0.5625,
            "11": 0.5,
            "12": 0.25,
            "13": 0.5,
            "14": 0.0
        },
        "correct_factorization_size": {
            "1": 1313,
            "2": 3170,
            "3": 3305,
            "4": 2401,
            "5": 1390,
            "6": 762,
            "7": 355,
            "8": 167,
            "9": 94,
            "10": 32,
            "11": 14,
            "12": 8,
            "13": 2,
            "14": 4
        }
    },
    "by_target_number": {
        "correct_product_mean": {
            "(8.999, 6700.4]": 0.9969278033794163,
            "(6700.4, 13267.8]": 0.9946236559139785,
            "(13267.8, 19602.6]": 0.9930822444273636,
            "(19602.6, 25978.8]": 0.9938556067588326,
            "(25978.8, 32651.0]": 0.9900153609831029,
            "(32651.0, 39298.8]": 0.9884704073789393,
            "(39298.8, 45796.8]": 0.9930875576036866,
            "(45796.8, 52327.8]": 0.9846272098385856,
            "(52327.8, 59017.4]": 0.9861751152073732,
            "(59017.4, 65521.0]": 0.9831029185867896
        },
        "correct_product_size": {
            "(8.999, 6700.4]": 1302,
            "(6700.4, 13267.8]": 1302,
            "(13267.8, 19602.6]": 1301,
            "(19602.6, 25978.8]": 1302,
            "(25978.8, 32651.0]": 1302,
            "(32651.0, 39298.8]": 1301,
            "(39298.8, 45796.8]": 1302,
            "(45796.8, 52327.8]": 1301,
            "(52327.8, 59017.4]": 1302,
            "(59017.4, 65521.0]": 1302
        },
        "correct_factorization_mean": {
            "(8.999, 6700.4]": 0.9715821812596006,
            "(6700.4, 13267.8]": 0.8817204301075269,
            "(13267.8, 19602.6]": 0.8209069946195234,
            "(19602.6, 25978.8]": 0.7741935483870968,
            "(25978.8, 32651.0]": 0.7089093701996928,
            "(32651.0, 39298.8]": 0.6825518831667948,
            "(39298.8, 45796.8]": 0.6505376344086021,
            "(45796.8, 52327.8]": 0.6310530361260569,
            "(52327.8, 59017.4]": 0.6121351766513057,
            "(59017.4, 65521.0]": 0.609062980030722
        },
        "correct_factorization_size": {
            "(8.999, 6700.4]": 1302,
            "(6700.4, 13267.8]": 1302,
            "(13267.8, 19602.6]": 1301,
            "(19602.6, 25978.8]": 1302,
            "(25978.8, 32651.0]": 1302,
            "(32651.0, 39298.8]": 1301,
            "(39298.8, 45796.8]": 1302,
            "(45796.8, 52327.8]": 1301,
            "(52327.8, 59017.4]": 1302,
            "(59017.4, 65521.0]": 1302
        }
    },
    "pred_same_as_target_beam_0": {
        "0": {
            "target_is_prime": false,
            "pred_same_as_target": false,
            "correct_product_mean": 0.8257006151742994,
            "correct_product_size": 11704,
            "correct_factorization_mean": 0.3178400546821599,
            "correct_factorization_size": 11704
        },
        "1": {
            "target_is_prime": true,
            "pred_same_as_target": false,
            "correct_product_mean": 0.9961919268849961,
            "correct_product_size": 1313,
            "correct_factorization_mean": 0.9961919268849961,
            "correct_factorization_size": 1313
        }
    },
    "test_loss": 0.1288773107031981,
    "meta": {
        "n_beams": 10,
        "temperature": 1
    }
}