{
    "correct": {
        "correct_product": 0.9751062537947783,
        "correct_factorization": 0.8545840922890103
    },
    "beam_accuracy": {
        "correct_product": {
            "0": 0.9543108682452944,
            "1": 0.20689131754705525
        },
        "correct_factorization": {
            "0": 0.8213418336369156,
            "1": 0.033394049787492414
        }
    },
    "by_prob": {
        "group_size": {
            "(-15.818, -9.21]": 1324.0,
            "(-9.21, -7.434]": 1312.0,
            "(-7.434, -4.732]": 1317.0,
            "(-4.732, -2.384]": 1318.0,
            "(-2.384, -1.257]": 1317.0,
            "(-1.257, -0.722]": 1318.0,
            "(-0.722, -0.0168]": 1317.0,
            "(-0.0168, -0.00115]": 1318.0,
            "(-0.00115, -0.00012]": 1317.0,
            "(-0.00012, -3.58e-07]": 1318.0
        },
        "correct_product": {
            "(-15.818, -9.21]": 0.19410876132930513,
            "(-9.21, -7.434]": 0.16615853658536586,
            "(-7.434, -4.732]": 0.2422171602126044,
            "(-4.732, -2.384]": 0.1676783004552352,
            "(-2.384, -1.257]": 0.28929384965831434,
            "(-1.257, -0.722]": 0.8611532625189682,
            "(-0.722, -0.0168]": 0.8861047835990888,
            "(-0.0168, -0.00115]": 0.9992412746585736,
            "(-0.00115, -0.00012]": 1.0,
            "(-0.00012, -3.58e-07]": 1.0
        },
        "correct_factorization": {
            "(-15.818, -9.21]": 0.0007552870090634441,
            "(-9.21, -7.434]": 0.0,
            "(-7.434, -4.732]": 0.0,
            "(-4.732, -2.384]": 0.026555386949924126,
            "(-2.384, -1.257]": 0.13743356112376615,
            "(-1.257, -0.722]": 0.34370257966616086,
            "(-0.722, -0.0168]": 0.7668944570994685,
            "(-0.0168, -0.00115]": 0.9984825493171472,
            "(-0.00115, -0.00012]": 1.0,
            "(-0.00012, -3.58e-07]": 1.0
        },
        "percent_prime_factors_pred": {
            "(-15.818, -9.21]": 0.8350785858149906,
            "(-9.21, -7.434]": 0.8810022865853658,
            "(-7.434, -4.732]": 0.8421412300683371,
            "(-4.732, -2.384]": 0.8430621793482188,
            "(-2.384, -1.257]": 0.8042111099058706,
            "(-1.257, -0.722]": 0.5150209552713346,
            "(-0.722, -0.0168]": 0.9082564992587772,
            "(-0.0168, -0.00115]": 0.9998103186646434,
            "(-0.00115, -0.00012]": 1.0,
            "(-0.00012, -3.58e-07]": 1.0
        }
    },
    "by_num_target_factors": {
        "group_size": {
            "1": 668,
            "2": 1601,
            "3": 1720,
            "4": 1198,
            "5": 715,
            "6": 373,
            "7": 165,
            "8": 79,
            "9": 35,
            "10": 20,
            "11": 8,
            "12": 3,
            "13": 3
        },
        "correct_product_mean": {
            "1": 0.9820359281437125,
            "2": 0.9843847595252967,
            "3": 0.986046511627907,
            "4": 0.988313856427379,
            "5": 0.9776223776223776,
            "6": 0.9490616621983914,
            "7": 0.8787878787878788,
            "8": 0.8354430379746836,
            "9": 0.7714285714285715,
            "10": 0.8,
            "11": 0.25,
            "12": 0.6666666666666666,
            "13": 0.3333333333333333
        },
        "correct_factorization_mean": {
            "1": 0.9820359281437125,
            "2": 0.6989381636477202,
            "3": 0.8412790697674418,
            "4": 0.9407345575959933,
            "5": 0.9664335664335665,
            "6": 0.903485254691689,
            "7": 0.8424242424242424,
            "8": 0.8354430379746836,
            "9": 0.7714285714285715,
            "10": 0.8,
            "11": 0.25,
            "12": 0.6666666666666666,
            "13": 0.3333333333333333
        }
    },
    "by_input_num": {
        "group_size": {
            "(7.999, 6350.5]": 659,
            "(6350.5, 12996.8]": 659,
            "(12996.8, 19472.5]": 659,
            "(19472.5, 26116.8]": 658,
            "(26116.8, 32574.0]": 659,
            "(32574.0, 39331.6]": 659,
            "(39331.6, 46013.7]": 658,
            "(46013.7, 52699.4]": 659,
            "(52699.4, 59007.6]": 659,
            "(59007.6, 65528.0]": 659
        },
        "correct_product_mean": {
            "(7.999, 6350.5]": 0.9969650986342944,
            "(6350.5, 12996.8]": 0.9954476479514416,
            "(12996.8, 19472.5]": 0.9954476479514416,
            "(19472.5, 26116.8]": 0.9665653495440729,
            "(26116.8, 32574.0]": 0.9742033383915023,
            "(32574.0, 39331.6]": 0.9817905918057663,
            "(39331.6, 46013.7]": 0.9620060790273556,
            "(46013.7, 52699.4]": 0.952959028831563,
            "(52699.4, 59007.6]": 0.9620637329286799,
            "(59007.6, 65528.0]": 0.9635811836115327
        },
        "correct_factorization_mean": {
            "(7.999, 6350.5]": 0.9969650986342944,
            "(6350.5, 12996.8]": 0.9954476479514416,
            "(12996.8, 19472.5]": 0.9939301972685888,
            "(19472.5, 26116.8]": 0.9270516717325228,
            "(26116.8, 32574.0]": 0.8437025796661608,
            "(32574.0, 39331.6]": 0.8012139605462822,
            "(39331.6, 46013.7]": 0.7583586626139818,
            "(46013.7, 52699.4]": 0.7784522003034902,
            "(52699.4, 59007.6]": 0.7298937784522003,
            "(59007.6, 65528.0]": 0.7207890743550834
        }
    },
    "pred_same_as_input_beam_0": {
        "0": {
            "input_is_prime": false,
            "pred_same_as_input": false,
            "group_size": 5205,
            "correct_product_mean": 0.9450528338136407,
            "correct_factorization_mean": 0.914121037463977
        },
        "1": {
            "input_is_prime": false,
            "pred_same_as_input": true,
            "group_size": 715,
            "correct_product_mean": 1.0,
            "correct_factorization_mean": 0.0
        },
        "2": {
            "input_is_prime": true,
            "pred_same_as_input": false,
            "group_size": 15,
            "correct_product_mean": 0.0,
            "correct_factorization_mean": 0.0
        },
        "3": {
            "input_is_prime": true,
            "pred_same_as_input": true,
            "group_size": 653,
            "correct_product_mean": 1.0,
            "correct_factorization_mean": 1.0
        }
    },
    "by_min_factor_composite_only": {
        "0": {
            "min_factor_decile": "(1.999, 3.0]",
            "group_size": 4339,
            "correct_product_mean": 0.9732657294307444,
            "correct_factorization_mean": 0.9142659598985942
        },
        "1": {
            "min_factor_decile": "(3.0, 5.0]",
            "group_size": 447,
            "correct_product_mean": 0.9798657718120806,
            "correct_factorization_mean": 0.9485458612975392
        },
        "2": {
            "min_factor_decile": "(5.0, 17.0]",
            "group_size": 614,
            "correct_product_mean": 0.9739413680781759,
            "correct_factorization_mean": 0.3566775244299674
        },
        "3": {
            "min_factor_decile": "(17.0, 241.0]",
            "group_size": 520,
            "correct_product_mean": 0.9788461538461538,
            "correct_factorization_mean": 0.2846153846153846
        }
    },
    "loss": 0.14583958192372,
    "meta": {
        "n_beams": 2,
        "temperature": 1.0
    }
}