{
    "correct": {
        "correct_product": 0.90869140625,
        "correct_factorization": 0.66015625
    },
    "beam_accuracy": {
        "correct_product": {
            "0": 0.87841796875,
            "1": 0.1357421875
        },
        "correct_factorization": {
            "0": 0.619140625,
            "1": 0.041015625
        }
    },
    "by_prob": {
        "group_size": {
            "(-13.347999999999999, -5.762]": 410.0,
            "(-5.762, -3.477]": 410.0,
            "(-3.477, -2.809]": 409.0,
            "(-2.809, -2.223]": 410.0,
            "(-2.223, -1.392]": 409.0,
            "(-1.392, -1.048]": 410.0,
            "(-1.048, -0.822]": 409.0,
            "(-0.822, -0.155]": 410.0,
            "(-0.155, -0.00734]": 409.0,
            "(-0.00734, -7.51e-06]": 410.0
        },
        "correct_product": {
            "(-13.347999999999999, -5.762]": 0.15853658536585366,
            "(-5.762, -3.477]": 0.15365853658536585,
            "(-3.477, -2.809]": 0.06601466992665037,
            "(-2.809, -2.223]": 0.07073170731707316,
            "(-2.223, -1.392]": 0.2860635696821516,
            "(-1.392, -1.048]": 0.7853658536585366,
            "(-1.048, -0.822]": 0.8973105134474327,
            "(-0.822, -0.155]": 0.7268292682926829,
            "(-0.155, -0.00734]": 0.9364303178484108,
            "(-0.00734, -7.51e-06]": 0.9902439024390244
        },
        "correct_factorization": {
            "(-13.347999999999999, -5.762]": 0.004878048780487805,
            "(-5.762, -3.477]": 0.014634146341463415,
            "(-3.477, -2.809]": 0.022004889975550123,
            "(-2.809, -2.223]": 0.03170731707317073,
            "(-2.223, -1.392]": 0.12469437652811736,
            "(-1.392, -1.048]": 0.3,
            "(-1.048, -0.822]": 0.37163814180929094,
            "(-0.822, -0.155]": 0.5170731707317073,
            "(-0.155, -0.00734]": 0.9266503667481663,
            "(-0.00734, -7.51e-06]": 0.9878048780487805
        },
        "percent_prime_factors_pred": {
            "(-13.347999999999999, -5.762]": 0.8890640727835849,
            "(-5.762, -3.477]": 0.9033333333333333,
            "(-3.477, -2.809]": 0.9296658516707417,
            "(-2.809, -2.223]": 0.930609756097561,
            "(-2.223, -1.392]": 0.8456863429968565,
            "(-1.392, -1.048]": 0.5482868757259001,
            "(-1.048, -0.822]": 0.5710268948655257,
            "(-0.822, -0.155]": 0.8968060394889663,
            "(-0.155, -0.00734]": 0.9968215158924205,
            "(-0.00734, -7.51e-06]": 0.998780487804878
        }
    },
    "by_num_target_factors": {
        "group_size": {
            "1": 192,
            "2": 466,
            "3": 501,
            "4": 401,
            "5": 237,
            "6": 131,
            "7": 62,
            "8": 32,
            "9": 12,
            "10": 7,
            "11": 5,
            "12": 1,
            "16": 1
        },
        "correct_product_mean": {
            "1": 0.96875,
            "2": 0.98068669527897,
            "3": 0.9800399201596807,
            "4": 0.9301745635910225,
            "5": 0.8059071729957806,
            "6": 0.7175572519083969,
            "7": 0.6774193548387096,
            "8": 0.46875,
            "9": 0.4166666666666667,
            "10": 0.8571428571428571,
            "11": 0.2,
            "12": 0.0,
            "16": 0.0
        },
        "correct_factorization_mean": {
            "1": 0.96875,
            "2": 0.463519313304721,
            "3": 0.592814371257485,
            "4": 0.8029925187032418,
            "5": 0.759493670886076,
            "6": 0.6412213740458015,
            "7": 0.6451612903225806,
            "8": 0.46875,
            "9": 0.4166666666666667,
            "10": 0.8571428571428571,
            "11": 0.2,
            "12": 0.0,
            "16": 0.0
        }
    },
    "by_input_num": {
        "group_size": {
            "(65535.999, 65740.7]": 205,
            "(65740.7, 65945.4]": 205,
            "(65945.4, 66150.1]": 205,
            "(66150.1, 66354.8]": 204,
            "(66354.8, 66559.5]": 205,
            "(66559.5, 66764.2]": 205,
            "(66764.2, 66968.9]": 204,
            "(66968.9, 67173.6]": 205,
            "(67173.6, 67378.3]": 205,
            "(67378.3, 67583.0]": 205
        },
        "correct_product_mean": {
            "(65535.999, 65740.7]": 0.9609756097560975,
            "(65740.7, 65945.4]": 0.9317073170731708,
            "(65945.4, 66150.1]": 0.9707317073170731,
            "(66150.1, 66354.8]": 0.9313725490196079,
            "(66354.8, 66559.5]": 0.9365853658536586,
            "(66559.5, 66764.2]": 0.8780487804878049,
            "(66764.2, 66968.9]": 0.8823529411764706,
            "(66968.9, 67173.6]": 0.9024390243902439,
            "(67173.6, 67378.3]": 0.8682926829268293,
            "(67378.3, 67583.0]": 0.824390243902439
        },
        "correct_factorization_mean": {
            "(65535.999, 65740.7]": 0.7317073170731707,
            "(65740.7, 65945.4]": 0.6585365853658537,
            "(65945.4, 66150.1]": 0.7219512195121951,
            "(66150.1, 66354.8]": 0.6470588235294118,
            "(66354.8, 66559.5]": 0.6829268292682927,
            "(66559.5, 66764.2]": 0.6390243902439025,
            "(66764.2, 66968.9]": 0.6323529411764706,
            "(66968.9, 67173.6]": 0.6439024390243903,
            "(67173.6, 67378.3]": 0.624390243902439,
            "(67378.3, 67583.0]": 0.6195121951219512
        }
    },
    "pred_same_as_input_beam_0": {
        "0": {
            "input_is_prime": false,
            "pred_same_as_input": false,
            "group_size": 1856,
            "correct_product_mean": 0.8696120689655172,
            "correct_factorization_mean": 0.5835129310344828
        },
        "1": {
            "input_is_prime": true,
            "pred_same_as_input": false,
            "group_size": 192,
            "correct_product_mean": 0.9635416666666666,
            "correct_factorization_mean": 0.9635416666666666
        }
    },
    "by_min_factor_composite_only": {
        "0": {
            "min_factor_decile": "(1.999, 3.0]",
            "group_size": 1365,
            "correct_product_mean": 0.884981684981685,
            "correct_factorization_mean": 0.7084249084249085
        },
        "1": {
            "min_factor_decile": "(3.0, 5.0]",
            "group_size": 136,
            "correct_product_mean": 0.9044117647058824,
            "correct_factorization_mean": 0.8455882352941176
        },
        "2": {
            "min_factor_decile": "(5.0, 17.0]",
            "group_size": 176,
            "correct_product_mean": 0.9715909090909091,
            "correct_factorization_mean": 0.0
        },
        "3": {
            "min_factor_decile": "(17.0, 257.0]",
            "group_size": 179,
            "correct_product_mean": 0.9664804469273743,
            "correct_factorization_mean": 0.00558659217877095
        }
    },
    "loss": 0.40446591743807814,
    "meta": {
        "n_beams": 2,
        "temperature": 1.0
    }
}