{
    "correct": {
        "correct_product": 0.9720704310868246,
        "correct_factorization": 0.8517000607164542
    },
    "beam_accuracy": {
        "correct_product": {
            "0": 0.953551912568306,
            "1": 0.19398907103825136
        },
        "correct_factorization": {
            "0": 0.819216757741348,
            "1": 0.03263509411050395
        }
    },
    "by_prob": {
        "group_size": {
            "(-15.253, -9.21]": 1323.0,
            "(-9.21, -7.215]": 1313.0,
            "(-7.215, -4.672]": 1317.0,
            "(-4.672, -2.478]": 1318.0,
            "(-2.478, -1.29]": 1317.0,
            "(-1.29, -0.775]": 1318.0,
            "(-0.775, -0.0192]": 1317.0,
            "(-0.0192, -0.0014]": 1318.0,
            "(-0.0014, -0.000175]": 1317.0,
            "(-0.000175, -8.34e-07]": 1318.0
        },
        "correct_product": {
            "(-15.253, -9.21]": 0.15268329554043839,
            "(-9.21, -7.215]": 0.17212490479817213,
            "(-7.215, -4.672]": 0.19362186788154898,
            "(-4.672, -2.478]": 0.19119878603945373,
            "(-2.478, -1.29]": 0.2771450265755505,
            "(-1.29, -0.775]": 0.8657056145675266,
            "(-0.775, -0.0192]": 0.8868640850417616,
            "(-0.0192, -0.0014]": 0.9984825493171472,
            "(-0.0014, -0.000175]": 1.0,
            "(-0.000175, -8.34e-07]": 1.0
        },
        "correct_factorization": {
            "(-15.253, -9.21]": 0.0,
            "(-9.21, -7.215]": 0.0,
            "(-7.215, -4.672]": 0.0007593014426727411,
            "(-4.672, -2.478]": 0.02276176024279211,
            "(-2.478, -1.29]": 0.1404707668944571,
            "(-1.29, -0.775]": 0.3292867981790592,
            "(-0.775, -0.0192]": 0.7699316628701595,
            "(-0.0192, -0.0014]": 0.996206373292868,
            "(-0.0014, -0.000175]": 1.0,
            "(-0.000175, -8.34e-07]": 1.0
        },
        "percent_prime_factors_pred": {
            "(-15.253, -9.21]": 0.7402491331629654,
            "(-9.21, -7.215]": 0.8879580265718879,
            "(-7.215, -4.672]": 0.8637297971580432,
            "(-4.672, -2.478]": 0.8145295902883156,
            "(-2.478, -1.29]": 0.8197894445047064,
            "(-1.29, -0.775]": 0.4924371341859961,
            "(-0.775, -0.0192]": 0.9253597642549807,
            "(-0.0192, -0.0014]": 0.998710166919575,
            "(-0.0014, -0.000175]": 1.0,
            "(-0.000175, -8.34e-07]": 1.0
        }
    },
    "by_num_target_factors": {
        "group_size": {
            "1": 668,
            "2": 1601,
            "3": 1720,
            "4": 1198,
            "5": 715,
            "6": 373,
            "7": 165,
            "8": 79,
            "9": 35,
            "10": 20,
            "11": 8,
            "12": 3,
            "13": 3
        },
        "correct_product_mean": {
            "1": 0.9730538922155688,
            "2": 0.9818863210493441,
            "3": 0.983139534883721,
            "4": 0.988313856427379,
            "5": 0.9706293706293706,
            "6": 0.9517426273458445,
            "7": 0.9151515151515152,
            "8": 0.8227848101265823,
            "9": 0.7714285714285715,
            "10": 0.6,
            "11": 0.125,
            "12": 0.3333333333333333,
            "13": 0.3333333333333333
        },
        "correct_factorization_mean": {
            "1": 0.9730538922155688,
            "2": 0.6970643347907558,
            "3": 0.8372093023255814,
            "4": 0.9390651085141903,
            "5": 0.9664335664335665,
            "6": 0.8954423592493298,
            "7": 0.896969696969697,
            "8": 0.8227848101265823,
            "9": 0.7714285714285715,
            "10": 0.6,
            "11": 0.125,
            "12": 0.3333333333333333,
            "13": 0.3333333333333333
        }
    },
    "by_input_num": {
        "group_size": {
            "(7.999, 6350.5]": 659,
            "(6350.5, 12996.8]": 659,
            "(12996.8, 19472.5]": 659,
            "(19472.5, 26116.8]": 658,
            "(26116.8, 32574.0]": 659,
            "(32574.0, 39331.6]": 659,
            "(39331.6, 46013.7]": 658,
            "(46013.7, 52699.4]": 659,
            "(52699.4, 59007.6]": 659,
            "(59007.6, 65528.0]": 659
        },
        "correct_product_mean": {
            "(7.999, 6350.5]": 0.9969650986342944,
            "(6350.5, 12996.8]": 0.9954476479514416,
            "(12996.8, 19472.5]": 0.9954476479514416,
            "(19472.5, 26116.8]": 0.9741641337386018,
            "(26116.8, 32574.0]": 0.9711684370257967,
            "(32574.0, 39331.6]": 0.9635811836115327,
            "(39331.6, 46013.7]": 0.958966565349544,
            "(46013.7, 52699.4]": 0.9347496206373292,
            "(52699.4, 59007.6]": 0.9575113808801214,
            "(59007.6, 65528.0]": 0.9726858877086495
        },
        "correct_factorization_mean": {
            "(7.999, 6350.5]": 0.9969650986342944,
            "(6350.5, 12996.8]": 0.9954476479514416,
            "(12996.8, 19472.5]": 0.992412746585736,
            "(19472.5, 26116.8]": 0.9331306990881459,
            "(26116.8, 32574.0]": 0.8361153262518968,
            "(32574.0, 39331.6]": 0.787556904400607,
            "(39331.6, 46013.7]": 0.7659574468085106,
            "(46013.7, 52699.4]": 0.7632776934749621,
            "(52699.4, 59007.6]": 0.7268588770864947,
            "(59007.6, 65528.0]": 0.7192716236722306
        }
    },
    "pred_same_as_input_beam_0": {
        "0": {
            "input_is_prime": false,
            "pred_same_as_input": false,
            "group_size": 5920,
            "correct_product_mean": 0.9518581081081081,
            "correct_factorization_mean": 0.8023648648648649
        },
        "1": {
            "input_is_prime": true,
            "pred_same_as_input": false,
            "group_size": 663,
            "correct_product_mean": 0.9683257918552036,
            "correct_factorization_mean": 0.9683257918552036
        },
        "2": {
            "input_is_prime": true,
            "pred_same_as_input": true,
            "group_size": 5,
            "correct_product_mean": 1.0,
            "correct_factorization_mean": 1.0
        }
    },
    "by_min_factor_composite_only": {
        "0": {
            "min_factor_decile": "(1.999, 3.0]",
            "group_size": 4339,
            "correct_product_mean": 0.9734961972804794,
            "correct_factorization_mean": 0.9138050241991242
        },
        "1": {
            "min_factor_decile": "(3.0, 5.0]",
            "group_size": 447,
            "correct_product_mean": 0.9574944071588367,
            "correct_factorization_mean": 0.9217002237136466
        },
        "2": {
            "min_factor_decile": "(5.0, 17.0]",
            "group_size": 614,
            "correct_product_mean": 0.9657980456026058,
            "correct_factorization_mean": 0.3583061889250814
        },
        "3": {
            "min_factor_decile": "(17.0, 241.0]",
            "group_size": 520,
            "correct_product_mean": 0.9788461538461538,
            "correct_factorization_mean": 0.29423076923076924
        }
    },
    "loss": 0.1436135974274528,
    "meta": {
        "n_beams": 2,
        "temperature": 1.0
    }
}