{
    "correct": {
        "correct_product": 0.9602307225258045,
        "correct_factorization": 0.716909532483303
    },
    "beam_accuracy": {
        "correct_product": {
            "0": 0.9336672738312083,
            "1": 0.16196114146933818
        },
        "correct_factorization": {
            "0": 0.644808743169399,
            "1": 0.07210078931390407
        }
    },
    "by_prob": {
        "group_size": {
            "(-15.524999999999999, -6.443]": 1318.0,
            "(-6.443, -3.242]": 1318.0,
            "(-3.242, -2.663]": 1317.0,
            "(-2.663, -2.116]": 1318.0,
            "(-2.116, -1.343]": 1317.0,
            "(-1.343, -0.951]": 1318.0,
            "(-0.951, -0.762]": 1317.0,
            "(-0.762, -0.196]": 1318.0,
            "(-0.196, -0.00281]": 1317.0,
            "(-0.00281, -8.34e-07]": 1318.0
        },
        "correct_product": {
            "(-15.524999999999999, -6.443]": 0.08497723823975721,
            "(-6.443, -3.242]": 0.1441578148710167,
            "(-3.242, -2.663]": 0.12908124525436598,
            "(-2.663, -2.116]": 0.1449165402124431,
            "(-2.116, -1.343]": 0.3143507972665148,
            "(-1.343, -0.951]": 0.8232169954476479,
            "(-0.951, -0.762]": 0.9468488990129081,
            "(-0.762, -0.196]": 0.9021244309559939,
            "(-0.196, -0.00281]": 0.9886104783599089,
            "(-0.00281, -8.34e-07]": 1.0
        },
        "correct_factorization": {
            "(-15.524999999999999, -6.443]": 0.0,
            "(-6.443, -3.242]": 0.00834597875569044,
            "(-3.242, -2.663]": 0.0630220197418375,
            "(-2.663, -2.116]": 0.07359635811836115,
            "(-2.116, -1.343]": 0.19438116932422173,
            "(-1.343, -0.951]": 0.3323216995447648,
            "(-0.951, -0.762]": 0.3545937737281701,
            "(-0.762, -0.196]": 0.5781487101669196,
            "(-0.196, -0.00281]": 0.9802581624905087,
            "(-0.00281, -8.34e-07]": 1.0
        },
        "percent_prime_factors_pred": {
            "(-15.524999999999999, -6.443]": 0.906430799431556,
            "(-6.443, -3.242]": 0.9018209408194224,
            "(-3.242, -2.663]": 0.8171349025563125,
            "(-2.663, -2.116]": 0.8605778958017183,
            "(-2.116, -1.343]": 0.9155078280363007,
            "(-1.343, -0.951]": 0.6074860900354068,
            "(-0.951, -0.762]": 0.5297067650142818,
            "(-0.762, -0.196]": 0.8202832574607973,
            "(-0.196, -0.00281]": 0.9972032396861553,
            "(-0.00281, -8.34e-07]": 1.0
        }
    },
    "by_num_target_factors": {
        "group_size": {
            "1": 668,
            "2": 1601,
            "3": 1720,
            "4": 1198,
            "5": 715,
            "6": 373,
            "7": 165,
            "8": 79,
            "9": 35,
            "10": 20,
            "11": 8,
            "12": 3,
            "13": 3
        },
        "correct_product_mean": {
            "1": 1.0,
            "2": 0.9906308557151781,
            "3": 0.9883720930232558,
            "4": 0.9824707846410684,
            "5": 0.9482517482517483,
            "6": 0.8632707774798928,
            "7": 0.7575757575757576,
            "8": 0.5949367088607594,
            "9": 0.45714285714285713,
            "10": 0.3,
            "11": 0.0,
            "12": 0.0,
            "13": 0.3333333333333333
        },
        "correct_factorization_mean": {
            "1": 1.0,
            "2": 0.6214865708931917,
            "3": 0.6255813953488372,
            "4": 0.7904841402337228,
            "5": 0.8027972027972028,
            "6": 0.7533512064343163,
            "7": 0.6848484848484848,
            "8": 0.5822784810126582,
            "9": 0.45714285714285713,
            "10": 0.3,
            "11": 0.0,
            "12": 0.0,
            "13": 0.3333333333333333
        }
    },
    "by_input_num": {
        "group_size": {
            "(7.999, 6350.5]": 659,
            "(6350.5, 12996.8]": 659,
            "(12996.8, 19472.5]": 659,
            "(19472.5, 26116.8]": 658,
            "(26116.8, 32574.0]": 659,
            "(32574.0, 39331.6]": 659,
            "(39331.6, 46013.7]": 658,
            "(46013.7, 52699.4]": 659,
            "(52699.4, 59007.6]": 659,
            "(59007.6, 65528.0]": 659
        },
        "correct_product_mean": {
            "(7.999, 6350.5]": 0.9848254931714719,
            "(6350.5, 12996.8]": 0.9681335356600911,
            "(12996.8, 19472.5]": 0.9666160849772383,
            "(19472.5, 26116.8]": 0.9726443768996961,
            "(26116.8, 32574.0]": 0.9559939301972686,
            "(32574.0, 39331.6]": 0.9468892261001517,
            "(39331.6, 46013.7]": 0.9513677811550152,
            "(46013.7, 52699.4]": 0.9332321699544764,
            "(52699.4, 59007.6]": 0.9590288315629742,
            "(59007.6, 65528.0]": 0.9635811836115327
        },
        "correct_factorization_mean": {
            "(7.999, 6350.5]": 0.9833080424886191,
            "(6350.5, 12996.8]": 0.9271623672230652,
            "(12996.8, 19472.5]": 0.834597875569044,
            "(19472.5, 26116.8]": 0.7462006079027356,
            "(26116.8, 32574.0]": 0.6904400606980273,
            "(32574.0, 39331.6]": 0.6342943854324734,
            "(39331.6, 46013.7]": 0.6048632218844985,
            "(46013.7, 52699.4]": 0.5857359635811836,
            "(52699.4, 59007.6]": 0.582701062215478,
            "(59007.6, 65528.0]": 0.5796661608497724
        }
    },
    "pred_same_as_input_beam_0": {
        "0": {
            "input_is_prime": false,
            "pred_same_as_input": false,
            "group_size": 4917,
            "correct_product_mean": 0.9115314215985357,
            "correct_factorization_mean": 0.7284929835265406
        },
        "1": {
            "input_is_prime": false,
            "pred_same_as_input": true,
            "group_size": 1003,
            "correct_product_mean": 1.0,
            "correct_factorization_mean": 0.0
        },
        "2": {
            "input_is_prime": true,
            "pred_same_as_input": false,
            "group_size": 2,
            "correct_product_mean": 0.0,
            "correct_factorization_mean": 0.0
        },
        "3": {
            "input_is_prime": true,
            "pred_same_as_input": true,
            "group_size": 666,
            "correct_product_mean": 1.0,
            "correct_factorization_mean": 1.0
        }
    },
    "by_min_factor_composite_only": {
        "0": {
            "min_factor_decile": "(1.999, 3.0]",
            "group_size": 4339,
            "correct_product_mean": 0.9472228624106938,
            "correct_factorization_mean": 0.7232081124683106
        },
        "1": {
            "min_factor_decile": "(3.0, 5.0]",
            "group_size": 447,
            "correct_product_mean": 0.9485458612975392,
            "correct_factorization_mean": 0.7315436241610739
        },
        "2": {
            "min_factor_decile": "(5.0, 17.0]",
            "group_size": 614,
            "correct_product_mean": 0.995114006514658,
            "correct_factorization_mean": 0.11237785016286644
        },
        "3": {
            "min_factor_decile": "(17.0, 241.0]",
            "group_size": 520,
            "correct_product_mean": 0.9865384615384616,
            "correct_factorization_mean": 0.09230769230769231
        }
    },
    "test_loss": 0.0733976509475794,
    "meta": {
        "n_beams": 2,
        "temperature": 1.0
    }
}