{
    "correct": {
        "correct_product": 0.9890911884458785,
        "correct_factorization": 0.8256894829837904
    },
    "beam_accuracy": {
        "correct_product": {
            "0": 0.9360835830068372,
            "1": 0.23039102711838366,
            "2": 0.10778213105938388,
            "3": 0.06814166090497042,
            "4": 0.0881155412153338,
            "5": 0.04102327725282323,
            "6": 0.08020281170776676,
            "7": 0.030037643082123377,
            "8": 0.041868326035184755,
            "9": 0.041484212952293154
        },
        "correct_factorization": {
            "0": 0.60566950910348,
            "1": 0.08980563878005685,
            "2": 0.04140739033571483,
            "3": 0.026273334869785666,
            "4": 0.05784743028347546,
            "5": 0.018206960129061995,
            "6": 0.060613044480294996,
            "7": 0.013674425750941077,
            "8": 0.02596604440347238,
            "9": 0.025120995621110854
        }
    },
    "by_prob": {
        "correct_product": {
            "(-15.763, -9.211]": 0.10723613458288524,
            "(-9.211, -7.563]": 0.09834050399508297,
            "(-7.563, -5.403]": 0.053391718521932856,
            "(-5.403, -4.297]": 0.03695167857417224,
            "(-4.297, -3.82]": 0.0327264346623646,
            "(-3.82, -3.48]": 0.04025505108704003,
            "(-3.48, -3.093]": 0.053545363755089496,
            "(-3.093, -2.557]": 0.07736037489436891,
            "(-2.557, -1.327]": 0.22754859030498578,
            "(-1.327, -7.27e-06]": 0.9377736805715603
        },
        "correct_factorization": {
            "(-15.763, -9.211]": 0.08134890152097096,
            "(-9.211, -7.563]": 0.05646896127842655,
            "(-7.563, -5.403]": 0.0016132749481447338,
            "(-5.403, -4.297]": 0.004378889144964277,
            "(-4.297, -3.82]": 0.011216102020434816,
            "(-3.82, -3.48]": 0.017285088730122147,
            "(-3.48, -3.093]": 0.026273334869785666,
            "(-3.093, -2.557]": 0.038718598755473614,
            "(-2.557, -1.327]": 0.11385111776907121,
            "(-1.327, -7.27e-06]": 0.6134285933778905
        },
        "percent_prime_factors_pred": {
            "(-15.763, -9.211]": 0.764671924315829,
            "(-9.211, -7.563]": 0.8527731295117417,
            "(-7.563, -5.403]": 0.8839762534740555,
            "(-5.403, -4.297]": 0.8681165993276961,
            "(-4.297, -3.82]": 0.837460778063444,
            "(-3.82, -3.48]": 0.8337589367261986,
            "(-3.48, -3.093]": 0.8391874301127455,
            "(-3.093, -2.557]": 0.8396374521230379,
            "(-2.557, -1.327]": 0.8421683915173032,
            "(-1.327, -7.27e-06]": 0.7837972870641636
        }
    },
    "by_n_target_factors": {
        "correct_product_mean": {
            "1": 1.0,
            "2": 0.9993690851735015,
            "3": 0.999697428139183,
            "4": 0.9995835068721366,
            "5": 0.9928057553956835,
            "6": 0.9711286089238845,
            "7": 0.9295774647887324,
            "8": 0.8143712574850299,
            "9": 0.6914893617021277,
            "10": 0.71875,
            "11": 0.6428571428571429,
            "12": 0.5,
            "13": 1.0,
            "14": 0.25
        },
        "correct_product_size": {
            "1": 1313,
            "2": 3170,
            "3": 3305,
            "4": 2401,
            "5": 1390,
            "6": 762,
            "7": 355,
            "8": 167,
            "9": 94,
            "10": 32,
            "11": 14,
            "12": 8,
            "13": 2,
            "14": 4
        },
        "correct_factorization_mean": {
            "1": 1.0,
            "2": 0.7817034700315457,
            "3": 0.8102874432677761,
            "4": 0.8788004997917535,
            "5": 0.8323741007194244,
            "6": 0.7401574803149606,
            "7": 0.6985915492957746,
            "8": 0.6526946107784432,
            "9": 0.5638297872340425,
            "10": 0.6875,
            "11": 0.6428571428571429,
            "12": 0.5,
            "13": 1.0,
            "14": 0.25
        },
        "correct_factorization_size": {
            "1": 1313,
            "2": 3170,
            "3": 3305,
            "4": 2401,
            "5": 1390,
            "6": 762,
            "7": 355,
            "8": 167,
            "9": 94,
            "10": 32,
            "11": 14,
            "12": 8,
            "13": 2,
            "14": 4
        }
    },
    "by_target_number": {
        "correct_product_mean": {
            "(8.999, 6700.4]": 0.9969278033794163,
            "(6700.4, 13267.8]": 0.9953917050691244,
            "(13267.8, 19602.6]": 0.9861644888547272,
            "(19602.6, 25978.8]": 0.9930875576036866,
            "(25978.8, 32651.0]": 0.9854070660522274,
            "(32651.0, 39298.8]": 0.97847809377402,
            "(39298.8, 45796.8]": 0.9946236559139785,
            "(45796.8, 52327.8]": 0.9838585703305149,
            "(52327.8, 59017.4]": 0.9854070660522274,
            "(59017.4, 65521.0]": 0.9915514592933948
        },
        "correct_product_size": {
            "(8.999, 6700.4]": 1302,
            "(6700.4, 13267.8]": 1302,
            "(13267.8, 19602.6]": 1301,
            "(19602.6, 25978.8]": 1302,
            "(25978.8, 32651.0]": 1302,
            "(32651.0, 39298.8]": 1301,
            "(39298.8, 45796.8]": 1302,
            "(45796.8, 52327.8]": 1301,
            "(52327.8, 59017.4]": 1302,
            "(59017.4, 65521.0]": 1302
        },
        "correct_factorization_mean": {
            "(8.999, 6700.4]": 0.9946236559139785,
            "(6700.4, 13267.8]": 0.977726574500768,
            "(13267.8, 19602.6]": 0.9346656418139893,
            "(19602.6, 25978.8]": 0.8963133640552995,
            "(25978.8, 32651.0]": 0.8394777265745008,
            "(32651.0, 39298.8]": 0.7471176018447349,
            "(39298.8, 45796.8]": 0.7411674347158218,
            "(45796.8, 52327.8]": 0.7186779400461184,
            "(52327.8, 59017.4]": 0.7181259600614439,
            "(59017.4, 65521.0]": 0.6889400921658986
        },
        "correct_factorization_size": {
            "(8.999, 6700.4]": 1302,
            "(6700.4, 13267.8]": 1302,
            "(13267.8, 19602.6]": 1301,
            "(19602.6, 25978.8]": 1302,
            "(25978.8, 32651.0]": 1302,
            "(32651.0, 39298.8]": 1301,
            "(39298.8, 45796.8]": 1302,
            "(45796.8, 52327.8]": 1301,
            "(52327.8, 59017.4]": 1302,
            "(59017.4, 65521.0]": 1302
        }
    },
    "pred_same_as_target_beam_0": {
        "0": {
            "target_is_prime": false,
            "pred_same_as_target": false,
            "correct_product_mean": 0.9166497048646448,
            "correct_product_size": 9826,
            "correct_factorization_mean": 0.670059027071036,
            "correct_factorization_size": 9826
        },
        "1": {
            "target_is_prime": false,
            "pred_same_as_target": true,
            "correct_product_mean": 1.0,
            "correct_product_size": 1878,
            "correct_factorization_mean": 0.0,
            "correct_factorization_size": 1878
        },
        "2": {
            "target_is_prime": true,
            "pred_same_as_target": false,
            "correct_product_mean": 0.0,
            "correct_product_size": 13,
            "correct_factorization_mean": 0.0,
            "correct_factorization_size": 13
        },
        "3": {
            "target_is_prime": true,
            "pred_same_as_target": true,
            "correct_product_mean": 1.0,
            "correct_product_size": 1300,
            "correct_factorization_mean": 1.0,
            "correct_factorization_size": 1300
        }
    },
    "test_loss": 0.09112792146191293,
    "meta": {
        "n_beams": 10
    }
}