{
    "correct": {
        "correct_product": 0.9890143658293001,
        "correct_factorization": 0.24982714911269877
    },
    "beam_accuracy": {
        "correct_product": {
            "0": 0.9847122993009142,
            "1": 0.1581009449181839
        },
        "correct_factorization": {
            "0": 0.20926480755934548,
            "1": 0.04056234155335331
        }
    },
    "by_prob": {
        "correct_product": {
            "(-10.809999999999999, -7.279]": 0.001152073732718894,
            "(-7.279, -5.836]": 0.009220130618517095,
            "(-5.836, -2.901]": 0.0695351517479831,
            "(-2.901, -2.661]": 0.3490783410138249,
            "(-2.661, -2.206]": 0.35190165194006917,
            "(-2.206, -1.741]": 0.9466000768344218,
            "(-1.741, -1.695]": 0.9953917050691244,
            "(-1.695, -1.646]": 0.9980791394544756,
            "(-1.646, -1.575]": 0.9973107952362659,
            "(-1.575, -1.221]": 0.9957757296466974
        },
        "correct_factorization": {
            "(-10.809999999999999, -7.279]": 0.00038402457757296467,
            "(-7.279, -5.836]": 0.00384172109104879,
            "(-5.836, -2.901]": 0.021897810218978103,
            "(-2.901, -2.661]": 0.07642089093701997,
            "(-2.661, -2.206]": 0.09911640414905878,
            "(-2.206, -1.741]": 0.18786016135228584,
            "(-1.741, -1.695]": 0.19969278033794163,
            "(-1.695, -1.646]": 0.19938532462543218,
            "(-1.646, -1.575]": 0.2120630042258932,
            "(-1.575, -1.221]": 0.24846390168970814
        },
        "seq_dist_binary": {
            "(-10.809999999999999, -7.279]": 0.27317481652159004,
            "(-7.279, -5.836]": 0.18085435608485914,
            "(-5.836, -2.901]": 0.1373255218337817,
            "(-2.901, -2.661]": 0.1290749274620238,
            "(-2.661, -2.206]": 0.11561446194561813,
            "(-2.206, -1.741]": 0.12917253596277786,
            "(-1.741, -1.695]": 0.1306910308926437,
            "(-1.695, -1.646]": 0.1242956844666408,
            "(-1.646, -1.575]": 0.11803154479873623,
            "(-1.575, -1.221]": 0.10402799112476481
        },
        "seq_dist_lev": {
            "(-10.809999999999999, -7.279]": 17.975038402457756,
            "(-7.279, -5.836]": 10.42451018056089,
            "(-5.836, -2.901]": 7.671148674606224,
            "(-2.901, -2.661]": 7.0691244239631335,
            "(-2.661, -2.206]": 6.378409527468306,
            "(-2.206, -1.741]": 7.6154437187860164,
            "(-1.741, -1.695]": 7.612519201228879,
            "(-1.695, -1.646]": 7.278524779101037,
            "(-1.646, -1.575]": 6.9842489435267,
            "(-1.575, -1.221]": 6.174347158218126
        },
        "percent_prime_factors_pred": {
            "(-10.809999999999999, -7.279]": 0.9785545132031288,
            "(-7.279, -5.836]": 0.8577227740885013,
            "(-5.836, -2.901]": 0.8267987071194886,
            "(-2.901, -2.661]": 0.7190422715192428,
            "(-2.661, -2.206]": 0.7931812361028632,
            "(-2.206, -1.741]": 0.27934065976709094,
            "(-1.741, -1.695]": 0.27963082104787185,
            "(-1.695, -1.646]": 0.42690119459232034,
            "(-1.646, -1.575]": 0.5444532865009256,
            "(-1.575, -1.221]": 0.7030776826859799
        }
    },
    "by_n_target_factors": {
        "correct_product_mean": {
            "1": 0.9954303122619954,
            "2": 0.9936908517350158,
            "3": 0.9951588502269288,
            "4": 0.9908371511870054,
            "5": 0.9899280575539569,
            "6": 0.9855643044619422,
            "7": 0.9690140845070423,
            "8": 0.9401197604790419,
            "9": 0.9042553191489362,
            "10": 0.6875,
            "11": 0.5714285714285714,
            "12": 0.5,
            "13": 0.5,
            "14": 0.25
        },
        "correct_product_size": {
            "1": 1313,
            "2": 3170,
            "3": 3305,
            "4": 2401,
            "5": 1390,
            "6": 762,
            "7": 355,
            "8": 167,
            "9": 94,
            "10": 32,
            "11": 14,
            "12": 8,
            "13": 2,
            "14": 4
        },
        "correct_factorization_mean": {
            "1": 0.9954303122619954,
            "2": 0.24353312302839117,
            "3": 0.15128593040847202,
            "4": 0.13286130778842148,
            "5": 0.12302158273381295,
            "6": 0.1272965879265092,
            "7": 0.14366197183098592,
            "8": 0.1317365269461078,
            "9": 0.10638297872340426,
            "10": 0.0,
            "11": 0.07142857142857142,
            "12": 0.125,
            "13": 0.0,
            "14": 0.25
        },
        "correct_factorization_size": {
            "1": 1313,
            "2": 3170,
            "3": 3305,
            "4": 2401,
            "5": 1390,
            "6": 762,
            "7": 355,
            "8": 167,
            "9": 94,
            "10": 32,
            "11": 14,
            "12": 8,
            "13": 2,
            "14": 4
        }
    },
    "by_target_number": {
        "correct_product_mean": {
            "(8.999, 6700.4]": 0.9201228878648233,
            "(6700.4, 13267.8]": 0.9923195084485407,
            "(13267.8, 19602.6]": 0.9930822444273636,
            "(19602.6, 25978.8]": 0.999231950844854,
            "(25978.8, 32651.0]": 0.9961597542242704,
            "(32651.0, 39298.8]": 0.9953881629515757,
            "(39298.8, 45796.8]": 0.9976958525345622,
            "(45796.8, 52327.8]": 0.9992313604919293,
            "(52327.8, 59017.4]": 0.999231950844854,
            "(59017.4, 65521.0]": 0.9976958525345622
        },
        "correct_product_size": {
            "(8.999, 6700.4]": 1302,
            "(6700.4, 13267.8]": 1302,
            "(13267.8, 19602.6]": 1301,
            "(19602.6, 25978.8]": 1302,
            "(25978.8, 32651.0]": 1302,
            "(32651.0, 39298.8]": 1301,
            "(39298.8, 45796.8]": 1302,
            "(45796.8, 52327.8]": 1301,
            "(52327.8, 59017.4]": 1302,
            "(59017.4, 65521.0]": 1302
        },
        "correct_factorization_mean": {
            "(8.999, 6700.4]": 0.2910906298003072,
            "(6700.4, 13267.8]": 0.282642089093702,
            "(13267.8, 19602.6]": 0.2444273635664873,
            "(19602.6, 25978.8]": 0.2642089093701997,
            "(25978.8, 32651.0]": 0.2619047619047619,
            "(32651.0, 39298.8]": 0.22444273635664874,
            "(39298.8, 45796.8]": 0.22964669738863286,
            "(45796.8, 52327.8]": 0.24289008455034589,
            "(52327.8, 59017.4]": 0.24731182795698925,
            "(59017.4, 65521.0]": 0.20967741935483872
        },
        "correct_factorization_size": {
            "(8.999, 6700.4]": 1302,
            "(6700.4, 13267.8]": 1302,
            "(13267.8, 19602.6]": 1301,
            "(19602.6, 25978.8]": 1302,
            "(25978.8, 32651.0]": 1302,
            "(32651.0, 39298.8]": 1301,
            "(39298.8, 45796.8]": 1302,
            "(45796.8, 52327.8]": 1301,
            "(52327.8, 59017.4]": 1302,
            "(59017.4, 65521.0]": 1302
        }
    },
    "by_pct_target_ones": {
        "correct_product_mean": {
            "(0.187, 0.5]": 0.9892197125256673,
            "(0.5, 0.529]": 0.9887005649717514,
            "(0.529, 0.562]": 0.9882075471698113,
            "(0.562, 0.6]": 0.9766963673749143,
            "(0.6, 0.625]": 0.983704974271012,
            "(0.625, 0.667]": 0.9884596086302058,
            "(0.667, 0.688]": 1.0,
            "(0.688, 0.722]": 0.9973958333333334,
            "(0.722, 0.769]": 0.99528672427337,
            "(0.769, 1.0]": 0.9891891891891892
        },
        "correct_product_size": {
            "(0.187, 0.5]": 1948,
            "(0.5, 0.529]": 708,
            "(0.529, 0.562]": 1272,
            "(0.562, 0.6]": 1459,
            "(0.6, 0.625]": 1166,
            "(0.625, 0.667]": 1993,
            "(0.667, 0.688]": 751,