epoch,train_loss,test_loss
0,0.15303308535521148,0.12245301574241114
