{
    "correct": {
        "correct_product": 0.41,
        "correct_factorization": 0.15
    },
    "beam_accuracy": {
        "correct_product": {
            "0": 0.41
        },
        "correct_factorization": {
            "0": 0.15
        }
    },
    "by_prob": {
        "correct_product": {
            "(-8.129, -4.967]": 0.0,
            "(-4.967, -4.048]": 0.1,
            "(-4.048, -3.025]": 0.0,
            "(-3.025, -2.423]": 0.1,
            "(-2.423, -1.908]": 0.2,
            "(-1.908, -1.746]": 0.6,
            "(-1.746, -1.61]": 0.5,
            "(-1.61, -1.472]": 1.0,
            "(-1.472, -1.389]": 0.8,
            "(-1.389, -1.323]": 0.8
        },
        "correct_factorization": {
            "(-8.129, -4.967]": 0.0,
            "(-4.967, -4.048]": 0.1,
            "(-4.048, -3.025]": 0.0,
            "(-3.025, -2.423]": 0.0,
            "(-2.423, -1.908]": 0.1,
            "(-1.908, -1.746]": 0.1,
            "(-1.746, -1.61]": 0.2,
            "(-1.61, -1.472]": 0.4,
            "(-1.472, -1.389]": 0.4,
            "(-1.389, -1.323]": 0.2
        },
        "seq_dist_binary": {
            "(-8.129, -4.967]": 0.2861111111111111,
            "(-4.967, -4.048]": 0.09166666666666666,
            "(-4.048, -3.025]": 0.10833333333333332,
            "(-3.025, -2.423]": 0.08888888888888888,
            "(-2.423, -1.908]": 0.061111111111111116,
            "(-1.908, -1.746]": 0.07638888888888891,
            "(-1.746, -1.61]": 0.06250000000000001,
            "(-1.61, -1.472]": 0.061111111111111116,
            "(-1.472, -1.389]": 0.047222222222222235,
            "(-1.389, -1.323]": 0.07777777777777777
        },
        "seq_dist_lev": {
            "(-8.129, -4.967]": 20.3,
            "(-4.967, -4.048]": 6.2,
            "(-4.048, -3.025]": 6.9,
            "(-3.025, -2.423]": 5.5,
            "(-2.423, -1.908]": 3.8,
            "(-1.908, -1.746]": 5.0,
            "(-1.746, -1.61]": 3.9,
            "(-1.61, -1.472]": 4.0,
            "(-1.472, -1.389]": 2.6,
            "(-1.389, -1.323]": 5.3
        },
        "percent_prime_factors_pred": {
            "(-8.129, -4.967]": 0.8,
            "(-4.967, -4.048]": 0.9416666666666667,
            "(-4.048, -3.025]": 0.7583333333333333,
            "(-3.025, -2.423]": 0.7333333333333333,
            "(-2.423, -1.908]": 0.8666666666666668,
            "(-1.908, -1.746]": 0.5,
            "(-1.746, -1.61]": 0.45,
            "(-1.61, -1.472]": 0.6,
            "(-1.472, -1.389]": 0.65,
            "(-1.389, -1.323]": 0.2
        }
    },
    "by_n_target_factors": {
        "correct_product_mean": {
            "1": 0.45,
            "2": 0.3548387096774194,
            "3": 0.5925925925925926,
            "4": 0.2222222222222222,
            "5": 0.2857142857142857,
            "7": 0.0,
            "8": 0.5
        },
        "correct_product_size": {
            "1": 20,
            "2": 31,
            "3": 27,
            "4": 9,
            "5": 7,
            "7": 4,
            "8": 2
        },
        "correct_factorization_mean": {
            "1": 0.45,
            "2": 0.12903225806451613,
            "3": 0.037037037037037035,
            "4": 0.0,
            "5": 0.0,
            "7": 0.0,
            "8": 0.5
        },
        "correct_factorization_size": {
            "1": 20,
            "2": 31,
            "3": 27,
            "4": 9,
            "5": 7,
            "7": 4,
            "8": 2
        }
    },
    "by_target_number": {
        "correct_product_mean": {
            "(8.999, 69.8]": 0.0,
            "(69.8, 119.6]": 0.1,
            "(119.6, 162.9]": 0.1,
            "(162.9, 225.4]": 0.5,
            "(225.4, 276.0]": 0.6,
            "(276.0, 309.2]": 0.4,
            "(309.2, 386.3]": 0.6,
            "(386.3, 431.0]": 0.7,
            "(431.0, 470.3]": 0.5,
            "(470.3, 508.0]": 0.6
        },
        "correct_product_size": {
            "(8.999, 69.8]": 10,
            "(69.8, 119.6]": 10,
            "(119.6, 162.9]": 10,
            "(162.9, 225.4]": 10,
            "(225.4, 276.0]": 10,
            "(276.0, 309.2]": 10,
            "(309.2, 386.3]": 10,
            "(386.3, 431.0]": 10,
            "(431.0, 470.3]": 10,
            "(470.3, 508.0]": 10
        },
        "correct_factorization_mean": {
            "(8.999, 69.8]": 0.0,
            "(69.8, 119.6]": 0.1,
            "(119.6, 162.9]": 0.1,
            "(162.9, 225.4]": 0.2,
            "(225.4, 276.0]": 0.1,
            "(276.0, 309.2]": 0.4,
            "(309.2, 386.3]": 0.2,
            "(386.3, 431.0]": 0.2,
            "(431.0, 470.3]": 0.2,
            "(470.3, 508.0]": 0.0
        },
        "correct_factorization_size": {
            "(8.999, 69.8]": 10,
            "(69.8, 119.6]": 10,
            "(119.6, 162.9]": 10,
            "(162.9, 225.4]": 10,
            "(225.4, 276.0]": 10,
            "(276.0, 309.2]": 10,
            "(309.2, 386.3]": 10,
            "(386.3, 431.0]": 10,
            "(431.0, 470.3]": 10,
            "(470.3, 508.0]": 10
        }
    },
    "by_pct_target_ones": {
        "correct_product_mean": {
            "(0.399, 0.5]": 0.5,
            "(0.5, 0.561]": 0.5,
            "(0.561, 0.6]": 0.3333333333333333,
            "(0.6, 0.625]": 0.25,
            "(0.625, 0.667]": 0.3076923076923077,
            "(0.667, 0.7]": 0.8571428571428571,
            "(0.7, 0.778]": 0.23076923076923078,
            "(0.778, 0.8]": 0.5,
            "(0.8, 0.876]": 0.16666666666666666,
            "(0.876, 1.0]": 0.6
        },
        "correct_product_size": {
            "(0.399, 0.5]": 12,
            "(0.5, 0.561]": 8,
            "(0.561, 0.6]": 15,
            "(0.6, 0.625]": 8,
            "(0.625, 0.667]": 13,
            "(0.667, 0.7]": 7,
            "(0.7, 0.778]": 13,
            "(0.778, 0.8]": 8,
            "(0.8, 0.876]": 6,
            "(0.876, 1.0]": 10
        },
        "correct_factorization_mean": {
            "(0.399, 0.5]": 0.5,
            "(0.5, 0.561]": 0.25,
            "(0.561, 0.6]": 0.26666666666666666,
            "(0.6, 0.625]": 0.25,
            "(0.625, 0.667]": 0.07692307692307693,
            "(0.667, 0.7]": 0.0,
            "(0.7, 0.778]": 0.0,
            "(0.778, 0.8]": 0.0,
            "(0.8, 0.876]": 0.0,
            "(0.876, 1.0]": 0.0
        },
        "correct_factorization_size": {
            "(0.399, 0.5]": 12,
            "(0.5, 0.561]": 8,
            "(0.561, 0.6]": 15,
            "(0.6, 0.625]": 8,
            "(0.625, 0.667]": 13,
            "(0.667, 0.7]": 7,
            "(0.7, 0.778]": 13,
            "(0.778, 0.8]": 8,
            "(0.8, 0.876]": 6,
            "(0.876, 1.0]": 10
        }
    },
    "test_loss": 0.0650257348429923,
    "meta": {
        "n_beams": 1
    }
}