{
    "correct": {
        "correct_product": 0.9548,
        "correct_factorization": 0.284
    },
    "beam_accuracy": {
        "correct_product": {
            "0": 0.9392,
            "1": 0.1948
        },
        "correct_factorization": {
            "0": 0.2272,
            "1": 0.0568
        }
    },
    "by_prob": {
        "correct_product": {
            "(-8.950999999999999, -5.202]": 0.002,
            "(-5.202, -3.63]": 0.058,
            "(-3.63, -2.783]": 0.114,
            "(-2.783, -2.591]": 0.364,
            "(-2.591, -2.262]": 0.41,
            "(-2.262, -1.699]": 0.76,
            "(-1.699, -1.643]": 0.99,
            "(-1.643, -1.59]": 0.99,
            "(-1.59, -1.531]": 0.994,
            "(-1.531, -1.27]": 0.988
        },
        "correct_factorization": {
            "(-8.950999999999999, -5.202]": 0.002,
            "(-5.202, -3.63]": 0.028,
            "(-3.63, -2.783]": 0.038,
            "(-2.783, -2.591]": 0.104,
            "(-2.591, -2.262]": 0.11,
            "(-2.262, -1.699]": 0.2,
            "(-1.699, -1.643]": 0.212,
            "(-1.643, -1.59]": 0.218,
            "(-1.59, -1.531]": 0.258,
            "(-1.531, -1.27]": 0.25
        },
        "seq_dist_binary": {
            "(-8.950999999999999, -5.202]": 0.2043611111111111,
            "(-5.202, -3.63]": 0.12374999999999993,
            "(-3.63, -2.783]": 0.12036111111111104,
            "(-2.783, -2.591]": 0.11286111111111105,
            "(-2.591, -2.262]": 0.10608333333333327,
            "(-2.262, -1.699]": 0.0995555555555556,
            "(-1.699, -1.643]": 0.10974999999999994,
            "(-1.643, -1.59]": 0.10688888888888888,
            "(-1.59, -1.531]": 0.1003611111111111,
            "(-1.531, -1.27]": 0.09497222222222229
        },
        "seq_dist_lev": {
            "(-8.950999999999999, -5.202]": 13.202,
            "(-5.202, -3.63]": 7.098,
            "(-3.63, -2.783]": 6.624,
            "(-2.783, -2.591]": 6.298,
            "(-2.591, -2.262]": 5.95,
            "(-2.262, -1.699]": 5.946,
            "(-1.699, -1.643]": 6.462,
            "(-1.643, -1.59]": 6.304,
            "(-1.59, -1.531]": 5.934,
            "(-1.531, -1.27]": 5.734
        },
        "percent_prime_factors_pred": {
            "(-8.950999999999999, -5.202]": 0.9403666666666675,
            "(-5.202, -3.63]": 0.842119769119771,
            "(-3.63, -2.783]": 0.7668174603174622,
            "(-2.783, -2.591]": 0.7210238095238105,
            "(-2.591, -2.262]": 0.7545920634920646,
            "(-2.262, -1.699]": 0.48558809523809554,
            "(-1.699, -1.643]": 0.35686666666666667,
            "(-1.643, -1.59]": 0.40174761904761896,
            "(-1.59, -1.531]": 0.4912999999999996,
            "(-1.531, -1.27]": 0.613961904761905
        }
    },
    "by_n_target_factors": {
        "correct_product_mean": {
            "1": 0.9790940766550522,
            "2": 0.9696509863429439,
            "3": 0.9746031746031746,
            "4": 0.9511111111111111,
            "5": 0.948051948051948,
            "6": 0.9147286821705426,
            "7": 0.8360655737704918,
            "8": 0.7931034482758621,
            "9": 0.7333333333333333,
            "10": 0.2,
            "11": 0.5,
            "12": 0.5
        },
        "correct_product_size": {
            "1": 287,
            "2": 659,
            "3": 630,
            "4": 450,
            "5": 231,
            "6": 129,
            "7": 61,
            "8": 29,
            "9": 15,
            "10": 5,
            "11": 2,
            "12": 2
        },
        "correct_factorization_mean": {
            "1": 0.9790940766550522,
            "2": 0.2822458270106222,
            "3": 0.1746031746031746,
            "4": 0.13111111111111112,
            "5": 0.16883116883116883,
            "6": 0.16279069767441862,
            "7": 0.09836065573770492,
            "8": 0.10344827586206896,
            "9": 0.2,
            "10": 0.0,
            "11": 0.5,
            "12": 0.5
        },
        "correct_factorization_size": {
            "1": 287,
            "2": 659,
            "3": 630,
            "4": 450,
            "5": 231,
            "6": 129,
            "7": 61,
            "8": 29,
            "9": 15,
            "10": 5,
            "11": 2,
            "12": 2
        }
    },
    "by_target_number": {
        "correct_product_mean": {
            "(8.999, 1212.8]": 0.724,
            "(1212.8, 2346.8]": 0.932,
            "(2346.8, 3599.7]": 0.964,
            "(3599.7, 5054.8]": 0.976,
            "(5054.8, 6330.5]": 0.996,
            "(6330.5, 7637.4]": 0.988,
            "(7637.4, 8996.8]": 0.984,
            "(8996.8, 10124.6]": 0.992,
            "(10124.6, 11407.5]": 0.992,
            "(11407.5, 12752.0]": 1.0
        },
        "correct_product_size": {
            "(8.999, 1212.8]": 250,
            "(1212.8, 2346.8]": 250,
            "(2346.8, 3599.7]": 250,
            "(3599.7, 5054.8]": 250,
            "(5054.8, 6330.5]": 250,
            "(6330.5, 7637.4]": 250,
            "(7637.4, 8996.8]": 250,
            "(8996.8, 10124.6]": 250,
            "(10124.6, 11407.5]": 250,
            "(11407.5, 12752.0]": 250
        },
        "correct_factorization_mean": {
            "(8.999, 1212.8]": 0.288,
            "(1212.8, 2346.8]": 0.304,
            "(2346.8, 3599.7]": 0.312,
            "(3599.7, 5054.8]": 0.288,
            "(5054.8, 6330.5]": 0.276,
            "(6330.5, 7637.4]": 0.284,
            "(7637.4, 8996.8]": 0.26,
            "(8996.8, 10124.6]": 0.272,
            "(10124.6, 11407.5]": 0.256,
            "(11407.5, 12752.0]": 0.3
        },
        "correct_factorization_size": {
            "(8.999, 1212.8]": 250,
            "(1212.8, 2346.8]": 250,
            "(2346.8, 3599.7]": 250,
            "(3599.7, 5054.8]": 250,
            "(5054.8, 6330.5]": 250,
            "(6330.5, 7637.4]": 250,
            "(7637.4, 8996.8]": 250,
            "(8996.8, 10124.6]": 250,
            "(10124.6, 11407.5]": 250,
            "(11407.5, 12752.0]": 250
        }
    },
    "by_pct_target_ones": {
        "correct_product_mean": {
            "(0.23, 0.5]": 0.9662337662337662,
            "(0.5, 0.538]": 0.9382716049382716,
            "(0.538, 0.583]": 0.9338842975206612,
            "(0.583, 0.615]": 0.9145907473309609,
            "(0.615, 0.643]": 0.948905109489051,
            "(0.643, 0.667]": 0.9432314410480349,
            "(0.667, 0.714]": 0.9897610921501706,
            "(0.714, 0.75]": 0.9766355140186916,
            "(0.75, 0.8]": 0.9646464646464646,
            "(0.8, 1.0]": 0.963963963963964
        },
        "correct_product_size": {
            "(0.23, 0.5]": 385,
            "(0.5, 0.538]": 162,
            "(0.538, 0.583]": 242,
            "(0.583, 0.615]": 281,
            "(0.615, 0.643]": 274,
            "(0.643, 0.667]": 229,
            "(0.667, 0.714]": 293,
            "(0.714, 0.75]": 214,
            "(0.75, 0.8]": 198,
            "(0.8, 1.0]": 222
        },
        "correct_factorization_mean": {
            "(0.23, 0.5]": 0.6,
            "(0.5, 0.538]": 0.3950617283950617,
            "(0.538, 0.583]": 0.4090909090909091,
            "(0.583, 0.615]": 0.2846975088967972,
            "(0.615, 0.643]": 0.24452554744525548,
            "(0.643, 0.667]": 0.1703056768558952,
            "(0.667, 0.714]": 0.20819112627986347,
            "(0.714, 0.75]": 0.16822429906542055,
            "(0.75, 0.8]": 0.10606060606060606,
            "(0.8, 1.0]": 0.05405405405405406
        },
        "correct_factorization_size": {
            "(0.23, 0.5]": 385,
            "(0.5, 0.538]": 162,
            "(0.538, 0.583]": 242,
            "(0.583, 0.615]": 281,
            "(0.615, 0.643]": 274,
            "(0.643, 0.667]": 229,
            "(0.667, 0.714]": 293,
            "(0.714, 0.75]": 214,
            "(0.75, 0.8]": 198,
            "(0.8, 1.0]": 222
        }
    },
    "test_loss": 0.0650257348429923,