{
    "correct": {
        "correct_product": 0.9956211108550357,
        "correct_factorization": 0.3655220096796497
    },
    "beam_accuracy": {
        "correct_product": {
            "0": 0.9874779134977337,
            "1": 0.3269570561573327,
            "2": 0.1844511024045479,
            "3": 0.08527310440193593,
            "4": 0.012214796035952985
        },
        "correct_factorization": {
            "0": 0.21064761465775525,
            "1": 0.08004916647461012,
            "2": 0.046170392563570715,
            "3": 0.024352769455327647,
            "4": 0.004302066528385957
        }
    },
    "by_prob": {
        "correct_product": {
            "(-10.995999999999999, -7.089]": 0.0004609002919035182,
            "(-7.089, -4.631]": 0.011524277811923786,
            "(-4.631, -3.814]": 0.0683668766323552,
            "(-3.814, -3.461]": 0.10602335586969883,
            "(-3.461, -3.13]": 0.16669227223843908,
            "(-3.13, -2.877]": 0.20190534726490472,
            "(-2.877, -2.664]": 0.31745543945912724,
            "(-2.664, -2.192]": 0.3442925180519281,
            "(-2.192, -1.672]": 0.9792562999385371,
            "(-1.672, -1.221]": 0.9967736979566754
        },
        "correct_factorization": {
            "(-10.995999999999999, -7.089]": 0.0,
            "(-7.089, -4.631]": 0.0053779963122311,
            "(-4.631, -3.814]": 0.019818712551851282,
            "(-3.814, -3.461]": 0.028119237861094038,
            "(-3.461, -3.13]": 0.04470732831464127,
            "(-3.13, -2.877]": 0.049477566072526125,
            "(-2.877, -2.664]": 0.07098955132145052,
            "(-2.664, -2.192]": 0.09218005838070364,
            "(-2.192, -1.672]": 0.19560540872771973,
            "(-1.672, -1.221]": 0.22476570901828238
        },
        "seq_dist_binary": {
            "(-10.995999999999999, -7.089]": 0.2651200901316166,
            "(-7.089, -4.631]": 0.16143165676432472,
            "(-4.631, -3.814]": 0.13605733941039047,
            "(-3.814, -3.461]": 0.13669287372806221,
            "(-3.461, -3.13]": 0.13420733684983263,
            "(-3.13, -2.877]": 0.13122097589291906,
            "(-2.877, -2.664]": 0.13145359557467862,
            "(-2.664, -2.192]": 0.11948626687833996,
            "(-2.192, -1.672]": 0.12878593867377022,
            "(-1.672, -1.221]": 0.11348176029770812
        },
        "seq_dist_lev": {
            "(-10.995999999999999, -7.089]": 17.393608849285606,
            "(-7.089, -4.631]": 9.290565457897971,
            "(-4.631, -3.814]": 7.309110462436626,
            "(-3.814, -3.461]": 7.349569760295021,
            "(-3.461, -3.13]": 7.008603472115532,
            "(-3.13, -2.877]": 6.83420405654579,
            "(-2.877, -2.664]": 7.155347264904733,
            "(-2.664, -2.192]": 6.569826394223383,
            "(-2.192, -1.672]": 7.54578979717271,
            "(-1.672, -1.221]": 6.711015516976494
        },
        "percent_prime_factors_pred": {
            "(-10.995999999999999, -7.089]": 0.9736529086045251,
            "(-7.089, -4.631]": 0.858799731222157,
            "(-4.631, -3.814]": 0.798236463354004,
            "(-3.814, -3.461]": 0.7865850643585887,
            "(-3.461, -3.13]": 0.6937857106277726,
            "(-3.13, -2.877]": 0.7355102671520976,
            "(-2.877, -2.664]": 0.6802901812044357,
            "(-2.664, -2.192]": 0.7356838527717311,
            "(-2.192, -1.672]": 0.3042432900876358,
            "(-1.672, -1.221]": 0.5891575035299057
        }
    },
    "by_n_target_factors": {
        "correct_product_mean": {
            "1": 0.9954303122619954,
            "2": 0.9958990536277602,
            "3": 0.9981845688350983,
            "4": 0.9975010412328197,
            "5": 0.9978417266187051,
            "6": 0.9973753280839895,
            "7": 0.9943661971830986,
            "8": 0.9880239520958084,
            "9": 0.9574468085106383,
            "10": 0.84375,
            "11": 0.7857142857142857,
            "12": 0.625,
            "13": 1.0,
            "14": 0.5
        },
        "correct_product_size": {
            "1": 1313,
            "2": 3170,
            "3": 3305,
            "4": 2401,
            "5": 1390,
            "6": 762,
            "7": 355,
            "8": 167,
            "9": 94,
            "10": 32,
            "11": 14,
            "12": 8,
            "13": 2,
            "14": 4
        },
        "correct_factorization_mean": {
            "1": 0.9954303122619954,
            "2": 0.45488958990536277,
            "3": 0.2729198184568835,
            "4": 0.2178259058725531,
            "5": 0.18633093525179856,
            "6": 0.2047244094488189,
            "7": 0.2507042253521127,
            "8": 0.25748502994011974,
            "9": 0.2872340425531915,
            "10": 0.125,
            "11": 0.21428571428571427,
            "12": 0.125,
            "13": 0.0,
            "14": 0.5
        },
        "correct_factorization_size": {
            "1": 1313,
            "2": 3170,
            "3": 3305,
            "4": 2401,
            "5": 1390,
            "6": 762,
            "7": 355,
            "8": 167,
            "9": 94,
            "10": 32,
            "11": 14,
            "12": 8,
            "13": 2,
            "14": 4
        }
    },
    "by_target_number": {
        "correct_product_mean": {
            "(8.999, 6700.4]": 0.966973886328725,
            "(6700.4, 13267.8]": 0.9976958525345622,
            "(13267.8, 19602.6]": 0.9976940814757879,
            "(19602.6, 25978.8]": 1.0,
            "(25978.8, 32651.0]": 0.999231950844854,
            "(32651.0, 39298.8]": 0.9969254419677172,
            "(39298.8, 45796.8]": 0.9984639016897081,
            "(45796.8, 52327.8]": 1.0,
            "(52327.8, 59017.4]": 0.999231950844854,
            "(59017.4, 65521.0]": 1.0
        },
        "correct_product_size": {
            "(8.999, 6700.4]": 1302,
            "(6700.4, 13267.8]": 1302,
            "(13267.8, 19602.6]": 1301,
            "(19602.6, 25978.8]": 1302,
            "(25978.8, 32651.0]": 1302,
            "(32651.0, 39298.8]": 1301,
            "(39298.8, 45796.8]": 1302,
            "(45796.8, 52327.8]": 1301,
            "(52327.8, 59017.4]": 1302,
            "(59017.4, 65521.0]": 1302
        },
        "correct_factorization_mean": {
            "(8.999, 6700.4]": 0.4608294930875576,
            "(6700.4, 13267.8]": 0.402457757296467,
            "(13267.8, 19602.6]": 0.36664104534973097,
            "(19602.6, 25978.8]": 0.37864823348694315,
            "(25978.8, 32651.0]": 0.35944700460829493,
            "(32651.0, 39298.8]": 0.33973866256725593,
            "(39298.8, 45796.8]": 0.337173579109063,
            "(45796.8, 52327.8]": 0.3528055342044581,
            "(52327.8, 59017.4]": 0.3509984639016897,
            "(59017.4, 65521.0]": 0.3064516129032258
        },
        "correct_factorization_size": {
            "(8.999, 6700.4]": 1302,
            "(6700.4, 13267.8]": 1302,
            "(13267.8, 19602.6]": 1301,
            "(19602.6, 25978.8]": 1302,
            "(25978.8, 32651.0]": 1302,
            "(32651.0, 39298.8]": 1301,
            "(39298.8, 45796.8]": 1302,
            "(45796.8, 52327.8]": 1301,
            "(52327.8, 59017.4]": 1302,
            "(59017.4, 65521.0]": 1302
        }
    },
    "by_pct_target_ones": {
        "correct_product_mean": {
            "(0.187, 0.5]": 0.9964065708418891,
            "(0.5, 0.529]": 0.9957627118644068,
            "(0.529, 0.562]": 0.9937106918238994,
            "(0.562, 0.6]": 0.9938313913639479,
            "(0.6, 0.625]": 0.9957118353344768,
            "(0.625, 0.667]": 0.9964877069744105,
            "(0.667, 0.688]": 1.0,
            "(0.688, 0.722]": 0.9991319444444444,
            "(0.722, 0.769]": 0.997643362136685,
            "(0.769, 1.0]": 0.9891891891891892
        },
        "correct_product_size": {
            "(0.187, 0.5]": 1948,
            "(0.5, 0.529]": 708,