{
    "correct": {
        "correct_product": 0.9297207043108683,
        "correct_factorization": 0.5273224043715847
    },
    "beam_accuracy": {
        "correct_product": {
            "0": 0.8834244080145719,
            "1": 0.19004250151791136
        },
        "correct_factorization": {
            "0": 0.4225865209471767,
            "1": 0.10898603521554341
        }
    },
    "by_prob": {
        "group_size": {
            "(-12.197999999999999, -2.946]": 1318.0,
            "(-2.946, -2.487]": 1318.0,
            "(-2.487, -2.157]": 1317.0,
            "(-2.157, -1.811]": 1318.0,
            "(-1.811, -1.445]": 1317.0,
            "(-1.445, -1.179]": 1318.0,
            "(-1.179, -1.022]": 1317.0,
            "(-1.022, -0.868]": 1318.0,
            "(-0.868, -0.571]": 1317.0,
            "(-0.571, -1.99e-05]": 1318.0
        },
        "correct_product": {
            "(-12.197999999999999, -2.946]": 0.1054628224582701,
            "(-2.946, -2.487]": 0.1039453717754173,
            "(-2.487, -2.157]": 0.1571753986332574,
            "(-2.157, -1.811]": 0.20561456752655538,
            "(-1.811, -1.445]": 0.37661351556567957,
            "(-1.445, -1.179]": 0.7321699544764795,
            "(-1.179, -1.022]": 0.8914198936977981,
            "(-1.022, -0.868]": 0.9203338391502276,
            "(-0.868, -0.571]": 0.9172361427486713,
            "(-0.571, -1.99e-05]": 0.9575113808801214
        },
        "correct_factorization": {
            "(-12.197999999999999, -2.946]": 0.03566009104704097,
            "(-2.946, -2.487]": 0.051593323216995446,
            "(-2.487, -2.157]": 0.07896735003796507,
            "(-2.157, -1.811]": 0.12139605462822459,
            "(-1.811, -1.445]": 0.20501138952164008,
            "(-1.445, -1.179]": 0.2845220030349014,
            "(-1.179, -1.022]": 0.32649962034927865,
            "(-1.022, -0.868]": 0.3482549317147193,
            "(-0.868, -0.571]": 0.38496583143507973,
            "(-0.571, -1.99e-05]": 0.8209408194233687
        },
        "percent_prime_factors_pred": {
            "(-12.197999999999999, -2.946]": 0.8841811514231849,
            "(-2.946, -2.487]": 0.8240823036346557,
            "(-2.487, -2.157]": 0.8375781899699896,
            "(-2.157, -1.811]": 0.8823144735891322,
            "(-1.811, -1.445]": 0.8885905918935533,
            "(-1.445, -1.179]": 0.7459028831562975,
            "(-1.179, -1.022]": 0.5848645912427234,
            "(-1.022, -0.868]": 0.5711052099140111,
            "(-0.868, -0.571]": 0.6658820551759048,
            "(-0.571, -1.99e-05]": 0.9308042488619119
        }
    },
    "by_num_target_factors": {
        "group_size": {
            "1": 668,
            "2": 1601,
            "3": 1720,
            "4": 1198,
            "5": 715,
            "6": 373,
            "7": 165,
            "8": 79,
            "9": 35,
            "10": 20,
            "11": 8,
            "12": 3,
            "13": 3
        },
        "correct_product_mean": {
            "1": 0.9925149700598802,
            "2": 0.9868831980012492,
            "3": 0.9715116279069768,
            "4": 0.9248747913188647,
            "5": 0.8363636363636363,
            "6": 0.7774798927613941,
            "7": 0.7272727272727273,
            "8": 0.6708860759493671,
            "9": 0.6,
            "10": 0.5,
            "11": 0.75,
            "12": 0.6666666666666666,
            "13": 1.0
        },
        "correct_factorization_mean": {
            "1": 0.9925149700598802,
            "2": 0.547158026233604,
            "3": 0.40930232558139534,
            "4": 0.4240400667779633,
            "5": 0.4699300699300699,
            "6": 0.5442359249329759,
            "7": 0.5757575757575758,
            "8": 0.620253164556962,
            "9": 0.5428571428571428,
            "10": 0.5,
            "11": 0.75,
            "12": 0.6666666666666666,
            "13": 1.0
        }
    },
    "by_input_num": {
        "group_size": {
            "(7.999, 6350.5]": 659,
            "(6350.5, 12996.8]": 659,
            "(12996.8, 19472.5]": 659,
            "(19472.5, 26116.8]": 658,
            "(26116.8, 32574.0]": 659,
            "(32574.0, 39331.6]": 659,
            "(39331.6, 46013.7]": 658,
            "(46013.7, 52699.4]": 659,
            "(52699.4, 59007.6]": 659,
            "(59007.6, 65528.0]": 659
        },
        "correct_product_mean": {
            "(7.999, 6350.5]": 0.9742033383915023,
            "(6350.5, 12996.8]": 0.9453717754172989,
            "(12996.8, 19472.5]": 0.9195751138088012,
            "(19472.5, 26116.8]": 0.9331306990881459,
            "(26116.8, 32574.0]": 0.9119878603945372,
            "(32574.0, 39331.6]": 0.9165402124430956,
            "(39331.6, 46013.7]": 0.9285714285714286,
            "(46013.7, 52699.4]": 0.9195751138088012,
            "(52699.4, 59007.6]": 0.9226100151745068,
            "(59007.6, 65528.0]": 0.9256449165402124
        },
        "correct_factorization_mean": {
            "(7.999, 6350.5]": 0.8877086494688923,
            "(6350.5, 12996.8]": 0.6904400606980273,
            "(12996.8, 19472.5]": 0.5857359635811836,
            "(19472.5, 26116.8]": 0.5182370820668692,
            "(26116.8, 32574.0]": 0.4779969650986343,
            "(32574.0, 39331.6]": 0.4279210925644917,
            "(39331.6, 46013.7]": 0.4331306990881459,
            "(46013.7, 52699.4]": 0.44461305007587254,
            "(52699.4, 59007.6]": 0.38088012139605465,
            "(59007.6, 65528.0]": 0.4264036418816389
        }
    },
    "pred_same_as_input_beam_0": {
        "0": {
            "input_is_prime": false,
            "pred_same_as_input": false,
            "group_size": 5920,
            "correct_product_mean": 0.8724662162162162,
            "correct_factorization_mean": 0.35962837837837835
        },
        "1": {
            "input_is_prime": true,
            "pred_same_as_input": false,
            "group_size": 668,
            "correct_product_mean": 0.9805389221556886,
            "correct_factorization_mean": 0.9805389221556886
        }
    },
    "by_min_factor_composite_only": {
        "0": {
            "min_factor_decile": "(1.999, 3.0]",
            "group_size": 4339,
            "correct_product_mean": 0.8965199354690021,
            "correct_factorization_mean": 0.43742797879695783
        },
        "1": {
            "min_factor_decile": "(3.0, 5.0]",
            "group_size": 447,
            "correct_product_mean": 0.9955257270693513,
            "correct_factorization_mean": 0.04697986577181208
        },
        "2": {
            "min_factor_decile": "(5.0, 17.0]",
            "group_size": 614,
            "correct_product_mean": 0.993485342019544,
            "correct_factorization_mean": 0.3338762214983713
        },
        "3": {
            "min_factor_decile": "(17.0, 241.0]",
            "group_size": 520,
            "correct_product_mean": 0.9942307692307693,
            "correct_factorization_mean": 0.009615384615384616
        }
    },
    "loss": 0.24161044289915218,
    "meta": {
        "n_beams": 2,
        "temperature": 1.0
    }
}