{
    "correct": {
        "correct_product": 0.796875,
        "correct_factorization": 0.3671875
    },
    "beam_accuracy": {
        "correct_product": {
            "0": 0.7568359375,
            "1": 0.11279296875
        },
        "correct_factorization": {
            "0": 0.3076171875,
            "1": 0.060546875
        }
    },
    "by_prob": {
        "group_size": {
            "(-10.984, -3.276]": 410.0,
            "(-3.276, -2.785]": 410.0,
            "(-2.785, -2.46]": 409.0,
            "(-2.46, -2.145]": 410.0,
            "(-2.145, -1.876]": 409.0,
            "(-1.876, -1.527]": 410.0,
            "(-1.527, -1.215]": 409.0,
            "(-1.215, -1.047]": 410.0,
            "(-1.047, -0.826]": 409.0,
            "(-0.826, -4.2e-05]": 410.0
        },
        "correct_product": {
            "(-10.984, -3.276]": 0.026829268292682926,
            "(-3.276, -2.785]": 0.05365853658536585,
            "(-2.785, -2.46]": 0.08312958435207823,
            "(-2.46, -2.145]": 0.11463414634146342,
            "(-2.145, -1.876]": 0.30317848410757947,
            "(-1.876, -1.527]": 0.424390243902439,
            "(-1.527, -1.215]": 0.6405867970660146,
            "(-1.215, -1.047]": 0.8926829268292683,
            "(-1.047, -0.826]": 0.9168704156479217,
            "(-0.826, -4.2e-05]": 0.8926829268292683
        },
        "correct_factorization": {
            "(-10.984, -3.276]": 0.01707317073170732,
            "(-3.276, -2.785]": 0.012195121951219513,
            "(-2.785, -2.46]": 0.05134474327628362,
            "(-2.46, -2.145]": 0.06097560975609756,
            "(-2.145, -1.876]": 0.11491442542787286,
            "(-1.876, -1.527]": 0.15365853658536585,
            "(-1.527, -1.215]": 0.2176039119804401,
            "(-1.215, -1.047]": 0.3073170731707317,
            "(-1.047, -0.826]": 0.34963325183374083,
            "(-0.826, -4.2e-05]": 0.5560975609756098
        },
        "percent_prime_factors_pred": {
            "(-10.984, -3.276]": 0.9036353077816494,
            "(-3.276, -2.785]": 0.8731416957026713,
            "(-2.785, -2.46]": 0.8914396320875538,
            "(-2.46, -2.145]": 0.8619279907084785,
            "(-2.145, -1.876]": 0.8442950285248574,
            "(-1.876, -1.527]": 0.8183101045296167,
            "(-1.527, -1.215]": 0.7041099080218884,
            "(-1.215, -1.047]": 0.5274157955865273,
            "(-1.047, -0.826]": 0.5737338456164862,
            "(-0.826, -4.2e-05]": 0.8612543554006968
        }
    },
    "by_num_target_factors": {
        "group_size": {
            "1": 192,
            "2": 466,
            "3": 501,
            "4": 401,
            "5": 237,
            "6": 131,
            "7": 62,
            "8": 32,
            "9": 12,
            "10": 7,
            "11": 5,
            "12": 1,
            "16": 1
        },
        "correct_product_mean": {
            "1": 0.859375,
            "2": 0.8819742489270386,
            "3": 0.8682634730538922,
            "4": 0.8079800498753117,
            "5": 0.6582278481012658,
            "6": 0.6106870229007634,
            "7": 0.45161290322580644,
            "8": 0.6875,
            "9": 0.3333333333333333,
            "10": 0.7142857142857143,
            "11": 0.2,
            "12": 0.0,
            "16": 1.0
        },
        "correct_factorization_mean": {
            "1": 0.859375,
            "2": 0.4206008583690987,
            "3": 0.2554890219560878,
            "4": 0.23940149625935161,
            "5": 0.26582278481012656,
            "6": 0.3893129770992366,
            "7": 0.3709677419354839,
            "8": 0.625,
            "9": 0.25,
            "10": 0.7142857142857143,
            "11": 0.2,
            "12": 0.0,
            "16": 1.0
        }
    },
    "by_input_num": {
        "group_size": {
            "(65535.999, 65740.7]": 205,
            "(65740.7, 65945.4]": 205,
            "(65945.4, 66150.1]": 205,
            "(66150.1, 66354.8]": 204,
            "(66354.8, 66559.5]": 205,
            "(66559.5, 66764.2]": 205,
            "(66764.2, 66968.9]": 204,
            "(66968.9, 67173.6]": 205,
            "(67173.6, 67378.3]": 205,
            "(67378.3, 67583.0]": 205
        },
        "correct_product_mean": {
            "(65535.999, 65740.7]": 0.9170731707317074,
            "(65740.7, 65945.4]": 0.8682926829268293,
            "(65945.4, 66150.1]": 0.9121951219512195,
            "(66150.1, 66354.8]": 0.8333333333333334,
            "(66354.8, 66559.5]": 0.8292682926829268,
            "(66559.5, 66764.2]": 0.8829268292682927,
            "(66764.2, 66968.9]": 0.8676470588235294,
            "(66968.9, 67173.6]": 0.8585365853658536,
            "(67173.6, 67378.3]": 0.526829268292683,
            "(67378.3, 67583.0]": 0.47317073170731705
        },
        "correct_factorization_mean": {
            "(65535.999, 65740.7]": 0.47317073170731705,
            "(65740.7, 65945.4]": 0.4195121951219512,
            "(65945.4, 66150.1]": 0.3804878048780488,
            "(66150.1, 66354.8]": 0.35294117647058826,
            "(66354.8, 66559.5]": 0.37073170731707317,
            "(66559.5, 66764.2]": 0.3902439024390244,
            "(66764.2, 66968.9]": 0.4019607843137255,
            "(66968.9, 67173.6]": 0.4,
            "(67173.6, 67378.3]": 0.24390243902439024,
            "(67378.3, 67583.0]": 0.23902439024390243
        }
    },
    "pred_same_as_input_beam_0": {
        "0": {
            "input_is_prime": false,
            "pred_same_as_input": false,
            "group_size": 1516,
            "correct_product_mean": 0.6893139841688655,
            "correct_factorization_mean": 0.30672823218997364
        },
        "1": {
            "input_is_prime": false,
            "pred_same_as_input": true,
            "group_size": 340,
            "correct_product_mean": 1.0,
            "correct_factorization_mean": 0.0
        },
        "2": {
            "input_is_prime": true,
            "pred_same_as_input": false,
            "group_size": 27,
            "correct_product_mean": 0.0,
            "correct_factorization_mean": 0.0
        },
        "3": {
            "input_is_prime": true,
            "pred_same_as_input": true,
            "group_size": 165,
            "correct_product_mean": 1.0,
            "correct_factorization_mean": 1.0
        }
    },
    "by_min_factor_composite_only": {
        "0": {
            "min_factor_decile": "(1.999, 3.0]",
            "group_size": 1365,
            "correct_product_mean": 0.7619047619047619,
            "correct_factorization_mean": 0.30842490842490844
        },
        "1": {
            "min_factor_decile": "(3.0, 5.0]",
            "group_size": 136,
            "correct_product_mean": 0.8897058823529411,
            "correct_factorization_mean": 0.014705882352941176
        },
        "2": {
            "min_factor_decile": "(5.0, 17.0]",
            "group_size": 176,
            "correct_product_mean": 0.8579545454545454,
            "correct_factorization_mean": 0.23863636363636365
        },
        "3": {
            "min_factor_decile": "(17.0, 257.0]",
            "group_size": 179,
            "correct_product_mean": 0.8659217877094972,
            "correct_factorization_mean": 0.0
        }
    },
    "loss": 0.37794221243852055,
    "meta": {
        "n_beams": 2,
        "temperature": 1.0
    }
}