{
    "correct": {
        "correct_product": 0.9354887674559805,
        "correct_factorization": 0.571645415907711
    },
    "beam_accuracy": {
        "correct_product": {
            "0": 0.8817547055251973,
            "1": 0.19914996964177292
        },
        "correct_factorization": {
            "0": 0.4612932604735883,
            "1": 0.11930783242258652
        }
    },
    "by_prob": {
        "group_size": {
            "(-13.870999999999999, -2.913]": 1318.0,
            "(-2.913, -2.41]": 1318.0,
            "(-2.41, -2.071]": 1317.0,
            "(-2.071, -1.707]": 1318.0,
            "(-1.707, -1.39]": 1317.0,
            "(-1.39, -1.146]": 1318.0,
            "(-1.146, -0.988]": 1317.0,
            "(-0.988, -0.813]": 1318.0,
            "(-0.813, -0.423]": 1317.0,
            "(-0.423, -2.74e-06]": 1318.0
        },
        "correct_product": {
            "(-13.870999999999999, -2.913]": 0.12974203338391502,
            "(-2.913, -2.41]": 0.12139605462822459,
            "(-2.41, -2.071]": 0.17236142748671224,
            "(-2.071, -1.707]": 0.2314112291350531,
            "(-1.707, -1.39]": 0.4176157934700076,
            "(-1.39, -1.146]": 0.7177541729893778,
            "(-1.146, -0.988]": 0.8549734244495064,
            "(-0.988, -0.813]": 0.9006069802731411,
            "(-0.813, -0.423]": 0.8853454821564161,
            "(-0.423, -2.74e-06]": 0.9734446130500759
        },
        "correct_factorization": {
            "(-13.870999999999999, -2.913]": 0.05690440060698027,
            "(-2.913, -2.41]": 0.05918057663125948,
            "(-2.41, -2.071]": 0.08580106302201974,
            "(-2.071, -1.707]": 0.15098634294385432,
            "(-1.707, -1.39]": 0.22247532270311313,
            "(-1.39, -1.146]": 0.2898330804248862,
            "(-1.146, -0.988]": 0.32725892179195143,
            "(-0.988, -0.813]": 0.3330804248861912,
            "(-0.813, -0.423]": 0.45785876993166286,
            "(-0.423, -2.74e-06]": 0.9195751138088012
        },
        "percent_prime_factors_pred": {
            "(-13.870999999999999, -2.913]": 0.9022686489871619,
            "(-2.913, -2.41]": 0.8224691090396705,
            "(-2.41, -2.071]": 0.8511521824164192,
            "(-2.071, -1.707]": 0.9026537322060844,
            "(-1.707, -1.39]": 0.8737209386412119,
            "(-1.39, -1.146]": 0.7257587253414264,
            "(-1.146, -0.988]": 0.5929005315110099,
            "(-0.988, -0.813]": 0.5838517956499747,
            "(-0.813, -0.423]": 0.7460389774740572,
            "(-0.423, -2.74e-06]": 0.9754172989377845
        }
    },
    "by_num_target_factors": {
        "group_size": {
            "1": 668,
            "2": 1601,
            "3": 1720,
            "4": 1198,
            "5": 715,
            "6": 373,
            "7": 165,
            "8": 79,
            "9": 35,
            "10": 20,
            "11": 8,
            "12": 3,
            "13": 3
        },
        "correct_product_mean": {
            "1": 0.9880239520958084,
            "2": 0.9756402248594629,
            "3": 0.9604651162790697,
            "4": 0.9257095158597662,
            "5": 0.8671328671328671,
            "6": 0.8337801608579088,
            "7": 0.8424242424242424,
            "8": 0.7341772151898734,
            "9": 0.8,
            "10": 0.65,
            "11": 1.0,
            "12": 0.6666666666666666,
            "13": 0.3333333333333333
        },
        "correct_factorization_mean": {
            "1": 0.9880239520958084,
            "2": 0.5421611492816989,
            "3": 0.43953488372093025,
            "4": 0.48747913188647746,
            "5": 0.5986013986013986,
            "6": 0.6514745308310992,
            "7": 0.7272727272727273,
            "8": 0.6962025316455697,
            "9": 0.8,
            "10": 0.65,
            "11": 1.0,
            "12": 0.6666666666666666,
            "13": 0.3333333333333333
        }
    },
    "by_input_num": {
        "group_size": {
            "(7.999, 6350.5]": 659,
            "(6350.5, 12996.8]": 659,
            "(12996.8, 19472.5]": 659,
            "(19472.5, 26116.8]": 658,
            "(26116.8, 32574.0]": 659,
            "(32574.0, 39331.6]": 659,
            "(39331.6, 46013.7]": 658,
            "(46013.7, 52699.4]": 659,
            "(52699.4, 59007.6]": 659,
            "(59007.6, 65528.0]": 659
        },
        "correct_product_mean": {
            "(7.999, 6350.5]": 0.9787556904400607,
            "(6350.5, 12996.8]": 0.9620637329286799,
            "(12996.8, 19472.5]": 0.9301972685887708,
            "(19472.5, 26116.8]": 0.9148936170212766,
            "(26116.8, 32574.0]": 0.9332321699544764,
            "(32574.0, 39331.6]": 0.9074355083459787,
            "(39331.6, 46013.7]": 0.9300911854103343,
            "(46013.7, 52699.4]": 0.9301972685887708,
            "(52699.4, 59007.6]": 0.936267071320182,
            "(59007.6, 65528.0]": 0.9317147192716236
        },
        "correct_factorization_mean": {
            "(7.999, 6350.5]": 0.9241274658573596,
            "(6350.5, 12996.8]": 0.7405159332321699,
            "(12996.8, 19472.5]": 0.644916540212443,
            "(19472.5, 26116.8]": 0.5683890577507599,
            "(26116.8, 32574.0]": 0.5371775417298937,
            "(32574.0, 39331.6]": 0.4779969650986343,
            "(39331.6, 46013.7]": 0.45896656534954405,
            "(46013.7, 52699.4]": 0.4779969650986343,
            "(52699.4, 59007.6]": 0.4385432473444613,
            "(59007.6, 65528.0]": 0.44764795144157815
        }
    },
    "pred_same_as_input_beam_0": {
        "0": {
            "input_is_prime": false,
            "pred_same_as_input": false,
            "group_size": 4751,
            "correct_product_mean": 0.8389812671016628,
            "correct_factorization_mean": 0.5019995790359925
        },
        "1": {
            "input_is_prime": false,
            "pred_same_as_input": true,
            "group_size": 1169,
            "correct_product_mean": 1.0,
            "correct_factorization_mean": 0.0
        },
        "2": {
            "input_is_prime": true,
            "pred_same_as_input": false,
            "group_size": 14,
            "correct_product_mean": 0.0,
            "correct_factorization_mean": 0.0
        },
        "3": {
            "input_is_prime": true,
            "pred_same_as_input": true,
            "group_size": 654,
            "correct_product_mean": 1.0,
            "correct_factorization_mean": 1.0
        }
    },
    "by_min_factor_composite_only": {
        "0": {
            "min_factor_decile": "(1.999, 3.0]",
            "group_size": 4339,
            "correct_product_mean": 0.90896519935469,
            "correct_factorization_mean": 0.4927402627333487
        },
        "1": {
            "min_factor_decile": "(3.0, 5.0]",
            "group_size": 447,
            "correct_product_mean": 0.9955257270693513,
            "correct_factorization_mean": 0.053691275167785234
        },
        "2": {
            "min_factor_decile": "(5.0, 17.0]",
            "group_size": 614,
            "correct_product_mean": 0.9837133550488599,
            "correct_factorization_mean": 0.3501628664495114
        },
        "3": {
            "min_factor_decile": "(17.0, 241.0]",
            "group_size": 520,
            "correct_product_mean": 0.9807692307692307,
            "correct_factorization_mean": 0.015384615384615385
        }
    },
    "loss": 0.22217820445010925,
    "meta": {
        "n_beams": 2,
        "temperature": 1.0
    }
}