{
    "correct": {
        "correct_product": 0.9790528233151184,
        "correct_factorization": 0.8655130540376442
    },
    "beam_accuracy": {
        "correct_product": {
            "0": 0.9628111718275653,
            "1": 0.17896174863387979
        },
        "correct_factorization": {
            "0": 0.8345476624165149,
            "1": 0.031420765027322405
        }
    },
    "by_prob": {
        "group_size": {
            "(-13.359, -8.272]": 1318.0,
            "(-8.272, -6.499]": 1318.0,
            "(-6.499, -4.392]": 1317.0,
            "(-4.392, -2.405]": 1318.0,
            "(-2.405, -1.266]": 1317.0,
            "(-1.266, -0.735]": 1318.0,
            "(-0.735, -0.0262]": 1317.0,
            "(-0.0262, -0.00312]": 1318.0,
            "(-0.00312, -0.000591]": 1317.0,
            "(-0.000591, -4.29e-06]": 1318.0
        },
        "correct_product": {
            "(-13.359, -8.272]": 0.13353566009104703,
            "(-8.272, -6.499]": 0.15250379362670713,
            "(-6.499, -4.392]": 0.170083523158694,
            "(-4.392, -2.405]": 0.15781487101669195,
            "(-2.405, -1.266]": 0.2938496583143508,
            "(-1.266, -0.735]": 0.8869499241274659,
            "(-0.735, -0.0262]": 0.9172361427486713,
            "(-0.0262, -0.00312]": 0.9969650986342944,
            "(-0.00312, -0.000591]": 1.0,
            "(-0.000591, -4.29e-06]": 1.0
        },
        "correct_factorization": {
            "(-13.359, -8.272]": 0.0,
            "(-8.272, -6.499]": 0.002276176024279211,
            "(-6.499, -4.392]": 0.002277904328018223,
            "(-4.392, -2.405]": 0.015933232169954476,
            "(-2.405, -1.266]": 0.11845102505694761,
            "(-1.266, -0.735]": 0.3611532625189681,
            "(-0.735, -0.0262]": 0.835990888382688,
            "(-0.0262, -0.00312]": 0.9939301972685888,
            "(-0.00312, -0.000591]": 1.0,
            "(-0.000591, -4.29e-06]": 1.0
        },
        "percent_prime_factors_pred": {
            "(-13.359, -8.272]": 0.8807590866392081,
            "(-8.272, -6.499]": 0.9101849844641954,
            "(-6.499, -4.392]": 0.8891031203673573,
            "(-4.392, -2.405]": 0.8425416094611846,
            "(-2.405, -1.266]": 0.7922225837943379,
            "(-1.266, -0.735]": 0.5063154852229207,
            "(-0.735, -0.0262]": 0.9435133962468815,
            "(-0.0262, -0.00312]": 0.9983308042488619,
            "(-0.00312, -0.000591]": 1.0,
            "(-0.000591, -4.29e-06]": 1.0
        }
    },
    "by_num_target_factors": {
        "group_size": {
            "1": 668,
            "2": 1601,
            "3": 1720,
            "4": 1198,
            "5": 715,
            "6": 373,
            "7": 165,
            "8": 79,
            "9": 35,
            "10": 20,
            "11": 8,
            "12": 3,
            "13": 3
        },
        "correct_product_mean": {
            "1": 0.9805389221556886,
            "2": 0.9825109306683323,
            "3": 0.9947674418604651,
            "4": 0.989983305509182,
            "5": 0.9874125874125874,
            "6": 0.9624664879356568,
            "7": 0.896969696969697,
            "8": 0.8734177215189873,
            "9": 0.7428571428571429,
            "10": 0.65,
            "11": 0.375,
            "12": 0.3333333333333333,
            "13": 0.0
        },
        "correct_factorization_mean": {
            "1": 0.9805389221556886,
            "2": 0.712054965646471,
            "3": 0.8505813953488373,
            "4": 0.9432387312186978,
            "5": 0.9776223776223776,
            "6": 0.9597855227882037,
            "7": 0.8787878787878788,
            "8": 0.8734177215189873,
            "9": 0.7428571428571429,
            "10": 0.65,
            "11": 0.375,
            "12": 0.3333333333333333,
            "13": 0.0
        }
    },
    "by_input_num": {
        "group_size": {
            "(7.999, 6350.5]": 659,
            "(6350.5, 12996.8]": 659,
            "(12996.8, 19472.5]": 659,
            "(19472.5, 26116.8]": 658,
            "(26116.8, 32574.0]": 659,
            "(32574.0, 39331.6]": 659,
            "(39331.6, 46013.7]": 658,
            "(46013.7, 52699.4]": 659,
            "(52699.4, 59007.6]": 659,
            "(59007.6, 65528.0]": 659
        },
        "correct_product_mean": {
            "(7.999, 6350.5]": 0.9984825493171472,
            "(6350.5, 12996.8]": 0.9954476479514416,
            "(12996.8, 19472.5]": 0.9939301972685888,
            "(19472.5, 26116.8]": 0.9665653495440729,
            "(26116.8, 32574.0]": 0.9772382397572079,
            "(32574.0, 39331.6]": 0.9772382397572079,
            "(39331.6, 46013.7]": 0.9711246200607903,
            "(46013.7, 52699.4]": 0.9620637329286799,
            "(52699.4, 59007.6]": 0.9711684370257967,
            "(59007.6, 65528.0]": 0.9772382397572079
        },
        "correct_factorization_mean": {
            "(7.999, 6350.5]": 0.9984825493171472,
            "(6350.5, 12996.8]": 0.9954476479514416,
            "(12996.8, 19472.5]": 0.9863429438543247,
            "(19472.5, 26116.8]": 0.9422492401215805,
            "(26116.8, 32574.0]": 0.8512898330804249,
            "(32574.0, 39331.6]": 0.8072837632776935,
            "(39331.6, 46013.7]": 0.7948328267477204,
            "(46013.7, 52699.4]": 0.8012139605462822,
            "(52699.4, 59007.6]": 0.7496206373292867,
            "(59007.6, 65528.0]": 0.7283763277693475
        }
    },
    "pred_same_as_input_beam_0": {
        "0": {
            "input_is_prime": false,
            "pred_same_as_input": false,
            "group_size": 5224,
            "correct_product_mean": 0.9561638591117917,
            "correct_factorization_mean": 0.9276416539050536
        },
        "1": {
            "input_is_prime": false,
            "pred_same_as_input": true,
            "group_size": 696,
            "correct_product_mean": 1.0,
            "correct_factorization_mean": 0.0
        },
        "2": {
            "input_is_prime": true,
            "pred_same_as_input": false,
            "group_size": 16,
            "correct_product_mean": 0.0,
            "correct_factorization_mean": 0.0
        },
        "3": {
            "input_is_prime": true,
            "pred_same_as_input": true,
            "group_size": 652,
            "correct_product_mean": 1.0,
            "correct_factorization_mean": 1.0
        }
    },
    "by_min_factor_composite_only": {
        "0": {
            "min_factor_decile": "(1.999, 3.0]",
            "group_size": 4339,
            "correct_product_mean": 0.9799492970730583,
            "correct_factorization_mean": 0.9299377736805715
        },
        "1": {
            "min_factor_decile": "(3.0, 5.0]",
            "group_size": 447,
            "correct_product_mean": 0.9776286353467561,
            "correct_factorization_mean": 0.9373601789709173
        },
        "2": {
            "min_factor_decile": "(5.0, 17.0]",
            "group_size": 614,
            "correct_product_mean": 0.9755700325732899,
            "correct_factorization_mean": 0.3729641693811075
        },
        "3": {
            "min_factor_decile": "(17.0, 241.0]",
            "group_size": 520,
            "correct_product_mean": 0.975,
            "correct_factorization_mean": 0.31346153846153846
        }
    },
    "loss": 0.12850564461561453,
    "meta": {
        "n_beams": 2,
        "temperature": 1.0
    }
}