{
    "correct": {
        "correct_product": 0.9482421875,
        "correct_factorization": 0.70263671875
    },
    "beam_accuracy": {
        "correct_product": {
            "0": 0.916015625,
            "1": 0.1494140625
        },
        "correct_factorization": {
            "0": 0.65576171875,
            "1": 0.046875
        }
    },
    "by_prob": {
        "group_size": {
            "(-10.949, -5.783]": 410.0,
            "(-5.783, -3.809]": 410.0,
            "(-3.809, -3.073]": 409.0,
            "(-3.073, -2.418]": 410.0,
            "(-2.418, -1.377]": 409.0,
            "(-1.377, -1.027]": 410.0,
            "(-1.027, -0.764]": 409.0,
            "(-0.764, -0.0827]": 410.0,
            "(-0.0827, -0.0072]": 409.0,
            "(-0.0072, -6.78e-05]": 410.0
        },
        "correct_product": {
            "(-10.949, -5.783]": 0.10975609756097561,
            "(-5.783, -3.809]": 0.16585365853658537,
            "(-3.809, -3.073]": 0.08312958435207823,
            "(-3.073, -2.418]": 0.11219512195121951,
            "(-2.418, -1.377]": 0.33251833740831294,
            "(-1.377, -1.027]": 0.8658536585365854,
            "(-1.027, -0.764]": 0.902200488997555,
            "(-0.764, -0.0827]": 0.7853658536585366,
            "(-0.0827, -0.0072]": 0.9706601466992665,
            "(-0.0072, -6.78e-05]": 1.0
        },
        "correct_factorization": {
            "(-10.949, -5.783]": 0.0,
            "(-5.783, -3.809]": 0.004878048780487805,
            "(-3.809, -3.073]": 0.022004889975550123,
            "(-3.073, -2.418]": 0.03902439024390244,
            "(-2.418, -1.377]": 0.1687041564792176,
            "(-1.377, -1.027]": 0.32682926829268294,
            "(-1.027, -0.764]": 0.3691931540342298,
            "(-0.764, -0.0827]": 0.6268292682926829,
            "(-0.0827, -0.0072]": 0.9584352078239609,
            "(-0.0072, -6.78e-05]": 0.9975609756097561
        },
        "percent_prime_factors_pred": {
            "(-10.949, -5.783]": 0.9298141695702671,
            "(-5.783, -3.809]": 0.9082694541231127,
            "(-3.809, -3.073]": 0.917440912795436,
            "(-3.073, -2.418]": 0.9135365853658537,
            "(-2.418, -1.377]": 0.8587786703923623,
            "(-1.377, -1.027]": 0.5109891598915989,
            "(-1.027, -0.764]": 0.5587204563977181,
            "(-0.764, -0.0827]": 0.927940379403794,
            "(-0.0827, -0.0072]": 0.9968215158924205,
            "(-0.0072, -6.78e-05]": 0.999390243902439
        }
    },
    "by_num_target_factors": {
        "group_size": {
            "1": 192,
            "2": 466,
            "3": 501,
            "4": 401,
            "5": 237,
            "6": 131,
            "7": 62,
            "8": 32,
            "9": 12,
            "10": 7,
            "11": 5,
            "12": 1,
            "16": 1
        },
        "correct_product_mean": {
            "1": 0.984375,
            "2": 0.9914163090128756,
            "3": 0.9720558882235529,
            "4": 0.972568578553616,
            "5": 0.9071729957805907,
            "6": 0.8320610687022901,
            "7": 0.9032258064516129,
            "8": 0.59375,
            "9": 0.75,
            "10": 0.5714285714285714,
            "11": 0.2,
            "12": 1.0,
            "16": 0.0
        },
        "correct_factorization_mean": {
            "1": 0.984375,
            "2": 0.4592274678111588,
            "3": 0.6027944111776448,
            "4": 0.8379052369077307,
            "5": 0.8734177215189873,
            "6": 0.7862595419847328,
            "7": 0.8709677419354839,
            "8": 0.59375,
            "9": 0.75,
            "10": 0.5714285714285714,
            "11": 0.2,
            "12": 1.0,
            "16": 0.0
        }
    },
    "by_input_num": {
        "group_size": {
            "(65535.999, 65740.7]": 205,
            "(65740.7, 65945.4]": 205,
            "(65945.4, 66150.1]": 205,
            "(66150.1, 66354.8]": 204,
            "(66354.8, 66559.5]": 205,
            "(66559.5, 66764.2]": 205,
            "(66764.2, 66968.9]": 204,
            "(66968.9, 67173.6]": 205,
            "(67173.6, 67378.3]": 205,
            "(67378.3, 67583.0]": 205
        },
        "correct_product_mean": {
            "(65535.999, 65740.7]": 0.9463414634146341,
            "(65740.7, 65945.4]": 0.9609756097560975,
            "(65945.4, 66150.1]": 0.9512195121951219,
            "(66150.1, 66354.8]": 0.9558823529411765,
            "(66354.8, 66559.5]": 0.9560975609756097,
            "(66559.5, 66764.2]": 0.9170731707317074,
            "(66764.2, 66968.9]": 0.9607843137254902,
            "(66968.9, 67173.6]": 0.975609756097561,
            "(67173.6, 67378.3]": 0.9463414634146341,
            "(67378.3, 67583.0]": 0.9121951219512195
        },
        "correct_factorization_mean": {
            "(65535.999, 65740.7]": 0.7414634146341463,
            "(65740.7, 65945.4]": 0.7073170731707317,
            "(65945.4, 66150.1]": 0.6926829268292682,
            "(66150.1, 66354.8]": 0.6519607843137255,
            "(66354.8, 66559.5]": 0.7024390243902439,
            "(66559.5, 66764.2]": 0.6780487804878049,
            "(66764.2, 66968.9]": 0.7058823529411765,
            "(66968.9, 67173.6]": 0.7365853658536585,
            "(67173.6, 67378.3]": 0.7219512195121951,
            "(67378.3, 67583.0]": 0.6878048780487804
        }
    },
    "pred_same_as_input_beam_0": {
        "0": {
            "input_is_prime": false,
            "pred_same_as_input": false,
            "group_size": 1507,
            "correct_product_mean": 0.8878566688785667,
            "correct_factorization_mean": 0.7657597876575979
        },
        "1": {
            "input_is_prime": false,
            "pred_same_as_input": true,
            "group_size": 349,
            "correct_product_mean": 1.0,
            "correct_factorization_mean": 0.0
        },
        "2": {
            "input_is_prime": true,
            "pred_same_as_input": false,
            "group_size": 3,
            "correct_product_mean": 0.0,
            "correct_factorization_mean": 0.0
        },
        "3": {
            "input_is_prime": true,
            "pred_same_as_input": true,
            "group_size": 189,
            "correct_product_mean": 1.0,
            "correct_factorization_mean": 1.0
        }
    },
    "by_min_factor_composite_only": {
        "0": {
            "min_factor_decile": "(1.999, 3.0]",
            "group_size": 1365,
            "correct_product_mean": 0.9391941391941392,
            "correct_factorization_mean": 0.7611721611721611
        },
        "1": {
            "min_factor_decile": "(3.0, 5.0]",
            "group_size": 136,
            "correct_product_mean": 0.8823529411764706,
            "correct_factorization_mean": 0.8455882352941176
        },
        "2": {
            "min_factor_decile": "(5.0, 17.0]",
            "group_size": 176,
            "correct_product_mean": 0.9943181818181818,
            "correct_factorization_mean": 0.0
        },
        "3": {
            "min_factor_decile": "(17.0, 257.0]",
            "group_size": 179,
            "correct_product_mean": 0.9832402234636871,
            "correct_factorization_mean": 0.0
        }
    },
    "loss": 0.3652094854057306,
    "meta": {
        "n_beams": 2,
        "temperature": 1.0
    }
}