{
    "correct": {
        "correct_product": 0.6435546875,
        "correct_factorization": 0.177734375
    },
    "beam_accuracy": {
        "correct_product": {
            "0": 0.6357421875,
            "1": 0.12353515625
        },
        "correct_factorization": {
            "0": 0.14111328125,
            "1": 0.03662109375
        }
    },
    "by_prob": {
        "group_size": {
            "(-6.6610000000000005, -5.431]": 410.0,
            "(-5.431, -4.698]": 410.0,
            "(-4.698, -3.844]": 409.0,
            "(-3.844, -3.186]": 410.0,
            "(-3.186, -2.786]": 409.0,
            "(-2.786, -2.547]": 410.0,
            "(-2.547, -1.983]": 409.0,
            "(-1.983, -1.521]": 410.0,
            "(-1.521, -1.358]": 409.0,
            "(-1.358, -0.0034]": 410.0
        },
        "correct_product": {
            "(-6.6610000000000005, -5.431]": 0.0024390243902439024,
            "(-5.431, -4.698]": 0.0,
            "(-4.698, -3.844]": 0.017114914425427872,
            "(-3.844, -3.186]": 0.05853658536585366,
            "(-3.186, -2.786]": 0.15647921760391198,
            "(-2.786, -2.547]": 0.3,
            "(-2.547, -1.983]": 0.5550122249388753,
            "(-1.983, -1.521]": 0.8,
            "(-1.521, -1.358]": 0.9828850855745721,
            "(-1.358, -0.0034]": 0.9243902439024391
        },
        "correct_factorization": {
            "(-6.6610000000000005, -5.431]": 0.0024390243902439024,
            "(-5.431, -4.698]": 0.0,
            "(-4.698, -3.844]": 0.004889975550122249,
            "(-3.844, -3.186]": 0.01951219512195122,
            "(-3.186, -2.786]": 0.034229828850855744,
            "(-2.786, -2.547]": 0.09268292682926829,
            "(-2.547, -1.983]": 0.07823960880195599,
            "(-1.983, -1.521]": 0.18048780487804877,
            "(-1.521, -1.358]": 0.2176039119804401,
            "(-1.358, -0.0034]": 0.25853658536585367
        },
        "percent_prime_factors_pred": {
            "(-6.6610000000000005, -5.431]": 1.0,
            "(-5.431, -4.698]": 0.9956504065040651,
            "(-4.698, -3.844]": 0.9356560717196417,
            "(-3.844, -3.186]": 0.8261382113821142,
            "(-3.186, -2.786]": 0.7269763651181746,
            "(-2.786, -2.547]": 0.6729674796747968,
            "(-2.547, -1.983]": 0.6720863895680519,
            "(-1.983, -1.521]": 0.41565040650406493,
            "(-1.521, -1.358]": 0.3085167074164629,
            "(-1.358, -0.0034]": 0.5083333333333333
        }
    },
    "by_num_target_factors": {
        "group_size": {
            "1": 192,
            "2": 466,
            "3": 501,
            "4": 401,
            "5": 237,
            "6": 131,
            "7": 62,
            "8": 32,
            "9": 12,
            "10": 7,
            "11": 5,
            "12": 1,
            "16": 1
        },
        "correct_product_mean": {
            "1": 0.8072916666666666,
            "2": 0.759656652360515,
            "3": 0.6367265469061876,
            "4": 0.6359102244389028,
            "5": 0.5063291139240507,
            "6": 0.44274809160305345,
            "7": 0.43548387096774194,
            "8": 0.53125,
            "9": 0.25,
            "10": 1.0,
            "11": 0.4,
            "12": 0.0,
            "16": 1.0
        },
        "correct_factorization_mean": {
            "1": 0.8072916666666666,
            "2": 0.2811158798283262,
            "3": 0.05389221556886228,
            "4": 0.059850374064837904,
            "5": 0.05485232067510549,
            "6": 0.04580152671755725,
            "7": 0.03225806451612903,
            "8": 0.125,
            "9": 0.0,
            "10": 0.2857142857142857,
            "11": 0.0,
            "12": 0.0,
            "16": 0.0
        }
    },
    "by_input_num": {
        "group_size": {
            "(65535.999, 65740.7]": 205,
            "(65740.7, 65945.4]": 205,
            "(65945.4, 66150.1]": 205,
            "(66150.1, 66354.8]": 204,
            "(66354.8, 66559.5]": 205,
            "(66559.5, 66764.2]": 205,
            "(66764.2, 66968.9]": 204,
            "(66968.9, 67173.6]": 205,
            "(67173.6, 67378.3]": 205,
            "(67378.3, 67583.0]": 205
        },
        "correct_product_mean": {
            "(65535.999, 65740.7]": 0.7414634146341463,
            "(65740.7, 65945.4]": 0.8195121951219512,
            "(65945.4, 66150.1]": 0.824390243902439,
            "(66150.1, 66354.8]": 0.8186274509803921,
            "(66354.8, 66559.5]": 0.7951219512195122,
            "(66559.5, 66764.2]": 0.6487804878048781,
            "(66764.2, 66968.9]": 0.6617647058823529,
            "(66968.9, 67173.6]": 0.6634146341463415,
            "(67173.6, 67378.3]": 0.3073170731707317,
            "(67378.3, 67583.0]": 0.15609756097560976
        },
        "correct_factorization_mean": {
            "(65535.999, 65740.7]": 0.23902439024390243,
            "(65740.7, 65945.4]": 0.2,
            "(65945.4, 66150.1]": 0.2146341463414634,
            "(66150.1, 66354.8]": 0.16176470588235295,
            "(66354.8, 66559.5]": 0.1951219512195122,
            "(66559.5, 66764.2]": 0.17073170731707318,
            "(66764.2, 66968.9]": 0.20098039215686275,
            "(66968.9, 67173.6]": 0.18536585365853658,
            "(67173.6, 67378.3]": 0.12682926829268293,
            "(67378.3, 67583.0]": 0.08292682926829269
        }
    },
    "pred_same_as_input_beam_0": {
        "0": {
            "input_is_prime": false,
            "pred_same_as_input": false,
            "group_size": 1294,
            "correct_product_mean": 0.4520865533230294,
            "correct_factorization_mean": 0.1035548686244204
        },
        "1": {
            "input_is_prime": false,
            "pred_same_as_input": true,
            "group_size": 562,
            "correct_product_mean": 1.0,
            "correct_factorization_mean": 0.0
        },
        "2": {
            "input_is_prime": true,
            "pred_same_as_input": false,
            "group_size": 37,
            "correct_product_mean": 0.0,
            "correct_factorization_mean": 0.0
        },
        "3": {
            "input_is_prime": true,
            "pred_same_as_input": true,
            "group_size": 155,
            "correct_product_mean": 1.0,
            "correct_factorization_mean": 1.0
        }
    },
    "by_min_factor_composite_only": {
        "0": {
            "min_factor_decile": "(1.999, 3.0]",
            "group_size": 1365,
            "correct_product_mean": 0.5465201465201465,
            "correct_factorization_mean": 0.06886446886446887
        },
        "1": {
            "min_factor_decile": "(3.0, 5.0]",
            "group_size": 136,
            "correct_product_mean": 0.8382352941176471,
            "correct_factorization_mean": 0.0
        },
        "2": {
            "min_factor_decile": "(5.0, 17.0]",
            "group_size": 176,
            "correct_product_mean": 0.875,
            "correct_factorization_mean": 0.22727272727272727
        },
        "3": {
            "min_factor_decile": "(17.0, 257.0]",
            "group_size": 179,
            "correct_product_mean": 0.8324022346368715,
            "correct_factorization_mean": 0.0
        }
    },
    "loss": 0.29609541967511177,
    "meta": {
        "n_beams": 2,
        "temperature": 1.0
    }
}