{
    "correct": {
        "correct_product": 0.9687310261080753,
        "correct_factorization": 0.8557984213721919
    },
    "beam_accuracy": {
        "correct_product": {
            "0": 0.9482392228293868,
            "1": 0.18958712811171827
        },
        "correct_factorization": {
            "0": 0.8224043715846995,
            "1": 0.03384942319368549
        }
    },
    "by_prob": {
        "group_size": {
            "(-14.511999999999999, -9.21]": 1321.0,
            "(-9.21, -7.605]": 1315.0,
            "(-7.605, -5.101]": 1317.0,
            "(-5.101, -2.448]": 1318.0,
            "(-2.448, -1.267]": 1317.0,
            "(-1.267, -0.685]": 1318.0,
            "(-0.685, -0.0122]": 1317.0,
            "(-0.0122, -0.00101]": 1318.0,
            "(-0.00101, -0.000126]": 1317.0,
            "(-0.000126, -1.67e-06]": 1318.0
        },
        "correct_product": {
            "(-14.511999999999999, -9.21]": 0.17638152914458743,
            "(-9.21, -7.605]": 0.14752851711026616,
            "(-7.605, -5.101]": 0.19893697798025817,
            "(-5.101, -2.448]": 0.1676783004552352,
            "(-2.448, -1.267]": 0.27258921791951407,
            "(-1.267, -0.685]": 0.8247344461305007,
            "(-0.685, -0.0122]": 0.9028094153378892,
            "(-0.0122, -0.00101]": 0.9984825493171472,
            "(-0.00101, -0.000126]": 1.0,
            "(-0.000126, -1.67e-06]": 1.0
        },
        "correct_factorization": {
            "(-14.511999999999999, -9.21]": 0.001514004542013626,
            "(-9.21, -7.605]": 0.0007604562737642585,
            "(-7.605, -5.101]": 0.0007593014426727411,
            "(-5.101, -2.448]": 0.023520485584218515,
            "(-2.448, -1.267]": 0.13439635535307518,
            "(-1.267, -0.685]": 0.3277693474962064,
            "(-0.685, -0.0122]": 0.7980258162490509,
            "(-0.0122, -0.00101]": 0.9946889226100152,
            "(-0.00101, -0.000126]": 1.0,
            "(-0.000126, -1.67e-06]": 1.0
        },
        "percent_prime_factors_pred": {
            "(-14.511999999999999, -9.21]": 0.8222081035290726,
            "(-9.21, -7.605]": 0.8651747238819482,
            "(-7.605, -5.101]": 0.8591043858697617,
            "(-5.101, -2.448]": 0.856914336295975,
            "(-2.448, -1.267]": 0.8170056405250028,
            "(-1.267, -0.685]": 0.535501120023123,
            "(-0.685, -0.0122]": 0.9376975087681239,
            "(-0.0122, -0.00101]": 0.9981664137582195,
            "(-0.00101, -0.000126]": 1.0,
            "(-0.000126, -1.67e-06]": 1.0
        }
    },
    "by_num_target_factors": {
        "group_size": {
            "1": 668,
            "2": 1601,
            "3": 1720,
            "4": 1198,
            "5": 715,
            "6": 373,
            "7": 165,
            "8": 79,
            "9": 35,
            "10": 20,
            "11": 8,
            "12": 3,
            "13": 3
        },
        "correct_product_mean": {
            "1": 0.9850299401197605,
            "2": 0.985633978763273,
            "3": 0.9912790697674418,
            "4": 0.9874791318864775,
            "5": 0.9524475524475524,
            "6": 0.9088471849865952,
            "7": 0.8545454545454545,
            "8": 0.759493670886076,
            "9": 0.6285714285714286,
            "10": 0.5,
            "11": 0.375,
            "12": 0.3333333333333333,
            "13": 0.3333333333333333
        },
        "correct_factorization_mean": {
            "1": 0.9850299401197605,
            "2": 0.722048719550281,
            "3": 0.8627906976744186,
            "4": 0.9449081803005008,
            "5": 0.9174825174825175,
            "6": 0.8605898123324397,
            "7": 0.8181818181818182,
            "8": 0.7468354430379747,
            "9": 0.6285714285714286,
            "10": 0.5,
            "11": 0.375,
            "12": 0.3333333333333333,
            "13": 0.3333333333333333
        }
    },
    "by_input_num": {
        "group_size": {
            "(7.999, 6350.5]": 659,
            "(6350.5, 12996.8]": 659,
            "(12996.8, 19472.5]": 659,
            "(19472.5, 26116.8]": 658,
            "(26116.8, 32574.0]": 659,
            "(32574.0, 39331.6]": 659,
            "(39331.6, 46013.7]": 658,
            "(46013.7, 52699.4]": 659,
            "(52699.4, 59007.6]": 659,
            "(59007.6, 65528.0]": 659
        },
        "correct_product_mean": {
            "(7.999, 6350.5]": 0.9984825493171472,
            "(6350.5, 12996.8]": 0.9969650986342944,
            "(12996.8, 19472.5]": 0.992412746585736,
            "(19472.5, 26116.8]": 0.9726443768996961,
            "(26116.8, 32574.0]": 0.9666160849772383,
            "(32574.0, 39331.6]": 0.960546282245827,
            "(39331.6, 46013.7]": 0.9513677811550152,
            "(46013.7, 52699.4]": 0.9332321699544764,
            "(52699.4, 59007.6]": 0.960546282245827,
            "(59007.6, 65528.0]": 0.9544764795144158
        },
        "correct_factorization_mean": {
            "(7.999, 6350.5]": 0.9984825493171472,
            "(6350.5, 12996.8]": 0.9969650986342944,
            "(12996.8, 19472.5]": 0.9908952959028832,
            "(19472.5, 26116.8]": 0.9574468085106383,
            "(26116.8, 32574.0]": 0.8573596358118362,
            "(32574.0, 39331.6]": 0.7738998482549317,
            "(39331.6, 46013.7]": 0.770516717325228,
            "(46013.7, 52699.4]": 0.7784522003034902,
            "(52699.4, 59007.6]": 0.723823975720789,
            "(59007.6, 65528.0]": 0.7101669195751138
        }
    },
    "pred_same_as_input_beam_0": {
        "0": {
            "input_is_prime": false,
            "pred_same_as_input": false,
            "group_size": 5259,
            "correct_product_mean": 0.9385814793687013,
            "correct_factorization_mean": 0.9066362426316791
        },
        "1": {
            "input_is_prime": false,
            "pred_same_as_input": true,
            "group_size": 661,
            "correct_product_mean": 1.0,
            "correct_factorization_mean": 0.0
        },
        "2": {
            "input_is_prime": true,
            "pred_same_as_input": false,
            "group_size": 18,
            "correct_product_mean": 0.0,
            "correct_factorization_mean": 0.0
        },
        "3": {
            "input_is_prime": true,
            "pred_same_as_input": true,
            "group_size": 650,
            "correct_product_mean": 1.0,
            "correct_factorization_mean": 1.0
        }
    },
    "by_min_factor_composite_only": {
        "0": {
            "min_factor_decile": "(1.999, 3.0]",
            "group_size": 4339,
            "correct_product_mean": 0.9642774832910809,
            "correct_factorization_mean": 0.9038949066605209
        },
        "1": {
            "min_factor_decile": "(3.0, 5.0]",
            "group_size": 447,
            "correct_product_mean": 0.9753914988814317,
            "correct_factorization_mean": 0.9351230425055929
        },
        "2": {
            "min_factor_decile": "(5.0, 17.0]",
            "group_size": 614,
            "correct_product_mean": 0.9804560260586319,
            "correct_factorization_mean": 0.4006514657980456
        },
        "3": {
            "min_factor_decile": "(17.0, 241.0]",
            "group_size": 520,
            "correct_product_mean": 0.9653846153846154,
            "correct_factorization_mean": 0.35
        }
    },
    "loss": 0.14844086314772864,
    "meta": {
        "n_beams": 2,
        "temperature": 1.0
    }
}