{
    "correct": {
        "correct_product": 0.86865234375,
        "correct_factorization": 0.64697265625
    },
    "beam_accuracy": {
        "correct_product": {
            "0": 0.8349609375,
            "1": 0.14892578125
        },
        "correct_factorization": {
            "0": 0.60595703125,
            "1": 0.041015625
        }
    },
    "by_prob": {
        "group_size": {
            "(-13.113, -7.143]": 410.0,
            "(-7.143, -3.844]": 410.0,
            "(-3.844, -2.752]": 409.0,
            "(-2.752, -2.139]": 410.0,
            "(-2.139, -1.539]": 409.0,
            "(-1.539, -1.061]": 410.0,
            "(-1.061, -0.818]": 409.0,
            "(-0.818, -0.0544]": 410.0,
            "(-0.0544, -0.00171]": 409.0,
            "(-0.00171, -1.23e-05]": 410.0
        },
        "correct_product": {
            "(-13.113, -7.143]": 0.13902439024390245,
            "(-7.143, -3.844]": 0.24146341463414633,
            "(-3.844, -2.752]": 0.05867970660146699,
            "(-2.752, -2.139]": 0.07073170731707316,
            "(-2.139, -1.539]": 0.2396088019559902,
            "(-1.539, -1.061]": 0.6,
            "(-1.061, -0.818]": 0.8459657701711492,
            "(-0.818, -0.0544]": 0.7365853658536585,
            "(-0.0544, -0.00171]": 0.9902200488997555,
            "(-0.00171, -1.23e-05]": 0.9975609756097561
        },
        "correct_factorization": {
            "(-13.113, -7.143]": 0.0,
            "(-7.143, -3.844]": 0.004878048780487805,
            "(-3.844, -2.752]": 0.014669926650366748,
            "(-2.752, -2.139]": 0.03414634146341464,
            "(-2.139, -1.539]": 0.11735941320293398,
            "(-1.539, -1.061]": 0.23902439024390243,
            "(-1.061, -0.818]": 0.32273838630806845,
            "(-0.818, -0.0544]": 0.5317073170731708,
            "(-0.0544, -0.00171]": 0.9731051344743277,
            "(-0.00171, -1.23e-05]": 0.9975609756097561
        },
        "percent_prime_factors_pred": {
            "(-13.113, -7.143]": 0.8895470383275261,
            "(-7.143, -3.844]": 0.8621951219512195,
            "(-3.844, -2.752]": 0.8995110024449877,
            "(-2.752, -2.139]": 0.8862775842044135,
            "(-2.139, -1.539]": 0.8398736756316219,
            "(-1.539, -1.061]": 0.6712950058072009,
            "(-1.061, -0.818]": 0.5535626964722319,
            "(-0.818, -0.0544]": 0.8940447154471545,
            "(-0.0544, -0.00171]": 0.9942950285248574,
            "(-0.00171, -1.23e-05]": 1.0
        }
    },
    "by_num_target_factors": {
        "group_size": {
            "1": 192,
            "2": 466,
            "3": 501,
            "4": 401,
            "5": 237,
            "6": 131,
            "7": 62,
            "8": 32,
            "9": 12,
            "10": 7,
            "11": 5,
            "12": 1,
            "16": 1
        },
        "correct_product_mean": {
            "1": 0.7916666666666666,
            "2": 0.9163090128755365,
            "3": 0.9600798403193613,
            "4": 0.9102244389027432,
            "5": 0.7637130801687764,
            "6": 0.7633587786259542,
            "7": 0.7096774193548387,
            "8": 0.59375,
            "9": 0.4166666666666667,
            "10": 0.42857142857142855,
            "11": 0.2,
            "12": 1.0,
            "16": 0.0
        },
        "correct_factorization_mean": {
            "1": 0.7916666666666666,
            "2": 0.463519313304721,
            "3": 0.6287425149700598,
            "4": 0.7830423940149626,
            "5": 0.679324894514768,
            "6": 0.7175572519083969,
            "7": 0.7096774193548387,
            "8": 0.59375,
            "9": 0.4166666666666667,
            "10": 0.42857142857142855,
            "11": 0.2,
            "12": 1.0,
            "16": 0.0
        }
    },
    "by_input_num": {
        "group_size": {
            "(65535.999, 65740.7]": 205,
            "(65740.7, 65945.4]": 205,
            "(65945.4, 66150.1]": 205,
            "(66150.1, 66354.8]": 204,
            "(66354.8, 66559.5]": 205,
            "(66559.5, 66764.2]": 205,
            "(66764.2, 66968.9]": 204,
            "(66968.9, 67173.6]": 205,
            "(67173.6, 67378.3]": 205,
            "(67378.3, 67583.0]": 205
        },
        "correct_product_mean": {
            "(65535.999, 65740.7]": 0.9121951219512195,
            "(65740.7, 65945.4]": 0.8829268292682927,
            "(65945.4, 66150.1]": 0.8097560975609757,
            "(66150.1, 66354.8]": 0.8872549019607843,
            "(66354.8, 66559.5]": 0.8829268292682927,
            "(66559.5, 66764.2]": 0.8829268292682927,
            "(66764.2, 66968.9]": 0.8627450980392157,
            "(66968.9, 67173.6]": 0.8829268292682927,
            "(67173.6, 67378.3]": 0.8439024390243902,
            "(67378.3, 67583.0]": 0.8390243902439024
        },
        "correct_factorization_mean": {
            "(65535.999, 65740.7]": 0.6926829268292682,
            "(65740.7, 65945.4]": 0.6682926829268293,
            "(65945.4, 66150.1]": 0.6097560975609756,
            "(66150.1, 66354.8]": 0.6274509803921569,
            "(66354.8, 66559.5]": 0.6585365853658537,
            "(66559.5, 66764.2]": 0.6487804878048781,
            "(66764.2, 66968.9]": 0.6372549019607843,
            "(66968.9, 67173.6]": 0.6536585365853659,
            "(67173.6, 67378.3]": 0.6341463414634146,
            "(67378.3, 67583.0]": 0.6390243902439025
        }
    },
    "pred_same_as_input_beam_0": {
        "0": {
            "input_is_prime": false,
            "pred_same_as_input": false,
            "group_size": 1565,
            "correct_product_mean": 0.8127795527156549,
            "correct_factorization_mean": 0.6990415335463259
        },
        "1": {
            "input_is_prime": false,
            "pred_same_as_input": true,
            "group_size": 291,
            "correct_product_mean": 1.0,
            "correct_factorization_mean": 0.0
        },
        "2": {
            "input_is_prime": true,
            "pred_same_as_input": false,
            "group_size": 45,
            "correct_product_mean": 0.0,
            "correct_factorization_mean": 0.0
        },
        "3": {
            "input_is_prime": true,
            "pred_same_as_input": true,
            "group_size": 147,
            "correct_product_mean": 1.0,
            "correct_factorization_mean": 1.0
        }
    },
    "by_min_factor_composite_only": {
        "0": {
            "min_factor_decile": "(1.999, 3.0]",
            "group_size": 1365,
            "correct_product_mean": 0.8761904761904762,
            "correct_factorization_mean": 0.7164835164835165
        },
        "1": {
            "min_factor_decile": "(3.0, 5.0]",
            "group_size": 136,
            "correct_product_mean": 0.9117647058823529,
            "correct_factorization_mean": 0.8529411764705882
        },
        "2": {
            "min_factor_decile": "(5.0, 17.0]",
            "group_size": 176,
            "correct_product_mean": 0.875,
            "correct_factorization_mean": 0.0
        },
        "3": {
            "min_factor_decile": "(17.0, 257.0]",
            "group_size": 179,
            "correct_product_mean": 0.8547486033519553,
            "correct_factorization_mean": 0.0
        }
    },
    "loss": 0.4098370519450544,
    "meta": {
        "n_beams": 2,
        "temperature": 1.0
    }
}