{
    "correct": {
        "correct_product": 0.890625,
        "correct_factorization": 0.642578125
    },
    "beam_accuracy": {
        "correct_product": {
            "0": 0.85595703125,
            "1": 0.1455078125
        },
        "correct_factorization": {
            "0": 0.59228515625,
            "1": 0.05029296875
        }
    },
    "by_prob": {
        "group_size": {
            "(-13.597, -5.544]": 410.0,
            "(-5.544, -3.258]": 410.0,
            "(-3.258, -2.705]": 409.0,
            "(-2.705, -2.149]": 410.0,
            "(-2.149, -1.393]": 409.0,
            "(-1.393, -1.082]": 410.0,
            "(-1.082, -0.784]": 409.0,
            "(-0.784, -0.221]": 410.0,
            "(-0.221, -0.00789]": 409.0,
            "(-0.00789, -4.77e-06]": 410.0
        },
        "correct_product": {
            "(-13.597, -5.544]": 0.16585365853658537,
            "(-5.544, -3.258]": 0.14390243902439023,
            "(-3.258, -2.705]": 0.06845965770171149,
            "(-2.705, -2.149]": 0.08536585365853659,
            "(-2.149, -1.393]": 0.30073349633251834,
            "(-1.393, -1.082]": 0.7829268292682927,
            "(-1.082, -0.784]": 0.8484107579462102,
            "(-0.784, -0.221]": 0.7268292682926829,
            "(-0.221, -0.00789]": 0.8875305623471883,
            "(-0.00789, -4.77e-06]": 0.9975609756097561
        },
        "correct_factorization": {
            "(-13.597, -5.544]": 0.0024390243902439024,
            "(-5.544, -3.258]": 0.01707317073170732,
            "(-3.258, -2.705]": 0.029339853300733496,
            "(-2.705, -2.149]": 0.05365853658536585,
            "(-2.149, -1.393]": 0.13202933985330073,
            "(-1.393, -1.082]": 0.28292682926829266,
            "(-1.082, -0.784]": 0.3422982885085575,
            "(-0.784, -0.221]": 0.4926829268292683,
            "(-0.221, -0.00789]": 0.863080684596577,
            "(-0.00789, -4.77e-06]": 0.9975609756097561
        },
        "percent_prime_factors_pred": {
            "(-13.597, -5.544]": 0.9113792102206736,
            "(-5.544, -3.258]": 0.9113821138211382,
            "(-3.258, -2.705]": 0.9233088834555827,
            "(-2.705, -2.149]": 0.931219512195122,
            "(-2.149, -1.393]": 0.8600186284782861,
            "(-1.393, -1.082]": 0.5321312427409989,
            "(-1.082, -0.784]": 0.5884270578647106,
            "(-0.784, -0.221]": 0.8891463414634146,
            "(-0.221, -0.00789]": 0.9898533007334964,
            "(-0.00789, -4.77e-06]": 1.0
        }
    },
    "by_num_target_factors": {
        "group_size": {
            "1": 192,
            "2": 466,
            "3": 501,
            "4": 401,
            "5": 237,
            "6": 131,
            "7": 62,
            "8": 32,
            "9": 12,
            "10": 7,
            "11": 5,
            "12": 1,
            "16": 1
        },
        "correct_product_mean": {
            "1": 0.921875,
            "2": 0.9613733905579399,
            "3": 0.9580838323353293,
            "4": 0.9251870324189526,
            "5": 0.7763713080168776,
            "6": 0.7099236641221374,
            "7": 0.7096774193548387,
            "8": 0.59375,
            "9": 0.3333333333333333,
            "10": 0.42857142857142855,
            "11": 0.2,
            "12": 0.0,
            "16": 0.0
        },
        "correct_factorization_mean": {
            "1": 0.921875,
            "2": 0.45064377682403434,
            "3": 0.5768463073852296,
            "4": 0.7855361596009975,
            "5": 0.7130801687763713,
            "6": 0.6717557251908397,
            "7": 0.6612903225806451,
            "8": 0.59375,
            "9": 0.3333333333333333,
            "10": 0.42857142857142855,
            "11": 0.2,
            "12": 0.0,
            "16": 0.0
        }
    },
    "by_input_num": {
        "group_size": {
            "(65535.999, 65740.7]": 205,
            "(65740.7, 65945.4]": 205,
            "(65945.4, 66150.1]": 205,
            "(66150.1, 66354.8]": 204,
            "(66354.8, 66559.5]": 205,
            "(66559.5, 66764.2]": 205,
            "(66764.2, 66968.9]": 204,
            "(66968.9, 67173.6]": 205,
            "(67173.6, 67378.3]": 205,
            "(67378.3, 67583.0]": 205
        },
        "correct_product_mean": {
            "(65535.999, 65740.7]": 0.9414634146341463,
            "(65740.7, 65945.4]": 0.8829268292682927,
            "(65945.4, 66150.1]": 0.9121951219512195,
            "(66150.1, 66354.8]": 0.9215686274509803,
            "(66354.8, 66559.5]": 0.9121951219512195,
            "(66559.5, 66764.2]": 0.8829268292682927,
            "(66764.2, 66968.9]": 0.8872549019607843,
            "(66968.9, 67173.6]": 0.8878048780487805,
            "(67173.6, 67378.3]": 0.8829268292682927,
            "(67378.3, 67583.0]": 0.7951219512195122
        },
        "correct_factorization_mean": {
            "(65535.999, 65740.7]": 0.7268292682926829,
            "(65740.7, 65945.4]": 0.6195121951219512,
            "(65945.4, 66150.1]": 0.6536585365853659,
            "(66150.1, 66354.8]": 0.6323529411764706,
            "(66354.8, 66559.5]": 0.6487804878048781,
            "(66559.5, 66764.2]": 0.6390243902439025,
            "(66764.2, 66968.9]": 0.6274509803921569,
            "(66968.9, 67173.6]": 0.6390243902439025,
            "(67173.6, 67378.3]": 0.6390243902439025,
            "(67378.3, 67583.0]": 0.6
        }
    },
    "pred_same_as_input_beam_0": {
        "0": {
            "input_is_prime": false,
            "pred_same_as_input": false,
            "group_size": 1520,
            "correct_product_mean": 0.8157894736842105,
            "correct_factorization_mean": 0.6815789473684211
        },
        "1": {
            "input_is_prime": false,
            "pred_same_as_input": true,
            "group_size": 336,
            "correct_product_mean": 1.0,
            "correct_factorization_mean": 0.0
        },
        "2": {
            "input_is_prime": true,
            "pred_same_as_input": false,
            "group_size": 15,
            "correct_product_mean": 0.0,
            "correct_factorization_mean": 0.0
        },
        "3": {
            "input_is_prime": true,
            "pred_same_as_input": true,
            "group_size": 177,
            "correct_product_mean": 1.0,
            "correct_factorization_mean": 1.0
        }
    },
    "by_min_factor_composite_only": {
        "0": {
            "min_factor_decile": "(1.999, 3.0]",
            "group_size": 1365,
            "correct_product_mean": 0.8761904761904762,
            "correct_factorization_mean": 0.6805860805860806
        },
        "1": {
            "min_factor_decile": "(3.0, 5.0]",
            "group_size": 136,
            "correct_product_mean": 0.8382352941176471,
            "correct_factorization_mean": 0.7867647058823529
        },
        "2": {
            "min_factor_decile": "(5.0, 17.0]",
            "group_size": 176,
            "correct_product_mean": 0.9431818181818182,
            "correct_factorization_mean": 0.0
        },
        "3": {
            "min_factor_decile": "(17.0, 257.0]",
            "group_size": 179,
            "correct_product_mean": 0.9553072625698324,
            "correct_factorization_mean": 0.0
        }
    },
    "loss": 0.42144297664173297,
    "meta": {
        "n_beams": 2,
        "temperature": 1.0
    }
}