{
    "correct": {
        "correct_product": 0.943359375,
        "correct_factorization": 0.70263671875
    },
    "beam_accuracy": {
        "correct_product": {
            "0": 0.92138671875,
            "1": 0.1728515625
        },
        "correct_factorization": {
            "0": 0.66455078125,
            "1": 0.0380859375
        }
    },
    "by_prob": {
        "group_size": {
            "(-13.676, -6.962]": 410.0,
            "(-6.962, -4.197]": 410.0,
            "(-4.197, -2.983]": 409.0,
            "(-2.983, -2.351]": 410.0,
            "(-2.351, -1.382]": 409.0,
            "(-1.382, -1.01]": 410.0,
            "(-1.01, -0.675]": 409.0,
            "(-0.675, -0.0328]": 410.0,
            "(-0.0328, -0.00221]": 409.0,
            "(-0.00221, -8.23e-06]": 410.0
        },
        "correct_product": {
            "(-13.676, -6.962]": 0.17317073170731706,
            "(-6.962, -4.197]": 0.26097560975609757,
            "(-4.197, -2.983]": 0.12224938875305623,
            "(-2.983, -2.351]": 0.08292682926829269,
            "(-2.351, -1.382]": 0.2665036674816626,
            "(-1.382, -1.01]": 0.8804878048780488,
            "(-1.01, -0.675]": 0.8801955990220048,
            "(-0.675, -0.0328]": 0.8219512195121951,
            "(-0.0328, -0.00221]": 0.9828850855745721,
            "(-0.00221, -8.23e-06]": 1.0
        },
        "correct_factorization": {
            "(-13.676, -6.962]": 0.0,
            "(-6.962, -4.197]": 0.004878048780487805,
            "(-4.197, -2.983]": 0.007334963325183374,
            "(-2.983, -2.351]": 0.026829268292682926,
            "(-2.351, -1.382]": 0.1393643031784841,
            "(-1.382, -1.01]": 0.33414634146341465,
            "(-1.01, -0.675]": 0.34474327628361856,
            "(-0.675, -0.0328]": 0.6804878048780488,
            "(-0.0328, -0.00221]": 0.9755501222493888,
            "(-0.00221, -8.23e-06]": 1.0
        },
        "percent_prime_factors_pred": {
            "(-13.676, -6.962]": 0.8813530778164925,
            "(-6.962, -4.197]": 0.8824390243902439,
            "(-4.197, -2.983]": 0.9042379788101059,
            "(-2.983, -2.351]": 0.9151219512195121,
            "(-2.351, -1.382]": 0.8754686226568867,
            "(-1.382, -1.01]": 0.4816260162601626,
            "(-1.01, -0.675]": 0.5864303178484107,
            "(-0.675, -0.0328]": 0.9333333333333333,
            "(-0.0328, -0.00221]": 0.997799511002445,
            "(-0.00221, -8.23e-06]": 1.0
        }
    },
    "by_num_target_factors": {
        "group_size": {
            "1": 192,
            "2": 466,
            "3": 501,
            "4": 401,
            "5": 237,
            "6": 131,
            "7": 62,
            "8": 32,
            "9": 12,
            "10": 7,
            "11": 5,
            "12": 1,
            "16": 1
        },
        "correct_product_mean": {
            "1": 0.9739583333333334,
            "2": 0.9914163090128756,
            "3": 0.9680638722554891,
            "4": 0.9600997506234414,
            "5": 0.9367088607594937,
            "6": 0.816793893129771,
            "7": 0.7741935483870968,
            "8": 0.65625,
            "9": 0.5833333333333334,
            "10": 0.5714285714285714,
            "11": 0.4,
            "12": 1.0,
            "16": 1.0
        },
        "correct_factorization_mean": {
            "1": 0.9739583333333334,
            "2": 0.4656652360515021,
            "3": 0.6087824351297405,
            "4": 0.8478802992518704,
            "5": 0.8987341772151899,
            "6": 0.732824427480916,
            "7": 0.7258064516129032,
            "8": 0.65625,
            "9": 0.5833333333333334,
            "10": 0.5714285714285714,
            "11": 0.4,
            "12": 1.0,
            "16": 1.0
        }
    },
    "by_input_num": {
        "group_size": {
            "(65535.999, 65740.7]": 205,
            "(65740.7, 65945.4]": 205,
            "(65945.4, 66150.1]": 205,
            "(66150.1, 66354.8]": 204,
            "(66354.8, 66559.5]": 205,
            "(66559.5, 66764.2]": 205,
            "(66764.2, 66968.9]": 204,
            "(66968.9, 67173.6]": 205,
            "(67173.6, 67378.3]": 205,
            "(67378.3, 67583.0]": 205
        },
        "correct_product_mean": {
            "(65535.999, 65740.7]": 0.9609756097560975,
            "(65740.7, 65945.4]": 0.9512195121951219,
            "(65945.4, 66150.1]": 0.9560975609756097,
            "(66150.1, 66354.8]": 0.9558823529411765,
            "(66354.8, 66559.5]": 0.9463414634146341,
            "(66559.5, 66764.2]": 0.9219512195121952,
            "(66764.2, 66968.9]": 0.9362745098039216,
            "(66968.9, 67173.6]": 0.9463414634146341,
            "(67173.6, 67378.3]": 0.9317073170731708,
            "(67378.3, 67583.0]": 0.926829268292683
        },
        "correct_factorization_mean": {
            "(65535.999, 65740.7]": 0.7658536585365854,
            "(65740.7, 65945.4]": 0.6878048780487804,
            "(65945.4, 66150.1]": 0.7170731707317073,
            "(66150.1, 66354.8]": 0.6568627450980392,
            "(66354.8, 66559.5]": 0.697560975609756,
            "(66559.5, 66764.2]": 0.6926829268292682,
            "(66764.2, 66968.9]": 0.6764705882352942,
            "(66968.9, 67173.6]": 0.7024390243902439,
            "(67173.6, 67378.3]": 0.7024390243902439,
            "(67378.3, 67583.0]": 0.7268292682926829
        }
    },
    "pred_same_as_input_beam_0": {
        "0": {
            "input_is_prime": false,
            "pred_same_as_input": false,
            "group_size": 1856,
            "correct_product_mean": 0.9164870689655172,
            "correct_factorization_mean": 0.6330818965517241
        },
        "1": {
            "input_is_prime": true,
            "pred_same_as_input": false,
            "group_size": 192,
            "correct_product_mean": 0.96875,
            "correct_factorization_mean": 0.96875
        }
    },
    "by_min_factor_composite_only": {
        "0": {
            "min_factor_decile": "(1.999, 3.0]",
            "group_size": 1365,
            "correct_product_mean": 0.9391941391941392,
            "correct_factorization_mean": 0.7802197802197802
        },
        "1": {
            "min_factor_decile": "(3.0, 5.0]",
            "group_size": 136,
            "correct_product_mean": 0.8308823529411765,
            "correct_factorization_mean": 0.8088235294117647
        },
        "2": {
            "min_factor_decile": "(5.0, 17.0]",
            "group_size": 176,
            "correct_product_mean": 0.9772727272727273,
            "correct_factorization_mean": 0.0
        },
        "3": {
            "min_factor_decile": "(17.0, 257.0]",
            "group_size": 179,
            "correct_product_mean": 0.994413407821229,
            "correct_factorization_mean": 0.0
        }
    },
    "loss": 0.36475657208407464,
    "meta": {
        "n_beams": 2,
        "temperature": 1.0
    }
}