{
    "correct": {
        "correct_product": 0.976775956284153,
        "correct_factorization": 0.8535215543412265
    },
    "beam_accuracy": {
        "correct_product": {
            "0": 0.953551912568306,
            "1": 0.22632058287795992
        },
        "correct_factorization": {
            "0": 0.8149666059502125,
            "1": 0.03855494839101396
        }
    },
    "by_prob": {
        "group_size": {
            "(-15.761999999999999, -9.21]": 1318.0,
            "(-9.21, -7.034]": 1318.0,
            "(-7.034, -4.337]": 1317.0,
            "(-4.337, -2.373]": 1318.0,
            "(-2.373, -1.223]": 1317.0,
            "(-1.223, -0.707]": 1318.0,
            "(-0.707, -0.0257]": 1317.0,
            "(-0.0257, -0.00174]": 1318.0,
            "(-0.00174, -0.000133]": 1317.0,
            "(-0.000133, -4.77e-07]": 1318.0
        },
        "correct_product": {
            "(-15.761999999999999, -9.21]": 0.18968133535660092,
            "(-9.21, -7.034]": 0.20106221547799696,
            "(-7.034, -4.337]": 0.24449506454062261,
            "(-4.337, -2.373]": 0.19347496206373294,
            "(-2.373, -1.223]": 0.31511009870918755,
            "(-1.223, -0.707]": 0.8649468892261002,
            "(-0.707, -0.0257]": 0.8921791951404707,
            "(-0.0257, -0.00174]": 1.0,
            "(-0.00174, -0.000133]": 0.9984813971146546,
            "(-0.000133, -4.77e-07]": 1.0
        },
        "correct_factorization": {
            "(-15.761999999999999, -9.21]": 0.0,
            "(-9.21, -7.034]": 0.0007587253414264037,
            "(-7.034, -4.337]": 0.0,
            "(-4.337, -2.373]": 0.03490136570561457,
            "(-2.373, -1.223]": 0.1533788914198937,
            "(-1.223, -0.707]": 0.32701062215478,
            "(-0.707, -0.0257]": 0.7547456340167046,
            "(-0.0257, -0.00174]": 0.9984825493171472,
            "(-0.00174, -0.000133]": 0.9984813971146546,
            "(-0.000133, -4.77e-07]": 1.0
        },
        "percent_prime_factors_pred": {
            "(-15.761999999999999, -9.21]": 0.8439301972685888,
            "(-9.21, -7.034]": 0.8743189536816245,
            "(-7.034, -4.337]": 0.847658820551759,
            "(-4.337, -2.373]": 0.8315629742033384,
            "(-2.373, -1.223]": 0.8147738366417182,
            "(-1.223, -0.707]": 0.49941740732711903,
            "(-0.707, -0.0257]": 0.9014932928372564,
            "(-0.0257, -0.00174]": 0.9993677288821448,
            "(-0.00174, -0.000133]": 1.0,
            "(-0.000133, -4.77e-07]": 1.0
        }
    },
    "by_num_target_factors": {
        "group_size": {
            "1": 668,
            "2": 1601,
            "3": 1720,
            "4": 1198,
            "5": 715,
            "6": 373,
            "7": 165,
            "8": 79,
            "9": 35,
            "10": 20,
            "11": 8,
            "12": 3,
            "13": 3
        },
        "correct_product_mean": {
            "1": 0.9850299401197605,
            "2": 0.9831355402873204,
            "3": 0.9872093023255814,
            "4": 0.988313856427379,
            "5": 0.9790209790209791,
            "6": 0.9544235924932976,
            "7": 0.8727272727272727,
            "8": 0.8860759493670886,
            "9": 0.7714285714285715,
            "10": 0.75,
            "11": 0.5,
            "12": 1.0,
            "13": 0.6666666666666666
        },
        "correct_factorization_mean": {
            "1": 0.9850299401197605,
            "2": 0.6976889444097439,
            "3": 0.8296511627906977,
            "4": 0.9424040066777963,
            "5": 0.9678321678321679,
            "6": 0.9088471849865952,
            "7": 0.8484848484848485,
            "8": 0.8860759493670886,
            "9": 0.7714285714285715,
            "10": 0.75,
            "11": 0.5,
            "12": 1.0,
            "13": 0.6666666666666666
        }
    },
    "by_input_num": {
        "group_size": {
            "(7.999, 6350.5]": 659,
            "(6350.5, 12996.8]": 659,
            "(12996.8, 19472.5]": 659,
            "(19472.5, 26116.8]": 658,
            "(26116.8, 32574.0]": 659,
            "(32574.0, 39331.6]": 659,
            "(39331.6, 46013.7]": 658,
            "(46013.7, 52699.4]": 659,
            "(52699.4, 59007.6]": 659,
            "(59007.6, 65528.0]": 659
        },
        "correct_product_mean": {
            "(7.999, 6350.5]": 0.9984825493171472,
            "(6350.5, 12996.8]": 0.9969650986342944,
            "(12996.8, 19472.5]": 0.992412746585736,
            "(19472.5, 26116.8]": 0.9680851063829787,
            "(26116.8, 32574.0]": 0.9742033383915023,
            "(32574.0, 39331.6]": 0.9817905918057663,
            "(39331.6, 46013.7]": 0.9711246200607903,
            "(46013.7, 52699.4]": 0.9484066767830045,
            "(52699.4, 59007.6]": 0.9650986342943855,
            "(59007.6, 65528.0]": 0.9711684370257967
        },
        "correct_factorization_mean": {
            "(7.999, 6350.5]": 0.9969650986342944,
            "(6350.5, 12996.8]": 0.9969650986342944,
            "(12996.8, 19472.5]": 0.9878603945371776,
            "(19472.5, 26116.8]": 0.9148936170212766,
            "(26116.8, 32574.0]": 0.8437025796661608,
            "(32574.0, 39331.6]": 0.8103186646433991,
            "(39331.6, 46013.7]": 0.7689969604863222,
            "(46013.7, 52699.4]": 0.7723823975720789,
            "(52699.4, 59007.6]": 0.7314112291350531,
            "(59007.6, 65528.0]": 0.7116843702579666
        }
    },
    "pred_same_as_input_beam_0": {
        "0": {
            "input_is_prime": false,
            "pred_same_as_input": false,
            "group_size": 5196,
            "correct_product_mean": 0.9441878367975366,
            "correct_factorization_mean": 0.9078137028483448
        },
        "1": {
            "input_is_prime": false,
            "pred_same_as_input": true,
            "group_size": 724,
            "correct_product_mean": 1.0,
            "correct_factorization_mean": 0.0
        },
        "2": {
            "input_is_prime": true,
            "pred_same_as_input": false,
            "group_size": 16,
            "correct_product_mean": 0.0,
            "correct_factorization_mean": 0.0
        },
        "3": {
            "input_is_prime": true,
            "pred_same_as_input": true,
            "group_size": 652,
            "correct_product_mean": 1.0,
            "correct_factorization_mean": 1.0
        }
    },
    "by_min_factor_composite_only": {
        "0": {
            "min_factor_decile": "(1.999, 3.0]",
            "group_size": 4339,
            "correct_product_mean": 0.976261811477299,
            "correct_factorization_mean": 0.9098870707536298
        },
        "1": {
            "min_factor_decile": "(3.0, 5.0]",
            "group_size": 447,
            "correct_product_mean": 0.9798657718120806,
            "correct_factorization_mean": 0.9485458612975392
        },
        "2": {
            "min_factor_decile": "(5.0, 17.0]",
            "group_size": 614,
            "correct_product_mean": 0.9706840390879479,
            "correct_factorization_mean": 0.32247557003257327
        },
        "3": {
            "min_factor_decile": "(17.0, 241.0]",
            "group_size": 520,
            "correct_product_mean": 0.975,
            "correct_factorization_mean": 0.2826923076923077
        }
    },
    "loss": 0.14187567217619265,
    "meta": {
        "n_beams": 2,
        "temperature": 1.0
    }
}