{
    "correct": {
        "correct_product": 0.9802671523983,
        "correct_factorization": 0.8673345476624165
    },
    "beam_accuracy": {
        "correct_product": {
            "0": 0.9608378870673953,
            "1": 0.2058287795992714
        },
        "correct_factorization": {
            "0": 0.8337887067395264,
            "1": 0.03384942319368549
        }
    },
    "by_prob": {
        "group_size": {
            "(-14.933, -9.21]": 1321.0,
            "(-9.21, -7.838]": 1315.0,
            "(-7.838, -5.553]": 1317.0,
            "(-5.553, -2.627]": 1318.0,
            "(-2.627, -1.204]": 1317.0,
            "(-1.204, -0.66]": 1318.0,
            "(-0.66, -0.00765]": 1317.0,
            "(-0.00765, -0.000768]": 1318.0,
            "(-0.000768, -9.21e-05]": 1317.0,
            "(-9.21e-05, -1.43e-06]": 1318.0
        },
        "correct_product": {
            "(-14.933, -9.21]": 0.21196063588190764,
            "(-9.21, -7.838]": 0.14220532319391635,
            "(-7.838, -5.553]": 0.2255125284738041,
            "(-5.553, -2.627]": 0.19650986342943855,
            "(-2.627, -1.204]": 0.2680334092634776,
            "(-1.204, -0.66]": 0.8892261001517451,
            "(-0.66, -0.00765]": 0.9012908124525436,
            "(-0.00765, -0.000768]": 0.9984825493171472,
            "(-0.000768, -9.21e-05]": 1.0,
            "(-9.21e-05, -1.43e-06]": 1.0
        },
        "correct_factorization": {
            "(-14.933, -9.21]": 0.001514004542013626,
            "(-9.21, -7.838]": 0.0,
            "(-7.838, -5.553]": 0.0007593014426727411,
            "(-5.553, -2.627]": 0.0204855842185129,
            "(-2.627, -1.204]": 0.1419893697798026,
            "(-1.204, -0.66]": 0.3482549317147193,
            "(-0.66, -0.00765]": 0.8276385725132878,
            "(-0.00765, -0.000768]": 0.9977238239757208,
            "(-0.000768, -9.21e-05]": 1.0,
            "(-9.21e-05, -1.43e-06]": 1.0
        },
        "percent_prime_factors_pred": {
            "(-14.933, -9.21]": 0.8124043233240811,
            "(-9.21, -7.838]": 0.8218942000120708,
            "(-7.838, -5.553]": 0.8614455653180028,
            "(-5.553, -2.627]": 0.8475901437965171,
            "(-2.627, -1.204]": 0.8208554796254113,
            "(-1.204, -0.66]": 0.4922212587614712,
            "(-0.66, -0.00765]": 0.9494305239179955,
            "(-0.00765, -0.000768]": 0.9998482549317147,
            "(-0.000768, -9.21e-05]": 1.0,
            "(-9.21e-05, -1.43e-06]": 1.0
        }
    },
    "by_num_target_factors": {
        "group_size": {
            "1": 668,
            "2": 1601,
            "3": 1720,
            "4": 1198,
            "5": 715,
            "6": 373,
            "7": 165,
            "8": 79,
            "9": 35,
            "10": 20,
            "11": 8,
            "12": 3,
            "13": 3
        },
        "correct_product_mean": {
            "1": 0.9910179640718563,
            "2": 0.9906308557151781,
            "3": 0.9936046511627907,
            "4": 0.991652754590985,
            "5": 0.9804195804195804,
            "6": 0.9436997319034852,
            "7": 0.8787878787878788,
            "8": 0.8607594936708861,
            "9": 0.7714285714285715,
            "10": 0.65,
            "11": 0.375,
            "12": 1.0,
            "13": 0.3333333333333333
        },
        "correct_factorization_mean": {
            "1": 0.9910179640718563,
            "2": 0.7189256714553404,
            "3": 0.852906976744186,
            "4": 0.9482470784641068,
            "5": 0.9762237762237762,
            "6": 0.9195710455764075,
            "7": 0.8606060606060606,
            "8": 0.8607594936708861,
            "9": 0.7714285714285715,
            "10": 0.65,
            "11": 0.375,
            "12": 1.0,
            "13": 0.3333333333333333
        }
    },
    "by_input_num": {
        "group_size": {
            "(7.999, 6350.5]": 659,
            "(6350.5, 12996.8]": 659,
            "(12996.8, 19472.5]": 659,
            "(19472.5, 26116.8]": 658,
            "(26116.8, 32574.0]": 659,
            "(32574.0, 39331.6]": 659,
            "(39331.6, 46013.7]": 658,
            "(46013.7, 52699.4]": 659,
            "(52699.4, 59007.6]": 659,
            "(59007.6, 65528.0]": 659
        },
        "correct_product_mean": {
            "(7.999, 6350.5]": 1.0,
            "(6350.5, 12996.8]": 1.0,
            "(12996.8, 19472.5]": 0.9939301972685888,
            "(19472.5, 26116.8]": 0.9832826747720365,
            "(26116.8, 32574.0]": 0.9817905918057663,
            "(32574.0, 39331.6]": 0.9802731411229135,
            "(39331.6, 46013.7]": 0.9696048632218845,
            "(46013.7, 52699.4]": 0.9559939301972686,
            "(52699.4, 59007.6]": 0.9696509863429439,
            "(59007.6, 65528.0]": 0.9681335356600911
        },
        "correct_factorization_mean": {
            "(7.999, 6350.5]": 1.0,
            "(6350.5, 12996.8]": 1.0,
            "(12996.8, 19472.5]": 0.9908952959028832,
            "(19472.5, 26116.8]": 0.9650455927051672,
            "(26116.8, 32574.0]": 0.866464339908953,
            "(32574.0, 39331.6]": 0.8088012139605463,
            "(39331.6, 46013.7]": 0.7811550151975684,
            "(46013.7, 52699.4]": 0.8042488619119879,
            "(52699.4, 59007.6]": 0.7344461305007587,
            "(59007.6, 65528.0]": 0.7223065250379362
        }
    },
    "pred_same_as_input_beam_0": {
        "0": {
            "input_is_prime": false,
            "pred_same_as_input": false,
            "group_size": 5920,
            "correct_product_mean": 0.9581081081081081,
            "correct_factorization_mean": 0.816722972972973
        },
        "1": {
            "input_is_prime": true,
            "pred_same_as_input": false,
            "group_size": 663,
            "correct_product_mean": 0.9849170437405732,
            "correct_factorization_mean": 0.9849170437405732
        },
        "2": {
            "input_is_prime": true,
            "pred_same_as_input": true,
            "group_size": 5,
            "correct_product_mean": 1.0,
            "correct_factorization_mean": 1.0
        }
    },
    "by_min_factor_composite_only": {
        "0": {
            "min_factor_decile": "(1.999, 3.0]",
            "group_size": 4339,
            "correct_product_mean": 0.9783360221249136,
            "correct_factorization_mean": 0.9246370131366675
        },
        "1": {
            "min_factor_decile": "(3.0, 5.0]",
            "group_size": 447,
            "correct_product_mean": 0.970917225950783,
            "correct_factorization_mean": 0.9395973154362416
        },
        "2": {
            "min_factor_decile": "(5.0, 17.0]",
            "group_size": 614,
            "correct_product_mean": 0.990228013029316,
            "correct_factorization_mean": 0.38436482084690554
        },
        "3": {
            "min_factor_decile": "(17.0, 241.0]",
            "group_size": 520,
            "correct_product_mean": 0.9788461538461538,
            "correct_factorization_mean": 0.3211538461538462
        }
    },
    "loss": 0.13175973872525207,
    "meta": {
        "n_beams": 2,
        "temperature": 1.0
    }
}