{
    "correct": {
        "correct_product": 0.9052734375,
        "correct_factorization": 0.66015625
    },
    "beam_accuracy": {
        "correct_product": {
            "0": 0.876953125,
            "1": 0.1552734375
        },
        "correct_factorization": {
            "0": 0.62060546875,
            "1": 0.0400390625
        }
    },
    "by_prob": {
        "group_size": {
            "(-13.700999999999999, -5.981]": 410.0,
            "(-5.981, -3.478]": 410.0,
            "(-3.478, -2.751]": 409.0,
            "(-2.751, -2.211]": 410.0,
            "(-2.211, -1.377]": 409.0,
            "(-1.377, -1.087]": 410.0,
            "(-1.087, -0.856]": 409.0,
            "(-0.856, -0.126]": 410.0,
            "(-0.126, -0.00513]": 409.0,
            "(-0.00513, -4.65e-06]": 410.0
        },
        "correct_product": {
            "(-13.700999999999999, -5.981]": 0.15365853658536585,
            "(-5.981, -3.478]": 0.2073170731707317,
            "(-3.478, -2.751]": 0.08068459657701711,
            "(-2.751, -2.211]": 0.0951219512195122,
            "(-2.211, -1.377]": 0.3202933985330073,
            "(-1.377, -1.087]": 0.7975609756097561,
            "(-1.087, -0.856]": 0.8655256723716381,
            "(-0.856, -0.126]": 0.7024390243902439,
            "(-0.126, -0.00513]": 0.9437652811735942,
            "(-0.00513, -4.65e-06]": 0.9951219512195122
        },
        "correct_factorization": {
            "(-13.700999999999999, -5.981]": 0.0024390243902439024,
            "(-5.981, -3.478]": 0.007317073170731708,
            "(-3.478, -2.751]": 0.012224938875305624,
            "(-2.751, -2.211]": 0.041463414634146344,
            "(-2.211, -1.377]": 0.15158924205378974,
            "(-1.377, -1.087]": 0.28536585365853656,
            "(-1.087, -0.856]": 0.3569682151589242,
            "(-0.856, -0.126]": 0.524390243902439,
            "(-0.126, -0.00513]": 0.9266503667481663,
            "(-0.00513, -4.65e-06]": 0.9951219512195122
        },
        "percent_prime_factors_pred": {
            "(-13.700999999999999, -5.981]": 0.9131475029036005,
            "(-5.981, -3.478]": 0.8907317073170732,
            "(-3.478, -2.751]": 0.9158109209453953,
            "(-2.751, -2.211]": 0.9190243902439025,
            "(-2.211, -1.377]": 0.8439253696588659,
            "(-1.377, -1.087]": 0.5144715447154472,
            "(-1.087, -0.856]": 0.596678891605542,
            "(-0.856, -0.126]": 0.9132868757259002,
            "(-0.126, -0.00513]": 0.9935207823960881,
            "(-0.00513, -4.65e-06]": 1.0
        }
    },
    "by_num_target_factors": {
        "group_size": {
            "1": 192,
            "2": 466,
            "3": 501,
            "4": 401,
            "5": 237,
            "6": 131,
            "7": 62,
            "8": 32,
            "9": 12,
            "10": 7,
            "11": 5,
            "12": 1,
            "16": 1
        },
        "correct_product_mean": {
            "1": 0.9583333333333334,
            "2": 0.9656652360515021,
            "3": 0.9700598802395209,
            "4": 0.9451371571072319,
            "5": 0.8354430379746836,
            "6": 0.7480916030534351,
            "7": 0.6451612903225806,
            "8": 0.375,
            "9": 0.25,
            "10": 0.42857142857142855,
            "11": 0.2,
            "12": 0.0,
            "16": 0.0
        },
        "correct_factorization_mean": {
            "1": 0.9583333333333334,
            "2": 0.45493562231759654,
            "3": 0.5988023952095808,
            "4": 0.8104738154613467,
            "5": 0.7848101265822784,
            "6": 0.6717557251908397,
            "7": 0.6129032258064516,
            "8": 0.375,
            "9": 0.25,
            "10": 0.42857142857142855,
            "11": 0.2,
            "12": 0.0,
            "16": 0.0
        }
    },
    "by_input_num": {
        "group_size": {
            "(65535.999, 65740.7]": 205,
            "(65740.7, 65945.4]": 205,
            "(65945.4, 66150.1]": 205,
            "(66150.1, 66354.8]": 204,
            "(66354.8, 66559.5]": 205,
            "(66559.5, 66764.2]": 205,
            "(66764.2, 66968.9]": 204,
            "(66968.9, 67173.6]": 205,
            "(67173.6, 67378.3]": 205,
            "(67378.3, 67583.0]": 205
        },
        "correct_product_mean": {
            "(65535.999, 65740.7]": 0.9317073170731708,
            "(65740.7, 65945.4]": 0.9512195121951219,
            "(65945.4, 66150.1]": 0.9365853658536586,
            "(66150.1, 66354.8]": 0.9362745098039216,
            "(66354.8, 66559.5]": 0.9317073170731708,
            "(66559.5, 66764.2]": 0.8926829268292683,
            "(66764.2, 66968.9]": 0.8872549019607843,
            "(66968.9, 67173.6]": 0.8682926829268293,
            "(67173.6, 67378.3]": 0.8682926829268293,
            "(67378.3, 67583.0]": 0.848780487804878
        },
        "correct_factorization_mean": {
            "(65535.999, 65740.7]": 0.7121951219512195,
            "(65740.7, 65945.4]": 0.6780487804878049,
            "(65945.4, 66150.1]": 0.6829268292682927,
            "(66150.1, 66354.8]": 0.6323529411764706,
            "(66354.8, 66559.5]": 0.6878048780487804,
            "(66559.5, 66764.2]": 0.6585365853658537,
            "(66764.2, 66968.9]": 0.6372549019607843,
            "(66968.9, 67173.6]": 0.6439024390243903,
            "(67173.6, 67378.3]": 0.6146341463414634,
            "(67378.3, 67583.0]": 0.6536585365853659
        }
    },
    "pred_same_as_input_beam_0": {
        "0": {
            "input_is_prime": false,
            "pred_same_as_input": false,
            "group_size": 1517,
            "correct_product_mean": 0.8391562294001318,
            "correct_factorization_mean": 0.7165458141067897
        },
        "1": {
            "input_is_prime": false,
            "pred_same_as_input": true,
            "group_size": 339,
            "correct_product_mean": 1.0,
            "correct_factorization_mean": 0.0
        },
        "2": {
            "input_is_prime": true,
            "pred_same_as_input": false,
            "group_size": 8,
            "correct_product_mean": 0.0,
            "correct_factorization_mean": 0.0
        },
        "3": {
            "input_is_prime": true,
            "pred_same_as_input": true,
            "group_size": 184,
            "correct_product_mean": 1.0,
            "correct_factorization_mean": 1.0
        }
    },
    "by_min_factor_composite_only": {
        "0": {
            "min_factor_decile": "(1.999, 3.0]",
            "group_size": 1365,
            "correct_product_mean": 0.8879120879120879,
            "correct_factorization_mean": 0.7135531135531136
        },
        "1": {
            "min_factor_decile": "(3.0, 5.0]",
            "group_size": 136,
            "correct_product_mean": 0.875,
            "correct_factorization_mean": 0.8308823529411765
        },
        "2": {
            "min_factor_decile": "(5.0, 17.0]",
            "group_size": 176,
            "correct_product_mean": 0.9488636363636364,
            "correct_factorization_mean": 0.0
        },
        "3": {
            "min_factor_decile": "(17.0, 257.0]",
            "group_size": 179,
            "correct_product_mean": 0.9608938547486033,
            "correct_factorization_mean": 0.0
        }
    },
    "loss": 0.40327611559358895,
    "meta": {
        "n_beams": 2,
        "temperature": 1.0
    }
}