{
    "correct": {
        "correct_product": 0.9741955069823922,
        "correct_factorization": 0.852762598664238
    },
    "beam_accuracy": {
        "correct_product": {
            "0": 0.9552216150576807,
            "1": 0.19231936854887674
        },
        "correct_factorization": {
            "0": 0.8178506375227687,
            "1": 0.03506375227686703
        }
    },
    "by_prob": {
        "group_size": {
            "(-14.918999999999999, -9.21]": 1331.0,
            "(-9.21, -7.127]": 1305.0,
            "(-7.127, -4.494]": 1317.0,
            "(-4.494, -2.396]": 1318.0,
            "(-2.396, -1.232]": 1317.0,
            "(-1.232, -0.767]": 1318.0,
            "(-0.767, -0.0231]": 1317.0,
            "(-0.0231, -0.00159]": 1318.0,
            "(-0.00159, -0.000186]": 1317.0,
            "(-0.000186, -9.54e-07]": 1318.0
        },
        "correct_product": {
            "(-14.918999999999999, -9.21]": 0.13974455296769348,
            "(-9.21, -7.127]": 0.1632183908045977,
            "(-7.127, -4.494]": 0.2088078967350038,
            "(-4.494, -2.396]": 0.17526555386949924,
            "(-2.396, -1.232]": 0.2877752467729689,
            "(-1.232, -0.767]": 0.8884673748103187,
            "(-0.767, -0.0231]": 0.876993166287016,
            "(-0.0231, -0.00159]": 0.9977238239757208,
            "(-0.00159, -0.000186]": 1.0,
            "(-0.000186, -9.54e-07]": 1.0
        },
        "correct_factorization": {
            "(-14.918999999999999, -9.21]": 0.0007513148009015778,
            "(-9.21, -7.127]": 0.0,
            "(-7.127, -4.494]": 0.0015186028853454822,
            "(-4.494, -2.396]": 0.03110773899848255,
            "(-2.396, -1.232]": 0.13211845102505695,
            "(-1.232, -0.767]": 0.34522003034901366,
            "(-0.767, -0.0231]": 0.7577828397873956,
            "(-0.0231, -0.00159]": 0.996206373292868,
            "(-0.00159, -0.000186]": 1.0,
            "(-0.000186, -9.54e-07]": 1.0
        },
        "percent_prime_factors_pred": {
            "(-14.918999999999999, -9.21]": 0.8417802583091839,
            "(-9.21, -7.127]": 0.9005491698595147,
            "(-7.127, -4.494]": 0.8694688505622447,
            "(-4.494, -2.396]": 0.8423242286292363,
            "(-2.396, -1.232]": 0.807604765520483,
            "(-1.232, -0.767]": 0.49660380085266276,
            "(-0.767, -0.0231]": 0.9147810680840294,
            "(-0.0231, -0.00159]": 0.9994309559939302,
            "(-0.00159, -0.000186]": 1.0,
            "(-0.000186, -9.54e-07]": 1.0
        }
    },
    "by_num_target_factors": {
        "group_size": {
            "1": 668,
            "2": 1601,
            "3": 1720,
            "4": 1198,
            "5": 715,
            "6": 373,
            "7": 165,
            "8": 79,
            "9": 35,
            "10": 20,
            "11": 8,
            "12": 3,
            "13": 3
        },
        "correct_product_mean": {
            "1": 0.9850299401197605,
            "2": 0.9887570268582137,
            "3": 0.9837209302325581,
            "4": 0.9841402337228714,
            "5": 0.9762237762237762,
            "6": 0.938337801608579,
            "7": 0.8909090909090909,
            "8": 0.8481012658227848,
            "9": 0.6571428571428571,
            "10": 0.7,
            "11": 0.5,
            "12": 1.0,
            "13": 0.0
        },
        "correct_factorization_mean": {
            "1": 0.9850299401197605,
            "2": 0.6989381636477202,
            "3": 0.8383720930232558,
            "4": 0.9348914858096828,
            "5": 0.9692307692307692,
            "6": 0.8927613941018767,
            "7": 0.8666666666666667,
            "8": 0.8354430379746836,
            "9": 0.6571428571428571,
            "10": 0.7,
            "11": 0.5,
            "12": 1.0,
            "13": 0.0
        }
    },
    "by_input_num": {
        "group_size": {
            "(7.999, 6350.5]": 659,
            "(6350.5, 12996.8]": 659,
            "(12996.8, 19472.5]": 659,
            "(19472.5, 26116.8]": 658,
            "(26116.8, 32574.0]": 659,
            "(32574.0, 39331.6]": 659,
            "(39331.6, 46013.7]": 658,
            "(46013.7, 52699.4]": 659,
            "(52699.4, 59007.6]": 659,
            "(59007.6, 65528.0]": 659
        },
        "correct_product_mean": {
            "(7.999, 6350.5]": 1.0,
            "(6350.5, 12996.8]": 1.0,
            "(12996.8, 19472.5]": 0.9908952959028832,
            "(19472.5, 26116.8]": 0.9832826747720365,
            "(26116.8, 32574.0]": 0.9696509863429439,
            "(32574.0, 39331.6]": 0.9681335356600911,
            "(39331.6, 46013.7]": 0.9635258358662614,
            "(46013.7, 52699.4]": 0.9423368740515933,
            "(52699.4, 59007.6]": 0.9620637329286799,
            "(59007.6, 65528.0]": 0.9620637329286799
        },
        "correct_factorization_mean": {
            "(7.999, 6350.5]": 1.0,
            "(6350.5, 12996.8]": 1.0,
            "(12996.8, 19472.5]": 0.9878603945371776,
            "(19472.5, 26116.8]": 0.9376899696048632,
            "(26116.8, 32574.0]": 0.842185128983308,
            "(32574.0, 39331.6]": 0.795144157814871,
            "(39331.6, 46013.7]": 0.7659574468085106,
            "(46013.7, 52699.4]": 0.7678300455235205,
            "(52699.4, 59007.6]": 0.7268588770864947,
            "(59007.6, 65528.0]": 0.7040971168437026
        }
    },
    "pred_same_as_input_beam_0": {
        "0": {
            "input_is_prime": false,
            "pred_same_as_input": false,
            "group_size": 5197,
            "correct_product_mean": 0.9467000192418703,
            "correct_factorization_mean": 0.911679815278045
        },
        "1": {
            "input_is_prime": false,
            "pred_same_as_input": true,
            "group_size": 723,
            "correct_product_mean": 1.0,
            "correct_factorization_mean": 0.0
        },
        "2": {
            "input_is_prime": true,
            "pred_same_as_input": false,
            "group_size": 18,
            "correct_product_mean": 0.0,
            "correct_factorization_mean": 0.0
        },
        "3": {
            "input_is_prime": true,
            "pred_same_as_input": true,
            "group_size": 650,
            "correct_product_mean": 1.0,
            "correct_factorization_mean": 1.0
        }
    },
    "by_min_factor_composite_only": {
        "0": {
            "min_factor_decile": "(1.999, 3.0]",
            "group_size": 4339,
            "correct_product_mean": 0.9741876008296843,
            "correct_factorization_mean": 0.9110394100023047
        },
        "1": {
            "min_factor_decile": "(3.0, 5.0]",
            "group_size": 447,
            "correct_product_mean": 0.9574944071588367,
            "correct_factorization_mean": 0.9351230425055929
        },
        "2": {
            "min_factor_decile": "(5.0, 17.0]",
            "group_size": 614,
            "correct_product_mean": 0.9723127035830619,
            "correct_factorization_mean": 0.3517915309446254
        },
        "3": {
            "min_factor_decile": "(17.0, 241.0]",
            "group_size": 520,
            "correct_product_mean": 0.9769230769230769,
            "correct_factorization_mean": 0.2903846153846154
        }
    },
    "loss": 0.1426706488580222,
    "meta": {
        "n_beams": 2,
        "temperature": 1.0
    }
}