{
    "correct": {
        "correct_product": 0.9623557984213722,
        "correct_factorization": 0.7967516697024893
    },
    "beam_accuracy": {
        "correct_product": {
            "0": 0.9247115968427444,
            "1": 0.21918639951426835
        },
        "correct_factorization": {
            "0": 0.7319368548876746,
            "1": 0.06481481481481481
        }
    },
    "by_prob": {
        "group_size": {
            "(-14.501, -6.545]": 1318.0,
            "(-6.545, -3.78]": 1318.0,
            "(-3.78, -2.648]": 1317.0,
            "(-2.648, -1.975]": 1318.0,
            "(-1.975, -1.226]": 1317.0,
            "(-1.226, -0.876]": 1318.0,
            "(-0.876, -0.422]": 1317.0,
            "(-0.422, -0.0474]": 1318.0,
            "(-0.0474, -0.00269]": 1317.0,
            "(-0.00269, -2.98e-06]": 1318.0
        },
        "correct_product": {
            "(-14.501, -6.545]": 0.15250379362670713,
            "(-6.545, -3.78]": 0.19575113808801214,
            "(-3.78, -2.648]": 0.16173120728929385,
            "(-2.648, -1.975]": 0.19271623672230653,
            "(-1.975, -1.226]": 0.3773728170083523,
            "(-1.226, -0.876]": 0.8247344461305007,
            "(-0.876, -0.422]": 0.8542141230068337,
            "(-0.422, -0.0474]": 0.9635811836115327,
            "(-0.0474, -0.00269]": 0.996962794229309,
            "(-0.00269, -2.98e-06]": 1.0
        },
        "correct_factorization": {
            "(-14.501, -6.545]": 0.0,
            "(-6.545, -3.78]": 0.0030349013657056147,
            "(-3.78, -2.648]": 0.032649962034927864,
            "(-2.648, -1.975]": 0.06828528072837632,
            "(-1.975, -1.226]": 0.1958997722095672,
            "(-1.226, -0.876]": 0.3497723823975721,
            "(-0.876, -0.422]": 0.46924829157175396,
            "(-0.422, -0.0474]": 0.8755690440060698,
            "(-0.0474, -0.00269]": 0.9893697798025817,
            "(-0.00269, -2.98e-06]": 1.0
        },
        "percent_prime_factors_pred": {
            "(-14.501, -6.545]": 0.8996938001300672,
            "(-6.545, -3.78]": 0.9049443601416287,
            "(-3.78, -2.648]": 0.8581552590664208,
            "(-2.648, -1.975]": 0.8511633788568538,
            "(-1.975, -1.226]": 0.8583505080088224,
            "(-1.226, -0.876]": 0.5801340414769853,
            "(-0.876, -0.422]": 0.6967096937484182,
            "(-0.422, -0.0474]": 0.9458775923115833,
            "(-0.0474, -0.00269]": 0.9967729688686409,
            "(-0.00269, -2.98e-06]": 1.0
        }
    },
    "by_num_target_factors": {
        "group_size": {
            "1": 668,
            "2": 1601,
            "3": 1720,
            "4": 1198,
            "5": 715,
            "6": 373,
            "7": 165,
            "8": 79,
            "9": 35,
            "10": 20,
            "11": 8,
            "12": 3,
            "13": 3
        },
        "correct_product_mean": {
            "1": 0.9895209580838323,
            "2": 0.9775140537164272,
            "3": 0.9761627906976744,
            "4": 0.9824707846410684,
            "5": 0.9552447552447553,
            "6": 0.8954423592493298,
            "7": 0.8242424242424242,
            "8": 0.7468354430379747,
            "9": 0.6571428571428571,
            "10": 0.75,
            "11": 0.5,
            "12": 1.0,
            "13": 0.3333333333333333
        },
        "correct_factorization_mean": {
            "1": 0.9895209580838323,
            "2": 0.6408494690818238,
            "3": 0.747093023255814,
            "4": 0.8889816360601002,
            "5": 0.9090909090909091,
            "6": 0.8632707774798928,
            "7": 0.8242424242424242,
            "8": 0.7341772151898734,
            "9": 0.6571428571428571,
            "10": 0.75,
            "11": 0.5,
            "12": 1.0,
            "13": 0.3333333333333333
        }
    },
    "by_input_num": {
        "group_size": {
            "(7.999, 6350.5]": 659,
            "(6350.5, 12996.8]": 659,
            "(12996.8, 19472.5]": 659,
            "(19472.5, 26116.8]": 658,
            "(26116.8, 32574.0]": 659,
            "(32574.0, 39331.6]": 659,
            "(39331.6, 46013.7]": 658,
            "(46013.7, 52699.4]": 659,
            "(52699.4, 59007.6]": 659,
            "(59007.6, 65528.0]": 659
        },
        "correct_product_mean": {
            "(7.999, 6350.5]": 0.9939301972685888,
            "(6350.5, 12996.8]": 0.9893778452200304,
            "(12996.8, 19472.5]": 0.9787556904400607,
            "(19472.5, 26116.8]": 0.9650455927051672,
            "(26116.8, 32574.0]": 0.9635811836115327,
            "(32574.0, 39331.6]": 0.960546282245827,
            "(39331.6, 46013.7]": 0.939209726443769,
            "(46013.7, 52699.4]": 0.9332321699544764,
            "(52699.4, 59007.6]": 0.9499241274658573,
            "(59007.6, 65528.0]": 0.9499241274658573
        },
        "correct_factorization_mean": {
            "(7.999, 6350.5]": 0.992412746585736,
            "(6350.5, 12996.8]": 0.9878603945371776,
            "(12996.8, 19472.5]": 0.9377845220030349,
            "(19472.5, 26116.8]": 0.8221884498480243,
            "(26116.8, 32574.0]": 0.7830045523520486,
            "(32574.0, 39331.6]": 0.7359635811836115,
            "(39331.6, 46013.7]": 0.7036474164133738,
            "(46013.7, 52699.4]": 0.6904400606980273,
            "(52699.4, 59007.6]": 0.6661608497723824,
            "(59007.6, 65528.0]": 0.6479514415781487
        }
    },
    "pred_same_as_input_beam_0": {
        "0": {
            "input_is_prime": false,
            "pred_same_as_input": false,
            "group_size": 5058,
            "correct_product_mean": 0.9051008303677343,
            "correct_factorization_mean": 0.8244365361803084
        },
        "1": {
            "input_is_prime": false,
            "pred_same_as_input": true,
            "group_size": 862,
            "correct_product_mean": 1.0,
            "correct_factorization_mean": 0.0
        },
        "2": {
            "input_is_prime": true,
            "pred_same_as_input": false,
            "group_size": 16,
            "correct_product_mean": 0.0,
            "correct_factorization_mean": 0.0
        },
        "3": {
            "input_is_prime": true,
            "pred_same_as_input": true,
            "group_size": 652,
            "correct_product_mean": 1.0,
            "correct_factorization_mean": 1.0
        }
    },
    "by_min_factor_composite_only": {
        "0": {
            "min_factor_decile": "(1.999, 3.0]",
            "group_size": 4339,
            "correct_product_mean": 0.9529845586540677,
            "correct_factorization_mean": 0.8130905738649459
        },
        "1": {
            "min_factor_decile": "(3.0, 5.0]",
            "group_size": 447,
            "correct_product_mean": 0.9753914988814317,
            "correct_factorization_mean": 0.941834451901566
        },
        "2": {
            "min_factor_decile": "(5.0, 17.0]",
            "group_size": 614,
            "correct_product_mean": 0.9869706840390879,
            "correct_factorization_mean": 0.21498371335504887
        },
        "3": {
            "min_factor_decile": "(17.0, 241.0]",
            "group_size": 520,
            "correct_product_mean": 0.9653846153846154,
            "correct_factorization_mean": 0.17115384615384616
        }
    },
    "loss": 0.05740967749331433,
    "meta": {
        "n_beams": 2,
        "temperature": 1.0
    }
}