{
    "correct": {
        "correct_product": 0.8994140625,
        "correct_factorization": 0.66259765625
    },
    "beam_accuracy": {
        "correct_product": {
            "0": 0.86328125,
            "1": 0.1494140625
        },
        "correct_factorization": {
            "0": 0.623046875,
            "1": 0.03955078125
        }
    },
    "by_prob": {
        "group_size": {
            "(-12.657, -6.814]": 410.0,
            "(-6.814, -3.856]": 410.0,
            "(-3.856, -2.745]": 409.0,
            "(-2.745, -2.131]": 410.0,
            "(-2.131, -1.383]": 409.0,
            "(-1.383, -1.007]": 410.0,
            "(-1.007, -0.741]": 409.0,
            "(-0.741, -0.0519]": 410.0,
            "(-0.0519, -0.00223]": 409.0,
            "(-0.00223, -8.46e-06]": 410.0
        },
        "correct_product": {
            "(-12.657, -6.814]": 0.16341463414634147,
            "(-6.814, -3.856]": 0.21951219512195122,
            "(-3.856, -2.745]": 0.09046454767726161,
            "(-2.745, -2.131]": 0.05365853658536585,
            "(-2.131, -1.383]": 0.29095354523227385,
            "(-1.383, -1.007]": 0.7707317073170732,
            "(-1.007, -0.741]": 0.8557457212713936,
            "(-0.741, -0.0519]": 0.6658536585365854,
            "(-0.0519, -0.00223]": 0.960880195599022,
            "(-0.00223, -8.46e-06]": 0.9926829268292683
        },
        "correct_factorization": {
            "(-12.657, -6.814]": 0.004878048780487805,
            "(-6.814, -3.856]": 0.007317073170731708,
            "(-3.856, -2.745]": 0.022004889975550123,
            "(-2.745, -2.131]": 0.02195121951219512,
            "(-2.131, -1.383]": 0.1271393643031785,
            "(-1.383, -1.007]": 0.32195121951219513,
            "(-1.007, -0.741]": 0.33496332518337407,
            "(-0.741, -0.0519]": 0.524390243902439,
            "(-0.0519, -0.00223]": 0.9559902200488998,
            "(-0.00223, -8.46e-06]": 0.9926829268292683
        },
        "percent_prime_factors_pred": {
            "(-12.657, -6.814]": 0.8734465737514518,
            "(-6.814, -3.856]": 0.8992044134727061,
            "(-3.856, -2.745]": 0.9170916288275701,
            "(-2.745, -2.131]": 0.937862950058072,
            "(-2.131, -1.383]": 0.8339038304808476,
            "(-1.383, -1.007]": 0.5933681765389083,
            "(-1.007, -0.741]": 0.5348992897892654,
            "(-0.741, -0.0519]": 0.930569105691057,
            "(-0.0519, -0.00223]": 0.9990220048899756,
            "(-0.00223, -8.46e-06]": 1.0
        }
    },
    "by_num_target_factors": {
        "group_size": {
            "1": 192,
            "2": 466,
            "3": 501,
            "4": 401,
            "5": 237,
            "6": 131,
            "7": 62,
            "8": 32,
            "9": 12,
            "10": 7,
            "11": 5,
            "12": 1,
            "16": 1
        },
        "correct_product_mean": {
            "1": 0.9375,
            "2": 0.9742489270386266,
            "3": 0.9680638722554891,
            "4": 0.9276807980049875,
            "5": 0.7932489451476793,
            "6": 0.7175572519083969,
            "7": 0.6935483870967742,
            "8": 0.4375,
            "9": 0.4166666666666667,
            "10": 0.8571428571428571,
            "11": 0.2,
            "12": 0.0,
            "16": 0.0
        },
        "correct_factorization_mean": {
            "1": 0.9375,
            "2": 0.4592274678111588,
            "3": 0.6087824351297405,
            "4": 0.8154613466334164,
            "5": 0.7552742616033755,
            "6": 0.6564885496183206,
            "7": 0.6612903225806451,
            "8": 0.40625,
            "9": 0.4166666666666667,
            "10": 0.8571428571428571,
            "11": 0.2,
            "12": 0.0,
            "16": 0.0
        }
    },
    "by_input_num": {
        "group_size": {
            "(65535.999, 65740.7]": 205,
            "(65740.7, 65945.4]": 205,
            "(65945.4, 66150.1]": 205,
            "(66150.1, 66354.8]": 204,
            "(66354.8, 66559.5]": 205,
            "(66559.5, 66764.2]": 205,
            "(66764.2, 66968.9]": 204,
            "(66968.9, 67173.6]": 205,
            "(67173.6, 67378.3]": 205,
            "(67378.3, 67583.0]": 205
        },
        "correct_product_mean": {
            "(65535.999, 65740.7]": 0.9609756097560975,
            "(65740.7, 65945.4]": 0.9414634146341463,
            "(65945.4, 66150.1]": 0.9512195121951219,
            "(66150.1, 66354.8]": 0.9166666666666666,
            "(66354.8, 66559.5]": 0.9414634146341463,
            "(66559.5, 66764.2]": 0.8682926829268293,
            "(66764.2, 66968.9]": 0.8480392156862745,
            "(66968.9, 67173.6]": 0.8682926829268293,
            "(67173.6, 67378.3]": 0.8585365853658536,
            "(67378.3, 67583.0]": 0.8390243902439024
        },
        "correct_factorization_mean": {
            "(65535.999, 65740.7]": 0.7560975609756098,
            "(65740.7, 65945.4]": 0.6731707317073171,
            "(65945.4, 66150.1]": 0.7121951219512195,
            "(66150.1, 66354.8]": 0.6470588235294118,
            "(66354.8, 66559.5]": 0.6878048780487804,
            "(66559.5, 66764.2]": 0.6292682926829268,
            "(66764.2, 66968.9]": 0.6078431372549019,
            "(66968.9, 67173.6]": 0.6292682926829268,
            "(67173.6, 67378.3]": 0.6439024390243903,
            "(67378.3, 67583.0]": 0.6390243902439025
        }
    },
    "pred_same_as_input_beam_0": {
        "0": {
            "input_is_prime": false,
            "pred_same_as_input": false,
            "group_size": 1856,
            "correct_product_mean": 0.8566810344827587,
            "correct_factorization_mean": 0.5915948275862069
        },
        "1": {
            "input_is_prime": true,
            "pred_same_as_input": false,
            "group_size": 192,
            "correct_product_mean": 0.9270833333333334,
            "correct_factorization_mean": 0.9270833333333334
        }
    },
    "by_min_factor_composite_only": {
        "0": {
            "min_factor_decile": "(1.999, 3.0]",
            "group_size": 1365,
            "correct_product_mean": 0.8791208791208791,
            "correct_factorization_mean": 0.7216117216117216
        },
        "1": {
            "min_factor_decile": "(3.0, 5.0]",
            "group_size": 136,
            "correct_product_mean": 0.8676470588235294,
            "correct_factorization_mean": 0.8235294117647058
        },
        "2": {
            "min_factor_decile": "(5.0, 17.0]",
            "group_size": 176,
            "correct_product_mean": 0.9545454545454546,
            "correct_factorization_mean": 0.0
        },
        "3": {
            "min_factor_decile": "(17.0, 257.0]",
            "group_size": 179,
            "correct_product_mean": 0.9832402234636871,
            "correct_factorization_mean": 0.00558659217877095
        }
    },
    "loss": 0.44035475492774434,
    "meta": {
        "n_beams": 2,
        "temperature": 1.0
    }
}