{
    "correct": {
        "correct_product": 0.91259765625,
        "correct_factorization": 0.67822265625
    },
    "beam_accuracy": {
        "correct_product": {
            "0": 0.8740234375,
            "1": 0.130859375
        },
        "correct_factorization": {
            "0": 0.64404296875,
            "1": 0.0341796875
        }
    },
    "by_prob": {
        "group_size": {
            "(-12.860999999999999, -7.122]": 410.0,
            "(-7.122, -4.271]": 410.0,
            "(-4.271, -3.003]": 409.0,
            "(-3.003, -2.242]": 410.0,
            "(-2.242, -1.49]": 409.0,
            "(-1.49, -1.157]": 410.0,
            "(-1.157, -0.686]": 409.0,
            "(-0.686, -0.029]": 410.0,
            "(-0.029, -0.0017]": 409.0,
            "(-0.0017, -1.25e-05]": 410.0
        },
        "correct_product": {
            "(-12.860999999999999, -7.122]": 0.11707317073170732,
            "(-7.122, -4.271]": 0.1926829268292683,
            "(-4.271, -3.003]": 0.061124694376528114,
            "(-3.003, -2.242]": 0.05121951219512195,
            "(-2.242, -1.49]": 0.3276283618581907,
            "(-1.49, -1.157]": 0.802439024390244,
            "(-1.157, -0.686]": 0.7799511002444988,
            "(-0.686, -0.029]": 0.7121951219512195,
            "(-0.029, -0.0017]": 0.9853300733496333,
            "(-0.0017, -1.25e-05]": 0.9951219512195122
        },
        "correct_factorization": {
            "(-12.860999999999999, -7.122]": 0.0,
            "(-7.122, -4.271]": 0.007317073170731708,
            "(-4.271, -3.003]": 0.007334963325183374,
            "(-3.003, -2.242]": 0.02195121951219512,
            "(-2.242, -1.49]": 0.14425427872860636,
            "(-1.49, -1.157]": 0.29024390243902437,
            "(-1.157, -0.686]": 0.33251833740831294,
            "(-0.686, -0.029]": 0.6097560975609756,
            "(-0.029, -0.0017]": 0.9828850855745721,
            "(-0.0017, -1.25e-05]": 0.9951219512195122
        },
        "percent_prime_factors_pred": {
            "(-12.860999999999999, -7.122]": 0.9033943089430894,
            "(-7.122, -4.271]": 0.90630081300813,
            "(-4.271, -3.003]": 0.9081907090464547,
            "(-3.003, -2.242]": 0.888170731707317,
            "(-2.242, -1.49]": 0.8115321923390384,
            "(-1.49, -1.157]": 0.5186759581881533,
            "(-1.157, -0.686]": 0.6346722552101526,
            "(-0.686, -0.029]": 0.9513008130081302,
            "(-0.029, -0.0017]": 0.9987775061124694,
            "(-0.0017, -1.25e-05]": 1.0
        }
    },
    "by_num_target_factors": {
        "group_size": {
            "1": 192,
            "2": 466,
            "3": 501,
            "4": 401,
            "5": 237,
            "6": 131,
            "7": 62,
            "8": 32,
            "9": 12,
            "10": 7,
            "11": 5,
            "12": 1,
            "16": 1
        },
        "correct_product_mean": {
            "1": 0.9427083333333334,
            "2": 0.944206008583691,
            "3": 0.9540918163672655,
            "4": 0.9451371571072319,
            "5": 0.8860759493670886,
            "6": 0.7938931297709924,
            "7": 0.7580645161290323,
            "8": 0.59375,
            "9": 0.4166666666666667,
            "10": 0.5714285714285714,
            "11": 0.4,
            "12": 0.0,
            "16": 0.0
        },
        "correct_factorization_mean": {
            "1": 0.9427083333333334,
            "2": 0.4334763948497854,
            "3": 0.6167664670658682,
            "4": 0.8379052369077307,
            "5": 0.8227848101265823,
            "6": 0.7022900763358778,
            "7": 0.7096774193548387,
            "8": 0.59375,
            "9": 0.4166666666666667,
            "10": 0.5714285714285714,
            "11": 0.4,
            "12": 0.0,
            "16": 0.0
        }
    },
    "by_input_num": {
        "group_size": {
            "(65535.999, 65740.7]": 205,
            "(65740.7, 65945.4]": 205,
            "(65945.4, 66150.1]": 205,
            "(66150.1, 66354.8]": 204,
            "(66354.8, 66559.5]": 205,
            "(66559.5, 66764.2]": 205,
            "(66764.2, 66968.9]": 204,
            "(66968.9, 67173.6]": 205,
            "(67173.6, 67378.3]": 205,
            "(67378.3, 67583.0]": 205
        },
        "correct_product_mean": {
            "(65535.999, 65740.7]": 0.9414634146341463,
            "(65740.7, 65945.4]": 0.9219512195121952,
            "(65945.4, 66150.1]": 0.9414634146341463,
            "(66150.1, 66354.8]": 0.9264705882352942,
            "(66354.8, 66559.5]": 0.9365853658536586,
            "(66559.5, 66764.2]": 0.8926829268292683,
            "(66764.2, 66968.9]": 0.8970588235294118,
            "(66968.9, 67173.6]": 0.8878048780487805,
            "(67173.6, 67378.3]": 0.9024390243902439,
            "(67378.3, 67583.0]": 0.8780487804878049
        },
        "correct_factorization_mean": {
            "(65535.999, 65740.7]": 0.7317073170731707,
            "(65740.7, 65945.4]": 0.6682926829268293,
            "(65945.4, 66150.1]": 0.7073170731707317,
            "(66150.1, 66354.8]": 0.6421568627450981,
            "(66354.8, 66559.5]": 0.697560975609756,
            "(66559.5, 66764.2]": 0.6634146341463415,
            "(66764.2, 66968.9]": 0.6715686274509803,
            "(66968.9, 67173.6]": 0.6585365853658537,
            "(67173.6, 67378.3]": 0.6731707317073171,
            "(67378.3, 67583.0]": 0.6682926829268293
        }
    },
    "pred_same_as_input_beam_0": {
        "0": {
            "input_is_prime": false,
            "pred_same_as_input": false,
            "group_size": 1522,
            "correct_product_mean": 0.8390275952693824,
            "correct_factorization_mean": 0.7490144546649146
        },
        "1": {
            "input_is_prime": false,
            "pred_same_as_input": true,
            "group_size": 334,
            "correct_product_mean": 1.0,
            "correct_factorization_mean": 0.0
        },
        "2": {
            "input_is_prime": true,
            "pred_same_as_input": false,
            "group_size": 13,
            "correct_product_mean": 0.0,
            "correct_factorization_mean": 0.0
        },
        "3": {
            "input_is_prime": true,
            "pred_same_as_input": true,
            "group_size": 179,
            "correct_product_mean": 1.0,
            "correct_factorization_mean": 1.0
        }
    },
    "by_min_factor_composite_only": {
        "0": {
            "min_factor_decile": "(1.999, 3.0]",
            "group_size": 1365,
            "correct_product_mean": 0.9025641025641026,
            "correct_factorization_mean": 0.7538461538461538
        },
        "1": {
            "min_factor_decile": "(3.0, 5.0]",
            "group_size": 136,
            "correct_product_mean": 0.8308823529411765,
            "correct_factorization_mean": 0.8088235294117647
        },
        "2": {
            "min_factor_decile": "(5.0, 17.0]",
            "group_size": 176,
            "correct_product_mean": 0.9772727272727273,
            "correct_factorization_mean": 0.0
        },
        "3": {
            "min_factor_decile": "(17.0, 257.0]",
            "group_size": 179,
            "correct_product_mean": 0.9553072625698324,
            "correct_factorization_mean": 0.00558659217877095
        }
    },
    "loss": 0.4070203995130814,
    "meta": {
        "n_beams": 2,
        "temperature": 1.0
    }
}