{
    "correct": {
        "correct_product": 0.91748046875,
        "correct_factorization": 0.6611328125
    },
    "beam_accuracy": {
        "correct_product": {
            "0": 0.884765625,
            "1": 0.154296875
        },
        "correct_factorization": {
            "0": 0.62646484375,
            "1": 0.03466796875
        }
    },
    "by_prob": {
        "group_size": {
            "(-13.244, -5.235]": 410.0,
            "(-5.235, -3.746]": 410.0,
            "(-3.746, -3.077]": 409.0,
            "(-3.077, -2.256]": 410.0,
            "(-2.256, -1.477]": 409.0,
            "(-1.477, -1.115]": 410.0,
            "(-1.115, -0.86]": 409.0,
            "(-0.86, -0.184]": 410.0,
            "(-0.184, -0.0097]": 409.0,
            "(-0.0097, -1.51e-05]": 410.0
        },
        "correct_product": {
            "(-13.244, -5.235]": 0.16097560975609757,
            "(-5.235, -3.746]": 0.12926829268292683,
            "(-3.746, -3.077]": 0.0488997555012225,
            "(-3.077, -2.256]": 0.1024390243902439,
            "(-2.256, -1.477]": 0.4449877750611247,
            "(-1.477, -1.115]": 0.7902439024390244,
            "(-1.115, -0.86]": 0.8679706601466992,
            "(-0.86, -0.184]": 0.7170731707317073,
            "(-0.184, -0.0097]": 0.9437652811735942,
            "(-0.0097, -1.51e-05]": 0.9902439024390244
        },
        "correct_factorization": {
            "(-13.244, -5.235]": 0.0024390243902439024,
            "(-5.235, -3.746]": 0.004878048780487805,
            "(-3.746, -3.077]": 0.0024449877750611247,
            "(-3.077, -2.256]": 0.024390243902439025,
            "(-2.256, -1.477]": 0.17603911980440098,
            "(-1.477, -1.115]": 0.275609756097561,
            "(-1.115, -0.86]": 0.36674816625916873,
            "(-0.86, -0.184]": 0.5292682926829269,
            "(-0.184, -0.0097]": 0.9339853300733496,
            "(-0.0097, -1.51e-05]": 0.9902439024390244
        },
        "percent_prime_factors_pred": {
            "(-13.244, -5.235]": 0.888850174216028,
            "(-5.235, -3.746]": 0.9097560975609756,
            "(-3.746, -3.077]": 0.9082314588427057,
            "(-3.077, -2.256]": 0.8972531939605111,
            "(-2.256, -1.477]": 0.7472697636511817,
            "(-1.477, -1.115]": 0.5487166085946574,
            "(-1.115, -0.86]": 0.6128303644196065,
            "(-0.86, -0.184]": 0.9023112659698026,
            "(-0.184, -0.0097]": 0.9949062754686228,
            "(-0.0097, -1.51e-05]": 1.0
        }
    },
    "by_num_target_factors": {
        "group_size": {
            "1": 192,
            "2": 466,
            "3": 501,
            "4": 401,
            "5": 237,
            "6": 131,
            "7": 62,
            "8": 32,
            "9": 12,
            "10": 7,
            "11": 5,
            "12": 1,
            "16": 1
        },
        "correct_product_mean": {
            "1": 0.96875,
            "2": 0.9742489270386266,
            "3": 0.9840319361277445,
            "4": 0.9625935162094763,
            "5": 0.8354430379746836,
            "6": 0.7099236641221374,
            "7": 0.6935483870967742,
            "8": 0.4375,
            "9": 0.5,
            "10": 0.7142857142857143,
            "11": 0.2,
            "12": 0.0,
            "16": 0.0
        },
        "correct_factorization_mean": {
            "1": 0.96875,
            "2": 0.4592274678111588,
            "3": 0.5868263473053892,
            "4": 0.8129675810473815,
            "5": 0.7510548523206751,
            "6": 0.6793893129770993,
            "7": 0.6612903225806451,
            "8": 0.4375,
            "9": 0.5,
            "10": 0.7142857142857143,
            "11": 0.2,
            "12": 0.0,
            "16": 0.0
        }
    },
    "by_input_num": {
        "group_size": {
            "(65535.999, 65740.7]": 205,
            "(65740.7, 65945.4]": 205,
            "(65945.4, 66150.1]": 205,
            "(66150.1, 66354.8]": 204,
            "(66354.8, 66559.5]": 205,
            "(66559.5, 66764.2]": 205,
            "(66764.2, 66968.9]": 204,
            "(66968.9, 67173.6]": 205,
            "(67173.6, 67378.3]": 205,
            "(67378.3, 67583.0]": 205
        },
        "correct_product_mean": {
            "(65535.999, 65740.7]": 0.9609756097560975,
            "(65740.7, 65945.4]": 0.9317073170731708,
            "(65945.4, 66150.1]": 0.9365853658536586,
            "(66150.1, 66354.8]": 0.946078431372549,
            "(66354.8, 66559.5]": 0.9365853658536586,
            "(66559.5, 66764.2]": 0.9121951219512195,
            "(66764.2, 66968.9]": 0.8921568627450981,
            "(66968.9, 67173.6]": 0.9073170731707317,
            "(67173.6, 67378.3]": 0.8682926829268293,
            "(67378.3, 67583.0]": 0.8829268292682927
        },
        "correct_factorization_mean": {
            "(65535.999, 65740.7]": 0.7268292682926829,
            "(65740.7, 65945.4]": 0.6585365853658537,
            "(65945.4, 66150.1]": 0.6829268292682927,
            "(66150.1, 66354.8]": 0.6568627450980392,
            "(66354.8, 66559.5]": 0.6829268292682927,
            "(66559.5, 66764.2]": 0.6585365853658537,
            "(66764.2, 66968.9]": 0.6323529411764706,
            "(66968.9, 67173.6]": 0.6585365853658537,
            "(67173.6, 67378.3]": 0.6195121951219512,
            "(67378.3, 67583.0]": 0.6341463414634146
        }
    },
    "pred_same_as_input_beam_0": {
        "0": {
            "input_is_prime": false,
            "pred_same_as_input": false,
            "group_size": 1856,
            "correct_product_mean": 0.8776939655172413,
            "correct_factorization_mean": 0.5926724137931034
        },
        "1": {
            "input_is_prime": true,
            "pred_same_as_input": false,
            "group_size": 192,
            "correct_product_mean": 0.953125,
            "correct_factorization_mean": 0.953125
        }
    },
    "by_min_factor_composite_only": {
        "0": {
            "min_factor_decile": "(1.999, 3.0]",
            "group_size": 1365,
            "correct_product_mean": 0.8974358974358975,
            "correct_factorization_mean": 0.7194139194139194
        },
        "1": {
            "min_factor_decile": "(3.0, 5.0]",
            "group_size": 136,
            "correct_product_mean": 0.9264705882352942,
            "correct_factorization_mean": 0.8676470588235294
        },
        "2": {
            "min_factor_decile": "(5.0, 17.0]",
            "group_size": 176,
            "correct_product_mean": 0.9772727272727273,
            "correct_factorization_mean": 0.0
        },
        "3": {
            "min_factor_decile": "(17.0, 257.0]",
            "group_size": 179,
            "correct_product_mean": 0.9497206703910615,
            "correct_factorization_mean": 0.0
        }
    },
    "loss": 0.3905123359480205,
    "meta": {
        "n_beams": 2,
        "temperature": 1.0
    }
}