{
    "correct": {
        "correct_product": 0.9723740133576199,
        "correct_factorization": 0.8518518518518519
    },
    "beam_accuracy": {
        "correct_product": {
            "0": 0.9494535519125683,
            "1": 0.1979356405585914
        },
        "correct_factorization": {
            "0": 0.8139040680024286,
            "1": 0.03809957498482089
        }
    },
    "by_prob": {
        "group_size": {
            "(-13.649999999999999, -8.572]": 1318.0,
            "(-8.572, -6.408]": 1318.0,
            "(-6.408, -3.99]": 1317.0,
            "(-3.99, -2.589]": 1318.0,
            "(-2.589, -1.263]": 1317.0,
            "(-1.263, -0.793]": 1318.0,
            "(-0.793, -0.0388]": 1317.0,
            "(-0.0388, -0.00327]": 1318.0,
            "(-0.00327, -0.000412]": 1317.0,
            "(-0.000412, -7.63e-06]": 1318.0
        },
        "correct_product": {
            "(-13.649999999999999, -8.572]": 0.15402124430955993,
            "(-8.572, -6.408]": 0.1661608497723824,
            "(-6.408, -3.99]": 0.214123006833713,
            "(-3.99, -2.589]": 0.15553869499241274,
            "(-2.589, -1.263]": 0.31738800303720577,
            "(-1.263, -0.793]": 0.8641881638846738,
            "(-0.793, -0.0388]": 0.8678815489749431,
            "(-0.0388, -0.00327]": 0.9977238239757208,
            "(-0.00327, -0.000412]": 1.0,
            "(-0.000412, -7.63e-06]": 1.0
        },
        "correct_factorization": {
            "(-13.649999999999999, -8.572]": 0.0,
            "(-8.572, -6.408]": 0.0,
            "(-6.408, -3.99]": 0.002277904328018223,
            "(-3.99, -2.589]": 0.028831562974203338,
            "(-2.589, -1.263]": 0.1548974943052392,
            "(-1.263, -0.793]": 0.3338391502276176,
            "(-0.793, -0.0388]": 0.7463933181473045,
            "(-0.0388, -0.00327]": 0.9939301972685888,
            "(-0.00327, -0.000412]": 1.0,
            "(-0.000412, -7.63e-06]": 1.0
        },
        "percent_prime_factors_pred": {
            "(-13.649999999999999, -8.572]": 0.8109437098056218,
            "(-8.572, -6.408]": 0.9057663125948406,
            "(-6.408, -3.99]": 0.8482834363813863,
            "(-3.99, -2.589]": 0.8394979767324228,
            "(-2.589, -1.263]": 0.8125899410637453,
            "(-1.263, -0.793]": 0.5028831562974203,
            "(-0.793, -0.0388]": 0.914000976244712,
            "(-0.0388, -0.00327]": 0.9982675771370764,
            "(-0.00327, -0.000412]": 1.0,
            "(-0.000412, -7.63e-06]": 1.0
        }
    },
    "by_num_target_factors": {
        "group_size": {
            "1": 668,
            "2": 1601,
            "3": 1720,
            "4": 1198,
            "5": 715,
            "6": 373,
            "7": 165,
            "8": 79,
            "9": 35,
            "10": 20,
            "11": 8,
            "12": 3,
            "13": 3
        },
        "correct_product_mean": {
            "1": 0.9850299401197605,
            "2": 0.9837601499063086,
            "3": 0.9877906976744186,
            "4": 0.9841402337228714,
            "5": 0.9622377622377623,
            "6": 0.9329758713136729,
            "7": 0.8727272727272727,
            "8": 0.810126582278481,
            "9": 0.7714285714285715,
            "10": 0.7,
            "11": 0.625,
            "12": 1.0,
            "13": 0.6666666666666666
        },
        "correct_factorization_mean": {
            "1": 0.9850299401197605,
            "2": 0.6970643347907558,
            "3": 0.8383720930232558,
            "4": 0.9365609348914858,
            "5": 0.9524475524475524,
            "6": 0.9088471849865952,
            "7": 0.8424242424242424,
            "8": 0.810126582278481,
            "9": 0.7714285714285715,
            "10": 0.7,
            "11": 0.625,
            "12": 1.0,
            "13": 0.6666666666666666
        }
    },
    "by_input_num": {
        "group_size": {
            "(7.999, 6350.5]": 659,
            "(6350.5, 12996.8]": 659,
            "(12996.8, 19472.5]": 659,
            "(19472.5, 26116.8]": 658,
            "(26116.8, 32574.0]": 659,
            "(32574.0, 39331.6]": 659,
            "(39331.6, 46013.7]": 658,
            "(46013.7, 52699.4]": 659,
            "(52699.4, 59007.6]": 659,
            "(59007.6, 65528.0]": 659
        },
        "correct_product_mean": {
            "(7.999, 6350.5]": 0.9954476479514416,
            "(6350.5, 12996.8]": 1.0,
            "(12996.8, 19472.5]": 0.9954476479514416,
            "(19472.5, 26116.8]": 0.9620060790273556,
            "(26116.8, 32574.0]": 0.9666160849772383,
            "(32574.0, 39331.6]": 0.9726858877086495,
            "(39331.6, 46013.7]": 0.9635258358662614,
            "(46013.7, 52699.4]": 0.9438543247344461,
            "(52699.4, 59007.6]": 0.9620637329286799,
            "(59007.6, 65528.0]": 0.9620637329286799
        },
        "correct_factorization_mean": {
            "(7.999, 6350.5]": 0.9954476479514416,
            "(6350.5, 12996.8]": 1.0,
            "(12996.8, 19472.5]": 0.9908952959028832,
            "(19472.5, 26116.8]": 0.9270516717325228,
            "(26116.8, 32574.0]": 0.8437025796661608,
            "(32574.0, 39331.6]": 0.7966616084977238,
            "(39331.6, 46013.7]": 0.7537993920972644,
            "(46013.7, 52699.4]": 0.7738998482549317,
            "(52699.4, 59007.6]": 0.7207890743550834,
            "(59007.6, 65528.0]": 0.716236722306525
        }
    },
    "pred_same_as_input_beam_0": {
        "0": {
            "input_is_prime": false,
            "pred_same_as_input": false,
            "group_size": 5919,
            "correct_product_mean": 0.9461057611082954,
            "correct_factorization_mean": 0.7954046291603312
        },
        "1": {
            "input_is_prime": false,
            "pred_same_as_input": true,
            "group_size": 1,
            "correct_product_mean": 1.0,
            "correct_factorization_mean": 0.0
        },
        "2": {
            "input_is_prime": true,
            "pred_same_as_input": false,
            "group_size": 655,
            "correct_product_mean": 0.9786259541984733,
            "correct_factorization_mean": 0.9786259541984733
        },
        "3": {
            "input_is_prime": true,
            "pred_same_as_input": true,
            "group_size": 13,
            "correct_product_mean": 1.0,
            "correct_factorization_mean": 1.0
        }
    },
    "by_min_factor_composite_only": {
        "0": {
            "min_factor_decile": "(1.999, 3.0]",
            "group_size": 4339,
            "correct_product_mean": 0.9675040331873703,
            "correct_factorization_mean": 0.9013597603134362
        },
        "1": {
            "min_factor_decile": "(3.0, 5.0]",
            "group_size": 447,
            "correct_product_mean": 0.9798657718120806,
            "correct_factorization_mean": 0.959731543624161
        },
        "2": {
            "min_factor_decile": "(5.0, 17.0]",
            "group_size": 614,
            "correct_product_mean": 0.9788273615635179,
            "correct_factorization_mean": 0.3469055374592834
        },
        "3": {
            "min_factor_decile": "(17.0, 241.0]",
            "group_size": 520,
            "correct_product_mean": 0.9826923076923076,
            "correct_factorization_mean": 0.2980769230769231
        }
    },
    "loss": 0.13553185705493917,
    "meta": {
        "n_beams": 2,
        "temperature": 1.0
    }
}