{
    "correct": {
        "correct_product": 0.9814814814814815,
        "correct_factorization": 0.858682452944748
    },
    "beam_accuracy": {
        "correct_product": {
            "0": 0.9576502732240437,
            "1": 0.19383727990285368
        },
        "correct_factorization": {
            "0": 0.8224043715846995,
            "1": 0.03627808136004857
        }
    },
    "by_prob": {
        "group_size": {
            "(-14.148, -8.396]": 1318.0,
            "(-8.396, -6.199]": 1318.0,
            "(-6.199, -3.868]": 1317.0,
            "(-3.868, -2.502]": 1318.0,
            "(-2.502, -1.235]": 1317.0,
            "(-1.235, -0.697]": 1318.0,
            "(-0.697, -0.0431]": 1317.0,
            "(-0.0431, -0.00406]": 1318.0,
            "(-0.00406, -0.000491]": 1317.0,
            "(-0.000491, -4.29e-06]": 1318.0
        },
        "correct_product": {
            "(-14.148, -8.396]": 0.1062215477996965,
            "(-8.396, -6.199]": 0.18588770864946888,
            "(-6.199, -3.868]": 0.2201974183750949,
            "(-3.868, -2.502]": 0.15553869499241274,
            "(-2.502, -1.235]": 0.3211845102505695,
            "(-1.235, -0.697]": 0.8603945371775418,
            "(-0.697, -0.0431]": 0.9104024297646166,
            "(-0.0431, -0.00406]": 0.9984825493171472,
            "(-0.00406, -0.000491]": 0.9992406985573272,
            "(-0.000491, -4.29e-06]": 1.0
        },
        "correct_factorization": {
            "(-14.148, -8.396]": 0.0,
            "(-8.396, -6.199]": 0.0007587253414264037,
            "(-6.199, -3.868]": 0.0,
            "(-3.868, -2.502]": 0.03186646433990895,
            "(-2.502, -1.235]": 0.1404707668944571,
            "(-1.235, -0.697]": 0.3550834597875569,
            "(-0.697, -0.0431]": 0.7706909643128322,
            "(-0.0431, -0.00406]": 0.996206373292868,
            "(-0.00406, -0.000491]": 0.9984813971146546,
            "(-0.000491, -4.29e-06]": 1.0
        },
        "percent_prime_factors_pred": {
            "(-14.148, -8.396]": 0.8751427126237444,
            "(-8.396, -6.199]": 0.9002218696831747,
            "(-6.199, -3.868]": 0.8607980499210568,
            "(-3.868, -2.502]": 0.8498482549317147,
            "(-2.502, -1.235]": 0.8074077087175038,
            "(-1.235, -0.697]": 0.531467230291206,
            "(-0.697, -0.0431]": 0.8881485699822829,
            "(-0.0431, -0.00406]": 0.9984825493171472,
            "(-0.00406, -0.000491]": 0.9996203492786636,
            "(-0.000491, -4.29e-06]": 1.0
        }
    },
    "by_num_target_factors": {
        "group_size": {
            "1": 668,
            "2": 1601,
            "3": 1720,
            "4": 1198,
            "5": 715,
            "6": 373,
            "7": 165,
            "8": 79,
            "9": 35,
            "10": 20,
            "11": 8,
            "12": 3,
            "13": 3
        },
        "correct_product_mean": {
            "1": 0.9955089820359282,
            "2": 0.9918800749531543,
            "3": 0.9912790697674418,
            "4": 0.988313856427379,
            "5": 0.9748251748251748,
            "6": 0.9436997319034852,
            "7": 0.9090909090909091,
            "8": 0.8734177215189873,
            "9": 0.8285714285714286,
            "10": 0.75,
            "11": 0.875,
            "12": 1.0,
            "13": 0.6666666666666666
        },
        "correct_factorization_mean": {
            "1": 0.9955089820359282,
            "2": 0.7033104309806371,
            "3": 0.833139534883721,
            "4": 0.9474123539232053,
            "5": 0.9678321678321679,
            "6": 0.8981233243967829,
            "7": 0.8848484848484849,
            "8": 0.8734177215189873,
            "9": 0.8285714285714286,
            "10": 0.75,
            "11": 0.875,
            "12": 1.0,
            "13": 0.6666666666666666
        }
    },
    "by_input_num": {
        "group_size": {
            "(7.999, 6350.5]": 659,
            "(6350.5, 12996.8]": 659,
            "(12996.8, 19472.5]": 659,
            "(19472.5, 26116.8]": 658,
            "(26116.8, 32574.0]": 659,
            "(32574.0, 39331.6]": 659,
            "(39331.6, 46013.7]": 658,
            "(46013.7, 52699.4]": 659,
            "(52699.4, 59007.6]": 659,
            "(59007.6, 65528.0]": 659
        },
        "correct_product_mean": {
            "(7.999, 6350.5]": 0.9984825493171472,
            "(6350.5, 12996.8]": 0.9984825493171472,
            "(12996.8, 19472.5]": 0.992412746585736,
            "(19472.5, 26116.8]": 0.9832826747720365,
            "(26116.8, 32574.0]": 0.9833080424886191,
            "(32574.0, 39331.6]": 0.9833080424886191,
            "(39331.6, 46013.7]": 0.9726443768996961,
            "(46013.7, 52699.4]": 0.9544764795144158,
            "(52699.4, 59007.6]": 0.9742033383915023,
            "(59007.6, 65528.0]": 0.9742033383915023
        },
        "correct_factorization_mean": {
            "(7.999, 6350.5]": 0.9984825493171472,
            "(6350.5, 12996.8]": 0.9984825493171472,
            "(12996.8, 19472.5]": 0.9878603945371776,
            "(19472.5, 26116.8]": 0.9483282674772037,
            "(26116.8, 32574.0]": 0.8361153262518968,
            "(32574.0, 39331.6]": 0.8057663125948407,
            "(39331.6, 46013.7]": 0.7720364741641338,
            "(46013.7, 52699.4]": 0.7890743550834598,
            "(52699.4, 59007.6]": 0.7329286798179059,
            "(59007.6, 65528.0]": 0.7177541729893778
        }
    },
    "pred_same_as_input_beam_0": {
        "0": {
            "input_is_prime": false,
            "pred_same_as_input": false,
            "group_size": 5194,
            "correct_product_mean": 0.9482094724682326,
            "correct_factorization_mean": 0.9164420485175202
        },
        "1": {
            "input_is_prime": false,
            "pred_same_as_input": true,
            "group_size": 726,
            "correct_product_mean": 1.0,
            "correct_factorization_mean": 0.0
        },
        "2": {
            "input_is_prime": true,
            "pred_same_as_input": false,
            "group_size": 10,
            "correct_product_mean": 0.0,
            "correct_factorization_mean": 0.0
        },
        "3": {
            "input_is_prime": true,
            "pred_same_as_input": true,
            "group_size": 658,
            "correct_product_mean": 1.0,
            "correct_factorization_mean": 1.0
        }
    },
    "by_min_factor_composite_only": {
        "0": {
            "min_factor_decile": "(1.999, 3.0]",
            "group_size": 4339,
            "correct_product_mean": 0.9778750864254436,
            "correct_factorization_mean": 0.9147268955980641
        },
        "1": {
            "min_factor_decile": "(3.0, 5.0]",
            "group_size": 447,
            "correct_product_mean": 0.9798657718120806,
            "correct_factorization_mean": 0.9507829977628636
        },
        "2": {
            "min_factor_decile": "(5.0, 17.0]",
            "group_size": 614,
            "correct_product_mean": 0.99185667752443,
            "correct_factorization_mean": 0.3469055374592834
        },
        "3": {
            "min_factor_decile": "(17.0, 241.0]",
            "group_size": 520,
            "correct_product_mean": 0.9826923076923076,
            "correct_factorization_mean": 0.29423076923076924
        }
    },
    "loss": 0.13514676090983857,
    "meta": {
        "n_beams": 2,
        "temperature": 1.0
    }
}