{
    "correct": {
        "correct_product": 0.9306640625,
        "correct_factorization": 0.67822265625
    },
    "beam_accuracy": {
        "correct_product": {
            "0": 0.89697265625,
            "1": 0.1572265625
        },
        "correct_factorization": {
            "0": 0.6318359375,
            "1": 0.046875
        }
    },
    "by_prob": {
        "group_size": {
            "(-11.222999999999999, -5.227]": 410.0,
            "(-5.227, -3.608]": 410.0,
            "(-3.608, -2.975]": 409.0,
            "(-2.975, -2.287]": 410.0,
            "(-2.287, -1.378]": 409.0,
            "(-1.378, -1.107]": 410.0,
            "(-1.107, -0.794]": 409.0,
            "(-0.794, -0.202]": 410.0,
            "(-0.202, -0.012]": 409.0,
            "(-0.012, -3.99e-05]": 410.0
        },
        "correct_product": {
            "(-11.222999999999999, -5.227]": 0.15121951219512195,
            "(-5.227, -3.608]": 0.13414634146341464,
            "(-3.608, -2.975]": 0.0488997555012225,
            "(-2.975, -2.287]": 0.11219512195121951,
            "(-2.287, -1.378]": 0.4254278728606357,
            "(-1.378, -1.107]": 0.8121951219512196,
            "(-1.107, -0.794]": 0.8533007334963325,
            "(-0.794, -0.202]": 0.7853658536585366,
            "(-0.202, -0.012]": 0.9559902200488998,
            "(-0.012, -3.99e-05]": 0.9926829268292683
        },
        "correct_factorization": {
            "(-11.222999999999999, -5.227]": 0.0024390243902439024,
            "(-5.227, -3.608]": 0.0024390243902439024,
            "(-3.608, -2.975]": 0.014669926650366748,
            "(-2.975, -2.287]": 0.04390243902439024,
            "(-2.287, -1.378]": 0.19315403422982885,
            "(-1.378, -1.107]": 0.32439024390243903,
            "(-1.107, -0.794]": 0.3374083129584352,
            "(-0.794, -0.202]": 0.5439024390243903,
            "(-0.202, -0.012]": 0.941320293398533,
            "(-0.012, -3.99e-05]": 0.9902439024390244
        },
        "percent_prime_factors_pred": {
            "(-11.222999999999999, -5.227]": 0.9177003484320557,
            "(-5.227, -3.608]": 0.8952787456445992,
            "(-3.608, -2.975]": 0.9343249117087749,
            "(-2.975, -2.287]": 0.9118873403019745,
            "(-2.287, -1.378]": 0.8178425893584818,
            "(-1.378, -1.107]": 0.551562137049942,
            "(-1.107, -0.794]": 0.587000814995925,
            "(-0.794, -0.202]": 0.8826190476190476,
            "(-0.202, -0.012]": 0.9943357783211084,
            "(-0.012, -3.99e-05]": 0.999390243902439
        }
    },
    "by_num_target_factors": {
        "group_size": {
            "1": 192,
            "2": 466,
            "3": 501,
            "4": 401,
            "5": 237,
            "6": 131,
            "7": 62,
            "8": 32,
            "9": 12,
            "10": 7,
            "11": 5,
            "12": 1,
            "16": 1
        },
        "correct_product_mean": {
            "1": 0.9895833333333334,
            "2": 0.9892703862660944,
            "3": 0.9840319361277445,
            "4": 0.9451371571072319,
            "5": 0.8565400843881856,
            "6": 0.7633587786259542,
            "7": 0.7419354838709677,
            "8": 0.625,
            "9": 0.5,
            "10": 0.5714285714285714,
            "11": 0.8,
            "12": 0.0,
            "16": 0.0
        },
        "correct_factorization_mean": {
            "1": 0.9895833333333334,
            "2": 0.4613733905579399,
            "3": 0.5948103792415169,
            "4": 0.8104738154613467,
            "5": 0.8016877637130801,
            "6": 0.7099236641221374,
            "7": 0.7096774193548387,
            "8": 0.625,
            "9": 0.5,
            "10": 0.5714285714285714,
            "11": 0.8,
            "12": 0.0,
            "16": 0.0
        }
    },
    "by_input_num": {
        "group_size": {
            "(65535.999, 65740.7]": 205,
            "(65740.7, 65945.4]": 205,
            "(65945.4, 66150.1]": 205,
            "(66150.1, 66354.8]": 204,
            "(66354.8, 66559.5]": 205,
            "(66559.5, 66764.2]": 205,
            "(66764.2, 66968.9]": 204,
            "(66968.9, 67173.6]": 205,
            "(67173.6, 67378.3]": 205,
            "(67378.3, 67583.0]": 205
        },
        "correct_product_mean": {
            "(65535.999, 65740.7]": 0.9317073170731708,
            "(65740.7, 65945.4]": 0.9365853658536586,
            "(65945.4, 66150.1]": 0.9463414634146341,
            "(66150.1, 66354.8]": 0.9264705882352942,
            "(66354.8, 66559.5]": 0.9365853658536586,
            "(66559.5, 66764.2]": 0.9170731707317074,
            "(66764.2, 66968.9]": 0.9313725490196079,
            "(66968.9, 67173.6]": 0.9658536585365853,
            "(67173.6, 67378.3]": 0.9024390243902439,
            "(67378.3, 67583.0]": 0.9121951219512195
        },
        "correct_factorization_mean": {
            "(65535.999, 65740.7]": 0.7170731707317073,
            "(65740.7, 65945.4]": 0.6585365853658537,
            "(65945.4, 66150.1]": 0.6878048780487804,
            "(66150.1, 66354.8]": 0.6323529411764706,
            "(66354.8, 66559.5]": 0.6780487804878049,
            "(66559.5, 66764.2]": 0.6682926829268293,
            "(66764.2, 66968.9]": 0.6813725490196079,
            "(66968.9, 67173.6]": 0.697560975609756,
            "(67173.6, 67378.3]": 0.6731707317073171,
            "(67378.3, 67583.0]": 0.6878048780487804
        }
    },
    "pred_same_as_input_beam_0": {
        "0": {
            "input_is_prime": false,
            "pred_same_as_input": false,
            "group_size": 1509,
            "correct_product_mean": 0.8621603711066932,
            "correct_factorization_mean": 0.7322730284956925
        },
        "1": {
            "input_is_prime": false,
            "pred_same_as_input": true,
            "group_size": 347,
            "correct_product_mean": 1.0,
            "correct_factorization_mean": 0.0
        },
        "2": {
            "input_is_prime": true,
            "pred_same_as_input": false,
            "group_size": 3,
            "correct_product_mean": 0.0,
            "correct_factorization_mean": 0.0
        },
        "3": {
            "input_is_prime": true,
            "pred_same_as_input": true,
            "group_size": 189,
            "correct_product_mean": 1.0,
            "correct_factorization_mean": 1.0
        }
    },
    "by_min_factor_composite_only": {
        "0": {
            "min_factor_decile": "(1.999, 3.0]",
            "group_size": 1365,
            "correct_product_mean": 0.9128205128205128,
            "correct_factorization_mean": 0.7267399267399267
        },
        "1": {
            "min_factor_decile": "(3.0, 5.0]",
            "group_size": 136,
            "correct_product_mean": 0.9044117647058824,
            "correct_factorization_mean": 0.8308823529411765
        },
        "2": {
            "min_factor_decile": "(5.0, 17.0]",
            "group_size": 176,
            "correct_product_mean": 0.9715909090909091,
            "correct_factorization_mean": 0.0
        },
        "3": {
            "min_factor_decile": "(17.0, 257.0]",
            "group_size": 179,
            "correct_product_mean": 0.9832402234636871,
            "correct_factorization_mean": 0.0
        }
    },
    "loss": 0.3943877528921127,
    "meta": {
        "n_beams": 2,
        "temperature": 1.0
    }
}