{
    "correct": {
        "correct_product": 0.8628716294076976,
        "correct_factorization": 0.7255896135822386
    },
    "beam_accuracy": {
        "correct_product": {
            "0": 0.7867404163785818,
            "1": 0.16724283629100406
        },
        "correct_factorization": {
            "0": 0.640393331796881,
            "1": 0.08527310440193593
        }
    },
    "by_prob": {
        "correct_product": {
            "(-12.626999999999999, -5.678]": 0.043394777265745005,
            "(-5.678, -3.619]": 0.09604302727621974,
            "(-3.619, -2.45]": 0.1260084517864003,
            "(-2.45, -1.719]": 0.17780337941628263,
            "(-1.719, -1.199]": 0.3073376872839032,
            "(-1.199, -0.84]": 0.5816365731847868,
            "(-0.84, -0.389]": 0.6259600614439325,
            "(-0.389, -0.0889]": 0.8363426815213215,
            "(-0.0889, -0.00995]": 0.9781021897810219,
            "(-0.00995, -1.65e-05]": 0.9973118279569892
        },
        "correct_factorization": {
            "(-12.626999999999999, -5.678]": 0.0038402457757296467,
            "(-5.678, -3.619]": 0.020361121782558587,
            "(-3.619, -2.45]": 0.051863234729158665,
            "(-2.45, -1.719]": 0.0944700460829493,
            "(-1.719, -1.199]": 0.18709181713407608,
            "(-1.199, -0.84]": 0.3184786784479447,
            "(-0.84, -0.389]": 0.4312596006144393,
            "(-0.389, -0.0889]": 0.6780637725701114,
            "(-0.0889, -0.00995]": 0.869765655013446,
            "(-0.00995, -1.65e-05]": 0.9731182795698925
        },
        "percent_prime_factors_pred": {
            "(-12.626999999999999, -5.678]": 0.9176678736010534,
            "(-5.678, -3.619]": 0.9453771289537709,
            "(-3.619, -2.45]": 0.9129776997237621,
            "(-2.45, -1.719]": 0.9145348730890211,
            "(-1.719, -1.199]": 0.9089347456231827,
            "(-1.199, -0.84]": 0.7630737427510387,
            "(-0.84, -0.389]": 0.8540084851144766,
            "(-0.389, -0.0889]": 0.8915994365475732,
            "(-0.0889, -0.00995]": 0.9271161480343197,
            "(-0.00995, -1.65e-05]": 0.9832053251408089
        }
    },
    "by_n_target_factors": {
        "correct_product_mean": {
            "1": 0.8811881188118812,
            "2": 0.8832807570977917,
            "3": 0.8553706505295008,
            "4": 0.8692211578508955,
            "5": 0.8683453237410071,
            "6": 0.8779527559055118,
            "7": 0.8366197183098592,
            "8": 0.7245508982035929,
            "9": 0.5638297872340425,
            "10": 0.375,
            "11": 0.07142857142857142,
            "12": 0.0,
            "13": 0.0,
            "14": 0.25
        },
        "correct_product_size": {
            "1": 1313,
            "2": 3170,
            "3": 3305,
            "4": 2401,
            "5": 1390,
            "6": 762,
            "7": 355,
            "8": 167,
            "9": 94,
            "10": 32,
            "11": 14,
            "12": 8,
            "13": 2,
            "14": 4
        },
        "correct_factorization_mean": {
            "1": 0.8811881188118812,
            "2": 0.6214511041009464,
            "3": 0.6853252647503782,
            "4": 0.7709287796751354,
            "5": 0.7877697841726619,
            "6": 0.8267716535433071,
            "7": 0.819718309859155,
            "8": 0.7125748502994012,
            "9": 0.5638297872340425,
            "10": 0.375,
            "11": 0.07142857142857142,
            "12": 0.0,
            "13": 0.0,
            "14": 0.25
        },
        "correct_factorization_size": {
            "1": 1313,
            "2": 3170,
            "3": 3305,
            "4": 2401,
            "5": 1390,
            "6": 762,
            "7": 355,
            "8": 167,
            "9": 94,
            "10": 32,
            "11": 14,
            "12": 8,
            "13": 2,
            "14": 4
        }
    },
    "by_target_number": {
        "correct_product_mean": {
            "(8.999, 6700.4]": 0.956989247311828,
            "(6700.4, 13267.8]": 0.9470046082949308,
            "(13267.8, 19602.6]": 0.9262106072252114,
            "(19602.6, 25978.8]": 0.869431643625192,
            "(25978.8, 32651.0]": 0.8571428571428571,
            "(32651.0, 39298.8]": 0.8039969254419678,
            "(39298.8, 45796.8]": 0.8110599078341014,
            "(45796.8, 52327.8]": 0.8362797847809378,
            "(52327.8, 59017.4]": 0.8317972350230415,
            "(59017.4, 65521.0]": 0.7887864823348695
        },
        "correct_product_size": {
            "(8.999, 6700.4]": 1302,
            "(6700.4, 13267.8]": 1302,
            "(13267.8, 19602.6]": 1301,
            "(19602.6, 25978.8]": 1302,
            "(25978.8, 32651.0]": 1302,
            "(32651.0, 39298.8]": 1301,
            "(39298.8, 45796.8]": 1302,
            "(45796.8, 52327.8]": 1301,
            "(52327.8, 59017.4]": 1302,
            "(59017.4, 65521.0]": 1302
        },
        "correct_factorization_mean": {
            "(8.999, 6700.4]": 0.9377880184331797,
            "(6700.4, 13267.8]": 0.9270353302611367,
            "(13267.8, 19602.6]": 0.8677940046118371,
            "(19602.6, 25978.8]": 0.7926267281105991,
            "(25978.8, 32651.0]": 0.7596006144393241,
            "(32651.0, 39298.8]": 0.6241352805534205,
            "(39298.8, 45796.8]": 0.6175115207373272,
            "(45796.8, 52327.8]": 0.6026133743274404,
            "(52327.8, 59017.4]": 0.5860215053763441,
            "(59017.4, 65521.0]": 0.5407066052227343
        },
        "correct_factorization_size": {
            "(8.999, 6700.4]": 1302,
            "(6700.4, 13267.8]": 1302,
            "(13267.8, 19602.6]": 1301,
            "(19602.6, 25978.8]": 1302,
            "(25978.8, 32651.0]": 1302,
            "(32651.0, 39298.8]": 1301,
            "(39298.8, 45796.8]": 1302,
            "(45796.8, 52327.8]": 1301,
            "(52327.8, 59017.4]": 1302,
            "(59017.4, 65521.0]": 1302
        }
    },
    "pred_same_as_target_beam_0": {
        "0": {
            "target_is_prime": false,
            "pred_same_as_target": false,
            "correct_product_mean": 0.7803315105946685,
            "correct_product_size": 11704,
            "correct_factorization_mean": 0.6175666438824333,
            "correct_factorization_size": 11704
        },
        "1": {
            "target_is_prime": true,
            "pred_same_as_target": false,
            "correct_product_mean": 0.0,
            "correct_product_size": 205,
            "correct_factorization_mean": 0.0,
            "correct_factorization_size": 205
        },
        "2": {
            "target_is_prime": true,
            "pred_same_as_target": true,
            "correct_product_mean": 1.0,
            "correct_product_size": 1108,
            "correct_factorization_mean": 1.0,
            "correct_factorization_size": 1108
        }
    },
    "test_loss": 0.09295223103653566,
    "meta": {
        "n_beams": 2,
        "temperature": 1.0
    }
}