{
    "correct": {
        "correct_product": 0.9691941307520934,
        "correct_factorization": 0.8533456249519858
    },
    "beam_accuracy": {
        "correct_product": {
            "0": 0.7789813321041714,
            "1": 0.17039256357071522,
            "2": 0.09164938157793655,
            "3": 0.0580010755166321,
            "4": 0.042636552200967966,
            "5": 0.03572251670891911,
            "6": 0.030805869247906584,
            "7": 0.023815011139279404,
            "8": 0.020357993393254975,
            "9": 0.013213490051471153
        },
        "correct_factorization": {
            "0": 0.5967580855803949,
            "1": 0.0937235922255512,
            "2": 0.05008834600906507,
            "3": 0.02926941691634017,
            "4": 0.021587155258508104,
            "5": 0.019359299377736807,
            "6": 0.015671813781977413,
            "7": 0.011139279403856495,
            "8": 0.01052469847122993,
            "9": 0.006376277176000615
        }
    },
    "by_prob": {
        "correct_product": {
            "(-13.065, -9.023]": 0.0010755166320964892,
            "(-9.023, -7.242]": 0.010601521087808251,
            "(-7.242, -5.983]": 0.01866789582853192,
            "(-5.983, -5.009]": 0.029960820465545056,
            "(-5.009, -4.284]": 0.034339709610509334,
            "(-4.284, -3.785]": 0.045248521164630864,
            "(-3.785, -3.309]": 0.05362218637166782,
            "(-3.309, -2.643]": 0.08166244142275486,
            "(-2.643, -1.332]": 0.19735730198970577,
            "(-1.332, -6.32e-06]": 0.7930398709380041
        },
        "correct_factorization": {
            "(-13.065, -9.023]": 7.682261657832066e-05,
            "(-9.023, -7.242]": 0.0015364523315664132,
            "(-7.242, -5.983]": 0.00468617961127756,
            "(-5.983, -5.009]": 0.010294230621494968,
            "(-5.009, -4.284]": 0.014442651916724284,
            "(-4.284, -3.785]": 0.02220173619113467,
            "(-3.785, -3.309]": 0.027809787201352076,
            "(-3.309, -2.643]": 0.045171698548052544,
            "(-2.643, -1.332]": 0.11661673196589076,
            "(-1.332, -6.32e-06]": 0.611661673196589
        },
        "percent_prime_factors_pred": {
            "(-13.065, -9.023]": 0.6736523118120444,
            "(-9.023, -7.242]": 0.9707574466113232,
            "(-7.242, -5.983]": 0.9659707288974277,
            "(-5.983, -5.009]": 0.9588544467491147,
            "(-5.009, -4.284]": 0.9495104359589162,
            "(-4.284, -3.785]": 0.9147186618320485,
            "(-3.785, -3.309]": 0.9138588582296752,
            "(-3.309, -2.643]": 0.9244477612304212,
            "(-2.643, -1.332]": 0.9226231631163558,
            "(-1.332, -6.32e-06]": 0.8683446616207554
        }
    },
    "by_n_target_factors": {
        "correct_product_mean": {
            "1": 0.9596344249809596,
            "2": 0.9681388012618296,
            "3": 0.9703479576399395,
            "4": 0.9770928779675135,
            "5": 0.9719424460431655,
            "6": 0.9763779527559056,
            "7": 0.9830985915492958,
            "8": 0.9281437125748503,
            "9": 0.9468085106382979,
            "10": 0.875,
            "11": 0.9285714285714286,
            "12": 0.5,
            "13": 0.0,
            "14": 0.25
        },
        "correct_product_size": {
            "1": 1313,
            "2": 3170,
            "3": 3305,
            "4": 2401,
            "5": 1390,
            "6": 762,
            "7": 355,
            "8": 167,
            "9": 94,
            "10": 32,
            "11": 14,
            "12": 8,
            "13": 2,
            "14": 4
        },
        "correct_factorization_mean": {
            "1": 0.9596344249809596,
            "2": 0.7656151419558359,
            "3": 0.7969742813918306,
            "4": 0.8942107455226989,
            "5": 0.9237410071942446,
            "6": 0.9540682414698163,
            "7": 0.9746478873239437,
            "8": 0.9041916167664671,
            "9": 0.9148936170212766,
            "10": 0.875,
            "11": 0.9285714285714286,
            "12": 0.5,
            "13": 0.0,
            "14": 0.25
        },
        "correct_factorization_size": {
            "1": 1313,
            "2": 3170,
            "3": 3305,
            "4": 2401,
            "5": 1390,
            "6": 762,
            "7": 355,
            "8": 167,
            "9": 94,
            "10": 32,
            "11": 14,
            "12": 8,
            "13": 2,
            "14": 4
        }
    },
    "by_target_number": {
        "correct_product_mean": {
            "(8.999, 6700.4]": 0.9915514592933948,
            "(6700.4, 13267.8]": 0.989247311827957,
            "(13267.8, 19602.6]": 0.9830899308224442,
            "(19602.6, 25978.8]": 0.9869431643625192,
            "(25978.8, 32651.0]": 0.9393241167434716,
            "(32651.0, 39298.8]": 0.9646425826287471,
            "(39298.8, 45796.8]": 0.9654377880184332,
            "(45796.8, 52327.8]": 0.9607993850883936,
            "(52327.8, 59017.4]": 0.9600614439324117,
            "(59017.4, 65521.0]": 0.9508448540706606
        },
        "correct_product_size": {
            "(8.999, 6700.4]": 1302,
            "(6700.4, 13267.8]": 1302,
            "(13267.8, 19602.6]": 1301,
            "(19602.6, 25978.8]": 1302,
            "(25978.8, 32651.0]": 1302,
            "(32651.0, 39298.8]": 1301,
            "(39298.8, 45796.8]": 1302,
            "(45796.8, 52327.8]": 1301,
            "(52327.8, 59017.4]": 1302,
            "(59017.4, 65521.0]": 1302
        },
        "correct_factorization_mean": {
            "(8.999, 6700.4]": 0.988479262672811,
            "(6700.4, 13267.8]": 0.9807987711213517,
            "(13267.8, 19602.6]": 0.9415833973866257,
            "(19602.6, 25978.8]": 0.9193548387096774,
            "(25978.8, 32651.0]": 0.8394777265745008,
            "(32651.0, 39298.8]": 0.792467332820907,
            "(39298.8, 45796.8]": 0.7949308755760369,
            "(45796.8, 52327.8]": 0.7709454265949269,
            "(52327.8, 59017.4]": 0.7665130568356375,
            "(59017.4, 65521.0]": 0.738863287250384
        },
        "correct_factorization_size": {
            "(8.999, 6700.4]": 1302,
            "(6700.4, 13267.8]": 1302,
            "(13267.8, 19602.6]": 1301,
            "(19602.6, 25978.8]": 1302,
            "(25978.8, 32651.0]": 1302,
            "(32651.0, 39298.8]": 1301,
            "(39298.8, 45796.8]": 1302,
            "(45796.8, 52327.8]": 1301,
            "(52327.8, 59017.4]": 1302,
            "(59017.4, 65521.0]": 1302
        }
    },
    "pred_same_as_target_beam_0": {
        "0": {
            "target_is_prime": false,
            "pred_same_as_target": false,
            "correct_product_mean": 0.7652939166097061,
            "correct_product_size": 11704,
            "correct_factorization_mean": 0.5626281613123718,
            "correct_factorization_size": 11704
        },
        "1": {
            "target_is_prime": true,
            "pred_same_as_target": false,
            "correct_product_mean": 0.0,
            "correct_product_size": 130,
            "correct_factorization_mean": 0.0,
            "correct_factorization_size": 130
        },
        "2": {
            "target_is_prime": true,
            "pred_same_as_target": true,
            "correct_product_mean": 1.0,
            "correct_product_size": 1183,
            "correct_factorization_mean": 1.0,
            "correct_factorization_size": 1183
        }
    },
    "test_loss": 0.09113710479555177,
    "meta": {
        "n_beams": 10,
        "temperature": 1
    }
}