{
    "correct": {
        "correct_product": 0.9582084965813935,
        "correct_factorization": 0.8649458400553123
    },
    "beam_accuracy": {
        "correct_product": {
            "0": 0.7872013520780518,
            "1": 0.17845893831143889,
            "2": 0.08934470308058692,
            "3": 0.05270031497272797,
            "4": 0.041561035568871474,
            "5": 0.03295690251209956,
            "6": 0.02688791580241223,
            "7": 0.020357993393254975,
            "8": 0.01620957209802566,
            "9": 0.014135361450411001
        },
        "correct_factorization": {
            "0": 0.6407774448797726,
            "1": 0.09126526849504495,
            "2": 0.04033187370361835,
            "3": 0.02596604440347238,
            "4": 0.018360605362218636,
            "5": 0.015594991165399093,
            "6": 0.011984328186218023,
            "7": 0.008373665207036952,
            "8": 0.007528616424675424,
            "9": 0.005992164093109011
        }
    },
    "by_prob": {
        "correct_product": {
            "(-13.224, -9.211]": 0.0015364523315664132,
            "(-9.211, -8.253]": 0.007835906890988707,
            "(-8.253, -7.026]": 0.019436121994315127,
            "(-7.026, -6.049]": 0.023584543289544443,
            "(-6.049, -5.133]": 0.035184758392870864,
            "(-5.133, -4.305]": 0.04432664976569102,
            "(-4.305, -3.658]": 0.052930782822462934,
            "(-3.658, -2.828]": 0.07897364984251364,
            "(-2.828, -1.199]": 0.19205654144580164,
            "(-1.199, -1.65e-05]": 0.8039486824921257
        },
        "correct_factorization": {
            "(-13.224, -9.211]": 0.0,
            "(-9.211, -8.253]": 0.0010755166320964892,
            "(-8.253, -7.026]": 0.0029960820465545056,
            "(-7.026, -6.049]": 0.006376277176000615,
            "(-6.049, -5.133]": 0.011369747253591458,
            "(-5.133, -4.305]": 0.017746024429592073,
            "(-4.305, -3.658]": 0.023968656372436045,
            "(-3.658, -2.828]": 0.038641776138895294,
            "(-2.828, -1.199]": 0.10977951909042022,
            "(-1.199, -1.65e-05]": 0.6542214027809787
        },
        "percent_prime_factors_pred": {
            "(-13.224, -9.211]": 0.6501902274315586,
            "(-9.211, -8.253]": 0.8176103959291273,
            "(-8.253, -7.026]": 0.9625459259015303,
            "(-7.026, -6.049]": 0.9620317935885976,
            "(-6.049, -5.133]": 0.95764263094292,
            "(-5.133, -4.305]": 0.950578300814522,
            "(-4.305, -3.658]": 0.9125139469631247,
            "(-3.658, -2.828]": 0.9112724386059206,
            "(-2.828, -1.199]": 0.9125808009306431,
            "(-1.199, -1.65e-05]": 0.8838059753362755
        }
    },
    "by_n_target_factors": {
        "correct_product_mean": {
            "1": 0.9352627570449352,
            "2": 0.9580441640378549,
            "3": 0.9624810892586989,
            "4": 0.9645980841316119,
            "5": 0.9661870503597122,
            "6": 0.973753280839895,
            "7": 0.971830985915493,
            "8": 0.9461077844311377,
            "9": 0.9361702127659575,
            "10": 0.8125,
            "11": 0.42857142857142855,
            "12": 0.25,
            "13": 0.0,
            "14": 0.25
        },
        "correct_product_size": {
            "1": 1313,
            "2": 3170,
            "3": 3305,
            "4": 2401,
            "5": 1390,
            "6": 762,
            "7": 355,
            "8": 167,
            "9": 94,
            "10": 32,
            "11": 14,
            "12": 8,
            "13": 2,
            "14": 4
        },
        "correct_factorization_mean": {
            "1": 0.9352627570449352,
            "2": 0.7750788643533123,
            "3": 0.8347957639939486,
            "4": 0.9042065805914202,
            "5": 0.9302158273381295,
            "6": 0.958005249343832,
            "7": 0.9661971830985916,
            "8": 0.9341317365269461,
            "9": 0.925531914893617,
            "10": 0.8125,
            "11": 0.42857142857142855,
            "12": 0.25,
            "13": 0.0,
            "14": 0.25
        },
        "correct_factorization_size": {
            "1": 1313,
            "2": 3170,
            "3": 3305,
            "4": 2401,
            "5": 1390,
            "6": 762,
            "7": 355,
            "8": 167,
            "9": 94,
            "10": 32,
            "11": 14,
            "12": 8,
            "13": 2,
            "14": 4
        }
    },
    "by_target_number": {
        "correct_product_mean": {
            "(8.999, 6700.4]": 0.988479262672811,
            "(6700.4, 13267.8]": 0.9877112135176651,
            "(13267.8, 19602.6]": 0.9800153727901614,
            "(19602.6, 25978.8]": 0.9500768049155146,
            "(25978.8, 32651.0]": 0.9439324116743472,
            "(32651.0, 39298.8]": 0.9454265949269792,
            "(39298.8, 45796.8]": 0.9500768049155146,
            "(45796.8, 52327.8]": 0.9592621060722522,
            "(52327.8, 59017.4]": 0.9592933947772657,
            "(59017.4, 65521.0]": 0.9178187403993856
        },
        "correct_product_size": {
            "(8.999, 6700.4]": 1302,
            "(6700.4, 13267.8]": 1302,
            "(13267.8, 19602.6]": 1301,
            "(19602.6, 25978.8]": 1302,
            "(25978.8, 32651.0]": 1302,
            "(32651.0, 39298.8]": 1301,
            "(39298.8, 45796.8]": 1302,
            "(45796.8, 52327.8]": 1301,
            "(52327.8, 59017.4]": 1302,
            "(59017.4, 65521.0]": 1302
        },
        "correct_factorization_mean": {
            "(8.999, 6700.4]": 0.9861751152073732,
            "(6700.4, 13267.8]": 0.9846390168970814,
            "(13267.8, 19602.6]": 0.9584934665641814,
            "(19602.6, 25978.8]": 0.9101382488479263,
            "(25978.8, 32651.0]": 0.8863287250384024,
            "(32651.0, 39298.8]": 0.792467332820907,
            "(39298.8, 45796.8]": 0.8056835637480799,
            "(45796.8, 52327.8]": 0.7986164488854727,
            "(52327.8, 59017.4]": 0.7764976958525346,
            "(59017.4, 65521.0]": 0.7503840245775729
        },
        "correct_factorization_size": {
            "(8.999, 6700.4]": 1302,
            "(6700.4, 13267.8]": 1302,
            "(13267.8, 19602.6]": 1301,
            "(19602.6, 25978.8]": 1302,
            "(25978.8, 32651.0]": 1302,
            "(32651.0, 39298.8]": 1301,
            "(39298.8, 45796.8]": 1302,
            "(45796.8, 52327.8]": 1301,
            "(52327.8, 59017.4]": 1302,
            "(59017.4, 65521.0]": 1302
        }
    },
    "pred_same_as_target_beam_0": {
        "0": {
            "target_is_prime": false,
            "pred_same_as_target": false,
            "correct_product_mean": 0.7807587149692413,
            "correct_product_size": 11704,
            "correct_factorization_mean": 0.6179084073820916,
            "correct_factorization_size": 11704
        },
        "1": {
            "target_is_prime": true,
            "pred_same_as_target": false,
            "correct_product_mean": 0.0,
            "correct_product_size": 204,
            "correct_factorization_mean": 0.0,
            "correct_factorization_size": 204
        },
        "2": {
            "target_is_prime": true,
            "pred_same_as_target": true,
            "correct_product_mean": 1.0,
            "correct_product_size": 1109,
            "correct_factorization_mean": 1.0,
            "correct_factorization_size": 1109
        }
    },
    "by_min_factor": {
        "0": {
            "min_factor_decile": "(1.999, 3.0]",
            "correct_product_mean": 0.9683573755234993,
            "correct_product_size": 8596,
            "correct_factorization_mean": 0.7288273615635179,
            "correct_factorization_size": 8596
        },
        "1": {
            "min_factor_decile": "(3.0, 5.0]",
            "correct_product_mean": 0.9385150812064965,
            "correct_product_size": 862,