{
    "correct": {
        "correct_product": 0.8592609664285166,
        "correct_factorization": 0.6818775447491742
    },
    "beam_accuracy": {
        "correct_product": {
            "0": 0.7780594607052316,
            "1": 0.15641084735346086
        },
        "correct_factorization": {
            "0": 0.5962203272643466,
            "1": 0.08565721748482753
        }
    },
    "by_prob": {
        "correct_product": {
            "(-12.741, -4.839]": 0.04262672811059908,
            "(-4.839, -3.125]": 0.07645024971187092,
            "(-3.125, -2.328]": 0.0987322320399539,
            "(-2.328, -1.775]": 0.18087557603686635,
            "(-1.775, -1.336]": 0.31002689204763734,
            "(-1.336, -0.919]": 0.4971187091817134,
            "(-0.919, -0.585]": 0.7135176651305684,
            "(-0.585, -0.2]": 0.7960046100653092,
            "(-0.2, -0.0259]": 0.9581252401075682,
            "(-0.0259, -6.32e-06]": 0.9988479262672811
        },
        "correct_factorization": {
            "(-12.741, -4.839]": 0.0038402457757296467,
            "(-4.839, -3.125]": 0.018056089127929314,
            "(-3.125, -2.328]": 0.04802151363810987,
            "(-2.328, -1.775]": 0.10215053763440861,
            "(-1.775, -1.336]": 0.180945063388398,
            "(-1.336, -0.919]": 0.29389166346523243,
            "(-0.919, -0.585]": 0.40476190476190477,
            "(-0.585, -0.2]": 0.5605071071840184,
            "(-0.2, -0.0259]": 0.8179024202842874,
            "(-0.0259, -6.32e-06]": 0.9792626728110599
        },
        "percent_prime_factors_pred": {
            "(-12.741, -4.839]": 0.9443799831760658,
            "(-4.839, -3.125]": 0.9321927080474913,
            "(-3.125, -2.328]": 0.916771856648921,
            "(-2.328, -1.775]": 0.9249762270499599,
            "(-1.775, -1.336]": 0.8989837733018682,
            "(-1.336, -0.919]": 0.8450729927007301,
            "(-0.919, -0.585]": 0.7453231292517015,
            "(-0.585, -0.2]": 0.848769124758369,
            "(-0.2, -0.0259]": 0.9115763862210262,
            "(-0.0259, -6.32e-06]": 0.9898425499231946
        }
    },
    "by_n_target_factors": {
        "correct_product_mean": {
            "1": 0.9291698400609292,
            "2": 0.885173501577287,
            "3": 0.8565809379727686,
            "4": 0.844231570179092,
            "5": 0.8589928057553957,
            "6": 0.8490813648293963,
            "7": 0.8394366197183099,
            "8": 0.6227544910179641,
            "9": 0.44680851063829785,
            "10": 0.375,
            "11": 0.21428571428571427,
            "12": 0.125,
            "13": 0.0,
            "14": 0.0
        },
        "correct_product_size": {
            "1": 1313,
            "2": 3170,
            "3": 3305,
            "4": 2401,
            "5": 1390,
            "6": 762,
            "7": 355,
            "8": 167,
            "9": 94,
            "10": 32,
            "11": 14,
            "12": 8,
            "13": 2,
            "14": 4
        },
        "correct_factorization_mean": {
            "1": 0.9291698400609292,
            "2": 0.5839116719242902,
            "3": 0.6118003025718608,
            "4": 0.7076218242399,
            "5": 0.7510791366906475,
            "6": 0.7795275590551181,
            "7": 0.8140845070422535,
            "8": 0.592814371257485,
            "9": 0.44680851063829785,
            "10": 0.375,
            "11": 0.21428571428571427,
            "12": 0.125,
            "13": 0.0,
            "14": 0.0
        },
        "correct_factorization_size": {
            "1": 1313,
            "2": 3170,
            "3": 3305,
            "4": 2401,
            "5": 1390,
            "6": 762,
            "7": 355,
            "8": 167,
            "9": 94,
            "10": 32,
            "11": 14,
            "12": 8,
            "13": 2,
            "14": 4
        }
    },
    "by_target_number": {
        "correct_product_mean": {
            "(8.999, 6700.4]": 0.956989247311828,
            "(6700.4, 13267.8]": 0.9431643625192012,
            "(13267.8, 19602.6]": 0.9000768639508071,
            "(19602.6, 25978.8]": 0.9009216589861752,
            "(25978.8, 32651.0]": 0.8394777265745008,
            "(32651.0, 39298.8]": 0.8162951575710992,
            "(39298.8, 45796.8]": 0.8202764976958525,
            "(45796.8, 52327.8]": 0.824750192159877,
            "(52327.8, 59017.4]": 0.8003072196620584,
            "(59017.4, 65521.0]": 0.7903225806451613
        },
        "correct_product_size": {
            "(8.999, 6700.4]": 1302,
            "(6700.4, 13267.8]": 1302,
            "(13267.8, 19602.6]": 1301,
            "(19602.6, 25978.8]": 1302,
            "(25978.8, 32651.0]": 1302,
            "(32651.0, 39298.8]": 1301,
            "(39298.8, 45796.8]": 1302,
            "(45796.8, 52327.8]": 1301,
            "(52327.8, 59017.4]": 1302,
            "(59017.4, 65521.0]": 1302
        },
        "correct_factorization_mean": {
            "(8.999, 6700.4]": 0.9377880184331797,
            "(6700.4, 13267.8]": 0.8878648233486943,
            "(13267.8, 19602.6]": 0.8109146810146042,
            "(19602.6, 25978.8]": 0.7542242703533026,
            "(25978.8, 32651.0]": 0.6789554531490015,
            "(32651.0, 39298.8]": 0.5964642582628747,
            "(39298.8, 45796.8]": 0.5745007680491552,
            "(45796.8, 52327.8]": 0.5495772482705611,
            "(52327.8, 59017.4]": 0.5261136712749616,
            "(59017.4, 65521.0]": 0.5023041474654378
        },
        "correct_factorization_size": {
            "(8.999, 6700.4]": 1302,
            "(6700.4, 13267.8]": 1302,
            "(13267.8, 19602.6]": 1301,
            "(19602.6, 25978.8]": 1302,
            "(25978.8, 32651.0]": 1302,
            "(32651.0, 39298.8]": 1301,
            "(39298.8, 45796.8]": 1302,
            "(45796.8, 52327.8]": 1301,
            "(52327.8, 59017.4]": 1302,
            "(59017.4, 65521.0]": 1302
        }
    },
    "pred_same_as_target_beam_0": {
        "0": {
            "target_is_prime": false,
            "pred_same_as_target": false,
            "correct_product_mean": 0.7643540669856459,
            "correct_product_size": 11704,
            "correct_factorization_mean": 0.5621155160628845,
            "correct_factorization_size": 11704
        },
        "1": {
            "target_is_prime": true,
            "pred_same_as_target": false,
            "correct_product_mean": 0.0,
            "correct_product_size": 131,
            "correct_factorization_mean": 0.0,
            "correct_factorization_size": 131
        },
        "2": {
            "target_is_prime": true,
            "pred_same_as_target": true,
            "correct_product_mean": 1.0,
            "correct_product_size": 1182,
            "correct_factorization_mean": 1.0,
            "correct_factorization_size": 1182
        }
    },
    "test_loss": 0.09113710479555177,
    "meta": {
        "n_beams": 2,
        "temperature": 1
    }
}