{
    "correct": {
        "correct_product": 0.9790274256741185,
        "correct_factorization": 0.9476069754935853
    },
    "beam_accuracy": {
        "correct_product": {
            "0": 0.7872013520780518,
            "1": 0.17845893831143889,
            "2": 0.08919105784743028,
            "3": 0.05246984712299301,
            "4": 0.041484212952293154,
            "5": 0.03264961204578628,
            "6": 0.02681109318583391,
            "7": 0.020127525543520014,
            "8": 0.01659368518091726,
            "9": 0.01651686256433894,
            "10": 0.014212184066989321,
            "11": 0.01275255435200123,
            "12": 0.010294230621494968,
            "13": 0.00944918183913344,
            "14": 0.008604133056771913,
            "15": 0.0092955366059768,
            "16": 0.007989552124145349,
            "17": 0.0055312283936390875,
            "18": 0.0047630022278558806,
            "19": 0.0055312283936390875,
            "20": 0.005761696243374049,
            "21": 0.004378889144964277,
            "22": 0.00460935699469924,
            "23": 0.004532534378120919,
            "24": 0.0034570177460244295,
            "25": 0.0036874855957593914,
            "26": 0.0027656141968195437,
            "27": 0.0036874855957593914,
            "28": 0.00230467849734962,
            "29": 0.0023815011139279403,
            "30": 0.0031497272797111468,
            "31": 0.0019973880310363372,
            "32": 0.002535146347084582,
            "33": 0.0015364523315664132,
            "34": 0.0018437427978796957,
            "35": 0.002458323730506261,
            "36": 0.0014596297149880924,
            "37": 0.0017669201813013751,
            "38": 0.0017669201813013751,
            "39": 0.0009218713989398478,
            "40": 0.0016132749481447338,
            "41": 0.001305984481831451,
            "42": 0.0015364523315664132,
            "43": 0.0013828070984097719,
            "44": 0.0012291618652531305,
            "45": 0.0016132749481447338,
            "46": 0.0010755166320964892,
            "47": 0.0009218713989398478,
            "48": 0.0010755166320964892,
            "49": 0.0006145809326265653,
            "50": 0.0010755166320964892,
            "51": 0.0009218713989398478,
            "52": 0.0009218713989398478,
            "53": 0.0005377583160482446,
            "54": 0.0006914035492048859,
            "55": 0.0006145809326265653,
            "56": 0.0005377583160482446,
            "57": 0.0009986940155181686,
            "58": 0.0005377583160482446,
            "59": 0.0006145809326265653,
            "60": 0.0009218713989398478,
            "61": 0.00023046784973496196,
            "62": 0.0005377583160482446,
            "63": 0.0007682261657832066,
            "64": 0.00015364523315664132,
            "65": 0.0004609356994699239,
            "66": 0.0005377583160482446,
            "67": 0.0006914035492048859,
            "68": 0.0005377583160482446,
            "69": 0.00030729046631328263,
            "70": 0.0005377583160482446,
            "71": 0.0003841130828916033,
            "72": 0.0003841130828916033,
            "73": 7.682261657832066e-05,
            "74": 7.682261657832066e-05,
            "75": 7.682261657832066e-05,
            "76": 0.00030729046631328263,
            "77": 0.00015364523315664132,
            "78": 0.00023046784973496196,
            "79": 0.00030729046631328263,
            "80": 0.00015364523315664132,
            "81": 0.00015364523315664132,
            "82": 7.682261657832066e-05,
            "83": 0.00030729046631328263,
            "84": 0.00030729046631328263,
            "85": 0.00030729046631328263,
            "86": 0.00023046784973496196,
            "87": 0.00030729046631328263,
            "88": 0.00023046784973496196,
            "89": 0.00023046784973496196,
            "90": 0.00023046784973496196,
            "91": 0.0005377583160482446,
            "92": 0.00030729046631328263,
            "93": 0.00030729046631328263,
            "94": 7.682261657832066e-05,
            "95": 0.00030729046631328263,
            "96": 0.00023046784973496196,
            "97": 0.00030729046631328263,
            "98": 0.00015364523315664132,
            "99": 0.00023046784973496196
        },
        "correct_factorization": {
            "0": 0.6407774448797726,
            "1": 0.09126526849504495,
            "2": 0.04033187370361835,
            "3": 0.02596604440347238,
            "4": 0.018360605362218636,
            "5": 0.015594991165399093,
            "6": 0.011984328186218023,
            "7": 0.008373665207036952,
            "8": 0.00822001997388031,
            "9": 0.007298148574940462,
            "10": 0.005761696243374049,
            "11": 0.005454405777060766,
            "12": 0.004839824844434202,
            "13": 0.004148421295229315,
            "14": 0.0034570177460244295,
            "15": 0.00468617961127756,
            "16": 0.004839824844434202,
            "17": 0.002688791580241223,
            "18": 0.0023815011139279403,
            "19": 0.00230467849734962,
            "20": 0.0031497272797111468,
            "21": 0.0016900975647230546,
            "22": 0.002458323730506261,
            "23": 0.0023815011139279403,
            "24": 0.0018437427978796957,
            "25": 0.002227855880771299,
            "26": 0.0017669201813013751,
            "27": 0.0018437427978796957,
            "28": 0.0012291618652531305,
            "29": 0.0010755166320964892,
            "30": 0.0014596297149880924,
            "31": 0.0008450487823615273,
            "32": 0.001305984481831451,
            "33": 0.0009986940155181686,
            "34": 0.0008450487823615273,
            "35": 0.0017669201813013751,
            "36": 0.0012291618652531305,
            "37": 0.0009986940155181686,
            "38": 0.0006914035492048859,
            "39": 0.00015364523315664132,
            "40": 0.0009986940155181686,
            "41": 0.0006914035492048859,
            "42": 0.0009218713989398478,
            "43": 0.0009986940155181686,
            "44": 0.0006145809326265653,
            "45": 0.0006914035492048859,
            "46": 0.0005377583160482446,
            "47": 0.00030729046631328263,
            "48": 0.0008450487823615273,
            "49": 0.0003841130828916033,
            "50": 0.0006914035492048859,
            "51": 0.0007682261657832066,
            "52": 0.00030729046631328263,
            "53": 0.00023046784973496196,
            "54": 7.682261657832066e-05,
            "55": 0.0003841130828916033,
            "56": 0.0004609356994699239,
            "57": 0.0006914035492048859,
            "58": 0.00023046784973496196,
            "59": 0.0003841130828916033,
            "60": 0.0004609356994699239,
            "61": 0.00023046784973496196,
            "62": 0.0004609356994699239,
            "63": 0.0004609356994699239,
            "64": 0.00015364523315664132,
            "65": 0.00023046784973496196,
            "66": 0.00015364523315664132,
            "67": 0.00030729046631328263,
            "68": 0.00030729046631328263,
            "69": 0.00015364523315664132,
            "70": 0.00030729046631328263,
            "71": 0.00030729046631328263,
            "72": 0.00023046784973496196,
            "73": 0.0,
            "74": 0.0,
            "75": 0.0,
            "76": 7.682261657832066e-05,
            "77": 7.682261657832066e-05,
            "78": 7.682261657832066e-05,
            "79": 0.00015364523315664132,
            "80": 0.0,
            "81": 7.682261657832066e-05,
            "82": 7.682261657832066e-05,
            "83": 0.00023046784973496196,
            "84": 0.00015364523315664132,
            "85": 7.682261657832066e-05,
            "86": 0.00015364523315664132,
            "87": 7.682261657832066e-05,
            "88": 0.00015364523315664132,
            "89": 0.00015364523315664132,
            "90": 0.0,
            "91": 0.00023046784973496196,