{
    "correct": {
        "correct_product": 0.9755616272009715,
        "correct_factorization": 0.8421372191863995
    },
    "beam_accuracy": {
        "correct_product": {
            "0": 0.9546144505160898,
            "1": 0.22176684881602915
        },
        "correct_factorization": {
            "0": 0.8010018214936248,
            "1": 0.04143897996357013
        }
    },
    "by_prob": {
        "group_size": {
            "(-15.145, -8.702]": 1318.0,
            "(-8.702, -6.315]": 1318.0,
            "(-6.315, -3.674]": 1317.0,
            "(-3.674, -2.352]": 1318.0,
            "(-2.352, -1.266]": 1317.0,
            "(-1.266, -0.801]": 1318.0,
            "(-0.801, -0.0632]": 1317.0,
            "(-0.0632, -0.00378]": 1318.0,
            "(-0.00378, -0.000348]": 1317.0,
            "(-0.000348, -9.54e-07]": 1318.0
        },
        "correct_product": {
            "(-15.145, -8.702]": 0.18285280728376327,
            "(-8.702, -6.315]": 0.2283763277693475,
            "(-6.315, -3.674]": 0.2217160212604404,
            "(-3.674, -2.352]": 0.17450682852807284,
            "(-2.352, -1.266]": 0.3052391799544419,
            "(-1.266, -0.801]": 0.8831562974203339,
            "(-0.801, -0.0632]": 0.8883826879271071,
            "(-0.0632, -0.00378]": 0.9977238239757208,
            "(-0.00378, -0.000348]": 1.0,
            "(-0.000348, -9.54e-07]": 1.0
        },
        "correct_factorization": {
            "(-15.145, -8.702]": 0.0015174506828528073,
            "(-8.702, -6.315]": 0.0,
            "(-6.315, -3.674]": 0.0030372057706909645,
            "(-3.674, -2.352]": 0.048558421851289835,
            "(-2.352, -1.266]": 0.15261958997722094,
            "(-1.266, -0.801]": 0.34673748103186647,
            "(-0.801, -0.0632]": 0.6636294608959757,
            "(-0.0632, -0.00378]": 0.996206373292868,
            "(-0.00378, -0.000348]": 1.0,
            "(-0.000348, -9.54e-07]": 1.0
        },
        "percent_prime_factors_pred": {
            "(-15.145, -8.702]": 0.8513783510369246,
            "(-8.702, -6.315]": 0.887683358624178,
            "(-6.315, -3.674]": 0.8642676356799363,
            "(-3.674, -2.352]": 0.8294186718693547,
            "(-2.352, -1.266]": 0.8351610803774813,
            "(-1.266, -0.801]": 0.5019212009538261,
            "(-0.801, -0.0632]": 0.8343448313266081,
            "(-0.0632, -0.00378]": 0.9996585735963581,
            "(-0.00378, -0.000348]": 1.0,
            "(-0.000348, -9.54e-07]": 1.0
        }
    },
    "by_num_target_factors": {
        "group_size": {
            "1": 668,
            "2": 1601,
            "3": 1720,
            "4": 1198,
            "5": 715,
            "6": 373,
            "7": 165,
            "8": 79,
            "9": 35,
            "10": 20,
            "11": 8,
            "12": 3,
            "13": 3
        },
        "correct_product_mean": {
            "1": 0.9955089820359282,
            "2": 0.9862585883822611,
            "3": 0.986046511627907,
            "4": 0.9824707846410684,
            "5": 0.986013986013986,
            "6": 0.9463806970509383,
            "7": 0.8909090909090909,
            "8": 0.7848101265822784,
            "9": 0.6,
            "10": 0.75,
            "11": 0.5,
            "12": 0.6666666666666666,
            "13": 0.3333333333333333
        },
        "correct_factorization_mean": {
            "1": 0.9955089820359282,
            "2": 0.6845721424109932,
            "3": 0.8116279069767441,
            "4": 0.9232053422370617,
            "5": 0.9734265734265735,
            "6": 0.9088471849865952,
            "7": 0.8787878787878788,
            "8": 0.7848101265822784,
            "9": 0.6,
            "10": 0.75,
            "11": 0.5,
            "12": 0.6666666666666666,
            "13": 0.3333333333333333
        }
    },
    "by_input_num": {
        "group_size": {
            "(7.999, 6350.5]": 659,
            "(6350.5, 12996.8]": 659,
            "(12996.8, 19472.5]": 659,
            "(19472.5, 26116.8]": 658,
            "(26116.8, 32574.0]": 659,
            "(32574.0, 39331.6]": 659,
            "(39331.6, 46013.7]": 658,
            "(46013.7, 52699.4]": 659,
            "(52699.4, 59007.6]": 659,
            "(59007.6, 65528.0]": 659
        },
        "correct_product_mean": {
            "(7.999, 6350.5]": 0.9984825493171472,
            "(6350.5, 12996.8]": 0.9969650986342944,
            "(12996.8, 19472.5]": 0.9893778452200304,
            "(19472.5, 26116.8]": 0.9650455927051672,
            "(26116.8, 32574.0]": 0.9863429438543247,
            "(32574.0, 39331.6]": 0.9772382397572079,
            "(39331.6, 46013.7]": 0.952887537993921,
            "(46013.7, 52699.4]": 0.9559939301972686,
            "(52699.4, 59007.6]": 0.9711684370257967,
            "(59007.6, 65528.0]": 0.9620637329286799
        },
        "correct_factorization_mean": {
            "(7.999, 6350.5]": 0.9984825493171472,
            "(6350.5, 12996.8]": 0.9954476479514416,
            "(12996.8, 19472.5]": 0.9757207890743551,
            "(19472.5, 26116.8]": 0.8905775075987842,
            "(26116.8, 32574.0]": 0.834597875569044,
            "(32574.0, 39331.6]": 0.7966616084977238,
            "(39331.6, 46013.7]": 0.7583586626139818,
            "(46013.7, 52699.4]": 0.7572078907435509,
            "(52699.4, 59007.6]": 0.7132018209408194,
            "(59007.6, 65528.0]": 0.701062215477997
        }
    },
    "pred_same_as_input_beam_0": {
        "0": {
            "input_is_prime": false,
            "pred_same_as_input": false,
            "group_size": 5146,
            "correct_product_mean": 0.9432568985619899,
            "correct_factorization_mean": 0.8970073843762145
        },
        "1": {
            "input_is_prime": false,
            "pred_same_as_input": true,
            "group_size": 774,
            "correct_product_mean": 1.0,
            "correct_factorization_mean": 0.0
        },
        "2": {
            "input_is_prime": true,
            "pred_same_as_input": false,
            "group_size": 7,
            "correct_product_mean": 0.0,
            "correct_factorization_mean": 0.0
        },
        "3": {
            "input_is_prime": true,
            "pred_same_as_input": true,
            "group_size": 661,
            "correct_product_mean": 1.0,
            "correct_factorization_mean": 1.0
        }
    },
    "by_min_factor_composite_only": {
        "0": {
            "min_factor_decile": "(1.999, 3.0]",
            "group_size": 4339,
            "correct_product_mean": 0.9711915187831297,
            "correct_factorization_mean": 0.8926019820235077
        },
        "1": {
            "min_factor_decile": "(3.0, 5.0]",
            "group_size": 447,
            "correct_product_mean": 0.9731543624161074,
            "correct_factorization_mean": 0.9485458612975392
        },
        "2": {
            "min_factor_decile": "(5.0, 17.0]",
            "group_size": 614,
            "correct_product_mean": 0.9869706840390879,
            "correct_factorization_mean": 0.31758957654723124
        },
        "3": {
            "min_factor_decile": "(17.0, 241.0]",
            "group_size": 520,
            "correct_product_mean": 0.975,
            "correct_factorization_mean": 0.23846153846153847
        }
    },
    "loss": 0.14049508629088747,
    "meta": {
        "n_beams": 2,
        "temperature": 1.0
    }
}