{
    "correct": {
        "correct_product": 0.91650390625,
        "correct_factorization": 0.6494140625
    },
    "beam_accuracy": {
        "correct_product": {
            "0": 0.88330078125,
            "1": 0.15234375
        },
        "correct_factorization": {
            "0": 0.6005859375,
            "1": 0.048828125
        }
    },
    "by_prob": {
        "group_size": {
            "(-12.119, -4.788]": 410.0,
            "(-4.788, -3.352]": 410.0,
            "(-3.352, -2.774]": 409.0,
            "(-2.774, -2.135]": 410.0,
            "(-2.135, -1.488]": 409.0,
            "(-1.488, -1.148]": 410.0,
            "(-1.148, -0.907]": 409.0,
            "(-0.907, -0.381]": 410.0,
            "(-0.381, -0.0214]": 409.0,
            "(-0.0214, -8.94e-06]": 410.0
        },
        "correct_product": {
            "(-12.119, -4.788]": 0.18536585365853658,
            "(-4.788, -3.352]": 0.05853658536585366,
            "(-3.352, -2.774]": 0.07090464547677261,
            "(-2.774, -2.135]": 0.12682926829268293,
            "(-2.135, -1.488]": 0.4669926650366748,
            "(-1.488, -1.148]": 0.7536585365853659,
            "(-1.148, -0.907]": 0.8337408312958435,
            "(-0.907, -0.381]": 0.7975609756097561,
            "(-0.381, -0.0214]": 0.8850855745721271,
            "(-0.0214, -8.94e-06]": 1.0
        },
        "correct_factorization": {
            "(-12.119, -4.788]": 0.0,
            "(-4.788, -3.352]": 0.0024390243902439024,
            "(-3.352, -2.774]": 0.017114914425427872,
            "(-2.774, -2.135]": 0.05609756097560976,
            "(-2.135, -1.488]": 0.19559902200489,
            "(-1.488, -1.148]": 0.3,
            "(-1.148, -0.907]": 0.3471882640586797,
            "(-0.907, -0.381]": 0.4926829268292683,
            "(-0.381, -0.0214]": 0.8361858190709046,
            "(-0.0214, -8.94e-06]": 1.0
        },
        "percent_prime_factors_pred": {
            "(-12.119, -4.788]": 0.925362950058072,
            "(-4.788, -3.352]": 0.9338617886178862,
            "(-3.352, -2.774]": 0.9211491442542787,
            "(-2.774, -2.135]": 0.8957723577235772,
            "(-2.135, -1.488]": 0.7668413086505995,
            "(-1.488, -1.148]": 0.5893263646922183,
            "(-1.148, -0.907]": 0.6003434625684014,
            "(-0.907, -0.381]": 0.8529674796747967,
            "(-0.381, -0.0214]": 0.9830480847595762,
            "(-0.0214, -8.94e-06]": 1.0
        }
    },
    "by_num_target_factors": {
        "group_size": {
            "1": 192,
            "2": 466,
            "3": 501,
            "4": 401,
            "5": 237,
            "6": 131,
            "7": 62,
            "8": 32,
            "9": 12,
            "10": 7,
            "11": 5,
            "12": 1,
            "16": 1
        },
        "correct_product_mean": {
            "1": 0.96875,
            "2": 0.9699570815450643,
            "3": 0.9520958083832335,
            "4": 0.9476309226932669,
            "5": 0.8607594936708861,
            "6": 0.7786259541984732,
            "7": 0.7741935483870968,
            "8": 0.53125,
            "9": 0.5,
            "10": 0.5714285714285714,
            "11": 0.2,
            "12": 0.0,
            "16": 0.0
        },
        "correct_factorization_mean": {
            "1": 0.96875,
            "2": 0.4592274678111588,
            "3": 0.5249500998003992,
            "4": 0.7780548628428927,
            "5": 0.810126582278481,
            "6": 0.6870229007633588,
            "7": 0.7419354838709677,
            "8": 0.5,
            "9": 0.5,
            "10": 0.5714285714285714,
            "11": 0.2,
            "12": 0.0,
            "16": 0.0
        }
    },
    "by_input_num": {
        "group_size": {
            "(65535.999, 65740.7]": 205,
            "(65740.7, 65945.4]": 205,
            "(65945.4, 66150.1]": 205,
            "(66150.1, 66354.8]": 204,
            "(66354.8, 66559.5]": 205,
            "(66559.5, 66764.2]": 205,
            "(66764.2, 66968.9]": 204,
            "(66968.9, 67173.6]": 205,
            "(67173.6, 67378.3]": 205,
            "(67378.3, 67583.0]": 205
        },
        "correct_product_mean": {
            "(65535.999, 65740.7]": 0.9365853658536586,
            "(65740.7, 65945.4]": 0.9170731707317074,
            "(65945.4, 66150.1]": 0.9463414634146341,
            "(66150.1, 66354.8]": 0.9313725490196079,
            "(66354.8, 66559.5]": 0.9463414634146341,
            "(66559.5, 66764.2]": 0.8975609756097561,
            "(66764.2, 66968.9]": 0.8970588235294118,
            "(66968.9, 67173.6]": 0.9121951219512195,
            "(67173.6, 67378.3]": 0.8829268292682927,
            "(67378.3, 67583.0]": 0.8975609756097561
        },
        "correct_factorization_mean": {
            "(65535.999, 65740.7]": 0.7024390243902439,
            "(65740.7, 65945.4]": 0.6341463414634146,
            "(65945.4, 66150.1]": 0.6878048780487804,
            "(66150.1, 66354.8]": 0.6225490196078431,
            "(66354.8, 66559.5]": 0.6829268292682927,
            "(66559.5, 66764.2]": 0.624390243902439,
            "(66764.2, 66968.9]": 0.6421568627450981,
            "(66968.9, 67173.6]": 0.6195121951219512,
            "(67173.6, 67378.3]": 0.624390243902439,
            "(67378.3, 67583.0]": 0.6536585365853659
        }
    },
    "pred_same_as_input_beam_0": {
        "0": {
            "input_is_prime": false,
            "pred_same_as_input": false,
            "group_size": 1514,
            "correct_product_mean": 0.8474240422721269,
            "correct_factorization_mean": 0.6908850726552179
        },
        "1": {
            "input_is_prime": false,
            "pred_same_as_input": true,
            "group_size": 342,
            "correct_product_mean": 1.0,
            "correct_factorization_mean": 0.0
        },
        "2": {
            "input_is_prime": true,
            "pred_same_as_input": false,
            "group_size": 8,
            "correct_product_mean": 0.0,
            "correct_factorization_mean": 0.0
        },
        "3": {
            "input_is_prime": true,
            "pred_same_as_input": true,
            "group_size": 184,
            "correct_product_mean": 1.0,
            "correct_factorization_mean": 1.0
        }
    },
    "by_min_factor_composite_only": {
        "0": {
            "min_factor_decile": "(1.999, 3.0]",
            "group_size": 1365,
            "correct_product_mean": 0.9010989010989011,
            "correct_factorization_mean": 0.684981684981685
        },
        "1": {
            "min_factor_decile": "(3.0, 5.0]",
            "group_size": 136,
            "correct_product_mean": 0.8676470588235294,
            "correct_factorization_mean": 0.8088235294117647
        },
        "2": {
            "min_factor_decile": "(5.0, 17.0]",
            "group_size": 176,
            "correct_product_mean": 0.9602272727272727,
            "correct_factorization_mean": 0.0
        },
        "3": {
            "min_factor_decile": "(17.0, 257.0]",
            "group_size": 179,
            "correct_product_mean": 0.9720670391061452,
            "correct_factorization_mean": 0.00558659217877095
        }
    },
    "loss": 0.3623994994841869,
    "meta": {
        "n_beams": 2,
        "temperature": 1.0
    }
}