{
    "correct": {
        "correct_product": 0.93115234375,
        "correct_factorization": 0.64501953125
    },
    "beam_accuracy": {
        "correct_product": {
            "0": 0.9033203125,
            "1": 0.14208984375
        },
        "correct_factorization": {
            "0": 0.5830078125,
            "1": 0.06201171875
        }
    },
    "by_prob": {
        "group_size": {
            "(-13.379999999999999, -4.291]": 410.0,
            "(-4.291, -3.31]": 410.0,
            "(-3.31, -2.771]": 409.0,
            "(-2.771, -2.057]": 410.0,
            "(-2.057, -1.296]": 409.0,
            "(-1.296, -1.009]": 410.0,
            "(-1.009, -0.874]": 409.0,
            "(-0.874, -0.5]": 410.0,
            "(-0.5, -0.0387]": 409.0,
            "(-0.0387, -8.23e-06]": 410.0
        },
        "correct_product": {
            "(-13.379999999999999, -4.291]": 0.14878048780487804,
            "(-4.291, -3.31]": 0.041463414634146344,
            "(-3.31, -2.771]": 0.0488997555012225,
            "(-2.771, -2.057]": 0.12439024390243902,
            "(-2.057, -1.296]": 0.33985330073349634,
            "(-1.296, -1.009]": 0.824390243902439,
            "(-1.009, -0.874]": 0.941320293398533,
            "(-0.874, -0.5]": 0.8365853658536585,
            "(-0.5, -0.0387]": 0.9242053789731052,
            "(-0.0387, -8.23e-06]": 0.9975609756097561
        },
        "correct_factorization": {
            "(-13.379999999999999, -4.291]": 0.0,
            "(-4.291, -3.31]": 0.007317073170731708,
            "(-3.31, -2.771]": 0.017114914425427872,
            "(-2.771, -2.057]": 0.05853658536585366,
            "(-2.057, -1.296]": 0.18092909535452323,
            "(-1.296, -1.009]": 0.32439024390243903,
            "(-1.009, -0.874]": 0.39364303178484106,
            "(-0.874, -0.5]": 0.4292682926829268,
            "(-0.5, -0.0387]": 0.8166259168704156,
            "(-0.0387, -8.23e-06]": 0.9975609756097561
        },
        "percent_prime_factors_pred": {
            "(-13.379999999999999, -4.291]": 0.9254442508710802,
            "(-4.291, -3.31]": 0.9350813008130081,
            "(-3.31, -2.771]": 0.9366748166259169,
            "(-2.771, -2.057]": 0.9281881533101046,
            "(-2.057, -1.296]": 0.8981022237745955,
            "(-1.296, -1.009]": 0.5710569105691057,
            "(-1.009, -0.874]": 0.5103679124461521,
            "(-0.874, -0.5]": 0.7910162601626016,
            "(-0.5, -0.0387]": 0.9557049714751426,
            "(-0.0387, -8.23e-06]": 1.0
        }
    },
    "by_num_target_factors": {
        "group_size": {
            "1": 192,
            "2": 466,
            "3": 501,
            "4": 401,
            "5": 237,
            "6": 131,
            "7": 62,
            "8": 32,
            "9": 12,
            "10": 7,
            "11": 5,
            "12": 1,
            "16": 1
        },
        "correct_product_mean": {
            "1": 1.0,
            "2": 0.9849785407725322,
            "3": 0.9800399201596807,
            "4": 0.942643391521197,
            "5": 0.8607594936708861,
            "6": 0.7938931297709924,
            "7": 0.7741935483870968,
            "8": 0.59375,
            "9": 0.5,
            "10": 0.7142857142857143,
            "11": 0.2,
            "12": 0.0,
            "16": 0.0
        },
        "correct_factorization_mean": {
            "1": 1.0,
            "2": 0.45278969957081544,
            "3": 0.5189620758483033,
            "4": 0.7556109725685786,
            "5": 0.7763713080168776,
            "6": 0.7022900763358778,
            "7": 0.7741935483870968,
            "8": 0.59375,
            "9": 0.5,
            "10": 0.7142857142857143,
            "11": 0.2,
            "12": 0.0,
            "16": 0.0
        }
    },
    "by_input_num": {
        "group_size": {
            "(65535.999, 65740.7]": 205,
            "(65740.7, 65945.4]": 205,
            "(65945.4, 66150.1]": 205,
            "(66150.1, 66354.8]": 204,
            "(66354.8, 66559.5]": 205,
            "(66559.5, 66764.2]": 205,
            "(66764.2, 66968.9]": 204,
            "(66968.9, 67173.6]": 205,
            "(67173.6, 67378.3]": 205,
            "(67378.3, 67583.0]": 205
        },
        "correct_product_mean": {
            "(65535.999, 65740.7]": 0.9463414634146341,
            "(65740.7, 65945.4]": 0.9365853658536586,
            "(65945.4, 66150.1]": 0.9512195121951219,
            "(66150.1, 66354.8]": 0.9558823529411765,
            "(66354.8, 66559.5]": 0.9317073170731708,
            "(66559.5, 66764.2]": 0.8975609756097561,
            "(66764.2, 66968.9]": 0.9166666666666666,
            "(66968.9, 67173.6]": 0.9365853658536586,
            "(67173.6, 67378.3]": 0.926829268292683,
            "(67378.3, 67583.0]": 0.9121951219512195
        },
        "correct_factorization_mean": {
            "(65535.999, 65740.7]": 0.6878048780487804,
            "(65740.7, 65945.4]": 0.6487804878048781,
            "(65945.4, 66150.1]": 0.6731707317073171,
            "(66150.1, 66354.8]": 0.6274509803921569,
            "(66354.8, 66559.5]": 0.6390243902439025,
            "(66559.5, 66764.2]": 0.6097560975609756,
            "(66764.2, 66968.9]": 0.6127450980392157,
            "(66968.9, 67173.6]": 0.6536585365853659,
            "(67173.6, 67378.3]": 0.6390243902439025,
            "(67378.3, 67583.0]": 0.6585365853658537
        }
    },
    "pred_same_as_input_beam_0": {
        "0": {
            "input_is_prime": false,
            "pred_same_as_input": false,
            "group_size": 1856,
            "correct_product_mean": 0.8933189655172413,
            "correct_factorization_mean": 0.5398706896551724
        },
        "1": {
            "input_is_prime": true,
            "pred_same_as_input": false,
            "group_size": 192,
            "correct_product_mean": 1.0,
            "correct_factorization_mean": 1.0
        }
    },
    "by_min_factor_composite_only": {
        "0": {
            "min_factor_decile": "(1.999, 3.0]",
            "group_size": 1365,
            "correct_product_mean": 0.9098901098901099,
            "correct_factorization_mean": 0.654945054945055
        },
        "1": {
            "min_factor_decile": "(3.0, 5.0]",
            "group_size": 136,
            "correct_product_mean": 0.8823529411764706,
            "correct_factorization_mean": 0.7941176470588235
        },
        "2": {
            "min_factor_decile": "(5.0, 17.0]",
            "group_size": 176,
            "correct_product_mean": 0.9943181818181818,
            "correct_factorization_mean": 0.0
        },
        "3": {
            "min_factor_decile": "(17.0, 257.0]",
            "group_size": 179,
            "correct_product_mean": 0.994413407821229,
            "correct_factorization_mean": 0.0
        }
    },
    "loss": 0.3595716204668371,
    "meta": {
        "n_beams": 2,
        "temperature": 1.0
    }
}