{
    "correct": {
        "correct_product": 0.9722222222222222,
        "correct_factorization": 0.8321190042501518
    },
    "beam_accuracy": {
        "correct_product": {
            "0": 0.9494535519125683,
            "1": 0.2147844565877353
        },
        "correct_factorization": {
            "0": 0.7879477838494232,
            "1": 0.04432301153612629
        }
    },
    "by_prob": {
        "group_size": {
            "(-14.443999999999999, -7.84]": 1318.0,
            "(-7.84, -5.508]": 1318.0,
            "(-5.508, -3.26]": 1317.0,
            "(-3.26, -2.311]": 1318.0,
            "(-2.311, -1.236]": 1317.0,
            "(-1.236, -0.827]": 1318.0,
            "(-0.827, -0.117]": 1317.0,
            "(-0.117, -0.00787]": 1318.0,
            "(-0.00787, -0.000778]": 1317.0,
            "(-0.000778, -1.31e-06]": 1318.0
        },
        "correct_product": {
            "(-14.443999999999999, -7.84]": 0.1676783004552352,
            "(-7.84, -5.508]": 0.19954476479514416,
            "(-5.508, -3.26]": 0.2012148823082764,
            "(-3.26, -2.311]": 0.17754172989377845,
            "(-2.311, -1.236]": 0.33029612756264237,
            "(-1.236, -0.827]": 0.8573596358118362,
            "(-0.827, -0.117]": 0.8929384965831435,
            "(-0.117, -0.00787]": 0.9946889226100152,
            "(-0.00787, -0.000778]": 1.0,
            "(-0.000778, -1.31e-06]": 1.0
        },
        "correct_factorization": {
            "(-14.443999999999999, -7.84]": 0.0,
            "(-7.84, -5.508]": 0.0,
            "(-5.508, -3.26]": 0.0030372057706909645,
            "(-3.26, -2.311]": 0.04552352048558422,
            "(-2.311, -1.236]": 0.170083523158694,
            "(-1.236, -0.827]": 0.3300455235204856,
            "(-0.827, -0.117]": 0.6203492786636294,
            "(-0.117, -0.00787]": 0.992412746585736,
            "(-0.00787, -0.000778]": 1.0,
            "(-0.000778, -1.31e-06]": 1.0
        },
        "percent_prime_factors_pred": {
            "(-14.443999999999999, -7.84]": 0.8347532336151456,
            "(-7.84, -5.508]": 0.9003414264036419,
            "(-5.508, -3.26]": 0.8623874606790325,
            "(-3.26, -2.311]": 0.8181714719271623,
            "(-2.311, -1.236]": 0.839950103048053,
            "(-1.236, -0.827]": 0.522451947395043,
            "(-0.827, -0.117]": 0.7926148895397187,
            "(-0.117, -0.00787]": 0.9995068285280728,
            "(-0.00787, -0.000778]": 1.0,
            "(-0.000778, -1.31e-06]": 1.0
        }
    },
    "by_num_target_factors": {
        "group_size": {
            "1": 668,
            "2": 1601,
            "3": 1720,
            "4": 1198,
            "5": 715,
            "6": 373,
            "7": 165,
            "8": 79,
            "9": 35,
            "10": 20,
            "11": 8,
            "12": 3,
            "13": 3
        },
        "correct_product_mean": {
            "1": 0.9910179640718563,
            "2": 0.9850093691442848,
            "3": 0.983139534883721,
            "4": 0.988313856427379,
            "5": 0.9678321678321679,
            "6": 0.9463806970509383,
            "7": 0.8909090909090909,
            "8": 0.7468354430379747,
            "9": 0.6285714285714286,
            "10": 0.55,
            "11": 0.5,
            "12": 0.6666666666666666,
            "13": 0.3333333333333333
        },
        "correct_factorization_mean": {
            "1": 0.9910179640718563,
            "2": 0.6777014366021237,
            "3": 0.7994186046511628,
            "4": 0.9148580968280468,
            "5": 0.9538461538461539,
            "6": 0.9061662198391421,
            "7": 0.8787878787878788,
            "8": 0.7468354430379747,
            "9": 0.6285714285714286,
            "10": 0.55,
            "11": 0.5,
            "12": 0.6666666666666666,
            "13": 0.3333333333333333
        }
    },
    "by_input_num": {
        "group_size": {
            "(7.999, 6350.5]": 659,
            "(6350.5, 12996.8]": 659,
            "(12996.8, 19472.5]": 659,
            "(19472.5, 26116.8]": 658,
            "(26116.8, 32574.0]": 659,
            "(32574.0, 39331.6]": 659,
            "(39331.6, 46013.7]": 658,
            "(46013.7, 52699.4]": 659,
            "(52699.4, 59007.6]": 659,
            "(59007.6, 65528.0]": 659
        },
        "correct_product_mean": {
            "(7.999, 6350.5]": 0.9984825493171472,
            "(6350.5, 12996.8]": 0.9954476479514416,
            "(12996.8, 19472.5]": 0.9848254931714719,
            "(19472.5, 26116.8]": 0.9498480243161094,
            "(26116.8, 32574.0]": 0.9726858877086495,
            "(32574.0, 39331.6]": 0.9757207890743551,
            "(39331.6, 46013.7]": 0.9696048632218845,
            "(46013.7, 52699.4]": 0.9468892261001517,
            "(52699.4, 59007.6]": 0.9635811836115327,
            "(59007.6, 65528.0]": 0.9650986342943855
        },
        "correct_factorization_mean": {
            "(7.999, 6350.5]": 0.9984825493171472,
            "(6350.5, 12996.8]": 0.992412746585736,
            "(12996.8, 19472.5]": 0.9681335356600911,
            "(19472.5, 26116.8]": 0.8632218844984803,
            "(26116.8, 32574.0]": 0.8194233687405159,
            "(32574.0, 39331.6]": 0.795144157814871,
            "(39331.6, 46013.7]": 0.7613981762917933,
            "(46013.7, 52699.4]": 0.7420333839150227,
            "(52699.4, 59007.6]": 0.6995447647951442,
            "(59007.6, 65528.0]": 0.6813353566009105
        }
    },
    "pred_same_as_input_beam_0": {
        "0": {
            "input_is_prime": false,
            "pred_same_as_input": false,
            "group_size": 5920,
            "correct_product_mean": 0.945777027027027,
            "correct_factorization_mean": 0.7660472972972973
        },
        "1": {
            "input_is_prime": true,
            "pred_same_as_input": false,
            "group_size": 665,
            "correct_product_mean": 0.9819548872180451,
            "correct_factorization_mean": 0.9819548872180451
        },
        "2": {
            "input_is_prime": true,
            "pred_same_as_input": true,
            "group_size": 3,
            "correct_product_mean": 1.0,
            "correct_factorization_mean": 1.0
        }
    },
    "by_min_factor_composite_only": {
        "0": {
            "min_factor_decile": "(1.999, 3.0]",
            "group_size": 4339,
            "correct_product_mean": 0.9677345010371053,
            "correct_factorization_mean": 0.879004378889145
        },
        "1": {
            "min_factor_decile": "(3.0, 5.0]",
            "group_size": 447,
            "correct_product_mean": 0.9865771812080537,
            "correct_factorization_mean": 0.9507829977628636
        },
        "2": {
            "min_factor_decile": "(5.0, 17.0]",
            "group_size": 614,
            "correct_product_mean": 0.9739413680781759,
            "correct_factorization_mean": 0.28501628664495116
        },
        "3": {
            "min_factor_decile": "(17.0, 241.0]",
            "group_size": 520,
            "correct_product_mean": 0.9711538461538461,
            "correct_factorization_mean": 0.2326923076923077
        }
    },
    "loss": 0.14255467207642789,
    "meta": {
        "n_beams": 2,
        "temperature": 1.0
    }
}