{
    "correct": {
        "correct_product": 0.44677734375,
        "correct_factorization": 0.34716796875
    },
    "beam_accuracy": {
        "correct_product": {
            "0": 0.40087890625,
            "1": 0.08740234375
        },
        "correct_factorization": {
            "0": 0.3017578125,
            "1": 0.04541015625
        }
    },
    "by_prob": {
        "group_size": {
            "(-11.465, -3.479]": 410.0,
            "(-3.479, -2.687]": 410.0,
            "(-2.687, -2.198]": 409.0,
            "(-2.198, -1.862]": 410.0,
            "(-1.862, -1.59]": 409.0,
            "(-1.59, -1.304]": 410.0,
            "(-1.304, -1.051]": 409.0,
            "(-1.051, -0.638]": 410.0,
            "(-0.638, -0.128]": 409.0,
            "(-0.128, -2.1e-05]": 410.0
        },
        "correct_product": {
            "(-11.465, -3.479]": 0.0975609756097561,
            "(-3.479, -2.687]": 0.05853658536585366,
            "(-2.687, -2.198]": 0.04645476772616137,
            "(-2.198, -1.862]": 0.08292682926829269,
            "(-1.862, -1.59]": 0.16136919315403422,
            "(-1.59, -1.304]": 0.17804878048780487,
            "(-1.304, -1.051]": 0.33496332518337407,
            "(-1.051, -0.638]": 0.36829268292682926,
            "(-0.638, -0.128]": 0.36674816625916873,
            "(-0.128, -2.1e-05]": 0.7463414634146341
        },
        "correct_factorization": {
            "(-11.465, -3.479]": 0.00975609756097561,
            "(-3.479, -2.687]": 0.024390243902439025,
            "(-2.687, -2.198]": 0.029339853300733496,
            "(-2.198, -1.862]": 0.04878048780487805,
            "(-1.862, -1.59]": 0.07579462102689487,
            "(-1.59, -1.304]": 0.08780487804878048,
            "(-1.304, -1.051]": 0.1882640586797066,
            "(-1.051, -0.638]": 0.23414634146341465,
            "(-0.638, -0.128]": 0.29584352078239606,
            "(-0.128, -2.1e-05]": 0.7414634146341463
        },
        "percent_prime_factors_pred": {
            "(-11.465, -3.479]": 0.9308304297328688,
            "(-3.479, -2.687]": 0.9077642276422764,
            "(-2.687, -2.198]": 0.9024857375713121,
            "(-2.198, -1.862]": 0.8881881533101045,
            "(-1.862, -1.59]": 0.8636511817440913,
            "(-1.59, -1.304]": 0.8663008130081301,
            "(-1.304, -1.051]": 0.8385696821515893,
            "(-1.051, -0.638]": 0.8912601626016261,
            "(-0.638, -0.128]": 0.954523227383863,
            "(-0.128, -2.1e-05]": 0.9974796747967479
        }
    },
    "by_num_target_factors": {
        "group_size": {
            "1": 192,
            "2": 466,
            "3": 501,
            "4": 401,
            "5": 237,
            "6": 131,
            "7": 62,
            "8": 32,
            "9": 12,
            "10": 7,
            "11": 5,
            "12": 1,
            "16": 1
        },
        "correct_product_mean": {
            "1": 0.3697916666666667,
            "2": 0.4206008583690987,
            "3": 0.5209580838323353,
            "4": 0.4688279301745636,
            "5": 0.4430379746835443,
            "6": 0.46564885496183206,
            "7": 0.3064516129032258,
            "8": 0.25,
            "9": 0.16666666666666666,
            "10": 0.42857142857142855,
            "11": 0.2,
            "12": 0.0,
            "16": 0.0
        },
        "correct_factorization_mean": {
            "1": 0.3697916666666667,
            "2": 0.26609442060085836,
            "3": 0.3413173652694611,
            "4": 0.3940149625935162,
            "5": 0.4050632911392405,
            "6": 0.45038167938931295,
            "7": 0.2903225806451613,
            "8": 0.25,
            "9": 0.16666666666666666,
            "10": 0.42857142857142855,
            "11": 0.2,
            "12": 0.0,
            "16": 0.0
        }
    },
    "by_input_num": {
        "group_size": {
            "(65535.999, 65740.7]": 205,
            "(65740.7, 65945.4]": 205,
            "(65945.4, 66150.1]": 205,
            "(66150.1, 66354.8]": 204,
            "(66354.8, 66559.5]": 205,
            "(66559.5, 66764.2]": 205,
            "(66764.2, 66968.9]": 204,
            "(66968.9, 67173.6]": 205,
            "(67173.6, 67378.3]": 205,
            "(67378.3, 67583.0]": 205
        },
        "correct_product_mean": {
            "(65535.999, 65740.7]": 0.8536585365853658,
            "(65740.7, 65945.4]": 0.44878048780487806,
            "(65945.4, 66150.1]": 0.47804878048780486,
            "(66150.1, 66354.8]": 0.45588235294117646,
            "(66354.8, 66559.5]": 0.45365853658536587,
            "(66559.5, 66764.2]": 0.3853658536585366,
            "(66764.2, 66968.9]": 0.35294117647058826,
            "(66968.9, 67173.6]": 0.35609756097560974,
            "(67173.6, 67378.3]": 0.3170731707317073,
            "(67378.3, 67583.0]": 0.36585365853658536
        },
        "correct_factorization_mean": {
            "(65535.999, 65740.7]": 0.6487804878048781,
            "(65740.7, 65945.4]": 0.36585365853658536,
            "(65945.4, 66150.1]": 0.4195121951219512,
            "(66150.1, 66354.8]": 0.37254901960784315,
            "(66354.8, 66559.5]": 0.36585365853658536,
            "(66559.5, 66764.2]": 0.28780487804878047,
            "(66764.2, 66968.9]": 0.25980392156862747,
            "(66968.9, 67173.6]": 0.23414634146341465,
            "(67173.6, 67378.3]": 0.23902439024390243,
            "(67378.3, 67583.0]": 0.2780487804878049
        }
    },
    "pred_same_as_input_beam_0": {
        "0": {
            "input_is_prime": false,
            "pred_same_as_input": false,
            "group_size": 1746,
            "correct_product_mean": 0.3665521191294387,
            "correct_factorization_mean": 0.31328751431844215
        },
        "1": {
            "input_is_prime": false,
            "pred_same_as_input": true,
            "group_size": 110,
            "correct_product_mean": 1.0,
            "correct_factorization_mean": 0.0
        },
        "2": {
            "input_is_prime": true,
            "pred_same_as_input": false,
            "group_size": 121,
            "correct_product_mean": 0.0,
            "correct_factorization_mean": 0.0
        },
        "3": {
            "input_is_prime": true,
            "pred_same_as_input": true,
            "group_size": 71,
            "correct_product_mean": 1.0,
            "correct_factorization_mean": 1.0
        }
    },
    "by_min_factor_composite_only": {
        "0": {
            "min_factor_decile": "(1.999, 3.0]",
            "group_size": 1365,
            "correct_product_mean": 0.4666666666666667,
            "correct_factorization_mean": 0.3435897435897436
        },
        "1": {
            "min_factor_decile": "(3.0, 5.0]",
            "group_size": 136,
            "correct_product_mean": 0.6838235294117647,
            "correct_factorization_mean": 0.5588235294117647
        },
        "2": {
            "min_factor_decile": "(5.0, 17.0]",
            "group_size": 176,
            "correct_product_mean": 0.3409090909090909,
            "correct_factorization_mean": 0.0
        },
        "3": {
            "min_factor_decile": "(17.0, 257.0]",
            "group_size": 179,
            "correct_product_mean": 0.3016759776536313,
            "correct_factorization_mean": 0.0111731843575419
        }
    },
    "loss": 0.8203900891320284,
    "meta": {
        "n_beams": 2,
        "temperature": 1.0
    }
}