{
    "correct": {
        "correct_product": 0.9597753491196114,
        "correct_factorization": 0.8387978142076503
    },
    "beam_accuracy": {
        "correct_product": {
            "0": 0.9315421979356405,
            "1": 0.18806921675774135
        },
        "correct_factorization": {
            "0": 0.7970552519732848,
            "1": 0.04174256223436551
        }
    },
    "by_prob": {
        "group_size": {
            "(-15.95, -8.699]": 1318.0,
            "(-8.699, -6.555]": 1318.0,
            "(-6.555, -3.884]": 1317.0,
            "(-3.884, -2.254]": 1318.0,
            "(-2.254, -1.242]": 1317.0,
            "(-1.242, -0.737]": 1318.0,
            "(-0.737, -0.0379]": 1317.0,
            "(-0.0379, -0.00272]": 1318.0,
            "(-0.00272, -0.000355]": 1317.0,
            "(-0.000355, -1.19e-06]": 1318.0
        },
        "correct_product": {
            "(-15.95, -8.699]": 0.13884673748103188,
            "(-8.699, -6.555]": 0.18664643399089528,
            "(-6.555, -3.884]": 0.20804859529233105,
            "(-3.884, -2.254]": 0.13201820940819423,
            "(-2.254, -1.242]": 0.30372057706909644,
            "(-1.242, -0.737]": 0.7936267071320182,
            "(-0.737, -0.0379]": 0.8420652999240699,
            "(-0.0379, -0.00272]": 0.9939301972685888,
            "(-0.00272, -0.000355]": 1.0,
            "(-0.000355, -1.19e-06]": 0.9992412746585736
        },
        "correct_factorization": {
            "(-15.95, -8.699]": 0.0,
            "(-8.699, -6.555]": 0.0007587253414264037,
            "(-6.555, -3.884]": 0.0037965072133637054,
            "(-3.884, -2.254]": 0.030349013657056147,
            "(-2.254, -1.242]": 0.15945330296127563,
            "(-1.242, -0.737]": 0.33990895295902884,
            "(-0.737, -0.0379]": 0.6757782839787395,
            "(-0.0379, -0.00272]": 0.9863429438543247,
            "(-0.00272, -0.000355]": 0.9984813971146546,
            "(-0.000355, -1.19e-06]": 0.9992412746585736
        },
        "percent_prime_factors_pred": {
            "(-15.95, -8.699]": 0.8418238312016765,
            "(-8.699, -6.555]": 0.8862923621648964,
            "(-6.555, -3.884]": 0.8534475901218498,
            "(-3.884, -2.254]": 0.8596845870366355,
            "(-2.254, -1.242]": 0.830604367791156,
            "(-1.242, -0.737]": 0.573412096249729,
            "(-0.737, -0.0379]": 0.8816755251834979,
            "(-0.0379, -0.00272]": 0.9979767324228629,
            "(-0.00272, -0.000355]": 0.999557074158441,
            "(-0.000355, -1.19e-06]": 1.0
        }
    },
    "by_num_target_factors": {
        "group_size": {
            "1": 668,
            "2": 1601,
            "3": 1720,
            "4": 1198,
            "5": 715,
            "6": 373,
            "7": 165,
            "8": 79,
            "9": 35,
            "10": 20,
            "11": 8,
            "12": 3,
            "13": 3
        },
        "correct_product_mean": {
            "1": 0.968562874251497,
            "2": 0.985633978763273,
            "3": 0.9837209302325581,
            "4": 0.9716193656093489,
            "5": 0.9384615384615385,
            "6": 0.9061662198391421,
            "7": 0.8666666666666667,
            "8": 0.7341772151898734,
            "9": 0.6,
            "10": 0.4,
            "11": 0.125,
            "12": 0.0,
            "13": 0.6666666666666666
        },
        "correct_factorization_mean": {
            "1": 0.968562874251497,
            "2": 0.7083073079325422,
            "3": 0.8441860465116279,
            "4": 0.9265442404006677,
            "5": 0.8839160839160839,
            "6": 0.8605898123324397,
            "7": 0.8484848484848485,
            "8": 0.7341772151898734,
            "9": 0.6,
            "10": 0.4,
            "11": 0.125,
            "12": 0.0,
            "13": 0.6666666666666666
        }
    },
    "by_input_num": {
        "group_size": {
            "(7.999, 6350.5]": 659,
            "(6350.5, 12996.8]": 659,
            "(12996.8, 19472.5]": 659,
            "(19472.5, 26116.8]": 658,
            "(26116.8, 32574.0]": 659,
            "(32574.0, 39331.6]": 659,
            "(39331.6, 46013.7]": 658,
            "(46013.7, 52699.4]": 659,
            "(52699.4, 59007.6]": 659,
            "(59007.6, 65528.0]": 659
        },
        "correct_product_mean": {
            "(7.999, 6350.5]": 0.9939301972685888,
            "(6350.5, 12996.8]": 0.9908952959028832,
            "(12996.8, 19472.5]": 0.9939301972685888,
            "(19472.5, 26116.8]": 0.9604863221884499,
            "(26116.8, 32574.0]": 0.9453717754172989,
            "(32574.0, 39331.6]": 0.952959028831563,
            "(39331.6, 46013.7]": 0.939209726443769,
            "(46013.7, 52699.4]": 0.9180576631259484,
            "(52699.4, 59007.6]": 0.9484066767830045,
            "(59007.6, 65528.0]": 0.9544764795144158
        },
        "correct_factorization_mean": {
            "(7.999, 6350.5]": 0.9939301972685888,
            "(6350.5, 12996.8]": 0.9908952959028832,
            "(12996.8, 19472.5]": 0.992412746585736,
            "(19472.5, 26116.8]": 0.9316109422492401,
            "(26116.8, 32574.0]": 0.8239757207890743,
            "(32574.0, 39331.6]": 0.7602427921092565,
            "(39331.6, 46013.7]": 0.7462006079027356,
            "(46013.7, 52699.4]": 0.7541729893778453,
            "(52699.4, 59007.6]": 0.7040971168437026,
            "(59007.6, 65528.0]": 0.6904400606980273
        }
    },
    "pred_same_as_input_beam_0": {
        "0": {
            "input_is_prime": false,
            "pred_same_as_input": false,
            "group_size": 5238,
            "correct_product_mean": 0.9200076365024819,
            "correct_factorization_mean": 0.881061473844979
        },
        "1": {
            "input_is_prime": false,
            "pred_same_as_input": true,
            "group_size": 682,
            "correct_product_mean": 1.0,
            "correct_factorization_mean": 0.0
        },
        "2": {
            "input_is_prime": true,
            "pred_same_as_input": false,
            "group_size": 32,
            "correct_product_mean": 0.0,
            "correct_factorization_mean": 0.0
        },
        "3": {
            "input_is_prime": true,
            "pred_same_as_input": true,
            "group_size": 636,
            "correct_product_mean": 1.0,
            "correct_factorization_mean": 1.0
        }
    },
    "by_min_factor_composite_only": {
        "0": {
            "min_factor_decile": "(1.999, 3.0]",
            "group_size": 4339,
            "correct_product_mean": 0.9550587693016824,
            "correct_factorization_mean": 0.8760082968425904
        },
        "1": {
            "min_factor_decile": "(3.0, 5.0]",
            "group_size": 447,
            "correct_product_mean": 0.970917225950783,
            "correct_factorization_mean": 0.9440715883668904
        },
        "2": {
            "min_factor_decile": "(5.0, 17.0]",
            "group_size": 614,
            "correct_product_mean": 0.9657980456026058,
            "correct_factorization_mean": 0.3762214983713355
        },
        "3": {
            "min_factor_decile": "(17.0, 241.0]",
            "group_size": 520,
            "correct_product_mean": 0.9711538461538461,
            "correct_factorization_mean": 0.3096153846153846
        }
    },
    "loss": 0.1528627055600885,
    "meta": {
        "n_beams": 2,
        "temperature": 1.0
    }
}