{
    "correct": {
        "correct_product": 0.9590163934426229,
        "correct_factorization": 0.8474499089253188
    },
    "beam_accuracy": {
        "correct_product": {
            "0": 0.9304796599878568,
            "1": 0.20491803278688525
        },
        "correct_factorization": {
            "0": 0.8107164541590771,
            "1": 0.036885245901639344
        }
    },
    "by_prob": {
        "group_size": {
            "(-14.6, -9.21]": 1321.0,
            "(-9.21, -7.122]": 1315.0,
            "(-7.122, -4.438]": 1317.0,
            "(-4.438, -2.308]": 1318.0,
            "(-2.308, -1.217]": 1317.0,
            "(-1.217, -0.642]": 1318.0,
            "(-0.642, -0.022]": 1317.0,
            "(-0.022, -0.00159]": 1318.0,
            "(-0.00159, -0.00017]": 1317.0,
            "(-0.00017, -1.79e-06]": 1318.0
        },
        "correct_product": {
            "(-14.6, -9.21]": 0.1514004542013626,
            "(-9.21, -7.122]": 0.15361216730038021,
            "(-7.122, -4.438]": 0.25816249050873197,
            "(-4.438, -2.308]": 0.17147192716236723,
            "(-2.308, -1.217]": 0.2870159453302961,
            "(-1.217, -0.642]": 0.7860394537177542,
            "(-0.642, -0.022]": 0.8724373576309795,
            "(-0.022, -0.00159]": 0.9969650986342944,
            "(-0.00159, -0.00017]": 1.0,
            "(-0.00017, -1.79e-06]": 1.0
        },
        "correct_factorization": {
            "(-14.6, -9.21]": 0.0,
            "(-9.21, -7.122]": 0.0,
            "(-7.122, -4.438]": 0.0030372057706909645,
            "(-4.438, -2.308]": 0.02503793626707132,
            "(-2.308, -1.217]": 0.14578587699316628,
            "(-1.217, -0.642]": 0.3512898330804249,
            "(-0.642, -0.022]": 0.7205770690964313,
            "(-0.022, -0.00159]": 0.992412746585736,
            "(-0.00159, -0.00017]": 1.0,
            "(-0.00017, -1.79e-06]": 1.0
        },
        "percent_prime_factors_pred": {
            "(-14.6, -9.21]": 0.7512742871561947,
            "(-9.21, -7.122]": 0.865620133985153,
            "(-7.122, -4.438]": 0.8251202227284232,
            "(-4.438, -2.308]": 0.8376960040465351,
            "(-2.308, -1.217]": 0.8450669511033976,
            "(-1.217, -0.642]": 0.5914426620420551,
            "(-0.642, -0.022]": 0.8937990382181727,
            "(-0.022, -0.00159]": 0.998710166919575,
            "(-0.00159, -0.00017]": 1.0,
            "(-0.00017, -1.79e-06]": 1.0
        }
    },
    "by_num_target_factors": {
        "group_size": {
            "1": 668,
            "2": 1601,
            "3": 1720,
            "4": 1198,
            "5": 715,
            "6": 373,
            "7": 165,
            "8": 79,
            "9": 35,
            "10": 20,
            "11": 8,
            "12": 3,
            "13": 3
        },
        "correct_product_mean": {
            "1": 0.9805389221556886,
            "2": 0.9850093691442848,
            "3": 0.9912790697674418,
            "4": 0.9766277128547579,
            "5": 0.9314685314685315,
            "6": 0.8900804289544236,
            "7": 0.7878787878787878,
            "8": 0.6582278481012658,
            "9": 0.5714285714285714,
            "10": 0.4,
            "11": 0.125,
            "12": 0.0,
            "13": 0.6666666666666666
        },
        "correct_factorization_mean": {
            "1": 0.9805389221556886,
            "2": 0.726420986883198,
            "3": 0.8703488372093023,
            "4": 0.9415692821368948,
            "5": 0.8657342657342657,
            "6": 0.8310991957104558,
            "7": 0.7757575757575758,
            "8": 0.6582278481012658,
            "9": 0.5714285714285714,
            "10": 0.4,
            "11": 0.125,
            "12": 0.0,
            "13": 0.6666666666666666
        }
    },
    "by_input_num": {
        "group_size": {
            "(7.999, 6350.5]": 659,
            "(6350.5, 12996.8]": 659,
            "(12996.8, 19472.5]": 659,
            "(19472.5, 26116.8]": 658,
            "(26116.8, 32574.0]": 659,
            "(32574.0, 39331.6]": 659,
            "(39331.6, 46013.7]": 658,
            "(46013.7, 52699.4]": 659,
            "(52699.4, 59007.6]": 659,
            "(59007.6, 65528.0]": 659
        },
        "correct_product_mean": {
            "(7.999, 6350.5]": 0.9954476479514416,
            "(6350.5, 12996.8]": 0.9893778452200304,
            "(12996.8, 19472.5]": 0.992412746585736,
            "(19472.5, 26116.8]": 0.9650455927051672,
            "(26116.8, 32574.0]": 0.9453717754172989,
            "(32574.0, 39331.6]": 0.9408194233687405,
            "(39331.6, 46013.7]": 0.9498480243161094,
            "(46013.7, 52699.4]": 0.928679817905918,
            "(52699.4, 59007.6]": 0.9423368740515933,
            "(59007.6, 65528.0]": 0.9408194233687405
        },
        "correct_factorization_mean": {
            "(7.999, 6350.5]": 0.9954476479514416,
            "(6350.5, 12996.8]": 0.9878603945371776,
            "(12996.8, 19472.5]": 0.992412746585736,
            "(19472.5, 26116.8]": 0.939209726443769,
            "(26116.8, 32574.0]": 0.8725341426403642,
            "(32574.0, 39331.6]": 0.7496206373292867,
            "(39331.6, 46013.7]": 0.7553191489361702,
            "(46013.7, 52699.4]": 0.7602427921092565,
            "(52699.4, 59007.6]": 0.7268588770864947,
            "(59007.6, 65528.0]": 0.6949924127465857
        }
    },
    "pred_same_as_input_beam_0": {
        "0": {
            "input_is_prime": false,
            "pred_same_as_input": false,
            "group_size": 5920,
            "correct_product_mean": 0.9263513513513514,
            "correct_factorization_mean": 0.7930743243243243
        },
        "1": {
            "input_is_prime": true,
            "pred_same_as_input": false,
            "group_size": 652,
            "correct_product_mean": 0.9662576687116564,
            "correct_factorization_mean": 0.9662576687116564
        },
        "2": {
            "input_is_prime": true,
            "pred_same_as_input": true,
            "group_size": 16,
            "correct_product_mean": 1.0,
            "correct_factorization_mean": 1.0
        }
    },
    "by_min_factor_composite_only": {
        "0": {
            "min_factor_decile": "(1.999, 3.0]",
            "group_size": 4339,
            "correct_product_mean": 0.9497580087577783,
            "correct_factorization_mean": 0.8843051394330491
        },
        "1": {
            "min_factor_decile": "(3.0, 5.0]",
            "group_size": 447,
            "correct_product_mean": 0.970917225950783,
            "correct_factorization_mean": 0.9261744966442953
        },
        "2": {
            "min_factor_decile": "(5.0, 17.0]",
            "group_size": 614,
            "correct_product_mean": 0.9739413680781759,
            "correct_factorization_mean": 0.41042345276872966
        },
        "3": {
            "min_factor_decile": "(17.0, 241.0]",
            "group_size": 520,
            "correct_product_mean": 0.9807692307692307,
            "correct_factorization_mean": 0.36923076923076925
        }
    },
    "loss": 0.14854219440609753,
    "meta": {
        "n_beams": 2,
        "temperature": 1.0
    }
}