{
    "correct": {
        "correct_product": 0.7568359375,
        "correct_factorization": 0.58642578125
    },
    "beam_accuracy": {
        "correct_product": {
            "0": 0.7099609375,
            "1": 0.1435546875
        },
        "correct_factorization": {
            "0": 0.54150390625,
            "1": 0.044921875
        }
    },
    "by_prob": {
        "group_size": {
            "(-11.57, -6.122]": 410.0,
            "(-6.122, -3.42]": 410.0,
            "(-3.42, -2.525]": 409.0,
            "(-2.525, -1.991]": 410.0,
            "(-1.991, -1.568]": 409.0,
            "(-1.568, -1.152]": 410.0,
            "(-1.152, -0.823]": 409.0,
            "(-0.823, -0.142]": 410.0,
            "(-0.142, -0.00446]": 409.0,
            "(-0.00446, -2.48e-05]": 410.0
        },
        "correct_product": {
            "(-11.57, -6.122]": 0.13414634146341464,
            "(-6.122, -3.42]": 0.15609756097560976,
            "(-3.42, -2.525]": 0.06601466992665037,
            "(-2.525, -1.991]": 0.11707317073170732,
            "(-1.991, -1.568]": 0.22493887530562348,
            "(-1.568, -1.152]": 0.35365853658536583,
            "(-1.152, -0.823]": 0.5745721271393643,
            "(-0.823, -0.142]": 0.7,
            "(-0.142, -0.00446]": 0.9437652811735942,
            "(-0.00446, -2.48e-05]": 0.9975609756097561
        },
        "correct_factorization": {
            "(-11.57, -6.122]": 0.0,
            "(-6.122, -3.42]": 0.00975609756097561,
            "(-3.42, -2.525]": 0.022004889975550123,
            "(-2.525, -1.991]": 0.05121951219512195,
            "(-1.991, -1.568]": 0.097799511002445,
            "(-1.568, -1.152]": 0.15365853658536585,
            "(-1.152, -0.823]": 0.25183374083129584,
            "(-0.823, -0.142]": 0.45365853658536587,
            "(-0.142, -0.00446]": 0.8948655256723717,
            "(-0.00446, -2.48e-05]": 0.9975609756097561
        },
        "percent_prime_factors_pred": {
            "(-11.57, -6.122]": 0.8956649245063879,
            "(-6.122, -3.42]": 0.8967886178861789,
            "(-3.42, -2.525]": 0.9018337408312959,
            "(-2.525, -1.991]": 0.874204413472706,
            "(-1.991, -1.568]": 0.8424380020957039,
            "(-1.568, -1.152]": 0.7898083623693379,
            "(-1.152, -0.823]": 0.6872045639771801,
            "(-0.823, -0.142]": 0.8752032520325203,
            "(-0.142, -0.00446]": 0.9794213528932355,
            "(-0.00446, -2.48e-05]": 1.0
        }
    },
    "by_num_target_factors": {
        "group_size": {
            "1": 192,
            "2": 466,
            "3": 501,
            "4": 401,
            "5": 237,
            "6": 131,
            "7": 62,
            "8": 32,
            "9": 12,
            "10": 7,
            "11": 5,
            "12": 1,
            "16": 1
        },
        "correct_product_mean": {
            "1": 0.5989583333333334,
            "2": 0.7274678111587983,
            "3": 0.8702594810379242,
            "4": 0.85785536159601,
            "5": 0.7172995780590717,
            "6": 0.6793893129770993,
            "7": 0.5645161290322581,
            "8": 0.375,
            "9": 0.4166666666666667,
            "10": 0.42857142857142855,
            "11": 0.4,
            "12": 0.0,
            "16": 0.0
        },
        "correct_factorization_mean": {
            "1": 0.5989583333333334,
            "2": 0.43776824034334766,
            "3": 0.6027944111776448,
            "4": 0.7182044887780549,
            "5": 0.6497890295358649,
            "6": 0.6183206106870229,
            "7": 0.5645161290322581,
            "8": 0.375,
            "9": 0.4166666666666667,
            "10": 0.42857142857142855,
            "11": 0.4,
            "12": 0.0,
            "16": 0.0
        }
    },
    "by_input_num": {
        "group_size": {
            "(65535.999, 65740.7]": 205,
            "(65740.7, 65945.4]": 205,
            "(65945.4, 66150.1]": 205,
            "(66150.1, 66354.8]": 204,
            "(66354.8, 66559.5]": 205,
            "(66559.5, 66764.2]": 205,
            "(66764.2, 66968.9]": 204,
            "(66968.9, 67173.6]": 205,
            "(67173.6, 67378.3]": 205,
            "(67378.3, 67583.0]": 205
        },
        "correct_product_mean": {
            "(65535.999, 65740.7]": 0.9024390243902439,
            "(65740.7, 65945.4]": 0.8682926829268293,
            "(65945.4, 66150.1]": 0.848780487804878,
            "(66150.1, 66354.8]": 0.8137254901960784,
            "(66354.8, 66559.5]": 0.7804878048780488,
            "(66559.5, 66764.2]": 0.6634146341463415,
            "(66764.2, 66968.9]": 0.7009803921568627,
            "(66968.9, 67173.6]": 0.7317073170731707,
            "(67173.6, 67378.3]": 0.6682926829268293,
            "(67378.3, 67583.0]": 0.5902439024390244
        },
        "correct_factorization_mean": {
            "(65535.999, 65740.7]": 0.697560975609756,
            "(65740.7, 65945.4]": 0.6390243902439025,
            "(65945.4, 66150.1]": 0.6536585365853659,
            "(66150.1, 66354.8]": 0.6078431372549019,
            "(66354.8, 66559.5]": 0.6195121951219512,
            "(66559.5, 66764.2]": 0.551219512195122,
            "(66764.2, 66968.9]": 0.5392156862745098,
            "(66968.9, 67173.6]": 0.5609756097560976,
            "(67173.6, 67378.3]": 0.5317073170731708,
            "(67378.3, 67583.0]": 0.4634146341463415
        }
    },
    "pred_same_as_input_beam_0": {
        "0": {
            "input_is_prime": false,
            "pred_same_as_input": false,
            "group_size": 1856,
            "correct_product_mean": 0.7262931034482759,
            "correct_factorization_mean": 0.5404094827586207
        },
        "1": {
            "input_is_prime": true,
            "pred_same_as_input": false,
            "group_size": 192,
            "correct_product_mean": 0.5520833333333334,
            "correct_factorization_mean": 0.5520833333333334
        }
    },
    "by_min_factor_composite_only": {
        "0": {
            "min_factor_decile": "(1.999, 3.0]",
            "group_size": 1365,
            "correct_product_mean": 0.8095238095238095,
            "correct_factorization_mean": 0.6505494505494506
        },
        "1": {
            "min_factor_decile": "(3.0, 5.0]",
            "group_size": 136,
            "correct_product_mean": 0.9264705882352942,
            "correct_factorization_mean": 0.8455882352941176
        },
        "2": {
            "min_factor_decile": "(5.0, 17.0]",
            "group_size": 176,
            "correct_product_mean": 0.5909090909090909,
            "correct_factorization_mean": 0.0
        },
        "3": {
            "min_factor_decile": "(17.0, 257.0]",
            "group_size": 179,
            "correct_product_mean": 0.5586592178770949,
            "correct_factorization_mean": 0.0
        }
    },
    "loss": 0.5088303220215812,
    "meta": {
        "n_beams": 2,
        "temperature": 1.0
    }
}