{
    "correct": {
        "correct_product": 0.87060546875,
        "correct_factorization": 0.63525390625
    },
    "beam_accuracy": {
        "correct_product": {
            "0": 0.83203125,
            "1": 0.130859375
        },
        "correct_factorization": {
            "0": 0.5986328125,
            "1": 0.03662109375
        }
    },
    "by_prob": {
        "group_size": {
            "(-11.963999999999999, -6.417]": 410.0,
            "(-6.417, -3.555]": 410.0,
            "(-3.555, -2.756]": 409.0,
            "(-2.756, -2.045]": 410.0,
            "(-2.045, -1.385]": 409.0,
            "(-1.385, -0.946]": 410.0,
            "(-0.946, -0.707]": 409.0,
            "(-0.707, -0.109]": 410.0,
            "(-0.109, -0.00375]": 409.0,
            "(-0.00375, -1.25e-05]": 410.0
        },
        "correct_product": {
            "(-11.963999999999999, -6.417]": 0.13902439024390245,
            "(-6.417, -3.555]": 0.14878048780487804,
            "(-3.555, -2.756]": 0.07334963325183375,
            "(-2.756, -2.045]": 0.07317073170731707,
            "(-2.045, -1.385]": 0.3056234718826406,
            "(-1.385, -0.946]": 0.6121951219512195,
            "(-0.946, -0.707]": 0.863080684596577,
            "(-0.707, -0.109]": 0.7,
            "(-0.109, -0.00375]": 0.9070904645476773,
            "(-0.00375, -1.25e-05]": 0.9926829268292683
        },
        "correct_factorization": {
            "(-11.963999999999999, -6.417]": 0.0,
            "(-6.417, -3.555]": 0.007317073170731708,
            "(-3.555, -2.756]": 0.012224938875305624,
            "(-2.756, -2.045]": 0.02926829268292683,
            "(-2.045, -1.385]": 0.18581907090464547,
            "(-1.385, -0.946]": 0.2097560975609756,
            "(-0.946, -0.707]": 0.3202933985330073,
            "(-0.707, -0.109]": 0.526829268292683,
            "(-0.109, -0.00375]": 0.8948655256723717,
            "(-0.00375, -1.25e-05]": 0.9902439024390244
        },
        "percent_prime_factors_pred": {
            "(-11.963999999999999, -6.417]": 0.9193089430894309,
            "(-6.417, -3.555]": 0.9162195121951219,
            "(-3.555, -2.756]": 0.9282396088019559,
            "(-2.756, -2.045]": 0.9307491289198606,
            "(-2.045, -1.385]": 0.8635696821515892,
            "(-1.385, -0.946]": 0.6568641114982577,
            "(-0.946, -0.707]": 0.5148911398300151,
            "(-0.707, -0.109]": 0.8910569105691056,
            "(-0.109, -0.00375]": 0.9948655256723716,
            "(-0.00375, -1.25e-05]": 0.999390243902439
        }
    },
    "by_num_target_factors": {
        "group_size": {
            "1": 192,
            "2": 466,
            "3": 501,
            "4": 401,
            "5": 237,
            "6": 131,
            "7": 62,
            "8": 32,
            "9": 12,
            "10": 7,
            "11": 5,
            "12": 1,
            "16": 1
        },
        "correct_product_mean": {
            "1": 0.9114583333333334,
            "2": 0.9527896995708155,
            "3": 0.9341317365269461,
            "4": 0.8877805486284289,
            "5": 0.7679324894514767,
            "6": 0.6946564885496184,
            "7": 0.7096774193548387,
            "8": 0.4375,
            "9": 0.4166666666666667,
            "10": 0.42857142857142855,
            "11": 0.2,
            "12": 0.0,
            "16": 0.0
        },
        "correct_factorization_mean": {
            "1": 0.9114583333333334,
            "2": 0.4592274678111588,
            "3": 0.592814371257485,
            "4": 0.743142144638404,
            "5": 0.7172995780590717,
            "6": 0.6259541984732825,
            "7": 0.6774193548387096,
            "8": 0.4375,
            "9": 0.4166666666666667,
            "10": 0.42857142857142855,
            "11": 0.2,
            "12": 0.0,
            "16": 0.0
        }
    },
    "by_input_num": {
        "group_size": {
            "(65535.999, 65740.7]": 205,
            "(65740.7, 65945.4]": 205,
            "(65945.4, 66150.1]": 205,
            "(66150.1, 66354.8]": 204,
            "(66354.8, 66559.5]": 205,
            "(66559.5, 66764.2]": 205,
            "(66764.2, 66968.9]": 204,
            "(66968.9, 67173.6]": 205,
            "(67173.6, 67378.3]": 205,
            "(67378.3, 67583.0]": 205
        },
        "correct_product_mean": {
            "(65535.999, 65740.7]": 0.9121951219512195,
            "(65740.7, 65945.4]": 0.8731707317073171,
            "(65945.4, 66150.1]": 0.8975609756097561,
            "(66150.1, 66354.8]": 0.9166666666666666,
            "(66354.8, 66559.5]": 0.8829268292682927,
            "(66559.5, 66764.2]": 0.8536585365853658,
            "(66764.2, 66968.9]": 0.8333333333333334,
            "(66968.9, 67173.6]": 0.8585365853658536,
            "(67173.6, 67378.3]": 0.8634146341463415,
            "(67378.3, 67583.0]": 0.8146341463414634
        },
        "correct_factorization_mean": {
            "(65535.999, 65740.7]": 0.6829268292682927,
            "(65740.7, 65945.4]": 0.6292682926829268,
            "(65945.4, 66150.1]": 0.6634146341463415,
            "(66150.1, 66354.8]": 0.6225490196078431,
            "(66354.8, 66559.5]": 0.6439024390243903,
            "(66559.5, 66764.2]": 0.6292682926829268,
            "(66764.2, 66968.9]": 0.5882352941176471,
            "(66968.9, 67173.6]": 0.6390243902439025,
            "(67173.6, 67378.3]": 0.6292682926829268,
            "(67378.3, 67583.0]": 0.624390243902439
        }
    },
    "pred_same_as_input_beam_0": {
        "0": {
            "input_is_prime": false,
            "pred_same_as_input": false,
            "group_size": 1539,
            "correct_product_mean": 0.7907732293697206,
            "correct_factorization_mean": 0.6861598440545809
        },
        "1": {
            "input_is_prime": false,
            "pred_same_as_input": true,
            "group_size": 317,
            "correct_product_mean": 1.0,
            "correct_factorization_mean": 0.0
        },
        "2": {
            "input_is_prime": true,
            "pred_same_as_input": false,
            "group_size": 22,
            "correct_product_mean": 0.0,
            "correct_factorization_mean": 0.0
        },
        "3": {
            "input_is_prime": true,
            "pred_same_as_input": true,
            "group_size": 170,
            "correct_product_mean": 1.0,
            "correct_factorization_mean": 1.0
        }
    },
    "by_min_factor_composite_only": {
        "0": {
            "min_factor_decile": "(1.999, 3.0]",
            "group_size": 1365,
            "correct_product_mean": 0.8498168498168498,
            "correct_factorization_mean": 0.6879120879120879
        },
        "1": {
            "min_factor_decile": "(3.0, 5.0]",
            "group_size": 136,
            "correct_product_mean": 0.875,
            "correct_factorization_mean": 0.8455882352941176
        },
        "2": {
            "min_factor_decile": "(5.0, 17.0]",
            "group_size": 176,
            "correct_product_mean": 0.9147727272727273,
            "correct_factorization_mean": 0.0
        },
        "3": {
            "min_factor_decile": "(17.0, 257.0]",
            "group_size": 179,
            "correct_product_mean": 0.9385474860335196,
            "correct_factorization_mean": 0.0111731843575419
        }
    },
    "loss": 0.41694128790841706,
    "meta": {
        "n_beams": 2,
        "temperature": 1.0
    }
}