{
    "correct": {
        "correct_product": 0.9713114754098361,
        "correct_factorization": 0.8554948391013965
    },
    "beam_accuracy": {
        "correct_product": {
            "0": 0.9473284760170007,
            "1": 0.17289010321797207
        },
        "correct_factorization": {
            "0": 0.825136612021858,
            "1": 0.030358227079538554
        }
    },
    "by_prob": {
        "group_size": {
            "(-14.616, -9.162]": 1318.0,
            "(-9.162, -6.981]": 1318.0,
            "(-6.981, -4.38]": 1317.0,
            "(-4.38, -2.393]": 1318.0,
            "(-2.393, -1.236]": 1317.0,
            "(-1.236, -0.639]": 1318.0,
            "(-0.639, -0.0224]": 1317.0,
            "(-0.0224, -0.00177]": 1318.0,
            "(-0.00177, -0.000227]": 1317.0,
            "(-0.000227, -1.19e-06]": 1318.0
        },
        "correct_product": {
            "(-14.616, -9.162]": 0.11836115326251896,
            "(-9.162, -6.981]": 0.16009104704097116,
            "(-6.981, -4.38]": 0.1716021260440395,
            "(-4.38, -2.393]": 0.15553869499241274,
            "(-2.393, -1.236]": 0.2718299164768413,
            "(-1.236, -0.639]": 0.8285280728376327,
            "(-0.639, -0.0224]": 0.89749430523918,
            "(-0.0224, -0.00177]": 0.9977238239757208,
            "(-0.00177, -0.000227]": 1.0,
            "(-0.000227, -1.19e-06]": 1.0
        },
        "correct_factorization": {
            "(-14.616, -9.162]": 0.0,
            "(-9.162, -6.981]": 0.0,
            "(-6.981, -4.38]": 0.0015186028853454822,
            "(-4.38, -2.393]": 0.03186646433990895,
            "(-2.393, -1.236]": 0.1108580106302202,
            "(-1.236, -0.639]": 0.33763277693474963,
            "(-0.639, -0.0224]": 0.7995444191343963,
            "(-0.0224, -0.00177]": 0.996206373292868,
            "(-0.00177, -0.000227]": 1.0,
            "(-0.000227, -1.19e-06]": 1.0
        },
        "percent_prime_factors_pred": {
            "(-14.616, -9.162]": 0.8298522292073127,
            "(-9.162, -6.981]": 0.9141682925066841,
            "(-6.981, -4.38]": 0.8853120367357269,
            "(-4.38, -2.393]": 0.8649523086928246,
            "(-2.393, -1.236]": 0.8064721408684963,
            "(-1.236, -0.639]": 0.5378974275597947,
            "(-0.639, -0.0224]": 0.9295051885598582,
            "(-0.0224, -0.00177]": 0.9984825493171472,
            "(-0.00177, -0.000227]": 1.0,
            "(-0.000227, -1.19e-06]": 1.0
        }
    },
    "by_num_target_factors": {
        "group_size": {
            "1": 668,
            "2": 1601,
            "3": 1720,
            "4": 1198,
            "5": 715,
            "6": 373,
            "7": 165,
            "8": 79,
            "9": 35,
            "10": 20,
            "11": 8,
            "12": 3,
            "13": 3
        },
        "correct_product_mean": {
            "1": 0.9625748502994012,
            "2": 0.9775140537164272,
            "3": 0.9837209302325581,
            "4": 0.9874791318864775,
            "5": 0.9748251748251748,
            "6": 0.9436997319034852,
            "7": 0.9151515151515152,
            "8": 0.8481012658227848,
            "9": 0.8285714285714286,
            "10": 0.8,
            "11": 0.25,
            "12": 0.3333333333333333,
            "13": 0.3333333333333333
        },
        "correct_factorization_mean": {
            "1": 0.9625748502994012,
            "2": 0.7045596502186133,
            "3": 0.8476744186046512,
            "4": 0.9357262103505843,
            "5": 0.965034965034965,
            "6": 0.8954423592493298,
            "7": 0.8909090909090909,
            "8": 0.8354430379746836,
            "9": 0.8285714285714286,
            "10": 0.8,
            "11": 0.25,
            "12": 0.3333333333333333,
            "13": 0.3333333333333333
        }
    },
    "by_input_num": {
        "group_size": {
            "(7.999, 6350.5]": 659,
            "(6350.5, 12996.8]": 659,
            "(12996.8, 19472.5]": 659,
            "(19472.5, 26116.8]": 658,
            "(26116.8, 32574.0]": 659,
            "(32574.0, 39331.6]": 659,
            "(39331.6, 46013.7]": 658,
            "(46013.7, 52699.4]": 659,
            "(52699.4, 59007.6]": 659,
            "(59007.6, 65528.0]": 659
        },
        "correct_product_mean": {
            "(7.999, 6350.5]": 0.9969650986342944,
            "(6350.5, 12996.8]": 0.9969650986342944,
            "(12996.8, 19472.5]": 0.9939301972685888,
            "(19472.5, 26116.8]": 0.9741641337386018,
            "(26116.8, 32574.0]": 0.9742033383915023,
            "(32574.0, 39331.6]": 0.9726858877086495,
            "(39331.6, 46013.7]": 0.9452887537993921,
            "(46013.7, 52699.4]": 0.9317147192716236,
            "(52699.4, 59007.6]": 0.9635811836115327,
            "(59007.6, 65528.0]": 0.9635811836115327
        },
        "correct_factorization_mean": {
            "(7.999, 6350.5]": 0.9969650986342944,
            "(6350.5, 12996.8]": 0.9969650986342944,
            "(12996.8, 19472.5]": 0.9893778452200304,
            "(19472.5, 26116.8]": 0.9422492401215805,
            "(26116.8, 32574.0]": 0.8573596358118362,
            "(32574.0, 39331.6]": 0.7996965098634294,
            "(39331.6, 46013.7]": 0.7553191489361702,
            "(46013.7, 52699.4]": 0.7784522003034902,
            "(52699.4, 59007.6]": 0.7344461305007587,
            "(59007.6, 65528.0]": 0.7040971168437026
        }
    },
    "pred_same_as_input_beam_0": {
        "0": {
            "input_is_prime": false,
            "pred_same_as_input": false,
            "group_size": 5250,
            "correct_product_mean": 0.9398095238095238,
            "correct_factorization_mean": 0.9140952380952381
        },
        "1": {
            "input_is_prime": false,
            "pred_same_as_input": true,
            "group_size": 670,
            "correct_product_mean": 1.0,
            "correct_factorization_mean": 0.0
        },
        "2": {
            "input_is_prime": true,
            "pred_same_as_input": false,
            "group_size": 31,
            "correct_product_mean": 0.0,
            "correct_factorization_mean": 0.0
        },
        "3": {
            "input_is_prime": true,
            "pred_same_as_input": true,
            "group_size": 637,
            "correct_product_mean": 1.0,
            "correct_factorization_mean": 1.0
        }
    },
    "by_min_factor_composite_only": {
        "0": {
            "min_factor_decile": "(1.999, 3.0]",
            "group_size": 4339,
            "correct_product_mean": 0.9748790043788892,
            "correct_factorization_mean": 0.921410463240378
        },
        "1": {
            "min_factor_decile": "(3.0, 5.0]",
            "group_size": 447,
            "correct_product_mean": 0.9642058165548099,
            "correct_factorization_mean": 0.9284116331096197
        },
        "2": {
            "min_factor_decile": "(5.0, 17.0]",
            "group_size": 614,
            "correct_product_mean": 0.9755700325732899,
            "correct_factorization_mean": 0.35993485342019543
        },
        "3": {
            "min_factor_decile": "(17.0, 241.0]",
            "group_size": 520,
            "correct_product_mean": 0.9538461538461539,
            "correct_factorization_mean": 0.3173076923076923
        }
    },
    "loss": 0.15166451522327445,
    "meta": {
        "n_beams": 2,
        "temperature": 1.0
    }
}