{
    "correct": {
        "correct_product": 0.9711596842744383,
        "correct_factorization": 0.864602307225258
    },
    "beam_accuracy": {
        "correct_product": {
            "0": 0.945658773527626,
            "1": 0.17972070431086826
        },
        "correct_factorization": {
            "0": 0.8296903460837887,
            "1": 0.03491196114146934
        }
    },
    "by_prob": {
        "group_size": {
            "(-15.122, -9.21]": 1327.0,
            "(-9.21, -7.245]": 1309.0,
            "(-7.245, -4.64]": 1317.0,
            "(-4.64, -2.466]": 1318.0,
            "(-2.466, -1.312]": 1317.0,
            "(-1.312, -0.54]": 1318.0,
            "(-0.54, -0.0185]": 1317.0,
            "(-0.0185, -0.0014]": 1318.0,
            "(-0.0014, -0.000168]": 1317.0,
            "(-0.000168, -9.54e-07]": 1318.0
        },
        "correct_product": {
            "(-15.122, -9.21]": 0.12358703843255464,
            "(-9.21, -7.245]": 0.16042780748663102,
            "(-7.245, -4.64]": 0.18223234624145787,
            "(-4.64, -2.466]": 0.15781487101669195,
            "(-2.466, -1.312]": 0.3287775246772969,
            "(-1.312, -0.54]": 0.7685887708649469,
            "(-0.54, -0.0185]": 0.908883826879271,
            "(-0.0185, -0.0014]": 0.9977238239757208,
            "(-0.0014, -0.000168]": 0.9992406985573272,
            "(-0.000168, -9.54e-07]": 1.0
        },
        "correct_factorization": {
            "(-15.122, -9.21]": 0.0,
            "(-9.21, -7.245]": 0.0007639419404125286,
            "(-7.245, -4.64]": 0.0007593014426727411,
            "(-4.64, -2.466]": 0.028072837632776935,
            "(-2.466, -1.312]": 0.1404707668944571,
            "(-1.312, -0.54]": 0.3535660091047041,
            "(-0.54, -0.0185]": 0.8071374335611238,
            "(-0.0185, -0.0014]": 0.9931714719271624,
            "(-0.0014, -0.000168]": 0.9992406985573272,
            "(-0.000168, -9.54e-07]": 1.0
        },
        "percent_prime_factors_pred": {
            "(-15.122, -9.21]": 0.7557245128646787,
            "(-9.21, -7.245]": 0.8833378806067883,
            "(-7.245, -4.64]": 0.8813464945583397,
            "(-4.64, -2.466]": 0.8577697087939881,
            "(-2.466, -1.312]": 0.7922677803087826,
            "(-1.312, -0.54]": 0.6089132162728521,
            "(-0.54, -0.0185]": 0.923702860035434,
            "(-0.0185, -0.0014]": 0.9977617602427921,
            "(-0.0014, -0.000168]": 1.0,
            "(-0.000168, -9.54e-07]": 1.0
        }
    },
    "by_num_target_factors": {
        "group_size": {
            "1": 668,
            "2": 1601,
            "3": 1720,
            "4": 1198,
            "5": 715,
            "6": 373,
            "7": 165,
            "8": 79,
            "9": 35,
            "10": 20,
            "11": 8,
            "12": 3,
            "13": 3
        },
        "correct_product_mean": {
            "1": 0.9550898203592815,
            "2": 0.9793878825733916,
            "3": 0.9848837209302326,
            "4": 0.989983305509182,
            "5": 0.9748251748251748,
            "6": 0.9410187667560321,
            "7": 0.896969696969697,
            "8": 0.8481012658227848,
            "9": 0.8,
            "10": 0.6,
            "11": 0.625,
            "12": 1.0,
            "13": 0.3333333333333333
        },
        "correct_factorization_mean": {
            "1": 0.9550898203592815,
            "2": 0.7158026233603998,
            "3": 0.8593023255813953,
            "4": 0.9549248747913188,
            "5": 0.9664335664335665,
            "6": 0.9088471849865952,
            "7": 0.8787878787878788,
            "8": 0.8354430379746836,
            "9": 0.8,
            "10": 0.6,
            "11": 0.625,
            "12": 1.0,
            "13": 0.3333333333333333
        }
    },
    "by_input_num": {
        "group_size": {
            "(7.999, 6350.5]": 659,
            "(6350.5, 12996.8]": 659,
            "(12996.8, 19472.5]": 659,
            "(19472.5, 26116.8]": 658,
            "(26116.8, 32574.0]": 659,
            "(32574.0, 39331.6]": 659,
            "(39331.6, 46013.7]": 658,
            "(46013.7, 52699.4]": 659,
            "(52699.4, 59007.6]": 659,
            "(59007.6, 65528.0]": 659
        },
        "correct_product_mean": {
            "(7.999, 6350.5]": 0.9954476479514416,
            "(6350.5, 12996.8]": 0.9984825493171472,
            "(12996.8, 19472.5]": 0.9939301972685888,
            "(19472.5, 26116.8]": 0.9665653495440729,
            "(26116.8, 32574.0]": 0.9726858877086495,
            "(32574.0, 39331.6]": 0.9666160849772383,
            "(39331.6, 46013.7]": 0.9559270516717325,
            "(46013.7, 52699.4]": 0.9544764795144158,
            "(52699.4, 59007.6]": 0.9575113808801214,
            "(59007.6, 65528.0]": 0.9499241274658573
        },
        "correct_factorization_mean": {
            "(7.999, 6350.5]": 0.9954476479514416,
            "(6350.5, 12996.8]": 0.9969650986342944,
            "(12996.8, 19472.5]": 0.9908952959028832,
            "(19472.5, 26116.8]": 0.9452887537993921,
            "(26116.8, 32574.0]": 0.8922610015174507,
            "(32574.0, 39331.6]": 0.7966616084977238,
            "(39331.6, 46013.7]": 0.7674772036474165,
            "(46013.7, 52699.4]": 0.8012139605462822,
            "(52699.4, 59007.6]": 0.7465857359635811,
            "(59007.6, 65528.0]": 0.7132018209408194
        }
    },
    "pred_same_as_input_beam_0": {
        "0": {
            "input_is_prime": false,
            "pred_same_as_input": false,
            "group_size": 5920,
            "correct_product_mean": 0.9488175675675675,
            "correct_factorization_mean": 0.8197635135135135
        },
        "1": {
            "input_is_prime": true,
            "pred_same_as_input": false,
            "group_size": 655,
            "correct_product_mean": 0.916030534351145,
            "correct_factorization_mean": 0.916030534351145
        },
        "2": {
            "input_is_prime": true,
            "pred_same_as_input": true,
            "group_size": 13,
            "correct_product_mean": 1.0,
            "correct_factorization_mean": 1.0
        }
    },
    "by_min_factor_composite_only": {
        "0": {
            "min_factor_decile": "(1.999, 3.0]",
            "group_size": 4339,
            "correct_product_mean": 0.9764922793270339,
            "correct_factorization_mean": 0.9264807559345472
        },
        "1": {
            "min_factor_decile": "(3.0, 5.0]",
            "group_size": 447,
            "correct_product_mean": 0.9731543624161074,
            "correct_factorization_mean": 0.9507829977628636
        },
        "2": {
            "min_factor_decile": "(5.0, 17.0]",
            "group_size": 614,
            "correct_product_mean": 0.9674267100977199,
            "correct_factorization_mean": 0.3990228013029316
        },
        "3": {
            "min_factor_decile": "(17.0, 241.0]",
            "group_size": 520,
            "correct_product_mean": 0.95,
            "correct_factorization_mean": 0.31346153846153846
        }
    },
    "loss": 0.14280937023896628,
    "meta": {
        "n_beams": 2,
        "temperature": 1.0
    }
}