{
    "correct": {
        "correct_product": 0.84814453125,
        "correct_factorization": 0.63232421875
    },
    "beam_accuracy": {
        "correct_product": {
            "0": 0.80712890625,
            "1": 0.12841796875
        },
        "correct_factorization": {
            "0": 0.58251953125,
            "1": 0.0498046875
        }
    },
    "by_prob": {
        "group_size": {
            "(-13.383999999999999, -5.904]": 410.0,
            "(-5.904, -3.294]": 410.0,
            "(-3.294, -2.624]": 409.0,
            "(-2.624, -2.079]": 410.0,
            "(-2.079, -1.528]": 409.0,
            "(-1.528, -1.199]": 410.0,
            "(-1.199, -0.727]": 409.0,
            "(-0.727, -0.162]": 410.0,
            "(-0.162, -0.00555]": 409.0,
            "(-0.00555, -1.07e-05]": 410.0
        },
        "correct_product": {
            "(-13.383999999999999, -5.904]": 0.14146341463414633,
            "(-5.904, -3.294]": 0.08780487804878048,
            "(-3.294, -2.624]": 0.06601466992665037,
            "(-2.624, -2.079]": 0.1073170731707317,
            "(-2.079, -1.528]": 0.33496332518337407,
            "(-1.528, -1.199]": 0.7341463414634146,
            "(-1.199, -0.727]": 0.6699266503667481,
            "(-0.727, -0.162]": 0.6560975609756098,
            "(-0.162, -0.00555]": 0.8850855745721271,
            "(-0.00555, -1.07e-05]": 0.9951219512195122
        },
        "correct_factorization": {
            "(-13.383999999999999, -5.904]": 0.007317073170731708,
            "(-5.904, -3.294]": 0.007317073170731708,
            "(-3.294, -2.624]": 0.017114914425427872,
            "(-2.624, -2.079]": 0.04390243902439024,
            "(-2.079, -1.528]": 0.13202933985330073,
            "(-1.528, -1.199]": 0.2975609756097561,
            "(-1.199, -0.727]": 0.3202933985330073,
            "(-0.727, -0.162]": 0.4682926829268293,
            "(-0.162, -0.00555]": 0.8753056234718827,
            "(-0.00555, -1.07e-05]": 0.9926829268292683
        },
        "percent_prime_factors_pred": {
            "(-13.383999999999999, -5.904]": 0.9037456445993031,
            "(-5.904, -3.294]": 0.9184146341463415,
            "(-3.294, -2.624]": 0.9055827220863896,
            "(-2.624, -2.079]": 0.9122764227642277,
            "(-2.079, -1.528]": 0.8004074979625102,
            "(-1.528, -1.199]": 0.5839837398373984,
            "(-1.199, -0.727]": 0.708045174059844,
            "(-0.727, -0.162]": 0.9014634146341464,
            "(-0.162, -0.00555]": 0.9953545232273839,
            "(-0.00555, -1.07e-05]": 0.999390243902439
        }
    },
    "by_num_target_factors": {
        "group_size": {
            "1": 192,
            "2": 466,
            "3": 501,
            "4": 401,
            "5": 237,
            "6": 131,
            "7": 62,
            "8": 32,
            "9": 12,
            "10": 7,
            "11": 5,
            "12": 1,
            "16": 1
        },
        "correct_product_mean": {
            "1": 0.8697916666666666,
            "2": 0.9227467811158798,
            "3": 0.9101796407185628,
            "4": 0.8927680798004988,
            "5": 0.7637130801687764,
            "6": 0.6183206106870229,
            "7": 0.5967741935483871,
            "8": 0.4375,
            "9": 0.4166666666666667,
            "10": 0.5714285714285714,
            "11": 0.8,
            "12": 0.0,
            "16": 0.0
        },
        "correct_factorization_mean": {
            "1": 0.8697916666666666,
            "2": 0.44849785407725323,
            "3": 0.5768463073852296,
            "4": 0.7855361596009975,
            "5": 0.729957805907173,
            "6": 0.5954198473282443,
            "7": 0.5967741935483871,
            "8": 0.4375,
            "9": 0.4166666666666667,
            "10": 0.5714285714285714,
            "11": 0.8,
            "12": 0.0,
            "16": 0.0
        }
    },
    "by_input_num": {
        "group_size": {
            "(65535.999, 65740.7]": 205,
            "(65740.7, 65945.4]": 205,
            "(65945.4, 66150.1]": 205,
            "(66150.1, 66354.8]": 204,
            "(66354.8, 66559.5]": 205,
            "(66559.5, 66764.2]": 205,
            "(66764.2, 66968.9]": 204,
            "(66968.9, 67173.6]": 205,
            "(67173.6, 67378.3]": 205,
            "(67378.3, 67583.0]": 205
        },
        "correct_product_mean": {
            "(65535.999, 65740.7]": 0.9219512195121952,
            "(65740.7, 65945.4]": 0.9121951219512195,
            "(65945.4, 66150.1]": 0.9219512195121952,
            "(66150.1, 66354.8]": 0.8872549019607843,
            "(66354.8, 66559.5]": 0.9317073170731708,
            "(66559.5, 66764.2]": 0.8048780487804879,
            "(66764.2, 66968.9]": 0.7843137254901961,
            "(66968.9, 67173.6]": 0.7853658536585366,
            "(67173.6, 67378.3]": 0.7658536585365854,
            "(67378.3, 67583.0]": 0.7658536585365854
        },
        "correct_factorization_mean": {
            "(65535.999, 65740.7]": 0.7073170731707317,
            "(65740.7, 65945.4]": 0.6585365853658537,
            "(65945.4, 66150.1]": 0.6926829268292682,
            "(66150.1, 66354.8]": 0.6372549019607843,
            "(66354.8, 66559.5]": 0.6878048780487804,
            "(66559.5, 66764.2]": 0.6097560975609756,
            "(66764.2, 66968.9]": 0.5931372549019608,
            "(66968.9, 67173.6]": 0.5707317073170731,
            "(67173.6, 67378.3]": 0.5756097560975609,
            "(67378.3, 67583.0]": 0.5902439024390244
        }
    },
    "pred_same_as_input_beam_0": {
        "0": {
            "input_is_prime": false,
            "pred_same_as_input": false,
            "group_size": 1855,
            "correct_product_mean": 0.8016172506738545,
            "correct_factorization_mean": 0.554177897574124
        },
        "1": {
            "input_is_prime": false,
            "pred_same_as_input": true,
            "group_size": 1,
            "correct_product_mean": 1.0,
            "correct_factorization_mean": 0.0
        },
        "2": {
            "input_is_prime": true,
            "pred_same_as_input": false,
            "group_size": 191,
            "correct_product_mean": 0.8586387434554974,
            "correct_factorization_mean": 0.8586387434554974
        },
        "3": {
            "input_is_prime": true,
            "pred_same_as_input": true,
            "group_size": 1,
            "correct_product_mean": 1.0,
            "correct_factorization_mean": 1.0
        }
    },
    "by_min_factor_composite_only": {
        "0": {
            "min_factor_decile": "(1.999, 3.0]",
            "group_size": 1365,
            "correct_product_mean": 0.8432234432234432,
            "correct_factorization_mean": 0.6827838827838828
        },
        "1": {
            "min_factor_decile": "(3.0, 5.0]",
            "group_size": 136,
            "correct_product_mean": 0.7720588235294118,
            "correct_factorization_mean": 0.7058823529411765
        },
        "2": {
            "min_factor_decile": "(5.0, 17.0]",
            "group_size": 176,
            "correct_product_mean": 0.8977272727272727,
            "correct_factorization_mean": 0.0
        },
        "3": {
            "min_factor_decile": "(17.0, 257.0]",
            "group_size": 179,
            "correct_product_mean": 0.8715083798882681,
            "correct_factorization_mean": 0.0
        }
    },
    "loss": 0.48534497473314636,
    "meta": {
        "n_beams": 2,
        "temperature": 1.0
    }
}