{
    "correct": {
        "correct_product": 0.82421875,
        "correct_factorization": 0.5859375
    },
    "beam_accuracy": {
        "correct_product": {
            "0": 0.76318359375,
            "1": 0.1513671875
        },
        "correct_factorization": {
            "0": 0.5126953125,
            "1": 0.0732421875
        }
    },
    "by_prob": {
        "group_size": {
            "(-13.078, -4.179]": 410.0,
            "(-4.179, -2.814]": 410.0,
            "(-2.814, -2.259]": 409.0,
            "(-2.259, -1.848]": 410.0,
            "(-1.848, -1.364]": 409.0,
            "(-1.364, -1.037]": 410.0,
            "(-1.037, -0.811]": 409.0,
            "(-0.811, -0.38]": 410.0,
            "(-0.38, -0.0326]": 409.0,
            "(-0.0326, -8.34e-07]": 410.0
        },
        "correct_product": {
            "(-13.078, -4.179]": 0.12439024390243902,
            "(-4.179, -2.814]": 0.09268292682926829,
            "(-2.814, -2.259]": 0.05867970660146699,
            "(-2.259, -1.848]": 0.13902439024390245,
            "(-1.848, -1.364]": 0.34963325183374083,
            "(-1.364, -1.037]": 0.5780487804878048,
            "(-1.037, -0.811]": 0.80440097799511,
            "(-0.811, -0.38]": 0.6634146341463415,
            "(-0.38, -0.0326]": 0.7872860635696821,
            "(-0.0326, -8.34e-07]": 0.975609756097561
        },
        "correct_factorization": {
            "(-13.078, -4.179]": 0.0024390243902439024,
            "(-4.179, -2.814]": 0.024390243902439025,
            "(-2.814, -2.259]": 0.02689486552567237,
            "(-2.259, -1.848]": 0.07804878048780488,
            "(-1.848, -1.364]": 0.18581907090464547,
            "(-1.364, -1.037]": 0.2731707317073171,
            "(-1.037, -0.811]": 0.33007334963325186,
            "(-0.811, -0.38]": 0.35853658536585364,
            "(-0.38, -0.0326]": 0.6797066014669927,
            "(-0.0326, -8.34e-07]": 0.9707317073170731
        },
        "percent_prime_factors_pred": {
            "(-13.078, -4.179]": 0.9274332171893147,
            "(-4.179, -2.814]": 0.9246109175377468,
            "(-2.814, -2.259]": 0.9342298288508558,
            "(-2.259, -1.848]": 0.9174390243902438,
            "(-1.848, -1.364]": 0.8488357201071137,
            "(-1.364, -1.037]": 0.7321544715447155,
            "(-1.037, -0.811]": 0.5884270578647106,
            "(-0.811, -0.38]": 0.8251219512195123,
            "(-0.38, -0.0326]": 0.961179027438196,
            "(-0.0326, -8.34e-07]": 0.9982926829268293
        }
    },
    "by_num_target_factors": {
        "group_size": {
            "1": 192,
            "2": 466,
            "3": 501,
            "4": 401,
            "5": 237,
            "6": 131,
            "7": 62,
            "8": 32,
            "9": 12,
            "10": 7,
            "11": 5,
            "12": 1,
            "16": 1
        },
        "correct_product_mean": {
            "1": 0.859375,
            "2": 0.8841201716738197,
            "3": 0.874251497005988,
            "4": 0.8628428927680798,
            "5": 0.759493670886076,
            "6": 0.6641221374045801,
            "7": 0.5483870967741935,
            "8": 0.46875,
            "9": 0.5,
            "10": 0.5714285714285714,
            "11": 0.2,
            "12": 0.0,
            "16": 0.0
        },
        "correct_factorization_mean": {
            "1": 0.859375,
            "2": 0.4356223175965665,
            "3": 0.5429141716566867,
            "4": 0.6982543640897756,
            "5": 0.6118143459915611,
            "6": 0.5954198473282443,
            "7": 0.5,
            "8": 0.46875,
            "9": 0.5,
            "10": 0.5714285714285714,
            "11": 0.2,
            "12": 0.0,
            "16": 0.0
        }
    },
    "by_input_num": {
        "group_size": {
            "(65535.999, 65740.7]": 205,
            "(65740.7, 65945.4]": 205,
            "(65945.4, 66150.1]": 205,
            "(66150.1, 66354.8]": 204,
            "(66354.8, 66559.5]": 205,
            "(66559.5, 66764.2]": 205,
            "(66764.2, 66968.9]": 204,
            "(66968.9, 67173.6]": 205,
            "(67173.6, 67378.3]": 205,
            "(67378.3, 67583.0]": 205
        },
        "correct_product_mean": {
            "(65535.999, 65740.7]": 0.8682926829268293,
            "(65740.7, 65945.4]": 0.8195121951219512,
            "(65945.4, 66150.1]": 0.8731707317073171,
            "(66150.1, 66354.8]": 0.8284313725490197,
            "(66354.8, 66559.5]": 0.8780487804878049,
            "(66559.5, 66764.2]": 0.8195121951219512,
            "(66764.2, 66968.9]": 0.7794117647058824,
            "(66968.9, 67173.6]": 0.8097560975609757,
            "(67173.6, 67378.3]": 0.7853658536585366,
            "(67378.3, 67583.0]": 0.7804878048780488
        },
        "correct_factorization_mean": {
            "(65535.999, 65740.7]": 0.6536585365853659,
            "(65740.7, 65945.4]": 0.5609756097560976,
            "(65945.4, 66150.1]": 0.6195121951219512,
            "(66150.1, 66354.8]": 0.5637254901960784,
            "(66354.8, 66559.5]": 0.624390243902439,
            "(66559.5, 66764.2]": 0.5560975609756098,
            "(66764.2, 66968.9]": 0.5686274509803921,
            "(66968.9, 67173.6]": 0.5658536585365853,
            "(67173.6, 67378.3]": 0.5658536585365853,
            "(67378.3, 67583.0]": 0.5804878048780487
        }
    },
    "pred_same_as_input_beam_0": {
        "0": {
            "input_is_prime": false,
            "pred_same_as_input": false,
            "group_size": 1559,
            "correct_product_mean": 0.708146247594612,
            "correct_factorization_mean": 0.5695958948043618
        },
        "1": {
            "input_is_prime": false,
            "pred_same_as_input": true,
            "group_size": 297,
            "correct_product_mean": 1.0,
            "correct_factorization_mean": 0.0
        },
        "2": {
            "input_is_prime": true,
            "pred_same_as_input": false,
            "group_size": 30,
            "correct_product_mean": 0.0,
            "correct_factorization_mean": 0.0
        },
        "3": {
            "input_is_prime": true,
            "pred_same_as_input": true,
            "group_size": 162,
            "correct_product_mean": 1.0,
            "correct_factorization_mean": 1.0
        }
    },
    "by_min_factor_composite_only": {
        "0": {
            "min_factor_decile": "(1.999, 3.0]",
            "group_size": 1365,
            "correct_product_mean": 0.810989010989011,
            "correct_factorization_mean": 0.5794871794871795
        },
        "1": {
            "min_factor_decile": "(3.0, 5.0]",
            "group_size": 136,
            "correct_product_mean": 0.8455882352941176,
            "correct_factorization_mean": 0.7058823529411765
        },
        "2": {
            "min_factor_decile": "(5.0, 17.0]",
            "group_size": 176,
            "correct_product_mean": 0.8465909090909091,
            "correct_factorization_mean": 0.0
        },
        "3": {
            "min_factor_decile": "(17.0, 257.0]",
            "group_size": 179,
            "correct_product_mean": 0.8491620111731844,
            "correct_factorization_mean": 0.00558659217877095
        }
    },
    "loss": 0.4661213247049886,
    "meta": {
        "n_beams": 2,
        "temperature": 1.0
    }
}