{
    "correct": {
        "correct_product": 0.0,
        "correct_factorization": 0.0
    },
    "beam_accuracy": {
        "correct_product": {
            "0": 0.0,
            "1": 0.0
        },
        "correct_factorization": {
            "0": 0.0,
            "1": 0.0
        }
    },
    "by_prob": {
        "group_size": {
            "(-20.468, -17.477]": 410.0,
            "(-17.477, -13.109]": 410.0,
            "(-13.109, -12.711]": 409.0,
            "(-12.711, -11.489]": 410.0,
            "(-11.489, -11.485]": 409.0,
            "(-11.485, -9.717]": 410.0,
            "(-9.717, -9.343]": 409.0,
            "(-9.343, -9.152]": 410.0,
            "(-9.152, -8.774]": 409.0,
            "(-8.774, -5.341]": 410.0
        },
        "correct_product": {
            "(-20.468, -17.477]": 0.0,
            "(-17.477, -13.109]": 0.0,
            "(-13.109, -12.711]": 0.0,
            "(-12.711, -11.489]": 0.0,
            "(-11.489, -11.485]": 0.0,
            "(-11.485, -9.717]": 0.0,
            "(-9.717, -9.343]": 0.0,
            "(-9.343, -9.152]": 0.0,
            "(-9.152, -8.774]": 0.0,
            "(-8.774, -5.341]": 0.0
        },
        "correct_factorization": {
            "(-20.468, -17.477]": 0.0,
            "(-17.477, -13.109]": 0.0,
            "(-13.109, -12.711]": 0.0,
            "(-12.711, -11.489]": 0.0,
            "(-11.489, -11.485]": 0.0,
            "(-11.485, -9.717]": 0.0,
            "(-9.717, -9.343]": 0.0,
            "(-9.343, -9.152]": 0.0,
            "(-9.152, -8.774]": 0.0,
            "(-8.774, -5.341]": 0.0
        },
        "percent_prime_factors_pred": {
            "(-20.468, -17.477]": 0.9681050656660413,
            "(-17.477, -13.109]": 0.9790243902439024,
            "(-13.109, -12.711]": 0.21026894865525672,
            "(-12.711, -11.489]": 0.3116144018583043,
            "(-11.489, -11.485]": 0.6666666666666665,
            "(-11.485, -9.717]": 0.5794308943089431,
            "(-9.717, -9.343]": 0.7393759459774131,
            "(-9.343, -9.152]": 0.7039372822299651,
            "(-9.152, -8.774]": 0.5688264058679706,
            "(-8.774, -5.341]": 0.8205981416957027
        }
    },
    "by_num_target_factors": {
        "group_size": {
            "1": 192,
            "2": 466,
            "3": 501,
            "4": 401,
            "5": 237,
            "6": 131,
            "7": 62,
            "8": 32,
            "9": 12,
            "10": 7,
            "11": 5,
            "12": 1,
            "16": 1
        },
        "correct_product_mean": {
            "1": 0.0,
            "2": 0.0,
            "3": 0.0,
            "4": 0.0,
            "5": 0.0,
            "6": 0.0,
            "7": 0.0,
            "8": 0.0,
            "9": 0.0,
            "10": 0.0,
            "11": 0.0,
            "12": 0.0,
            "16": 0.0
        },
        "correct_factorization_mean": {
            "1": 0.0,
            "2": 0.0,
            "3": 0.0,
            "4": 0.0,
            "5": 0.0,
            "6": 0.0,
            "7": 0.0,
            "8": 0.0,
            "9": 0.0,
            "10": 0.0,
            "11": 0.0,
            "12": 0.0,
            "16": 0.0
        }
    },
    "by_input_num": {
        "group_size": {
            "(65535.999, 65740.7]": 205,
            "(65740.7, 65945.4]": 205,
            "(65945.4, 66150.1]": 205,
            "(66150.1, 66354.8]": 204,
            "(66354.8, 66559.5]": 205,
            "(66559.5, 66764.2]": 205,
            "(66764.2, 66968.9]": 204,
            "(66968.9, 67173.6]": 205,
            "(67173.6, 67378.3]": 205,
            "(67378.3, 67583.0]": 205
        },
        "correct_product_mean": {
            "(65535.999, 65740.7]": 0.0,
            "(65740.7, 65945.4]": 0.0,
            "(65945.4, 66150.1]": 0.0,
            "(66150.1, 66354.8]": 0.0,
            "(66354.8, 66559.5]": 0.0,
            "(66559.5, 66764.2]": 0.0,
            "(66764.2, 66968.9]": 0.0,
            "(66968.9, 67173.6]": 0.0,
            "(67173.6, 67378.3]": 0.0,
            "(67378.3, 67583.0]": 0.0
        },
        "correct_factorization_mean": {
            "(65535.999, 65740.7]": 0.0,
            "(65740.7, 65945.4]": 0.0,
            "(65945.4, 66150.1]": 0.0,
            "(66150.1, 66354.8]": 0.0,
            "(66354.8, 66559.5]": 0.0,
            "(66559.5, 66764.2]": 0.0,
            "(66764.2, 66968.9]": 0.0,
            "(66968.9, 67173.6]": 0.0,
            "(67173.6, 67378.3]": 0.0,
            "(67378.3, 67583.0]": 0.0
        }
    },
    "pred_same_as_input_beam_0": {
        "0": {
            "input_is_prime": false,
            "pred_same_as_input": false,
            "group_size": 1856,
            "correct_product_mean": 0.0,
            "correct_factorization_mean": 0.0
        },
        "1": {
            "input_is_prime": true,
            "pred_same_as_input": false,
            "group_size": 192,
            "correct_product_mean": 0.0,
            "correct_factorization_mean": 0.0
        }
    },
    "by_min_factor_composite_only": {
        "0": {
            "min_factor_decile": "(1.999, 3.0]",
            "group_size": 1365,
            "correct_product_mean": 0.0,
            "correct_factorization_mean": 0.0
        },
        "1": {
            "min_factor_decile": "(3.0, 5.0]",
            "group_size": 136,
            "correct_product_mean": 0.0,
            "correct_factorization_mean": 0.0
        },
        "2": {
            "min_factor_decile": "(5.0, 17.0]",
            "group_size": 176,
            "correct_product_mean": 0.0,
            "correct_factorization_mean": 0.0
        },
        "3": {
            "min_factor_decile": "(17.0, 257.0]",
            "group_size": 179,
            "correct_product_mean": 0.0,
            "correct_factorization_mean": 0.0
        }
    },
    "loss": 1.6040836251340806,
    "meta": {
        "n_beams": 2,
        "temperature": 1.0
    }
}