{
    "correct": {
        "correct_product": 0.9524893746205222,
        "correct_factorization": 0.825136612021858
    },
    "beam_accuracy": {
        "correct_product": {
            "0": 0.9143897996357013,
            "1": 0.20840922890103217
        },
        "correct_factorization": {
            "0": 0.7745901639344263,
            "1": 0.050698239222829386
        }
    },
    "by_prob": {
        "group_size": {
            "(-17.03, -8.995]": 1318.0,
            "(-8.995, -6.226]": 1318.0,
            "(-6.226, -3.348]": 1317.0,
            "(-3.348, -2.104]": 1318.0,
            "(-2.104, -1.17]": 1317.0,
            "(-1.17, -0.715]": 1318.0,
            "(-0.715, -0.0683]": 1317.0,
            "(-0.0683, -0.00338]": 1318.0,
            "(-0.00338, -0.00022]": 1317.0,
            "(-0.00022, 0.0]": 1318.0
        },
        "correct_product": {
            "(-17.03, -8.995]": 0.1411229135053111,
            "(-8.995, -6.226]": 0.20409711684370258,
            "(-6.226, -3.348]": 0.21336370539104024,
            "(-3.348, -2.104]": 0.1471927162367223,
            "(-2.104, -1.17]": 0.3454821564160972,
            "(-1.17, -0.715]": 0.7769347496206374,
            "(-0.715, -0.0683]": 0.809415337889142,
            "(-0.0683, -0.00338]": 0.9772382397572079,
            "(-0.00338, -0.00022]": 0.9992406985573272,
            "(-0.00022, 0.0]": 1.0
        },
        "correct_factorization": {
            "(-17.03, -8.995]": 0.0007587253414264037,
            "(-8.995, -6.226]": 0.0,
            "(-6.226, -3.348]": 0.012148823082763858,
            "(-3.348, -2.104]": 0.05690440060698027,
            "(-2.104, -1.17]": 0.1662870159453303,
            "(-1.17, -0.715]": 0.3292867981790592,
            "(-0.715, -0.0683]": 0.618830675778284,
            "(-0.0683, -0.00338]": 0.9484066767830045,
            "(-0.00338, -0.00022]": 0.9946848899012908,
            "(-0.00022, 0.0]": 0.9992412746585736
        },
        "percent_prime_factors_pred": {
            "(-17.03, -8.995]": 0.8326288026591517,
            "(-8.995, -6.226]": 0.8808105715730905,
            "(-6.226, -3.348]": 0.8587045473719732,
            "(-3.348, -2.104]": 0.8893019726858876,
            "(-2.104, -1.17]": 0.8325234117944824,
            "(-1.17, -0.715]": 0.5871838644410723,
            "(-0.715, -0.0683]": 0.866628701594533,
            "(-0.0683, -0.00338]": 0.988151239251391,
            "(-0.00338, -0.00022]": 0.9986712224753227,
            "(-0.00022, 0.0]": 0.9997470915528579
        }
    },
    "by_num_target_factors": {
        "group_size": {
            "1": 668,
            "2": 1601,
            "3": 1720,
            "4": 1198,
            "5": 715,
            "6": 373,
            "7": 165,
            "8": 79,
            "9": 35,
            "10": 20,
            "11": 8,
            "12": 3,
            "13": 3
        },
        "correct_product_mean": {
            "1": 0.9640718562874252,
            "2": 0.976889444097439,
            "3": 0.9761627906976744,
            "4": 0.9607679465776294,
            "5": 0.9104895104895104,
            "6": 0.8605898123324397,
            "7": 0.8484848484848485,
            "8": 0.8481012658227848,
            "9": 0.8285714285714286,
            "10": 0.95,
            "11": 0.75,
            "12": 1.0,
            "13": 0.3333333333333333
        },
        "correct_factorization_mean": {
            "1": 0.9640718562874252,
            "2": 0.7051842598376015,
            "3": 0.8366279069767442,
            "4": 0.8797996661101837,
            "5": 0.8517482517482518,
            "6": 0.7962466487935657,
            "7": 0.8424242424242424,
            "8": 0.8481012658227848,
            "9": 0.8285714285714286,
            "10": 0.95,
            "11": 0.75,
            "12": 1.0,
            "13": 0.3333333333333333
        }
    },
    "by_input_num": {
        "group_size": {
            "(7.999, 6350.5]": 659,
            "(6350.5, 12996.8]": 659,
            "(12996.8, 19472.5]": 659,
            "(19472.5, 26116.8]": 658,
            "(26116.8, 32574.0]": 659,
            "(32574.0, 39331.6]": 659,
            "(39331.6, 46013.7]": 658,
            "(46013.7, 52699.4]": 659,
            "(52699.4, 59007.6]": 659,
            "(59007.6, 65528.0]": 659
        },
        "correct_product_mean": {
            "(7.999, 6350.5]": 0.9954476479514416,
            "(6350.5, 12996.8]": 0.9954476479514416,
            "(12996.8, 19472.5]": 0.9908952959028832,
            "(19472.5, 26116.8]": 0.9787234042553191,
            "(26116.8, 32574.0]": 0.9468892261001517,
            "(32574.0, 39331.6]": 0.9438543247344461,
            "(39331.6, 46013.7]": 0.9103343465045592,
            "(46013.7, 52699.4]": 0.9089529590288316,
            "(52699.4, 59007.6]": 0.928679817905918,
            "(59007.6, 65528.0]": 0.9256449165402124
        },
        "correct_factorization_mean": {
            "(7.999, 6350.5]": 0.992412746585736,
            "(6350.5, 12996.8]": 0.9954476479514416,
            "(12996.8, 19472.5]": 0.9878603945371776,
            "(19472.5, 26116.8]": 0.9300911854103343,
            "(26116.8, 32574.0]": 0.8528072837632777,
            "(32574.0, 39331.6]": 0.7389984825493171,
            "(39331.6, 46013.7]": 0.7142857142857143,
            "(46013.7, 52699.4]": 0.7298937784522003,
            "(52699.4, 59007.6]": 0.6555386949924128,
            "(59007.6, 65528.0]": 0.65402124430956
        }
    },
    "pred_same_as_input_beam_0": {
        "0": {
            "input_is_prime": false,
            "pred_same_as_input": false,
            "group_size": 5252,
            "correct_product_mean": 0.8990860624523991,
            "correct_factorization_mean": 0.8509139375476009
        },
        "1": {
            "input_is_prime": false,
            "pred_same_as_input": true,
            "group_size": 668,
            "correct_product_mean": 1.0,
            "correct_factorization_mean": 0.0
        },
        "2": {
            "input_is_prime": true,
            "pred_same_as_input": false,
            "group_size": 34,
            "correct_product_mean": 0.0,
            "correct_factorization_mean": 0.0
        },
        "3": {
            "input_is_prime": true,
            "pred_same_as_input": true,
            "group_size": 634,
            "correct_product_mean": 1.0,
            "correct_factorization_mean": 1.0
        }
    },
    "by_min_factor_composite_only": {
        "0": {
            "min_factor_decile": "(1.999, 3.0]",
            "group_size": 4339,
            "correct_product_mean": 0.9465314588614888,
            "correct_factorization_mean": 0.8442037335791657
        },
        "1": {
            "min_factor_decile": "(3.0, 5.0]",
            "group_size": 447,
            "correct_product_mean": 0.959731543624161,
            "correct_factorization_mean": 0.9194630872483222
        },
        "2": {
            "min_factor_decile": "(5.0, 17.0]",
            "group_size": 614,
            "correct_product_mean": 0.9674267100977199,
            "correct_factorization_mean": 0.36807817589576547
        },
        "3": {
            "min_factor_decile": "(17.0, 241.0]",
            "group_size": 520,
            "correct_product_mean": 0.9634615384615385,
            "correct_factorization_mean": 0.325
        }
    },
    "loss": 0.17119737712922123,
    "meta": {
        "n_beams": 2,
        "temperature": 1.0
    }
}