{
    "correct": {
        "correct_product": 0.9473284760170007,
        "correct_factorization": 0.7615361262902246
    },
    "beam_accuracy": {
        "correct_product": {
            "0": 0.9198542805100182,
            "1": 0.19429265330904674
        },
        "correct_factorization": {
            "0": 0.7141772920461446,
            "1": 0.05145719489981785
        }
    },
    "by_prob": {
        "group_size": {
            "(-13.812999999999999, -7.278]": 1318.0,
            "(-7.278, -4.699]": 1318.0,
            "(-4.699, -2.979]": 1317.0,
            "(-2.979, -2.069]": 1318.0,
            "(-2.069, -1.32]": 1317.0,
            "(-1.32, -0.836]": 1318.0,
            "(-0.836, -0.352]": 1317.0,
            "(-0.352, -0.018]": 1318.0,
            "(-0.018, -0.0013]": 1317.0,
            "(-0.0013, -4.41e-06]": 1318.0
        },
        "correct_product": {
            "(-13.812999999999999, -7.278]": 0.15402124430955993,
            "(-7.278, -4.699]": 0.20637329286798178,
            "(-4.699, -2.979]": 0.1624905087319666,
            "(-2.979, -2.069]": 0.13884673748103188,
            "(-2.069, -1.32]": 0.2968868640850418,
            "(-1.32, -0.836]": 0.7549317147192717,
            "(-0.836, -0.352]": 0.894457099468489,
            "(-0.352, -0.018]": 0.9643399089529591,
            "(-0.018, -0.0013]": 0.9984813971146546,
            "(-0.0013, -4.41e-06]": 1.0
        },
        "correct_factorization": {
            "(-13.812999999999999, -7.278]": 0.011380880121396054,
            "(-7.278, -4.699]": 0.0030349013657056147,
            "(-4.699, -2.979]": 0.02050113895216401,
            "(-2.979, -2.069]": 0.05842185128983308,
            "(-2.069, -1.32]": 0.14654517843583903,
            "(-1.32, -0.836]": 0.3186646433990895,
            "(-0.836, -0.352]": 0.4198936977980258,
            "(-0.352, -0.018]": 0.8535660091047041,
            "(-0.018, -0.0013]": 0.9962034927866363,
            "(-0.0013, -4.41e-06]": 1.0
        },
        "percent_prime_factors_pred": {
            "(-13.812999999999999, -7.278]": 0.8392589180335766,
            "(-7.278, -4.699]": 0.855358949346051,
            "(-4.699, -2.979]": 0.8090058574682719,
            "(-2.979, -2.069]": 0.827066623310933,
            "(-2.069, -1.32]": 0.8378538887081028,
            "(-1.32, -0.836]": 0.6202109979044729,
            "(-0.836, -0.352]": 0.6360659145966663,
            "(-0.352, -0.018]": 0.9441252980706699,
            "(-0.018, -0.0013]": 0.9995444191343964,
            "(-0.0013, -4.41e-06]": 1.0
        }
    },
    "by_num_target_factors": {
        "group_size": {
            "1": 668,
            "2": 1601,
            "3": 1720,
            "4": 1198,
            "5": 715,
            "6": 373,
            "7": 165,
            "8": 79,
            "9": 35,
            "10": 20,
            "11": 8,
            "12": 3,
            "13": 3
        },
        "correct_product_mean": {
            "1": 0.9760479041916168,
            "2": 0.9643972517176764,
            "3": 0.9651162790697675,
            "4": 0.9499165275459098,
            "5": 0.9678321678321679,
            "6": 0.9410187667560321,
            "7": 0.7272727272727273,
            "8": 0.6582278481012658,
            "9": 0.5714285714285714,
            "10": 0.45,
            "11": 0.375,
            "12": 0.0,
            "13": 0.0
        },
        "correct_factorization_mean": {
            "1": 0.9760479041916168,
            "2": 0.637101811367895,
            "3": 0.7151162790697675,
            "4": 0.7988313856427379,
            "5": 0.9300699300699301,
            "6": 0.8445040214477212,
            "7": 0.6060606060606061,
            "8": 0.5949367088607594,
            "9": 0.5428571428571428,
            "10": 0.45,
            "11": 0.375,
            "12": 0.0,
            "13": 0.0
        }
    },
    "by_input_num": {
        "group_size": {
            "(7.999, 6350.5]": 659,
            "(6350.5, 12996.8]": 659,
            "(12996.8, 19472.5]": 659,
            "(19472.5, 26116.8]": 658,
            "(26116.8, 32574.0]": 659,
            "(32574.0, 39331.6]": 659,
            "(39331.6, 46013.7]": 658,
            "(46013.7, 52699.4]": 659,
            "(52699.4, 59007.6]": 659,
            "(59007.6, 65528.0]": 659
        },
        "correct_product_mean": {
            "(7.999, 6350.5]": 0.9984825493171472,
            "(6350.5, 12996.8]": 0.9833080424886191,
            "(12996.8, 19472.5]": 0.9666160849772383,
            "(19472.5, 26116.8]": 0.9574468085106383,
            "(26116.8, 32574.0]": 0.9241274658573596,
            "(32574.0, 39331.6]": 0.9377845220030349,
            "(39331.6, 46013.7]": 0.9300911854103343,
            "(46013.7, 52699.4]": 0.9256449165402124,
            "(52699.4, 59007.6]": 0.9301972685887708,
            "(59007.6, 65528.0]": 0.9195751138088012
        },
        "correct_factorization_mean": {
            "(7.999, 6350.5]": 0.9939301972685888,
            "(6350.5, 12996.8]": 0.9787556904400607,
            "(12996.8, 19472.5]": 0.9195751138088012,
            "(19472.5, 26116.8]": 0.8206686930091185,
            "(26116.8, 32574.0]": 0.8042488619119879,
            "(32574.0, 39331.6]": 0.6418816388467374,
            "(39331.6, 46013.7]": 0.6246200607902735,
            "(46013.7, 52699.4]": 0.6358118361153262,
            "(52699.4, 59007.6]": 0.5993930197268589,
            "(59007.6, 65528.0]": 0.5963581183611533
        }
    },
    "pred_same_as_input_beam_0": {
        "0": {
            "input_is_prime": false,
            "pred_same_as_input": false,
            "group_size": 5920,
            "correct_product_mean": 0.9153716216216217,
            "correct_factorization_mean": 0.6864864864864865
        },
        "1": {
            "input_is_prime": true,
            "pred_same_as_input": false,
            "group_size": 664,
            "correct_product_mean": 0.9593373493975904,
            "correct_factorization_mean": 0.9593373493975904
        },
        "2": {
            "input_is_prime": true,
            "pred_same_as_input": true,
            "group_size": 4,
            "correct_product_mean": 1.0,
            "correct_factorization_mean": 1.0
        }
    },
    "by_min_factor_composite_only": {
        "0": {
            "min_factor_decile": "(1.999, 3.0]",
            "group_size": 4339,
            "correct_product_mean": 0.9375432127218253,
            "correct_factorization_mean": 0.7833602212491357
        },
        "1": {
            "min_factor_decile": "(3.0, 5.0]",
            "group_size": 447,
            "correct_product_mean": 0.9395973154362416,
            "correct_factorization_mean": 0.883668903803132
        },
        "2": {
            "min_factor_decile": "(5.0, 17.0]",
            "group_size": 614,
            "correct_product_mean": 0.9820846905537459,
            "correct_factorization_mean": 0.26547231270358307
        },
        "3": {
            "min_factor_decile": "(17.0, 241.0]",
            "group_size": 520,
            "correct_product_mean": 0.9576923076923077,
            "correct_factorization_mean": 0.20576923076923076
        }
    },
    "loss": 0.17690360835394497,
    "meta": {
        "n_beams": 2,
        "temperature": 1.0
    }
}