{
    "correct": {
        "correct_product": 0.84619140625,
        "correct_factorization": 0.57373046875
    },
    "beam_accuracy": {
        "correct_product": {
            "0": 0.818359375,
            "1": 0.140625
        },
        "correct_factorization": {
            "0": 0.52685546875,
            "1": 0.05029296875
        }
    },
    "by_prob": {
        "group_size": {
            "(-12.437, -4.387]": 410.0,
            "(-4.387, -3.278]": 410.0,
            "(-3.278, -2.648]": 409.0,
            "(-2.648, -2.011]": 410.0,
            "(-2.011, -1.516]": 409.0,
            "(-1.516, -1.173]": 410.0,
            "(-1.173, -0.892]": 409.0,
            "(-0.892, -0.481]": 410.0,
            "(-0.481, -0.031]": 409.0,
            "(-0.031, -7.15e-06]": 410.0
        },
        "correct_product": {
            "(-12.437, -4.387]": 0.14146341463414633,
            "(-4.387, -3.278]": 0.05853658536585366,
            "(-3.278, -2.648]": 0.05867970660146699,
            "(-2.648, -2.011]": 0.11219512195121951,
            "(-2.011, -1.516]": 0.2762836185819071,
            "(-1.516, -1.173]": 0.624390243902439,
            "(-1.173, -0.892]": 0.7677261613691931,
            "(-0.892, -0.481]": 0.8268292682926829,
            "(-0.481, -0.031]": 0.9339853300733496,
            "(-0.031, -7.15e-06]": 0.9951219512195122
        },
        "correct_factorization": {
            "(-12.437, -4.387]": 0.014634146341463415,
            "(-4.387, -3.278]": 0.012195121951219513,
            "(-3.278, -2.648]": 0.009779951100244499,
            "(-2.648, -2.011]": 0.046341463414634146,
            "(-2.011, -1.516]": 0.14425427872860636,
            "(-1.516, -1.173]": 0.2658536585365854,
            "(-1.173, -0.892]": 0.2591687041564792,
            "(-0.892, -0.481]": 0.3804878048780488,
            "(-0.481, -0.031]": 0.7652811735941321,
            "(-0.031, -7.15e-06]": 0.9878048780487805
        },
        "percent_prime_factors_pred": {
            "(-12.437, -4.387]": 0.8961169183120402,
            "(-4.387, -3.278]": 0.8670867208672086,
            "(-3.278, -2.648]": 0.8384678076609617,
            "(-2.648, -2.011]": 0.8788559814169571,
            "(-2.011, -1.516]": 0.8634154150657818,
            "(-1.516, -1.173]": 0.6957317073170731,
            "(-1.173, -0.892]": 0.579805565257888,
            "(-0.892, -0.481]": 0.6767044134727062,
            "(-0.481, -0.031]": 0.92640586797066,
            "(-0.031, -7.15e-06]": 0.9975609756097561
        }
    },
    "by_num_target_factors": {
        "group_size": {
            "1": 192,
            "2": 466,
            "3": 501,
            "4": 401,
            "5": 237,
            "6": 131,
            "7": 62,
            "8": 32,
            "9": 12,
            "10": 7,
            "11": 5,
            "12": 1,
            "16": 1
        },
        "correct_product_mean": {
            "1": 0.9583333333333334,
            "2": 0.8905579399141631,
            "3": 0.846307385229541,
            "4": 0.8453865336658354,
            "5": 0.8185654008438819,
            "6": 0.7938931297709924,
            "7": 0.6612903225806451,
            "8": 0.65625,
            "9": 0.5833333333333334,
            "10": 0.2857142857142857,
            "11": 0.2,
            "12": 1.0,
            "16": 0.0
        },
        "correct_factorization_mean": {
            "1": 0.9583333333333334,
            "2": 0.3905579399141631,
            "3": 0.4151696606786427,
            "4": 0.6433915211970075,
            "5": 0.7552742616033755,
            "6": 0.732824427480916,
            "7": 0.6290322580645161,
            "8": 0.5625,
            "9": 0.5833333333333334,
            "10": 0.2857142857142857,
            "11": 0.2,
            "12": 1.0,
            "16": 0.0
        }
    },
    "by_input_num": {
        "group_size": {
            "(65535.999, 65740.7]": 205,
            "(65740.7, 65945.4]": 205,
            "(65945.4, 66150.1]": 205,
            "(66150.1, 66354.8]": 204,
            "(66354.8, 66559.5]": 205,
            "(66559.5, 66764.2]": 205,
            "(66764.2, 66968.9]": 204,
            "(66968.9, 67173.6]": 205,
            "(67173.6, 67378.3]": 205,
            "(67378.3, 67583.0]": 205
        },
        "correct_product_mean": {
            "(65535.999, 65740.7]": 0.9073170731707317,
            "(65740.7, 65945.4]": 0.8585365853658536,
            "(65945.4, 66150.1]": 0.8682926829268293,
            "(66150.1, 66354.8]": 0.8088235294117647,
            "(66354.8, 66559.5]": 0.8195121951219512,
            "(66559.5, 66764.2]": 0.8439024390243902,
            "(66764.2, 66968.9]": 0.8333333333333334,
            "(66968.9, 67173.6]": 0.8341463414634146,
            "(67173.6, 67378.3]": 0.8536585365853658,
            "(67378.3, 67583.0]": 0.8341463414634146
        },
        "correct_factorization_mean": {
            "(65535.999, 65740.7]": 0.6439024390243903,
            "(65740.7, 65945.4]": 0.6,
            "(65945.4, 66150.1]": 0.5902439024390244,
            "(66150.1, 66354.8]": 0.5,
            "(66354.8, 66559.5]": 0.5756097560975609,
            "(66559.5, 66764.2]": 0.5658536585365853,
            "(66764.2, 66968.9]": 0.5490196078431373,
            "(66968.9, 67173.6]": 0.551219512195122,
            "(67173.6, 67378.3]": 0.5756097560975609,
            "(67378.3, 67583.0]": 0.5853658536585366
        }
    },
    "pred_same_as_input_beam_0": {
        "0": {
            "input_is_prime": false,
            "pred_same_as_input": false,
            "group_size": 1522,
            "correct_product_mean": 0.7608409986859396,
            "correct_factorization_mean": 0.588042049934297
        },
        "1": {
            "input_is_prime": false,
            "pred_same_as_input": true,
            "group_size": 334,
            "correct_product_mean": 1.0,
            "correct_factorization_mean": 0.0
        },
        "2": {
            "input_is_prime": true,
            "pred_same_as_input": false,
            "group_size": 8,
            "correct_product_mean": 0.0,
            "correct_factorization_mean": 0.0
        },
        "3": {
            "input_is_prime": true,
            "pred_same_as_input": true,
            "group_size": 184,
            "correct_product_mean": 1.0,
            "correct_factorization_mean": 1.0
        }
    },
    "by_min_factor_composite_only": {
        "0": {
            "min_factor_decile": "(1.999, 3.0]",
            "group_size": 1365,
            "correct_product_mean": 0.7948717948717948,
            "correct_factorization_mean": 0.5758241758241758
        },
        "1": {
            "min_factor_decile": "(3.0, 5.0]",
            "group_size": 136,
            "correct_product_mean": 0.9485294117647058,
            "correct_factorization_mean": 0.8014705882352942
        },
        "2": {
            "min_factor_decile": "(5.0, 17.0]",
            "group_size": 176,
            "correct_product_mean": 0.9545454545454546,
            "correct_factorization_mean": 0.0
        },
        "3": {
            "min_factor_decile": "(17.0, 257.0]",
            "group_size": 179,
            "correct_product_mean": 0.9329608938547486,
            "correct_factorization_mean": 0.0
        }
    },
    "loss": 0.39211336501435984,
    "meta": {
        "n_beams": 2,
        "temperature": 1.0
    }
}