{
    "correct": {
        "correct_product": 0.86572265625,
        "correct_factorization": 0.57470703125
    },
    "beam_accuracy": {
        "correct_product": {
            "0": 0.8369140625,
            "1": 0.1376953125
        },
        "correct_factorization": {
            "0": 0.525390625,
            "1": 0.0517578125
        }
    },
    "by_prob": {
        "group_size": {
            "(-12.322, -4.253]": 410.0,
            "(-4.253, -3.347]": 410.0,
            "(-3.347, -2.696]": 409.0,
            "(-2.696, -2.025]": 410.0,
            "(-2.025, -1.519]": 409.0,
            "(-1.519, -1.149]": 410.0,
            "(-1.149, -0.88]": 409.0,
            "(-0.88, -0.541]": 410.0,
            "(-0.541, -0.0646]": 409.0,
            "(-0.0646, -1.48e-05]": 410.0
        },
        "correct_product": {
            "(-12.322, -4.253]": 0.12926829268292683,
            "(-4.253, -3.347]": 0.08536585365853659,
            "(-3.347, -2.696]": 0.06845965770171149,
            "(-2.696, -2.025]": 0.11951219512195121,
            "(-2.025, -1.519]": 0.2469437652811736,
            "(-1.519, -1.149]": 0.6073170731707317,
            "(-1.149, -0.88]": 0.8166259168704156,
            "(-0.88, -0.541]": 0.8853658536585366,
            "(-0.541, -0.0646]": 0.9144254278728606,
            "(-0.0646, -1.48e-05]": 1.0
        },
        "correct_factorization": {
            "(-12.322, -4.253]": 0.00975609756097561,
            "(-4.253, -3.347]": 0.012195121951219513,
            "(-3.347, -2.696]": 0.03178484107579462,
            "(-2.696, -2.025]": 0.046341463414634146,
            "(-2.025, -1.519]": 0.12224938875305623,
            "(-1.519, -1.149]": 0.23658536585365852,
            "(-1.149, -0.88]": 0.33251833740831294,
            "(-0.88, -0.541]": 0.35121951219512193,
            "(-0.541, -0.0646]": 0.7432762836185819,
            "(-0.0646, -1.48e-05]": 1.0
        },
        "percent_prime_factors_pred": {
            "(-12.322, -4.253]": 0.9030245838172667,
            "(-4.253, -3.347]": 0.8383449477351916,
            "(-3.347, -2.696]": 0.8253774207319439,
            "(-2.696, -2.025]": 0.8764024390243902,
            "(-2.025, -1.519]": 0.881965304459192,
            "(-1.519, -1.149]": 0.6768989547038327,
            "(-1.149, -0.88]": 0.5822913028292,
            "(-0.88, -0.541]": 0.6195644599303136,
            "(-0.541, -0.0646]": 0.9005297473512632,
            "(-0.0646, -1.48e-05]": 1.0
        }
    },
    "by_num_target_factors": {
        "group_size": {
            "1": 192,
            "2": 466,
            "3": 501,
            "4": 401,
            "5": 237,
            "6": 131,
            "7": 62,
            "8": 32,
            "9": 12,
            "10": 7,
            "11": 5,
            "12": 1,
            "16": 1
        },
        "correct_product_mean": {
            "1": 0.9895833333333334,
            "2": 0.927038626609442,
            "3": 0.874251497005988,
            "4": 0.85785536159601,
            "5": 0.8185654008438819,
            "6": 0.8396946564885496,
            "7": 0.5967741935483871,
            "8": 0.5625,
            "9": 0.5833333333333334,
            "10": 0.2857142857142857,
            "11": 0.2,
            "12": 0.0,
            "16": 0.0
        },
        "correct_factorization_mean": {
            "1": 0.9895833333333334,
            "2": 0.3948497854077253,
            "3": 0.4111776447105788,
            "4": 0.6408977556109726,
            "5": 0.759493670886076,
            "6": 0.7709923664122137,
            "7": 0.5483870967741935,
            "8": 0.46875,
            "9": 0.5833333333333334,
            "10": 0.2857142857142857,
            "11": 0.2,
            "12": 0.0,
            "16": 0.0
        }
    },
    "by_input_num": {
        "group_size": {
            "(65535.999, 65740.7]": 205,
            "(65740.7, 65945.4]": 205,
            "(65945.4, 66150.1]": 205,
            "(66150.1, 66354.8]": 204,
            "(66354.8, 66559.5]": 205,
            "(66559.5, 66764.2]": 205,
            "(66764.2, 66968.9]": 204,
            "(66968.9, 67173.6]": 205,
            "(67173.6, 67378.3]": 205,
            "(67378.3, 67583.0]": 205
        },
        "correct_product_mean": {
            "(65535.999, 65740.7]": 0.9219512195121952,
            "(65740.7, 65945.4]": 0.8731707317073171,
            "(65945.4, 66150.1]": 0.848780487804878,
            "(66150.1, 66354.8]": 0.8676470588235294,
            "(66354.8, 66559.5]": 0.8682926829268293,
            "(66559.5, 66764.2]": 0.8341463414634146,
            "(66764.2, 66968.9]": 0.8480392156862745,
            "(66968.9, 67173.6]": 0.8585365853658536,
            "(67173.6, 67378.3]": 0.8878048780487805,
            "(67378.3, 67583.0]": 0.848780487804878
        },
        "correct_factorization_mean": {
            "(65535.999, 65740.7]": 0.6487804878048781,
            "(65740.7, 65945.4]": 0.5756097560975609,
            "(65945.4, 66150.1]": 0.5658536585365853,
            "(66150.1, 66354.8]": 0.5343137254901961,
            "(66354.8, 66559.5]": 0.5804878048780487,
            "(66559.5, 66764.2]": 0.551219512195122,
            "(66764.2, 66968.9]": 0.5588235294117647,
            "(66968.9, 67173.6]": 0.5658536585365853,
            "(67173.6, 67378.3]": 0.5951219512195122,
            "(67378.3, 67583.0]": 0.5707317073170731
        }
    },
    "pred_same_as_input_beam_0": {
        "0": {
            "input_is_prime": false,
            "pred_same_as_input": false,
            "group_size": 1856,
            "correct_product_mean": 0.8211206896551724,
            "correct_factorization_mean": 0.47737068965517243
        },
        "1": {
            "input_is_prime": true,
            "pred_same_as_input": false,
            "group_size": 192,
            "correct_product_mean": 0.9895833333333334,
            "correct_factorization_mean": 0.9895833333333334
        }
    },
    "by_min_factor_composite_only": {
        "0": {
            "min_factor_decile": "(1.999, 3.0]",
            "group_size": 1365,
            "correct_product_mean": 0.8043956043956044,
            "correct_factorization_mean": 0.5677655677655677
        },
        "1": {
            "min_factor_decile": "(3.0, 5.0]",
            "group_size": 136,
            "correct_product_mean": 0.9558823529411765,
            "correct_factorization_mean": 0.8161764705882353
        },
        "2": {
            "min_factor_decile": "(5.0, 17.0]",
            "group_size": 176,
            "correct_product_mean": 1.0,
            "correct_factorization_mean": 0.0
        },
        "3": {
            "min_factor_decile": "(17.0, 257.0]",
            "group_size": 179,
            "correct_product_mean": 1.0,
            "correct_factorization_mean": 0.0
        }
    },
    "loss": 0.37905978889642705,
    "meta": {
        "n_beams": 2,
        "temperature": 1.0
    }
}