{
    "correct": {
        "correct_product": 0.9140625,
        "correct_factorization": 0.677734375
    },
    "beam_accuracy": {
        "correct_product": {
            "0": 0.888671875,
            "1": 0.1396484375
        },
        "correct_factorization": {
            "0": 0.6435546875,
            "1": 0.0341796875
        }
    },
    "by_prob": {
        "group_size": {
            "(-11.626, -5.941]": 410.0,
            "(-5.941, -3.637]": 410.0,
            "(-3.637, -2.869]": 409.0,
            "(-2.869, -2.304]": 410.0,
            "(-2.304, -1.539]": 409.0,
            "(-1.539, -1.111]": 410.0,
            "(-1.111, -0.78]": 409.0,
            "(-0.78, -0.0855]": 410.0,
            "(-0.0855, -0.00546]": 409.0,
            "(-0.00546, -2.13e-05]": 410.0
        },
        "correct_product": {
            "(-11.626, -5.941]": 0.14878048780487804,
            "(-5.941, -3.637]": 0.15609756097560976,
            "(-3.637, -2.869]": 0.07579462102689487,
            "(-2.869, -2.304]": 0.06585365853658537,
            "(-2.304, -1.539]": 0.3154034229828851,
            "(-1.539, -1.111]": 0.7414634146341463,
            "(-1.111, -0.78]": 0.8484107579462102,
            "(-0.78, -0.0855]": 0.8,
            "(-0.0855, -0.00546]": 0.9926650366748166,
            "(-0.00546, -2.13e-05]": 0.9975609756097561
        },
        "correct_factorization": {
            "(-11.626, -5.941]": 0.0,
            "(-5.941, -3.637]": 0.004878048780487805,
            "(-3.637, -2.869]": 0.0024449877750611247,
            "(-2.869, -2.304]": 0.026829268292682926,
            "(-2.304, -1.539]": 0.13202933985330073,
            "(-1.539, -1.111]": 0.28536585365853656,
            "(-1.111, -0.78]": 0.33985330073349634,
            "(-0.78, -0.0855]": 0.6146341463414634,
            "(-0.0855, -0.00546]": 0.9853300733496333,
            "(-0.00546, -2.13e-05]": 0.9975609756097561
        },
        "percent_prime_factors_pred": {
            "(-11.626, -5.941]": 0.9093641114982579,
            "(-5.941, -3.637]": 0.8981068524970963,
            "(-3.637, -2.869]": 0.9138141809290954,
            "(-2.869, -2.304]": 0.9229674796747968,
            "(-2.304, -1.539]": 0.81668413086506,
            "(-1.539, -1.111]": 0.5815447154471545,
            "(-1.111, -0.78]": 0.5814588427057865,
            "(-0.78, -0.0855]": 0.9179442508710801,
            "(-0.0855, -0.00546]": 0.9965362673186634,
            "(-0.00546, -2.13e-05]": 1.0
        }
    },
    "by_num_target_factors": {
        "group_size": {
            "1": 192,
            "2": 466,
            "3": 501,
            "4": 401,
            "5": 237,
            "6": 131,
            "7": 62,
            "8": 32,
            "9": 12,
            "10": 7,
            "11": 5,
            "12": 1,
            "16": 1
        },
        "correct_product_mean": {
            "1": 0.8958333333333334,
            "2": 0.944206008583691,
            "3": 0.9620758483033932,
            "4": 0.9625935162094763,
            "5": 0.8776371308016878,
            "6": 0.8091603053435115,
            "7": 0.7580645161290323,
            "8": 0.625,
            "9": 0.4166666666666667,
            "10": 0.42857142857142855,
            "11": 0.4,
            "12": 1.0,
            "16": 0.0
        },
        "correct_factorization_mean": {
            "1": 0.8958333333333334,
            "2": 0.4592274678111588,
            "3": 0.6147704590818364,
            "4": 0.8254364089775561,
            "5": 0.8185654008438819,
            "6": 0.7099236641221374,
            "7": 0.7258064516129032,
            "8": 0.625,
            "9": 0.4166666666666667,
            "10": 0.42857142857142855,
            "11": 0.4,
            "12": 1.0,
            "16": 0.0
        }
    },
    "by_input_num": {
        "group_size": {
            "(65535.999, 65740.7]": 205,
            "(65740.7, 65945.4]": 205,
            "(65945.4, 66150.1]": 205,
            "(66150.1, 66354.8]": 204,
            "(66354.8, 66559.5]": 205,
            "(66559.5, 66764.2]": 205,
            "(66764.2, 66968.9]": 204,
            "(66968.9, 67173.6]": 205,
            "(67173.6, 67378.3]": 205,
            "(67378.3, 67583.0]": 205
        },
        "correct_product_mean": {
            "(65535.999, 65740.7]": 0.9463414634146341,
            "(65740.7, 65945.4]": 0.926829268292683,
            "(65945.4, 66150.1]": 0.9512195121951219,
            "(66150.1, 66354.8]": 0.9264705882352942,
            "(66354.8, 66559.5]": 0.9073170731707317,
            "(66559.5, 66764.2]": 0.8926829268292683,
            "(66764.2, 66968.9]": 0.8970588235294118,
            "(66968.9, 67173.6]": 0.9219512195121952,
            "(67173.6, 67378.3]": 0.9170731707317074,
            "(67378.3, 67583.0]": 0.8536585365853658
        },
        "correct_factorization_mean": {
            "(65535.999, 65740.7]": 0.7268292682926829,
            "(65740.7, 65945.4]": 0.6634146341463415,
            "(65945.4, 66150.1]": 0.7121951219512195,
            "(66150.1, 66354.8]": 0.6372549019607843,
            "(66354.8, 66559.5]": 0.6439024390243903,
            "(66559.5, 66764.2]": 0.6926829268292682,
            "(66764.2, 66968.9]": 0.6568627450980392,
            "(66968.9, 67173.6]": 0.6878048780487804,
            "(67173.6, 67378.3]": 0.6731707317073171,
            "(67378.3, 67583.0]": 0.6829268292682927
        }
    },
    "pred_same_as_input_beam_0": {
        "0": {
            "input_is_prime": false,
            "pred_same_as_input": false,
            "group_size": 1539,
            "correct_product_mean": 0.8674463937621832,
            "correct_factorization_mean": 0.7472384665367121
        },
        "1": {
            "input_is_prime": false,
            "pred_same_as_input": true,
            "group_size": 317,
            "correct_product_mean": 1.0,
            "correct_factorization_mean": 0.0
        },
        "2": {
            "input_is_prime": true,
            "pred_same_as_input": false,
            "group_size": 24,
            "correct_product_mean": 0.0,
            "correct_factorization_mean": 0.0
        },
        "3": {
            "input_is_prime": true,
            "pred_same_as_input": true,
            "group_size": 168,
            "correct_product_mean": 1.0,
            "correct_factorization_mean": 1.0
        }
    },
    "by_min_factor_composite_only": {
        "0": {
            "min_factor_decile": "(1.999, 3.0]",
            "group_size": 1365,
            "correct_product_mean": 0.9216117216117216,
            "correct_factorization_mean": 0.7567765567765568
        },
        "1": {
            "min_factor_decile": "(3.0, 5.0]",
            "group_size": 136,
            "correct_product_mean": 0.8970588235294118,
            "correct_factorization_mean": 0.8602941176470589
        },
        "2": {
            "min_factor_decile": "(5.0, 17.0]",
            "group_size": 176,
            "correct_product_mean": 0.9204545454545454,
            "correct_factorization_mean": 0.0
        },
        "3": {
            "min_factor_decile": "(17.0, 257.0]",
            "group_size": 179,
            "correct_product_mean": 0.88268156424581,
            "correct_factorization_mean": 0.0
        }
    },
    "loss": 0.38524738844592593,
    "meta": {
        "n_beams": 2,
        "temperature": 1.0
    }
}