{
    "correct": {
        "correct_product": 0.9707043108682453,
        "correct_factorization": 0.8542805100182149
    },
    "beam_accuracy": {
        "correct_product": {
            "0": 0.9479356405585914,
            "1": 0.20036429872495445
        },
        "correct_factorization": {
            "0": 0.8207346690953249,
            "1": 0.03384942319368549
        }
    },
    "by_prob": {
        "group_size": {
            "(-14.799999999999999, -9.21]": 1321.0,
            "(-9.21, -7.089]": 1315.0,
            "(-7.089, -4.577]": 1317.0,
            "(-4.577, -2.5]": 1318.0,
            "(-2.5, -1.253]": 1317.0,
            "(-1.253, -0.676]": 1318.0,
            "(-0.676, -0.02]": 1317.0,
            "(-0.02, -0.00159]": 1318.0,
            "(-0.00159, -0.00018]": 1317.0,
            "(-0.00018, -1.91e-06]": 1318.0
        },
        "correct_product": {
            "(-14.799999999999999, -9.21]": 0.1445874337623013,
            "(-9.21, -7.089]": 0.1908745247148289,
            "(-7.089, -4.577]": 0.2126044039483675,
            "(-4.577, -2.5]": 0.17223065250379363,
            "(-2.5, -1.253]": 0.2999240698557327,
            "(-1.253, -0.676]": 0.8247344461305007,
            "(-0.676, -0.02]": 0.9005315110098709,
            "(-0.02, -0.00159]": 0.996206373292868,
            "(-0.00159, -0.00018]": 1.0,
            "(-0.00018, -1.91e-06]": 1.0
        },
        "correct_factorization": {
            "(-14.799999999999999, -9.21]": 0.000757002271006813,
            "(-9.21, -7.089]": 0.0007604562737642585,
            "(-7.089, -4.577]": 0.0037965072133637054,
            "(-4.577, -2.5]": 0.027314112291350532,
            "(-2.5, -1.253]": 0.13515565679574792,
            "(-1.253, -0.676]": 0.3285280728376328,
            "(-0.676, -0.02]": 0.7843583902809416,
            "(-0.02, -0.00159]": 0.992412746585736,
            "(-0.00159, -0.00018]": 1.0,
            "(-0.00018, -1.91e-06]": 1.0
        },
        "percent_prime_factors_pred": {
            "(-14.799999999999999, -9.21]": 0.8304567247035074,
            "(-9.21, -7.089]": 0.891025710664494,
            "(-7.089, -4.577]": 0.8680325053331888,
            "(-4.577, -2.5]": 0.8376246477346628,
            "(-2.5, -1.253]": 0.8055094551108218,
            "(-1.253, -0.676]": 0.5318646578510008,
            "(-0.676, -0.02]": 0.9136104783599088,
            "(-0.02, -0.00159]": 0.9983687405159332,
            "(-0.00159, -0.00018]": 1.0,
            "(-0.00018, -1.91e-06]": 1.0
        }
    },
    "by_num_target_factors": {
        "group_size": {
            "1": 668,
            "2": 1601,
            "3": 1720,
            "4": 1198,
            "5": 715,
            "6": 373,
            "7": 165,
            "8": 79,
            "9": 35,
            "10": 20,
            "11": 8,
            "12": 3,
            "13": 3
        },
        "correct_product_mean": {
            "1": 0.9865269461077845,
            "2": 0.9850093691442848,
            "3": 0.9889534883720931,
            "4": 0.988313856427379,
            "5": 0.9706293706293706,
            "6": 0.9302949061662198,
            "7": 0.8303030303030303,
            "8": 0.7341772151898734,
            "9": 0.6,
            "10": 0.55,
            "11": 0.5,
            "12": 0.6666666666666666,
            "13": 0.0
        },
        "correct_factorization_mean": {
            "1": 0.9865269461077845,
            "2": 0.7033104309806371,
            "3": 0.8476744186046512,
            "4": 0.9465776293823038,
            "5": 0.965034965034965,
            "6": 0.8873994638069705,
            "7": 0.8121212121212121,
            "8": 0.7341772151898734,
            "9": 0.6,
            "10": 0.55,
            "11": 0.5,
            "12": 0.6666666666666666,
            "13": 0.0
        }
    },
    "by_input_num": {
        "group_size": {
            "(7.999, 6350.5]": 659,
            "(6350.5, 12996.8]": 659,
            "(12996.8, 19472.5]": 659,
            "(19472.5, 26116.8]": 658,
            "(26116.8, 32574.0]": 659,
            "(32574.0, 39331.6]": 659,
            "(39331.6, 46013.7]": 658,
            "(46013.7, 52699.4]": 659,
            "(52699.4, 59007.6]": 659,
            "(59007.6, 65528.0]": 659
        },
        "correct_product_mean": {
            "(7.999, 6350.5]": 0.9969650986342944,
            "(6350.5, 12996.8]": 0.9954476479514416,
            "(12996.8, 19472.5]": 0.992412746585736,
            "(19472.5, 26116.8]": 0.9635258358662614,
            "(26116.8, 32574.0]": 0.9666160849772383,
            "(32574.0, 39331.6]": 0.9711684370257967,
            "(39331.6, 46013.7]": 0.9635258358662614,
            "(46013.7, 52699.4]": 0.9393019726858877,
            "(52699.4, 59007.6]": 0.9635811836115327,
            "(59007.6, 65528.0]": 0.9544764795144158
        },
        "correct_factorization_mean": {
            "(7.999, 6350.5]": 0.9969650986342944,
            "(6350.5, 12996.8]": 0.9954476479514416,
            "(12996.8, 19472.5]": 0.9893778452200304,
            "(19472.5, 26116.8]": 0.9270516717325228,
            "(26116.8, 32574.0]": 0.8452200303490136,
            "(32574.0, 39331.6]": 0.7966616084977238,
            "(39331.6, 46013.7]": 0.7735562310030395,
            "(46013.7, 52699.4]": 0.779969650986343,
            "(52699.4, 59007.6]": 0.7298937784522003,
            "(59007.6, 65528.0]": 0.708649468892261
        }
    },
    "pred_same_as_input_beam_0": {
        "0": {
            "input_is_prime": false,
            "pred_same_as_input": false,
            "group_size": 5234,
            "correct_product_mean": 0.9380970576996561,
            "correct_factorization_mean": 0.9090561711883837
        },
        "1": {
            "input_is_prime": false,
            "pred_same_as_input": true,
            "group_size": 686,
            "correct_product_mean": 1.0,
            "correct_factorization_mean": 0.0
        },
        "2": {
            "input_is_prime": true,
            "pred_same_as_input": false,
            "group_size": 19,
            "correct_product_mean": 0.0,
            "correct_factorization_mean": 0.0
        },
        "3": {
            "input_is_prime": true,
            "pred_same_as_input": true,
            "group_size": 649,
            "correct_product_mean": 1.0,
            "correct_factorization_mean": 1.0
        }
    },
    "by_min_factor_composite_only": {
        "0": {
            "min_factor_decile": "(1.999, 3.0]",
            "group_size": 4339,
            "correct_product_mean": 0.9665821617884305,
            "correct_factorization_mean": 0.9098870707536298
        },
        "1": {
            "min_factor_decile": "(3.0, 5.0]",
            "group_size": 447,
            "correct_product_mean": 0.9821029082774049,
            "correct_factorization_mean": 0.9507829977628636
        },
        "2": {
            "min_factor_decile": "(5.0, 17.0]",
            "group_size": 614,
            "correct_product_mean": 0.9771986970684039,
            "correct_factorization_mean": 0.3697068403908795
        },
        "3": {
            "min_factor_decile": "(17.0, 241.0]",
            "group_size": 520,
            "correct_product_mean": 0.9673076923076923,
            "correct_factorization_mean": 0.3038461538461538
        }
    },
    "loss": 0.1433099365419065,
    "meta": {
        "n_beams": 2,
        "temperature": 1.0
    }
}