{
    "correct": {
        "correct_product": 0.9758652094717668,
        "correct_factorization": 0.8671827565270188
    },
    "beam_accuracy": {
        "correct_product": {
            "0": 0.9529447480267152,
            "1": 0.22085610200364297
        },
        "correct_factorization": {
            "0": 0.8337887067395264,
            "1": 0.03400121432908318
        }
    },
    "by_prob": {
        "group_size": {
            "(-15.109, -9.21]": 1318.0,
            "(-9.21, -7.549]": 1318.0,
            "(-7.549, -5.041]": 1317.0,
            "(-5.041, -2.398]": 1318.0,
            "(-2.398, -1.212]": 1317.0,
            "(-1.212, -0.619]": 1318.0,
            "(-0.619, -0.0128]": 1317.0,
            "(-0.0128, -0.00105]": 1318.0,
            "(-0.00105, -0.000119]": 1317.0,
            "(-0.000119, -2.38e-07]": 1318.0
        },
        "correct_product": {
            "(-15.109, -9.21]": 0.2116843702579666,
            "(-9.21, -7.549]": 0.18361153262518967,
            "(-7.549, -5.041]": 0.22854973424449507,
            "(-5.041, -2.398]": 0.20637329286798178,
            "(-2.398, -1.212]": 0.2900531511009871,
            "(-1.212, -0.619]": 0.8292867981790591,
            "(-0.619, -0.0128]": 0.9195140470766895,
            "(-0.0128, -0.00105]": 1.0,
            "(-0.00105, -0.000119]": 1.0,
            "(-0.000119, -2.38e-07]": 1.0
        },
        "correct_factorization": {
            "(-15.109, -9.21]": 0.0015174506828528073,
            "(-9.21, -7.549]": 0.0,
            "(-7.549, -5.041]": 0.0007593014426727411,
            "(-5.041, -2.398]": 0.02959028831562974,
            "(-2.398, -1.212]": 0.1427486712224753,
            "(-1.212, -0.619]": 0.34370257966616086,
            "(-0.619, -0.0128]": 0.8208048595292331,
            "(-0.0128, -0.00105]": 1.0,
            "(-0.00105, -0.000119]": 1.0,
            "(-0.000119, -2.38e-07]": 1.0
        },
        "percent_prime_factors_pred": {
            "(-15.109, -9.21]": 0.758764180937929,
            "(-9.21, -7.549]": 0.832609834525616,
            "(-7.549, -5.041]": 0.8516758867556133,
            "(-5.041, -2.398]": 0.8321163619722042,
            "(-2.398, -1.212]": 0.8163945836497088,
            "(-1.212, -0.619]": 0.545738492665655,
            "(-0.619, -0.0128]": 0.9349839100408577,
            "(-0.0128, -0.00105]": 1.0,
            "(-0.00105, -0.000119]": 1.0,
            "(-0.000119, -2.38e-07]": 1.0
        }
    },
    "by_num_target_factors": {
        "group_size": {
            "1": 668,
            "2": 1601,
            "3": 1720,
            "4": 1198,
            "5": 715,
            "6": 373,
            "7": 165,
            "8": 79,
            "9": 35,
            "10": 20,
            "11": 8,
            "12": 3,
            "13": 3
        },
        "correct_product_mean": {
            "1": 0.9775449101796407,
            "2": 0.9850093691442848,
            "3": 0.9941860465116279,
            "4": 0.988313856427379,
            "5": 0.9762237762237762,
            "6": 0.938337801608579,
            "7": 0.9030303030303031,
            "8": 0.810126582278481,
            "9": 0.6857142857142857,
            "10": 0.65,
            "11": 0.625,
            "12": 0.3333333333333333,
            "13": 0.3333333333333333
        },
        "correct_factorization_mean": {
            "1": 0.9775449101796407,
            "2": 0.7245471580262336,
            "3": 0.8656976744186047,
            "4": 0.9499165275459098,
            "5": 0.958041958041958,
            "6": 0.8954423592493298,
            "7": 0.8848484848484849,
            "8": 0.810126582278481,
            "9": 0.6857142857142857,
            "10": 0.65,
            "11": 0.625,
            "12": 0.3333333333333333,
            "13": 0.3333333333333333
        }
    },
    "by_input_num": {
        "group_size": {
            "(7.999, 6350.5]": 659,
            "(6350.5, 12996.8]": 659,
            "(12996.8, 19472.5]": 659,
            "(19472.5, 26116.8]": 658,
            "(26116.8, 32574.0]": 659,
            "(32574.0, 39331.6]": 659,
            "(39331.6, 46013.7]": 658,
            "(46013.7, 52699.4]": 659,
            "(52699.4, 59007.6]": 659,
            "(59007.6, 65528.0]": 659
        },
        "correct_product_mean": {
            "(7.999, 6350.5]": 1.0,
            "(6350.5, 12996.8]": 0.9969650986342944,
            "(12996.8, 19472.5]": 1.0,
            "(19472.5, 26116.8]": 0.986322188449848,
            "(26116.8, 32574.0]": 0.9590288315629742,
            "(32574.0, 39331.6]": 0.9696509863429439,
            "(39331.6, 46013.7]": 0.9544072948328267,
            "(46013.7, 52699.4]": 0.9514415781487102,
            "(52699.4, 59007.6]": 0.9696509863429439,
            "(59007.6, 65528.0]": 0.9711684370257967
        },
        "correct_factorization_mean": {
            "(7.999, 6350.5]": 1.0,
            "(6350.5, 12996.8]": 0.9969650986342944,
            "(12996.8, 19472.5]": 0.9984825493171472,
            "(19472.5, 26116.8]": 0.9650455927051672,
            "(26116.8, 32574.0]": 0.8801213960546282,
            "(32574.0, 39331.6]": 0.795144157814871,
            "(39331.6, 46013.7]": 0.7674772036474165,
            "(46013.7, 52699.4]": 0.8012139605462822,
            "(52699.4, 59007.6]": 0.7496206373292867,
            "(59007.6, 65528.0]": 0.7177541729893778
        }
    },
    "pred_same_as_input_beam_0": {
        "0": {
            "input_is_prime": false,
            "pred_same_as_input": false,
            "group_size": 5920,
            "correct_product_mean": 0.9516891891891892,
            "correct_factorization_mean": 0.8190878378378378
        },
        "1": {
            "input_is_prime": true,
            "pred_same_as_input": false,
            "group_size": 657,
            "correct_product_mean": 0.9634703196347032,
            "correct_factorization_mean": 0.9634703196347032
        },
        "2": {
            "input_is_prime": true,
            "pred_same_as_input": true,
            "group_size": 11,
            "correct_product_mean": 1.0,
            "correct_factorization_mean": 1.0
        }
    },
    "by_min_factor_composite_only": {
        "0": {
            "min_factor_decile": "(1.999, 3.0]",
            "group_size": 4339,
            "correct_product_mean": 0.975570407928094,
            "correct_factorization_mean": 0.9197971882922332
        },
        "1": {
            "min_factor_decile": "(3.0, 5.0]",
            "group_size": 447,
            "correct_product_mean": 0.9776286353467561,
            "correct_factorization_mean": 0.9552572706935123
        },
        "2": {
            "min_factor_decile": "(5.0, 17.0]",
            "group_size": 614,
            "correct_product_mean": 0.9755700325732899,
            "correct_factorization_mean": 0.40390879478827363
        },
        "3": {
            "min_factor_decile": "(17.0, 241.0]",
            "group_size": 520,
            "correct_product_mean": 0.975,
            "correct_factorization_mean": 0.35192307692307695
        }
    },
    "loss": 0.14688843011276187,
    "meta": {
        "n_beams": 2,
        "temperature": 1.0
    }
}