{
    "correct": {
        "correct_product": 0.9999231773834216,
        "correct_factorization": 0.28063301836060534
    },
    "beam_accuracy": {
        "correct_product": {
            "0": 0.999769532150265,
            "1": 0.2628869939310133
        },
        "correct_factorization": {
            "0": 0.21548743950218943,
            "1": 0.06514557885841592
        }
    },
    "by_prob": {
        "correct_product": {
            "(-10.891, -4.373]": 0.01728110599078341,
            "(-4.373, -2.549]": 0.20245870149827122,
            "(-2.549, -2.451]": 0.3311563580484057,
            "(-2.451, -2.334]": 0.3717357910906298,
            "(-2.334, -1.706]": 0.4033807145601229,
            "(-1.706, -1.59]": 0.9927007299270073,
            "(-1.59, -1.535]": 0.999231950844854,
            "(-1.535, -1.48]": 0.9984633115635805,
            "(-1.48, -1.401]": 0.9996158278908951,
            "(-1.401, -0.318]": 0.9973118279569892
        },
        "correct_factorization": {
            "(-10.891, -4.373]": 0.004608294930875576,
            "(-4.373, -2.549]": 0.044179792547061086,
            "(-2.549, -2.451]": 0.06991932385708798,
            "(-2.451, -2.334]": 0.08832565284178187,
            "(-2.334, -1.706]": 0.11601997694967345,
            "(-1.706, -1.59]": 0.19631194775259317,
            "(-1.59, -1.535]": 0.18778801843317972,
            "(-1.535, -1.48]": 0.19477525931617365,
            "(-1.48, -1.401]": 0.22013061851709567,
            "(-1.401, -0.318]": 0.28110599078341014
        },
        "seq_dist_binary": {
            "(-10.891, -4.373]": 0.25138408858166894,
            "(-4.373, -2.549]": 0.20575617876808786,
            "(-2.549, -2.451]": 0.2026908054808554,
            "(-2.451, -2.334]": 0.18713997695852486,
            "(-2.334, -1.706]": 0.15312459982071988,
            "(-1.706, -1.59]": 0.20105807401715955,
            "(-1.59, -1.535]": 0.19993279569892486,
            "(-1.535, -1.48]": 0.19110161352285832,
            "(-1.48, -1.401]": 0.17336566781918325,
            "(-1.401, -0.318]": 0.1375848054275472
        },
        "seq_dist_lev": {
            "(-10.891, -4.373]": 9.558755760368664,
            "(-4.373, -2.549]": 7.39915482135997,
            "(-2.549, -2.451]": 7.3227045716480985,
            "(-2.451, -2.334]": 6.807987711213518,
            "(-2.334, -1.706]": 5.6796004610065305,
            "(-1.706, -1.59]": 7.818286592393393,
            "(-1.59, -1.535]": 7.820276497695852,
            "(-1.535, -1.48]": 7.473684210526316,
            "(-1.48, -1.401]": 6.810218978102189,
            "(-1.401, -0.318]": 5.503456221198157
        },
        "percent_prime_factors_pred": {
            "(-10.891, -4.373]": 0.8368299093231827,
            "(-4.373, -2.549]": 0.6658278908951233,
            "(-2.549, -2.451]": 0.6643264182353776,
            "(-2.451, -2.334]": 0.7214992807158759,
            "(-2.334, -1.706]": 0.7852166732401029,
            "(-1.706, -1.59]": 0.2603305709529298,
            "(-1.59, -1.535]": 0.31912425771872666,
            "(-1.535, -1.48]": 0.4246862594442298,
            "(-1.48, -1.401]": 0.5368036880522473,
            "(-1.401, -0.318]": 0.707694493379972
        }
    },
    "by_n_target_factors": {
        "correct_product_mean": {
            "1": 1.0,
            "2": 1.0,
            "3": 1.0,
            "4": 1.0,
            "5": 1.0,
            "6": 1.0,
            "7": 1.0,
            "8": 1.0,
            "9": 1.0,
            "10": 1.0,
            "11": 1.0,
            "12": 1.0,
            "13": 1.0,
            "14": 0.75
        },
        "correct_product_size": {
            "1": 1313,
            "2": 3170,
            "3": 3305,
            "4": 2401,
            "5": 1390,
            "6": 762,
            "7": 355,
            "8": 167,
            "9": 94,
            "10": 32,
            "11": 14,
            "12": 8,
            "13": 2,
            "14": 4
        },
        "correct_factorization_mean": {
            "1": 1.0,
            "2": 0.3337539432176656,
            "3": 0.1649016641452345,
            "4": 0.13327780091628488,
            "5": 0.13093525179856116,
            "6": 0.12860892388451445,
            "7": 0.18591549295774648,
            "8": 0.20958083832335328,
            "9": 0.20212765957446807,
            "10": 0.21875,
            "11": 0.2857142857142857,
            "12": 0.5,
            "13": 0.0,
            "14": 0.5
        },
        "correct_factorization_size": {
            "1": 1313,
            "2": 3170,
            "3": 3305,
            "4": 2401,
            "5": 1390,
            "6": 762,
            "7": 355,
            "8": 167,
            "9": 94,
            "10": 32,
            "11": 14,
            "12": 8,
            "13": 2,
            "14": 4
        }
    },
    "by_target_number": {
        "correct_product_mean": {
            "(8.999, 6700.4]": 1.0,
            "(6700.4, 13267.8]": 1.0,
            "(13267.8, 19602.6]": 1.0,
            "(19602.6, 25978.8]": 1.0,
            "(25978.8, 32651.0]": 1.0,
            "(32651.0, 39298.8]": 1.0,
            "(39298.8, 45796.8]": 1.0,
            "(45796.8, 52327.8]": 1.0,
            "(52327.8, 59017.4]": 0.999231950844854,
            "(59017.4, 65521.0]": 1.0
        },
        "correct_product_size": {
            "(8.999, 6700.4]": 1302,
            "(6700.4, 13267.8]": 1302,
            "(13267.8, 19602.6]": 1301,
            "(19602.6, 25978.8]": 1302,
            "(25978.8, 32651.0]": 1302,
            "(32651.0, 39298.8]": 1301,
            "(39298.8, 45796.8]": 1302,
            "(45796.8, 52327.8]": 1301,
            "(52327.8, 59017.4]": 1302,
            "(59017.4, 65521.0]": 1302
        },
        "correct_factorization_mean": {
            "(8.999, 6700.4]": 0.3632872503840246,
            "(6700.4, 13267.8]": 0.30721966205837176,
            "(13267.8, 19602.6]": 0.27056110684089163,
            "(19602.6, 25978.8]": 0.2887864823348694,
            "(25978.8, 32651.0]": 0.2872503840245776,
            "(32651.0, 39298.8]": 0.23597232897770945,
            "(39298.8, 45796.8]": 0.2403993855606759,
            "(45796.8, 52327.8]": 0.2843966179861645,
            "(52327.8, 59017.4]": 0.2818740399385561,
            "(59017.4, 65521.0]": 0.2465437788018433
        },
        "correct_factorization_size": {
            "(8.999, 6700.4]": 1302,
            "(6700.4, 13267.8]": 1302,
            "(13267.8, 19602.6]": 1301,
            "(19602.6, 25978.8]": 1302,
            "(25978.8, 32651.0]": 1302,
            "(32651.0, 39298.8]": 1301,
            "(39298.8, 45796.8]": 1302,
            "(45796.8, 52327.8]": 1301,
            "(52327.8, 59017.4]": 1302,
            "(59017.4, 65521.0]": 1302
        }
    },
    "by_pct_target_ones": {
        "correct_product_mean": {
            "(0.187, 0.5]": 1.0,
            "(0.5, 0.529]": 1.0,
            "(0.529, 0.562]": 0.9992138364779874,
            "(0.562, 0.6]": 1.0,
            "(0.6, 0.625]": 1.0,
            "(0.625, 0.667]": 1.0,
            "(0.667, 0.688]": 1.0,
            "(0.688, 0.722]": 1.0,
            "(0.722, 0.769]": 1.0,
            "(0.769, 1.0]": 1.0
        },
        "correct_product_size": {
            "(0.187, 0.5]": 1948,
            "(0.5, 0.529]": 708,
            "(0.529, 0.562]": 1272,
            "(0.562, 0.6]": 1459,
            "(0.6, 0.625]": 1166,
            "(0.625, 0.667]": 1993,
            "(0.667, 0.688]": 751,
            "(0.688, 0.722]": 1152,
            "(0.722, 0.769]": 1273,
            "(0.769, 1.0]": 1295
        },
        "correct_factorization_mean": {
            "(0.187, 0.5]": 0.553388090349076,
            "(0.5, 0.529]": 0.3305084745762712,
            "(0.529, 0.562]": 0.42374213836477986,
            "(0.562, 0.6]": 0.3111720356408499,
            "(0.6, 0.625]": 0.26758147512864494,
            "(0.625, 0.667]": 0.19919719016557952,
            "(0.667, 0.688]": 0.2303595206391478,