{
    "correct": {
        "correct_product": 0.8027963432434508,
        "correct_factorization": 0.22316970116002152
    },
    "beam_accuracy": {
        "correct_product": {
            "0": 0.7998770838134747,
            "1": 0.11615579626642084
        },
        "correct_factorization": {
            "0": 0.18798494276715064,
            "1": 0.035184758392870864
        }
    },
    "by_prob": {
        "correct_product": {
            "(-11.738999999999999, -9.732]": 0.0,
            "(-9.732, -8.516]": 0.0,
            "(-8.516, -3.209]": 0.024202842873607376,
            "(-3.209, -2.676]": 0.217357910906298,
            "(-2.676, -2.474]": 0.2892815981559739,
            "(-2.474, -2.184]": 0.3684210526315789,
            "(-2.184, -1.81]": 0.772273425499232,
            "(-1.81, -1.463]": 0.9442950441797926,
            "(-1.463, -1.111]": 0.9742604686899731,
            "(-1.111, -0.000421]": 0.9900153609831029
        },
        "correct_factorization": {
            "(-11.738999999999999, -9.732]": 0.0,
            "(-9.732, -8.516]": 0.0,
            "(-8.516, -3.209]": 0.0034575489819439107,
            "(-3.209, -2.676]": 0.04915514592933948,
            "(-2.676, -2.474]": 0.06838263542066846,
            "(-2.474, -2.184]": 0.09527468305800998,
            "(-2.184, -1.81]": 0.1228878648233487,
            "(-1.81, -1.463]": 0.15251632731463696,
            "(-1.463, -1.111]": 0.2597003457548982,
            "(-1.111, -0.000421]": 0.36443932411674346
        },
        "percent_prime_factors_pred": {
            "(-11.738999999999999, -9.732]": 0.9237711213517665,
            "(-9.732, -8.516]": 1.0,
            "(-8.516, -3.209]": 0.9097788571184647,
            "(-3.209, -2.676]": 0.7392404542462279,
            "(-2.676, -2.474]": 0.6598402941660734,
            "(-2.474, -2.184]": 0.7033418400014664,
            "(-2.184, -1.81]": 0.616734785311972,
            "(-1.81, -1.463]": 0.6275959058229602,
            "(-1.463, -1.111]": 0.4963723176554519,
            "(-1.111, -0.000421]": 0.5518282312925185
        }
    },
    "by_n_target_factors": {
        "correct_product_mean": {
            "1": 0.5521706016755522,
            "2": 0.6709779179810725,
            "3": 0.8042360060514372,
            "4": 0.914618908788005,
            "5": 0.9618705035971223,
            "6": 0.9829396325459318,
            "7": 0.9887323943661972,
            "8": 0.9520958083832335,
            "9": 0.9574468085106383,
            "10": 0.9375,
            "11": 1.0,
            "12": 1.0,
            "13": 1.0,
            "14": 1.0
        },
        "correct_product_size": {
            "1": 1313,
            "2": 3170,
            "3": 3305,
            "4": 2401,
            "5": 1390,
            "6": 762,
            "7": 355,
            "8": 167,
            "9": 94,
            "10": 32,
            "11": 14,
            "12": 8,
            "13": 2,
            "14": 4
        },
        "correct_factorization_mean": {
            "1": 0.5521706016755522,
            "2": 0.32397476340694004,
            "3": 0.18789712556732224,
            "4": 0.12703040399833404,
            "5": 0.08848920863309352,
            "6": 0.08661417322834646,
            "7": 0.07042253521126761,
            "8": 0.041916167664670656,
            "9": 0.0425531914893617,
            "10": 0.0625,
            "11": 0.0,
            "12": 0.0,
            "13": 0.0,
            "14": 0.0
        },
        "correct_factorization_size": {
            "1": 1313,
            "2": 3170,
            "3": 3305,
            "4": 2401,
            "5": 1390,
            "6": 762,
            "7": 355,
            "8": 167,
            "9": 94,
            "10": 32,
            "11": 14,
            "12": 8,
            "13": 2,
            "14": 4
        }
    },
    "by_target_number": {
        "correct_product_mean": {
            "(8.999, 6700.4]": 0.868663594470046,
            "(6700.4, 13267.8]": 0.9324116743471582,
            "(13267.8, 19602.6]": 0.6502690238278247,
            "(19602.6, 25978.8]": 0.9769585253456221,
            "(25978.8, 32651.0]": 0.9170506912442397,
            "(32651.0, 39298.8]": 0.9100691775557264,
            "(39298.8, 45796.8]": 0.5337941628264209,
            "(45796.8, 52327.8]": 0.5588009223674096,
            "(52327.8, 59017.4]": 0.695084485407066,
            "(59017.4, 65521.0]": 0.9846390168970814
        },
        "correct_product_size": {
            "(8.999, 6700.4]": 1302,
            "(6700.4, 13267.8]": 1302,
            "(13267.8, 19602.6]": 1301,
            "(19602.6, 25978.8]": 1302,
            "(25978.8, 32651.0]": 1302,
            "(32651.0, 39298.8]": 1301,
            "(39298.8, 45796.8]": 1302,
            "(45796.8, 52327.8]": 1301,
            "(52327.8, 59017.4]": 1302,
            "(59017.4, 65521.0]": 1302
        },
        "correct_factorization_mean": {
            "(8.999, 6700.4]": 0.3141321044546851,
            "(6700.4, 13267.8]": 0.30414746543778803,
            "(13267.8, 19602.6]": 0.1652574942352037,
            "(19602.6, 25978.8]": 0.2910906298003072,
            "(25978.8, 32651.0]": 0.2304147465437788,
            "(32651.0, 39298.8]": 0.24135280553420446,
            "(39298.8, 45796.8]": 0.1336405529953917,
            "(45796.8, 52327.8]": 0.15603382013835512,
            "(52327.8, 59017.4]": 0.16359447004608296,
            "(59017.4, 65521.0]": 0.23195084485407066
        },
        "correct_factorization_size": {
            "(8.999, 6700.4]": 1302,
            "(6700.4, 13267.8]": 1302,
            "(13267.8, 19602.6]": 1301,
            "(19602.6, 25978.8]": 1302,
            "(25978.8, 32651.0]": 1302,
            "(32651.0, 39298.8]": 1301,
            "(39298.8, 45796.8]": 1302,
            "(45796.8, 52327.8]": 1301,
            "(52327.8, 59017.4]": 1302,
            "(59017.4, 65521.0]": 1302
        }
    },
    "pred_same_as_target_beam_0": {
        "0": {
            "target_is_prime": false,
            "pred_same_as_target": false,
            "correct_product_mean": 0.7834210243745302,
            "correct_product_size": 9313,
            "correct_factorization_mean": 0.18490282400944916,
            "correct_factorization_size": 9313
        },
        "1": {
            "target_is_prime": false,
            "pred_same_as_target": true,
            "correct_product_mean": 1.0,
            "correct_product_size": 2391,
            "correct_factorization_mean": 0.0,
            "correct_factorization_size": 2391
        },
        "2": {
            "target_is_prime": true,
            "pred_same_as_target": false,
            "correct_product_mean": 0.0,
            "correct_product_size": 588,
            "correct_factorization_mean": 0.0,
            "correct_factorization_size": 588
        },
        "3": {
            "target_is_prime": true,
            "pred_same_as_target": true,
            "correct_product_mean": 1.0,
            "correct_product_size": 725,
            "correct_factorization_mean": 1.0,
            "correct_factorization_size": 725
        }
    },
    "test_loss": 0.08951485419974607,
    "meta": {
        "n_beams": 2
    }
}