{
    "correct": {
        "correct_product": 1.0,
        "correct_factorization": 0.4853652915418299
    },
    "beam_accuracy": {
        "correct_product": {
            "0": 0.9885534301298302,
            "1": 0.4355074133824998,
            "2": 0.16532227087654605,
            "3": 0.1253745102558193,
            "4": 0.09088115541215334,
            "5": 0.0729046631328263,
            "6": 0.04701544134593224,
            "7": 0.035568871475762466,
            "8": 0.019359299377736807,
            "9": 0.007528616424675424
        },
        "correct_factorization": {
            "0": 0.2131059383882615,
            "1": 0.09541368979027426,
            "2": 0.042175616501498044,
            "3": 0.035107935776292544,
            "4": 0.028654835983713604,
            "5": 0.02542828608742414,
            "6": 0.01997388031036337,
            "7": 0.01620957209802566,
            "8": 0.008527310440193593,
            "9": 0.0035338403626027502
        }
    },
    "by_prob": {
        "correct_product": {
            "(-11.379, -4.963]": 0.005684873626795729,
            "(-4.963, -4.372]": 0.01889836367826688,
            "(-4.372, -4.062]": 0.03695167857417224,
            "(-4.062, -3.82]": 0.05231620188983637,
            "(-3.82, -3.604]": 0.07221325958362142,
            "(-3.604, -3.371]": 0.08619497580087578,
            "(-3.371, -3.073]": 0.1179227164477222,
            "(-3.073, -2.672]": 0.16601367442575093,
            "(-2.672, -2.046]": 0.4815241607129139,
            "(-2.046, -0.000421]": 0.9502957670738266
        },
        "correct_factorization": {
            "(-11.379, -4.963]": 0.0031497272797111468,
            "(-4.963, -4.372]": 0.0070676807252055005,
            "(-4.372, -4.062]": 0.013213490051471153,
            "(-4.062, -3.82]": 0.01628639471460398,
            "(-3.82, -3.604]": 0.023815011139279404,
            "(-3.604, -3.371]": 0.028424368133978643,
            "(-3.371, -3.073]": 0.035568871475762466,
            "(-3.073, -2.672]": 0.04455711761542598,
            "(-2.672, -2.046]": 0.11170008450487824,
            "(-2.046, -0.000421]": 0.20434816009833295
        },
        "percent_prime_factors_pred": {
            "(-11.379, -4.963]": 0.9153942952647878,
            "(-4.963, -4.372]": 0.861478274442071,
            "(-4.372, -4.062]": 0.8318030390051476,
            "(-4.062, -3.82]": 0.8168240920603096,
            "(-3.82, -3.604]": 0.8059767385994537,
            "(-3.604, -3.371]": 0.810062726276132,
            "(-3.371, -3.073]": 0.7938627570051701,
            "(-3.073, -2.672]": 0.755321807836017,
            "(-2.672, -2.046]": 0.674319845476799,
            "(-2.046, -0.000421]": 0.4735430834647359
        }
    },
    "by_n_target_factors": {
        "correct_product_mean": {
            "1": 1.0,
            "2": 1.0,
            "3": 1.0,
            "4": 1.0,
            "5": 1.0,
            "6": 1.0,
            "7": 1.0,
            "8": 1.0,
            "9": 1.0,
            "10": 1.0,
            "11": 1.0,
            "12": 1.0,
            "13": 1.0,
            "14": 1.0
        },
        "correct_product_size": {
            "1": 1313,
            "2": 3170,
            "3": 3305,
            "4": 2401,
            "5": 1390,
            "6": 762,
            "7": 355,
            "8": 167,
            "9": 94,
            "10": 32,
            "11": 14,
            "12": 8,
            "13": 2,
            "14": 4
        },
        "correct_factorization_mean": {
            "1": 1.0,
            "2": 0.5709779179810726,
            "3": 0.4366111951588502,
            "4": 0.3719283631820075,
            "5": 0.31366906474820144,
            "6": 0.3123359580052493,
            "7": 0.3380281690140845,
            "8": 0.2694610778443114,
            "9": 0.13829787234042554,
            "10": 0.21875,
            "11": 0.0,
            "12": 0.0,
            "13": 0.0,
            "14": 0.0
        },
        "correct_factorization_size": {
            "1": 1313,
            "2": 3170,
            "3": 3305,
            "4": 2401,
            "5": 1390,
            "6": 762,
            "7": 355,
            "8": 167,
            "9": 94,
            "10": 32,
            "11": 14,
            "12": 8,
            "13": 2,
            "14": 4
        }
    },
    "by_target_number": {
        "correct_product_mean": {
            "(8.999, 6700.4]": 1.0,
            "(6700.4, 13267.8]": 1.0,
            "(13267.8, 19602.6]": 1.0,
            "(19602.6, 25978.8]": 1.0,
            "(25978.8, 32651.0]": 1.0,
            "(32651.0, 39298.8]": 1.0,
            "(39298.8, 45796.8]": 1.0,
            "(45796.8, 52327.8]": 1.0,
            "(52327.8, 59017.4]": 1.0,
            "(59017.4, 65521.0]": 1.0
        },
        "correct_product_size": {
            "(8.999, 6700.4]": 1302,
            "(6700.4, 13267.8]": 1302,
            "(13267.8, 19602.6]": 1301,
            "(19602.6, 25978.8]": 1302,
            "(25978.8, 32651.0]": 1302,
            "(32651.0, 39298.8]": 1301,
            "(39298.8, 45796.8]": 1302,
            "(45796.8, 52327.8]": 1301,
            "(52327.8, 59017.4]": 1302,
            "(59017.4, 65521.0]": 1302
        },
        "correct_factorization_mean": {
            "(8.999, 6700.4]": 0.7035330261136713,
            "(6700.4, 13267.8]": 0.5499231950844854,
            "(13267.8, 19602.6]": 0.5057647963105304,
            "(19602.6, 25978.8]": 0.4969278033794163,
            "(25978.8, 32651.0]": 0.45161290322580644,
            "(32651.0, 39298.8]": 0.44350499615680244,
            "(39298.8, 45796.8]": 0.42319508448540705,
            "(45796.8, 52327.8]": 0.4388931591083782,
            "(52327.8, 59017.4]": 0.43548387096774194,
            "(59017.4, 65521.0]": 0.40476190476190477
        },
        "correct_factorization_size": {
            "(8.999, 6700.4]": 1302,
            "(6700.4, 13267.8]": 1302,
            "(13267.8, 19602.6]": 1301,
            "(19602.6, 25978.8]": 1302,
            "(25978.8, 32651.0]": 1302,
            "(32651.0, 39298.8]": 1301,
            "(39298.8, 45796.8]": 1302,
            "(45796.8, 52327.8]": 1301,
            "(52327.8, 59017.4]": 1302,
            "(59017.4, 65521.0]": 1302
        }
    },
    "pred_same_as_target_beam_0": {
        "0": {
            "target_is_prime": false,
            "pred_same_as_target": false,
            "correct_product_mean": 0.9809861424427972,
            "correct_product_size": 6206,
            "correct_factorization_mean": 0.24041250402835965,
            "correct_factorization_size": 6206
        },
        "1": {
            "target_is_prime": false,
            "pred_same_as_target": true,
            "correct_product_mean": 1.0,
            "correct_product_size": 5498,
            "correct_factorization_mean": 0.0,
            "correct_factorization_size": 5498
        },
        "2": {
            "target_is_prime": true,
            "pred_same_as_target": false,
            "correct_product_mean": 0.0,
            "correct_product_size": 31,
            "correct_factorization_mean": 0.0,
            "correct_factorization_size": 31
        },
        "3": {
            "target_is_prime": true,
            "pred_same_as_target": true,
            "correct_product_mean": 1.0,
            "correct_product_size": 1282,
            "correct_factorization_mean": 1.0,
            "correct_factorization_size": 1282
        }
    },
    "test_loss": 0.08951485419974607,
    "meta": {
        "n_beams": 10
    }
}