{
    "correct": {
        "correct_product": 0.9725258044930176,
        "correct_factorization": 0.8627808136004858
    },
    "beam_accuracy": {
        "correct_product": {
            "0": 0.953551912568306,
            "1": 0.20810564663023678
        },
        "correct_factorization": {
            "0": 0.8322707953855495,
            "1": 0.030813600485731632
        }
    },
    "by_prob": {
        "group_size": {
            "(-14.873999999999999, -9.21]": 1324.0,
            "(-9.21, -7.787]": 1312.0,
            "(-7.787, -5.369]": 1317.0,
            "(-5.369, -2.521]": 1318.0,
            "(-2.521, -1.247]": 1317.0,
            "(-1.247, -0.61]": 1318.0,
            "(-0.61, -0.00891]": 1317.0,
            "(-0.00891, -0.000855]": 1318.0,
            "(-0.000855, -0.000127]": 1317.0,
            "(-0.000127, -1.07e-06]": 1318.0
        },
        "correct_product": {
            "(-14.873999999999999, -9.21]": 0.20317220543806647,
            "(-9.21, -7.787]": 0.13948170731707318,
            "(-7.787, -5.369]": 0.22854973424449507,
            "(-5.369, -2.521]": 0.2109256449165402,
            "(-2.521, -1.247]": 0.2680334092634776,
            "(-1.247, -0.61]": 0.8437025796661608,
            "(-0.61, -0.00891]": 0.9157175398633257,
            "(-0.00891, -0.000855]": 0.9984825493171472,
            "(-0.000855, -0.000127]": 1.0,
            "(-0.000127, -1.07e-06]": 1.0
        },
        "correct_factorization": {
            "(-14.873999999999999, -9.21]": 0.0007552870090634441,
            "(-9.21, -7.787]": 0.0,
            "(-7.787, -5.369]": 0.0015186028853454822,
            "(-5.369, -2.521]": 0.026555386949924126,
            "(-2.521, -1.247]": 0.12452543659832954,
            "(-1.247, -0.61]": 0.3277693474962064,
            "(-0.61, -0.00891]": 0.8375094912680334,
            "(-0.00891, -0.000855]": 0.9969650986342944,
            "(-0.000855, -0.000127]": 1.0,
            "(-0.000127, -1.07e-06]": 1.0
        },
        "percent_prime_factors_pred": {
            "(-14.873999999999999, -9.21]": 0.816991859684458,
            "(-9.21, -7.787]": 0.8692508710801393,
            "(-7.787, -5.369]": 0.8598058357739451,
            "(-5.369, -2.521]": 0.8367394681696655,
            "(-2.521, -1.247]": 0.8235290041098697,
            "(-1.247, -0.61]": 0.5134330515210637,
            "(-0.61, -0.00891]": 0.9486070434248111,
            "(-0.00891, -0.000855]": 0.9996585735963581,
            "(-0.000855, -0.000127]": 1.0,
            "(-0.000127, -1.07e-06]": 1.0
        }
    },
    "by_num_target_factors": {
        "group_size": {
            "1": 668,
            "2": 1601,
            "3": 1720,
            "4": 1198,
            "5": 715,
            "6": 373,
            "7": 165,
            "8": 79,
            "9": 35,
            "10": 20,
            "11": 8,
            "12": 3,
            "13": 3
        },
        "correct_product_mean": {
            "1": 0.9730538922155688,
            "2": 0.9850093691442848,
            "3": 0.9906976744186047,
            "4": 0.9849749582637729,
            "5": 0.9734265734265735,
            "6": 0.9463806970509383,
            "7": 0.8666666666666667,
            "8": 0.7848101265822784,
            "9": 0.7428571428571429,
            "10": 0.45,
            "11": 0.5,
            "12": 0.6666666666666666,
            "13": 0.3333333333333333
        },
        "correct_factorization_mean": {
            "1": 0.9730538922155688,
            "2": 0.7176764522173642,
            "3": 0.8598837209302326,
            "4": 0.9490818030050083,
            "5": 0.9678321678321679,
            "6": 0.8954423592493298,
            "7": 0.8484848484848485,
            "8": 0.7848101265822784,
            "9": 0.7142857142857143,
            "10": 0.45,
            "11": 0.5,
            "12": 0.6666666666666666,
            "13": 0.3333333333333333
        }
    },
    "by_input_num": {
        "group_size": {
            "(7.999, 6350.5]": 659,
            "(6350.5, 12996.8]": 659,
            "(12996.8, 19472.5]": 659,
            "(19472.5, 26116.8]": 658,
            "(26116.8, 32574.0]": 659,
            "(32574.0, 39331.6]": 659,
            "(39331.6, 46013.7]": 658,
            "(46013.7, 52699.4]": 659,
            "(52699.4, 59007.6]": 659,
            "(59007.6, 65528.0]": 659
        },
        "correct_product_mean": {
            "(7.999, 6350.5]": 0.9969650986342944,
            "(6350.5, 12996.8]": 0.9969650986342944,
            "(12996.8, 19472.5]": 0.992412746585736,
            "(19472.5, 26116.8]": 0.9741641337386018,
            "(26116.8, 32574.0]": 0.9696509863429439,
            "(32574.0, 39331.6]": 0.9620637329286799,
            "(39331.6, 46013.7]": 0.9620060790273556,
            "(46013.7, 52699.4]": 0.9393019726858877,
            "(52699.4, 59007.6]": 0.9696509863429439,
            "(59007.6, 65528.0]": 0.9620637329286799
        },
        "correct_factorization_mean": {
            "(7.999, 6350.5]": 0.9954476479514416,
            "(6350.5, 12996.8]": 0.9969650986342944,
            "(12996.8, 19472.5]": 0.992412746585736,
            "(19472.5, 26116.8]": 0.9559270516717325,
            "(26116.8, 32574.0]": 0.8619119878603946,
            "(32574.0, 39331.6]": 0.7905918057663126,
            "(39331.6, 46013.7]": 0.7720364741641338,
            "(46013.7, 52699.4]": 0.7845220030349014,
            "(52699.4, 59007.6]": 0.7481031866464339,
            "(59007.6, 65528.0]": 0.7298937784522003
        }
    },
    "pred_same_as_input_beam_0": {
        "0": {
            "input_is_prime": false,
            "pred_same_as_input": false,
            "group_size": 5253,
            "correct_product_mean": 0.9470778602703217,
            "correct_factorization_mean": 0.9219493622691796
        },
        "1": {
            "input_is_prime": false,
            "pred_same_as_input": true,
            "group_size": 667,
            "correct_product_mean": 1.0,
            "correct_factorization_mean": 0.0
        },
        "2": {
            "input_is_prime": true,
            "pred_same_as_input": false,
            "group_size": 28,
            "correct_product_mean": 0.0,
            "correct_factorization_mean": 0.0
        },
        "3": {
            "input_is_prime": true,
            "pred_same_as_input": true,
            "group_size": 640,
            "correct_product_mean": 1.0,
            "correct_factorization_mean": 1.0
        }
    },
    "by_min_factor_composite_only": {
        "0": {
            "min_factor_decile": "(1.999, 3.0]",
            "group_size": 4339,
            "correct_product_mean": 0.9716524544825996,
            "correct_factorization_mean": 0.9218713989398479
        },
        "1": {
            "min_factor_decile": "(3.0, 5.0]",
            "group_size": 447,
            "correct_product_mean": 0.9664429530201343,
            "correct_factorization_mean": 0.9395973154362416
        },
        "2": {
            "min_factor_decile": "(5.0, 17.0]",
            "group_size": 614,
            "correct_product_mean": 0.9788273615635179,
            "correct_factorization_mean": 0.3990228013029316
        },
        "3": {
            "min_factor_decile": "(17.0, 241.0]",
            "group_size": 520,
            "correct_product_mean": 0.9769230769230769,
            "correct_factorization_mean": 0.3423076923076923
        }
    },
    "loss": 0.13727891247656923,
    "meta": {
        "n_beams": 2,
        "temperature": 1.0
    }
}