{
    "correct": {
        "correct_product": 0.8779296875,
        "correct_factorization": 0.65185546875
    },
    "beam_accuracy": {
        "correct_product": {
            "0": 0.85302734375,
            "1": 0.14794921875
        },
        "correct_factorization": {
            "0": 0.61474609375,
            "1": 0.03759765625
        }
    },
    "by_prob": {
        "group_size": {
            "(-13.658999999999999, -6.207]": 410.0,
            "(-6.207, -3.468]": 410.0,
            "(-3.468, -2.607]": 409.0,
            "(-2.607, -2.037]": 410.0,
            "(-2.037, -1.404]": 409.0,
            "(-1.404, -1.021]": 410.0,
            "(-1.021, -0.8]": 409.0,
            "(-0.8, -0.117]": 410.0,
            "(-0.117, -0.00391]": 409.0,
            "(-0.00391, -3.93e-06]": 410.0
        },
        "correct_product": {
            "(-13.658999999999999, -6.207]": 0.17804878048780487,
            "(-6.207, -3.468]": 0.1951219512195122,
            "(-3.468, -2.607]": 0.08068459657701711,
            "(-2.607, -2.037]": 0.08292682926829269,
            "(-2.037, -1.404]": 0.2982885085574572,
            "(-1.404, -1.021]": 0.6926829268292682,
            "(-1.021, -0.8]": 0.8997555012224939,
            "(-0.8, -0.117]": 0.651219512195122,
            "(-0.117, -0.00391]": 0.9266503667481663,
            "(-0.00391, -3.93e-06]": 1.0
        },
        "correct_factorization": {
            "(-13.658999999999999, -6.207]": 0.0024390243902439024,
            "(-6.207, -3.468]": 0.007317073170731708,
            "(-3.468, -2.607]": 0.012224938875305624,
            "(-2.607, -2.037]": 0.046341463414634146,
            "(-2.037, -1.404]": 0.1295843520782396,
            "(-1.404, -1.021]": 0.2707317073170732,
            "(-1.021, -0.8]": 0.36185819070904646,
            "(-0.8, -0.117]": 0.5121951219512195,
            "(-0.117, -0.00391]": 0.9193154034229829,
            "(-0.00391, -3.93e-06]": 1.0
        },
        "percent_prime_factors_pred": {
            "(-13.658999999999999, -6.207]": 0.8988221060782036,
            "(-6.207, -3.468]": 0.8899593495934959,
            "(-3.468, -2.607]": 0.9141983932937477,
            "(-2.607, -2.037]": 0.9361788617886179,
            "(-2.037, -1.404]": 0.8304168122016533,
            "(-1.404, -1.021]": 0.6363182346109175,
            "(-1.021, -0.8]": 0.5169111654441727,
            "(-0.8, -0.117]": 0.9266260162601626,
            "(-0.117, -0.00391]": 0.9968622656886715,
            "(-0.00391, -3.93e-06]": 1.0
        }
    },
    "by_num_target_factors": {
        "group_size": {
            "1": 192,
            "2": 466,
            "3": 501,
            "4": 401,
            "5": 237,
            "6": 131,
            "7": 62,
            "8": 32,
            "9": 12,
            "10": 7,
            "11": 5,
            "12": 1,
            "16": 1
        },
        "correct_product_mean": {
            "1": 0.90625,
            "2": 0.9399141630901288,
            "3": 0.9461077844311377,
            "4": 0.9152119700748129,
            "5": 0.7848101265822784,
            "6": 0.6641221374045801,
            "7": 0.6451612903225806,
            "8": 0.53125,
            "9": 0.5833333333333334,
            "10": 0.7142857142857143,
            "11": 0.6,
            "12": 0.0,
            "16": 0.0
        },
        "correct_factorization_mean": {
            "1": 0.90625,
            "2": 0.44635193133047213,
            "3": 0.5888223552894212,
            "4": 0.800498753117207,
            "5": 0.7637130801687764,
            "6": 0.648854961832061,
            "7": 0.6290322580645161,
            "8": 0.53125,
            "9": 0.5833333333333334,
            "10": 0.7142857142857143,
            "11": 0.6,
            "12": 0.0,
            "16": 0.0
        }
    },
    "by_input_num": {
        "group_size": {
            "(65535.999, 65740.7]": 205,
            "(65740.7, 65945.4]": 205,
            "(65945.4, 66150.1]": 205,
            "(66150.1, 66354.8]": 204,
            "(66354.8, 66559.5]": 205,
            "(66559.5, 66764.2]": 205,
            "(66764.2, 66968.9]": 204,
            "(66968.9, 67173.6]": 205,
            "(67173.6, 67378.3]": 205,
            "(67378.3, 67583.0]": 205
        },
        "correct_product_mean": {
            "(65535.999, 65740.7]": 0.9365853658536586,
            "(65740.7, 65945.4]": 0.9073170731707317,
            "(65945.4, 66150.1]": 0.9414634146341463,
            "(66150.1, 66354.8]": 0.9264705882352942,
            "(66354.8, 66559.5]": 0.8878048780487805,
            "(66559.5, 66764.2]": 0.8585365853658536,
            "(66764.2, 66968.9]": 0.8431372549019608,
            "(66968.9, 67173.6]": 0.8341463414634146,
            "(67173.6, 67378.3]": 0.8292682926829268,
            "(67378.3, 67583.0]": 0.8146341463414634
        },
        "correct_factorization_mean": {
            "(65535.999, 65740.7]": 0.7219512195121951,
            "(65740.7, 65945.4]": 0.6634146341463415,
            "(65945.4, 66150.1]": 0.7121951219512195,
            "(66150.1, 66354.8]": 0.6323529411764706,
            "(66354.8, 66559.5]": 0.6634146341463415,
            "(66559.5, 66764.2]": 0.6341463414634146,
            "(66764.2, 66968.9]": 0.6323529411764706,
            "(66968.9, 67173.6]": 0.6195121951219512,
            "(67173.6, 67378.3]": 0.6097560975609756,
            "(67378.3, 67583.0]": 0.6292682926829268
        }
    },
    "pred_same_as_input_beam_0": {
        "0": {
            "input_is_prime": false,
            "pred_same_as_input": false,
            "group_size": 1856,
            "correct_product_mean": 0.849676724137931,
            "correct_factorization_mean": 0.5867456896551724
        },
        "1": {
            "input_is_prime": true,
            "pred_same_as_input": false,
            "group_size": 192,
            "correct_product_mean": 0.8854166666666666,
            "correct_factorization_mean": 0.8854166666666666
        }
    },
    "by_min_factor_composite_only": {
        "0": {
            "min_factor_decile": "(1.999, 3.0]",
            "group_size": 1365,
            "correct_product_mean": 0.8776556776556776,
            "correct_factorization_mean": 0.7311355311355311
        },
        "1": {
            "min_factor_decile": "(3.0, 5.0]",
            "group_size": 136,
            "correct_product_mean": 0.7205882352941176,
            "correct_factorization_mean": 0.6617647058823529
        },
        "2": {
            "min_factor_decile": "(5.0, 17.0]",
            "group_size": 176,
            "correct_product_mean": 0.9090909090909091,
            "correct_factorization_mean": 0.0
        },
        "3": {
            "min_factor_decile": "(17.0, 257.0]",
            "group_size": 179,
            "correct_product_mean": 0.9385474860335196,
            "correct_factorization_mean": 0.00558659217877095
        }
    },
    "loss": 0.44053146064880655,
    "meta": {
        "n_beams": 2,
        "temperature": 1.0
    }
}