{
    "correct": {
        "correct_product": 0.927734375,
        "correct_factorization": 0.68359375
    },
    "beam_accuracy": {
        "correct_product": {
            "0": 0.8994140625,
            "1": 0.16455078125
        },
        "correct_factorization": {
            "0": 0.6474609375,
            "1": 0.0361328125
        }
    },
    "by_prob": {
        "group_size": {
            "(-12.352, -6.888]": 410.0,
            "(-6.888, -3.837]": 410.0,
            "(-3.837, -2.86]": 409.0,
            "(-2.86, -2.227]": 410.0,
            "(-2.227, -1.377]": 409.0,
            "(-1.377, -1.033]": 410.0,
            "(-1.033, -0.688]": 409.0,
            "(-0.688, -0.0513]": 410.0,
            "(-0.0513, -0.00214]": 409.0,
            "(-0.00214, -6.2e-06]": 410.0
        },
        "correct_product": {
            "(-12.352, -6.888]": 0.16585365853658537,
            "(-6.888, -3.837]": 0.24390243902439024,
            "(-3.837, -2.86]": 0.10757946210268948,
            "(-2.86, -2.227]": 0.06585365853658537,
            "(-2.227, -1.377]": 0.2860635696821516,
            "(-1.377, -1.033]": 0.8170731707317073,
            "(-1.033, -0.688]": 0.8728606356968215,
            "(-0.688, -0.0513]": 0.775609756097561,
            "(-0.0513, -0.00214]": 0.9853300733496333,
            "(-0.00214, -6.2e-06]": 1.0
        },
        "correct_factorization": {
            "(-12.352, -6.888]": 0.0,
            "(-6.888, -3.837]": 0.004878048780487805,
            "(-3.837, -2.86]": 0.009779951100244499,
            "(-2.86, -2.227]": 0.03170731707317073,
            "(-2.227, -1.377]": 0.12469437652811736,
            "(-1.377, -1.033]": 0.3024390243902439,
            "(-1.033, -0.688]": 0.36674816625916873,
            "(-0.688, -0.0513]": 0.5975609756097561,
            "(-0.0513, -0.00214]": 0.980440097799511,
            "(-0.00214, -6.2e-06]": 1.0
        },
        "percent_prime_factors_pred": {
            "(-12.352, -6.888]": 0.8994221835075493,
            "(-6.888, -3.837]": 0.8838617886178861,
            "(-3.837, -2.86]": 0.8966992665036675,
            "(-2.86, -2.227]": 0.8902845528455284,
            "(-2.227, -1.377]": 0.8474211200372569,
            "(-1.377, -1.033]": 0.5326190476190475,
            "(-1.033, -0.688]": 0.5661776691116545,
            "(-0.688, -0.0513]": 0.916910569105691,
            "(-0.0513, -0.00214]": 0.9988997555012226,
            "(-0.00214, -6.2e-06]": 1.0
        }
    },
    "by_num_target_factors": {
        "group_size": {
            "1": 192,
            "2": 466,
            "3": 501,
            "4": 401,
            "5": 237,
            "6": 131,
            "7": 62,
            "8": 32,
            "9": 12,
            "10": 7,
            "11": 5,
            "12": 1,
            "16": 1
        },
        "correct_product_mean": {
            "1": 0.9427083333333334,
            "2": 0.9742489270386266,
            "3": 0.9780439121756487,
            "4": 0.9576059850374065,
            "5": 0.8734177215189873,
            "6": 0.7938931297709924,
            "7": 0.7741935483870968,
            "8": 0.6875,
            "9": 0.4166666666666667,
            "10": 0.42857142857142855,
            "11": 0.4,
            "12": 0.0,
            "16": 0.0
        },
        "correct_factorization_mean": {
            "1": 0.9427083333333334,
            "2": 0.4656652360515021,
            "3": 0.6127744510978044,
            "4": 0.830423940149626,
            "5": 0.8059071729957806,
            "6": 0.7175572519083969,
            "7": 0.7258064516129032,
            "8": 0.6875,
            "9": 0.4166666666666667,
            "10": 0.42857142857142855,
            "11": 0.4,
            "12": 0.0,
            "16": 0.0
        }
    },
    "by_input_num": {
        "group_size": {
            "(65535.999, 65740.7]": 205,
            "(65740.7, 65945.4]": 205,
            "(65945.4, 66150.1]": 205,
            "(66150.1, 66354.8]": 204,
            "(66354.8, 66559.5]": 205,
            "(66559.5, 66764.2]": 205,
            "(66764.2, 66968.9]": 204,
            "(66968.9, 67173.6]": 205,
            "(67173.6, 67378.3]": 205,
            "(67378.3, 67583.0]": 205
        },
        "correct_product_mean": {
            "(65535.999, 65740.7]": 0.9463414634146341,
            "(65740.7, 65945.4]": 0.9609756097560975,
            "(65945.4, 66150.1]": 0.9609756097560975,
            "(66150.1, 66354.8]": 0.9313725490196079,
            "(66354.8, 66559.5]": 0.9365853658536586,
            "(66559.5, 66764.2]": 0.9317073170731708,
            "(66764.2, 66968.9]": 0.9264705882352942,
            "(66968.9, 67173.6]": 0.9121951219512195,
            "(67173.6, 67378.3]": 0.9219512195121952,
            "(67378.3, 67583.0]": 0.848780487804878
        },
        "correct_factorization_mean": {
            "(65535.999, 65740.7]": 0.7219512195121951,
            "(65740.7, 65945.4]": 0.6829268292682927,
            "(65945.4, 66150.1]": 0.7170731707317073,
            "(66150.1, 66354.8]": 0.6617647058823529,
            "(66354.8, 66559.5]": 0.6926829268292682,
            "(66559.5, 66764.2]": 0.6780487804878049,
            "(66764.2, 66968.9]": 0.6617647058823529,
            "(66968.9, 67173.6]": 0.6731707317073171,
            "(67173.6, 67378.3]": 0.6731707317073171,
            "(67378.3, 67583.0]": 0.6731707317073171
        }
    },
    "pred_same_as_input_beam_0": {
        "0": {
            "input_is_prime": false,
            "pred_same_as_input": false,
            "group_size": 1513,
            "correct_product_mean": 0.8717779246530073,
            "correct_factorization_mean": 0.7574355584930601
        },
        "1": {
            "input_is_prime": false,
            "pred_same_as_input": true,
            "group_size": 343,
            "correct_product_mean": 1.0,
            "correct_factorization_mean": 0.0
        },
        "2": {
            "input_is_prime": true,
            "pred_same_as_input": false,
            "group_size": 12,
            "correct_product_mean": 0.0,
            "correct_factorization_mean": 0.0
        },
        "3": {
            "input_is_prime": true,
            "pred_same_as_input": true,
            "group_size": 180,
            "correct_product_mean": 1.0,
            "correct_factorization_mean": 1.0
        }
    },
    "by_min_factor_composite_only": {
        "0": {
            "min_factor_decile": "(1.999, 3.0]",
            "group_size": 1365,
            "correct_product_mean": 0.9238095238095239,
            "correct_factorization_mean": 0.7597069597069597
        },
        "1": {
            "min_factor_decile": "(3.0, 5.0]",
            "group_size": 136,
            "correct_product_mean": 0.8455882352941176,
            "correct_factorization_mean": 0.8014705882352942
        },
        "2": {
            "min_factor_decile": "(5.0, 17.0]",
            "group_size": 176,
            "correct_product_mean": 0.9659090909090909,
            "correct_factorization_mean": 0.0
        },
        "3": {
            "min_factor_decile": "(17.0, 257.0]",
            "group_size": 179,
            "correct_product_mean": 0.9664804469273743,
            "correct_factorization_mean": 0.0
        }
    },
    "loss": 0.3809925756375315,
    "meta": {
        "n_beams": 2,
        "temperature": 1.0
    }
}