{
    "correct": {
        "correct_product": 0.9798117789921068,
        "correct_factorization": 0.8680935033394049
    },
    "beam_accuracy": {
        "correct_product": {
            "0": 0.9619004250151791,
            "1": 0.20279295689131754
        },
        "correct_factorization": {
            "0": 0.8395567698846388,
            "1": 0.02853673345476624
        }
    },
    "by_prob": {
        "group_size": {
            "(-16.031000000000002, -9.21]": 1318.0,
            "(-9.21, -7.997]": 1318.0,
            "(-7.997, -5.418]": 1317.0,
            "(-5.418, -2.486]": 1318.0,
            "(-2.486, -1.222]": 1317.0,
            "(-1.222, -0.59]": 1318.0,
            "(-0.59, -0.00868]": 1317.0,
            "(-0.00868, -0.000649]": 1318.0,
            "(-0.000649, -6.19e-05]": 1317.0,
            "(-6.19e-05, -1.19e-07]": 1318.0
        },
        "correct_product": {
            "(-16.031000000000002, -9.21]": 0.23596358118361152,
            "(-9.21, -7.997]": 0.09939301972685888,
            "(-7.997, -5.418]": 0.22627182991647685,
            "(-5.418, -2.486]": 0.21320182094081944,
            "(-2.486, -1.222]": 0.2536066818526955,
            "(-1.222, -0.59]": 0.8748103186646434,
            "(-0.59, -0.00868]": 0.9217919514047077,
            "(-0.00868, -0.000649]": 0.9984825493171472,
            "(-0.000649, -6.19e-05]": 1.0,
            "(-6.19e-05, -1.19e-07]": 1.0
        },
        "correct_factorization": {
            "(-16.031000000000002, -9.21]": 0.0,
            "(-9.21, -7.997]": 0.0,
            "(-7.997, -5.418]": 0.0007593014426727411,
            "(-5.418, -2.486]": 0.019726858877086494,
            "(-2.486, -1.222]": 0.11921032649962035,
            "(-1.222, -0.59]": 0.34673748103186647,
            "(-0.59, -0.00868]": 0.856492027334852,
            "(-0.00868, -0.000649]": 0.9977238239757208,
            "(-0.000649, -6.19e-05]": 1.0,
            "(-6.19e-05, -1.19e-07]": 1.0
        },
        "percent_prime_factors_pred": {
            "(-16.031000000000002, -9.21]": 0.8230294216826842,
            "(-9.21, -7.997]": 0.801676120625286,
            "(-7.997, -5.418]": 0.8532776512275373,
            "(-5.418, -2.486]": 0.8374485150661174,
            "(-2.486, -1.222]": 0.8192139422207759,
            "(-1.222, -0.59]": 0.5004552352048559,
            "(-0.59, -0.00868]": 0.9561620927794049,
            "(-0.00868, -0.000649]": 0.9998482549317147,
            "(-0.000649, -6.19e-05]": 1.0,
            "(-6.19e-05, -1.19e-07]": 1.0
        }
    },
    "by_num_target_factors": {
        "group_size": {
            "1": 668,
            "2": 1601,
            "3": 1720,
            "4": 1198,
            "5": 715,
            "6": 373,
            "7": 165,
            "8": 79,
            "9": 35,
            "10": 20,
            "11": 8,
            "12": 3,
            "13": 3
        },
        "correct_product_mean": {
            "1": 0.9850299401197605,
            "2": 0.9906308557151781,
            "3": 0.9906976744186047,
            "4": 0.9941569282136895,
            "5": 0.9790209790209791,
            "6": 0.938337801608579,
            "7": 0.8848484848484849,
            "8": 0.8607594936708861,
            "9": 0.8857142857142857,
            "10": 0.7,
            "11": 0.375,
            "12": 1.0,
            "13": 0.3333333333333333
        },
        "correct_factorization_mean": {
            "1": 0.9850299401197605,
            "2": 0.7158026233603998,
            "3": 0.8598837209302326,
            "4": 0.9515859766277128,
            "5": 0.9734265734265735,
            "6": 0.903485254691689,
            "7": 0.8666666666666667,
            "8": 0.8607594936708861,
            "9": 0.8857142857142857,
            "10": 0.7,
            "11": 0.375,
            "12": 1.0,
            "13": 0.3333333333333333
        }
    },
    "by_input_num": {
        "group_size": {
            "(7.999, 6350.5]": 659,
            "(6350.5, 12996.8]": 659,
            "(12996.8, 19472.5]": 659,
            "(19472.5, 26116.8]": 658,
            "(26116.8, 32574.0]": 659,
            "(32574.0, 39331.6]": 659,
            "(39331.6, 46013.7]": 658,
            "(46013.7, 52699.4]": 659,
            "(52699.4, 59007.6]": 659,
            "(59007.6, 65528.0]": 659
        },
        "correct_product_mean": {
            "(7.999, 6350.5]": 1.0,
            "(6350.5, 12996.8]": 1.0,
            "(12996.8, 19472.5]": 0.992412746585736,
            "(19472.5, 26116.8]": 0.9893617021276596,
            "(26116.8, 32574.0]": 0.9757207890743551,
            "(32574.0, 39331.6]": 0.9757207890743551,
            "(39331.6, 46013.7]": 0.9544072948328267,
            "(46013.7, 52699.4]": 0.9650986342943855,
            "(52699.4, 59007.6]": 0.9757207890743551,
            "(59007.6, 65528.0]": 0.9696509863429439
        },
        "correct_factorization_mean": {
            "(7.999, 6350.5]": 0.9969650986342944,
            "(6350.5, 12996.8]": 1.0,
            "(12996.8, 19472.5]": 0.992412746585736,
            "(19472.5, 26116.8]": 0.9726443768996961,
            "(26116.8, 32574.0]": 0.866464339908953,
            "(32574.0, 39331.6]": 0.8012139605462822,
            "(39331.6, 46013.7]": 0.7629179331306991,
            "(46013.7, 52699.4]": 0.8133535660091047,
            "(52699.4, 59007.6]": 0.7526555386949925,
            "(59007.6, 65528.0]": 0.7223065250379362
        }
    },
    "pred_same_as_input_beam_0": {
        "0": {
            "input_is_prime": false,
            "pred_same_as_input": false,
            "group_size": 5920,
            "correct_product_mean": 0.9603040540540541,
            "correct_factorization_mean": 0.8241554054054054
        },
        "1": {
            "input_is_prime": true,
            "pred_same_as_input": false,
            "group_size": 661,
            "correct_product_mean": 0.9757942511346445,
            "correct_factorization_mean": 0.9757942511346445
        },
        "2": {
            "input_is_prime": true,
            "pred_same_as_input": true,
            "group_size": 7,
            "correct_product_mean": 1.0,
            "correct_factorization_mean": 1.0
        }
    },
    "by_min_factor_composite_only": {
        "0": {
            "min_factor_decile": "(1.999, 3.0]",
            "group_size": 4339,
            "correct_product_mean": 0.9783360221249136,
            "correct_factorization_mean": 0.9294768379811016
        },
        "1": {
            "min_factor_decile": "(3.0, 5.0]",
            "group_size": 447,
            "correct_product_mean": 0.9798657718120806,
            "correct_factorization_mean": 0.9574944071588367
        },
        "2": {
            "min_factor_decile": "(5.0, 17.0]",
            "group_size": 614,
            "correct_product_mean": 0.9820846905537459,
            "correct_factorization_mean": 0.39087947882736157
        },
        "3": {
            "min_factor_decile": "(17.0, 241.0]",
            "group_size": 520,
            "correct_product_mean": 0.9826923076923076,
            "correct_factorization_mean": 0.3423076923076923
        }
    },
    "loss": 0.14081033485341252,
    "meta": {
        "n_beams": 2,
        "temperature": 1.0
    }
}