{
    "correct": {
        "correct_product": 0.7642313897211339,
        "correct_factorization": 0.14826764999615888
    },
    "beam_accuracy": {
        "correct_product": {
            "0": 0.7629254052393024,
            "1": 0.07905047245909196
        },
        "correct_factorization": {
            "0": 0.1301375124836752,
            "1": 0.018130137512483675
        }
    },
    "by_prob": {
        "correct_product": {
            "(-13.86, -11.615]": 0.0,
            "(-11.615, -10.125]": 0.0,
            "(-10.125, -8.053]": 0.000384172109104879,
            "(-8.053, -3.295]": 0.02956989247311828,
            "(-3.295, -2.531]": 0.1648098348059931,
            "(-2.531, -2.378]": 0.5217057241644256,
            "(-2.378, -2.063]": 0.565284178187404,
            "(-2.063, -1.759]": 0.939684978870534,
            "(-1.759, -1.647]": 0.996926623127161,
            "(-1.647, -0.695]": 0.9915514592933948
        },
        "correct_factorization": {
            "(-13.86, -11.615]": 0.0,
            "(-11.615, -10.125]": 0.0,
            "(-10.125, -8.053]": 0.000384172109104879,
            "(-8.053, -3.295]": 0.00576036866359447,
            "(-3.295, -2.531]": 0.043027276219746446,
            "(-2.531, -2.378]": 0.07222435651171726,
            "(-2.378, -2.063]": 0.09869431643625191,
            "(-2.063, -1.759]": 0.15482135996926624,
            "(-1.759, -1.647]": 0.15674222051479061,
            "(-1.647, -0.695]": 0.20967741935483872
        },
        "percent_prime_factors_pred": {
            "(-13.86, -11.615]": 0.5745007680491547,
            "(-11.615, -10.125]": 0.20169035728006146,
            "(-10.125, -8.053]": 1.0,
            "(-8.053, -3.295]": 0.887585034013609,
            "(-3.295, -2.531]": 0.7619637597643815,
            "(-2.531, -2.378]": 0.5841131112452667,
            "(-2.378, -2.063]": 0.6689987016312,
            "(-2.063, -1.759]": 0.3733389129758701,
            "(-1.759, -1.647]": 0.3952490715840679,
            "(-1.647, -0.695]": 0.5922276168531961
        }
    },
    "by_n_target_factors": {
        "correct_product_mean": {
            "1": 0.38385376999238385,
            "2": 0.577602523659306,
            "3": 0.794251134644478,
            "4": 0.9183673469387755,
            "5": 0.9762589928057553,
            "6": 0.9934383202099738,
            "7": 0.9887323943661972,
            "8": 0.9940119760479041,
            "9": 0.9893617021276596,
            "10": 0.96875,
            "11": 1.0,
            "12": 1.0,
            "13": 1.0,
            "14": 1.0
        },
        "correct_product_size": {
            "1": 1313,
            "2": 3170,
            "3": 3305,
            "4": 2401,
            "5": 1390,
            "6": 762,
            "7": 355,
            "8": 167,
            "9": 94,
            "10": 32,
            "11": 14,
            "12": 8,
            "13": 2,
            "14": 4
        },
        "correct_factorization_mean": {
            "1": 0.38385376999238385,
            "2": 0.2618296529968454,
            "3": 0.09773071104387292,
            "4": 0.06788837984173261,
            "5": 0.04820143884892086,
            "6": 0.03937007874015748,
            "7": 0.022535211267605635,
            "8": 0.017964071856287425,
            "9": 0.010638297872340425,
            "10": 0.0,
            "11": 0.0,
            "12": 0.0,
            "13": 0.0,
            "14": 0.25
        },
        "correct_factorization_size": {
            "1": 1313,
            "2": 3170,
            "3": 3305,
            "4": 2401,
            "5": 1390,
            "6": 762,
            "7": 355,
            "8": 167,
            "9": 94,
            "10": 32,
            "11": 14,
            "12": 8,
            "13": 2,
            "14": 4
        }
    },
    "by_target_number": {
        "correct_product_mean": {
            "(8.999, 6700.4]": 0.9009216589861752,
            "(6700.4, 13267.8]": 0.9216589861751152,
            "(13267.8, 19602.6]": 0.671022290545734,
            "(19602.6, 25978.8]": 0.6804915514592934,
            "(25978.8, 32651.0]": 0.9877112135176651,
            "(32651.0, 39298.8]": 1.0,
            "(39298.8, 45796.8]": 0.5353302611367128,
            "(45796.8, 52327.8]": 0.6202920830130668,
            "(52327.8, 59017.4]": 0.6482334869431644,
            "(59017.4, 65521.0]": 0.6766513056835638
        },
        "correct_product_size": {
            "(8.999, 6700.4]": 1302,
            "(6700.4, 13267.8]": 1302,
            "(13267.8, 19602.6]": 1301,
            "(19602.6, 25978.8]": 1302,
            "(25978.8, 32651.0]": 1302,
            "(32651.0, 39298.8]": 1301,
            "(39298.8, 45796.8]": 1302,
            "(45796.8, 52327.8]": 1301,
            "(52327.8, 59017.4]": 1302,
            "(59017.4, 65521.0]": 1302
        },
        "correct_factorization_mean": {
            "(8.999, 6700.4]": 0.21658986175115208,
            "(6700.4, 13267.8]": 0.19047619047619047,
            "(13267.8, 19602.6]": 0.1452728670253651,
            "(19602.6, 25978.8]": 0.13287250384024576,
            "(25978.8, 32651.0]": 0.1728110599078341,
            "(32651.0, 39298.8]": 0.1760184473481937,
            "(39298.8, 45796.8]": 0.10599078341013825,
            "(45796.8, 52327.8]": 0.11606456571867795,
            "(52327.8, 59017.4]": 0.12672811059907835,
            "(59017.4, 65521.0]": 0.09984639016897082
        },
        "correct_factorization_size": {
            "(8.999, 6700.4]": 1302,
            "(6700.4, 13267.8]": 1302,
            "(13267.8, 19602.6]": 1301,
            "(19602.6, 25978.8]": 1302,
            "(25978.8, 32651.0]": 1302,
            "(32651.0, 39298.8]": 1301,
            "(39298.8, 45796.8]": 1302,
            "(45796.8, 52327.8]": 1301,
            "(52327.8, 59017.4]": 1302,
            "(59017.4, 65521.0]": 1302
        }
    },
    "pred_same_as_target_beam_0": {
        "0": {
            "target_is_prime": false,
            "pred_same_as_target": false,
            "correct_product_mean": 0.7465776293823039,
            "correct_product_size": 8985,
            "correct_factorization_mean": 0.13244296048970505,
            "correct_factorization_size": 8985
        },
        "1": {
            "target_is_prime": false,
            "pred_same_as_target": true,
            "correct_product_mean": 1.0,
            "correct_product_size": 2719,
            "correct_factorization_mean": 0.0,
            "correct_factorization_size": 2719
        },
        "2": {
            "target_is_prime": true,
            "pred_same_as_target": false,
            "correct_product_mean": 0.0,
            "correct_product_size": 809,
            "correct_factorization_mean": 0.0,
            "correct_factorization_size": 809
        },
        "3": {
            "target_is_prime": true,
            "pred_same_as_target": true,
            "correct_product_mean": 1.0,
            "correct_product_size": 504,
            "correct_factorization_mean": 1.0,
            "correct_factorization_size": 504
        }
    },
    "test_loss": 0.10873082922954186,
    "meta": {
        "n_beams": 2
    }
}