{
    "correct": {
        "correct_product": 0.9995390643005301,
        "correct_factorization": 0.601597910424829
    },
    "beam_accuracy": {
        "correct_product": {
            "0": 0.9583621418145502,
            "1": 0.28355227779058156,
            "2": 0.13390182069601292,
            "3": 0.09218713989398479,
            "4": 0.06906353230391027,
            "5": 0.05715602673427057,
            "6": 0.04555581163094415,
            "7": 0.03964047015441346,
            "8": 0.029576707382653455,
            "9": 0.021279864792194823
        },
        "correct_factorization": {
            "0": 0.28278405162479836,
            "1": 0.1018667895828532,
            "2": 0.05976799569793347,
            "3": 0.04302066528385957,
            "4": 0.035645694092340786,
            "5": 0.02811707766766536,
            "6": 0.025044173004532534,
            "7": 0.021587155258508104,
            "8": 0.014673119766459245,
            "9": 0.012291618652531306
        }
    },
    "by_prob": {
        "correct_product": {
            "(-12.945, -4.628]": 0.04025505108704003,
            "(-4.628, -4.107]": 0.021817623108243065,
            "(-4.107, -3.835]": 0.032342321579473,
            "(-3.835, -3.627]": 0.04040869632019667,
            "(-3.627, -3.42]": 0.05047245909195667,
            "(-3.42, -3.193]": 0.07029269416916341,
            "(-3.193, -2.916]": 0.09280172082661135,
            "(-2.916, -2.523]": 0.14819082737958056,
            "(-2.523, -1.84]": 0.3501574863639856,
            "(-1.84, -2.32e-05]": 0.8835369132672659
        },
        "correct_factorization": {
            "(-12.945, -4.628]": 0.02442959207190597,
            "(-4.628, -4.107]": 0.00806637474072367,
            "(-4.107, -3.835]": 0.012214796035952985,
            "(-3.835, -3.627]": 0.016977798263808866,
            "(-3.627, -3.42]": 0.0234308980563878,
            "(-3.42, -3.193]": 0.03341783821156949,
            "(-3.193, -2.916]": 0.042559729584389645,
            "(-2.916, -2.523]": 0.05999846354766843,
            "(-2.523, -1.84]": 0.10916493815779366,
            "(-1.84, -2.32e-05]": 0.29453791196128143
        },
        "percent_prime_factors_pred": {
            "(-12.945, -4.628]": 0.9348263985910917,
            "(-4.628, -4.107]": 0.8792794132791611,
            "(-4.107, -3.835]": 0.8633026591599817,
            "(-3.835, -3.627]": 0.8583502221148944,
            "(-3.627, -3.42]": 0.859511584972503,
            "(-3.42, -3.193]": 0.8536955641645518,
            "(-3.193, -2.916]": 0.8508972089001892,
            "(-2.916, -2.523]": 0.8276351376892732,
            "(-2.523, -1.84]": 0.8076622938745418,
            "(-1.84, -2.32e-05]": 0.6023385170308586
        }
    },
    "by_n_target_factors": {
        "correct_product_mean": {
            "1": 1.0,
            "2": 1.0,
            "3": 0.9993948562783661,
            "4": 0.9991670137442732,
            "5": 0.9992805755395684,
            "6": 1.0,
            "7": 1.0,
            "8": 1.0,
            "9": 0.9893617021276596,
            "10": 1.0,
            "11": 1.0,
            "12": 1.0,
            "13": 1.0,
            "14": 1.0
        },
        "correct_product_size": {
            "1": 1313,
            "2": 3170,
            "3": 3305,
            "4": 2401,
            "5": 1390,
            "6": 762,
            "7": 355,
            "8": 167,
            "9": 94,
            "10": 32,
            "11": 14,
            "12": 8,
            "13": 2,
            "14": 4
        },
        "correct_factorization_mean": {
            "1": 1.0,
            "2": 0.6845425867507886,
            "3": 0.5304084720121028,
            "4": 0.502707205331112,
            "5": 0.48633093525179855,
            "6": 0.5091863517060368,
            "7": 0.5183098591549296,
            "8": 0.46107784431137727,
            "9": 0.425531914893617,
            "10": 0.46875,
            "11": 0.35714285714285715,
            "12": 0.25,
            "13": 0.5,
            "14": 0.0
        },
        "correct_factorization_size": {
            "1": 1313,
            "2": 3170,
            "3": 3305,
            "4": 2401,
            "5": 1390,
            "6": 762,
            "7": 355,
            "8": 167,
            "9": 94,
            "10": 32,
            "11": 14,
            "12": 8,
            "13": 2,
            "14": 4
        }
    },
    "by_target_number": {
        "correct_product_mean": {
            "(8.999, 6700.4]": 0.9969278033794163,
            "(6700.4, 13267.8]": 0.999231950844854,
            "(13267.8, 19602.6]": 1.0,
            "(19602.6, 25978.8]": 0.999231950844854,
            "(25978.8, 32651.0]": 1.0,
            "(32651.0, 39298.8]": 1.0,
            "(39298.8, 45796.8]": 1.0,
            "(45796.8, 52327.8]": 1.0,
            "(52327.8, 59017.4]": 1.0,
            "(59017.4, 65521.0]": 1.0
        },
        "correct_product_size": {
            "(8.999, 6700.4]": 1302,
            "(6700.4, 13267.8]": 1302,
            "(13267.8, 19602.6]": 1301,
            "(19602.6, 25978.8]": 1302,
            "(25978.8, 32651.0]": 1302,
            "(32651.0, 39298.8]": 1301,
            "(39298.8, 45796.8]": 1302,
            "(45796.8, 52327.8]": 1301,
            "(52327.8, 59017.4]": 1302,
            "(59017.4, 65521.0]": 1302
        },
        "correct_factorization_mean": {
            "(8.999, 6700.4]": 0.946236559139785,
            "(6700.4, 13267.8]": 0.7288786482334869,
            "(13267.8, 19602.6]": 0.676402767102229,
            "(19602.6, 25978.8]": 0.5898617511520737,
            "(25978.8, 32651.0]": 0.5399385560675883,
            "(32651.0, 39298.8]": 0.5165257494235204,
            "(39298.8, 45796.8]": 0.5122887864823349,
            "(45796.8, 52327.8]": 0.504227517294389,
            "(52327.8, 59017.4]": 0.5145929339477726,
            "(59017.4, 65521.0]": 0.4869431643625192
        },
        "correct_factorization_size": {
            "(8.999, 6700.4]": 1302,
            "(6700.4, 13267.8]": 1302,
            "(13267.8, 19602.6]": 1301,
            "(19602.6, 25978.8]": 1302,
            "(25978.8, 32651.0]": 1302,
            "(32651.0, 39298.8]": 1301,
            "(39298.8, 45796.8]": 1302,
            "(45796.8, 52327.8]": 1301,
            "(52327.8, 59017.4]": 1302,
            "(59017.4, 65521.0]": 1302
        }
    },
    "pred_same_as_target_beam_0": {
        "0": {
            "target_is_prime": false,
            "pred_same_as_target": false,
            "correct_product_mean": 0.9375361480624639,
            "correct_product_size": 8645,
            "correct_factorization_mean": 0.2741469057258531,
            "correct_factorization_size": 8645
        },
        "1": {
            "target_is_prime": false,
            "pred_same_as_target": true,
            "correct_product_mean": 1.0,
            "correct_product_size": 3059,
            "correct_factorization_mean": 0.0,
            "correct_factorization_size": 3059
        },
        "2": {
            "target_is_prime": true,
            "pred_same_as_target": false,
            "correct_product_mean": 0.0,
            "correct_product_size": 2,
            "correct_factorization_mean": 0.0,
            "correct_factorization_size": 2
        },
        "3": {
            "target_is_prime": true,
            "pred_same_as_target": true,
            "correct_product_mean": 1.0,
            "correct_product_size": 1311,
            "correct_factorization_mean": 1.0,
            "correct_factorization_size": 1311
        }
    },
    "test_loss": 0.14484208836859347,
    "meta": {
        "n_beams": 10
    }
}