{
    "correct": {
        "correct_product": 0.8733195052623492,
        "correct_factorization": 0.4265959898594146
    },
    "beam_accuracy": {
        "correct_product": {
            "0": 0.847891219174925,
            "1": 0.16424675424444957
        },
        "correct_factorization": {
            "0": 0.3486210340324191,
            "1": 0.07820542367673043
        }
    },
    "by_prob": {
        "correct_product": {
            "(-10.687, -4.263]": 0.020353302611367127,
            "(-4.263, -3.005]": 0.06185170956588552,
            "(-3.005, -2.577]": 0.15405301575105648,
            "(-2.577, -2.281]": 0.22734254992319508,
            "(-2.281, -1.904]": 0.3657318478678448,
            "(-1.904, -1.564]": 0.5993084902036112,
            "(-1.564, -1.303]": 0.8291090629800307,
            "(-1.303, -1.131]": 0.9223972339608144,
            "(-1.131, -0.812]": 0.9235497502881291,
            "(-0.812, -3.43e-05]": 0.956989247311828
        },
        "correct_factorization": {
            "(-10.687, -4.263]": 0.0015360983102918587,
            "(-4.263, -3.005]": 0.01920860545524395,
            "(-3.005, -2.577]": 0.043027276219746446,
            "(-2.577, -2.281]": 0.07642089093701997,
            "(-2.281, -1.904]": 0.11755666538609297,
            "(-1.904, -1.564]": 0.17057241644256627,
            "(-1.564, -1.303]": 0.2749615975422427,
            "(-1.303, -1.131]": 0.29273914713791777,
            "(-1.131, -0.812]": 0.3565117172493277,
            "(-0.812, -3.43e-05]": 0.7814900153609831
        },
        "percent_prime_factors_pred": {
            "(-10.687, -4.263]": 0.9761934408823805,
            "(-4.263, -3.005]": 0.896969295058039,
            "(-3.005, -2.577]": 0.7384920634920649,
            "(-2.577, -2.281]": 0.7491286299466097,
            "(-2.281, -1.904]": 0.7908743879162741,
            "(-1.904, -1.564]": 0.7480709071949996,
            "(-1.564, -1.303]": 0.5843596847341097,
            "(-1.303, -1.131]": 0.46014534511461114,
            "(-1.131, -0.812]": 0.5744360902255653,
            "(-0.812, -3.43e-05]": 0.8957720722697677
        }
    },
    "by_n_target_factors": {
        "correct_product_mean": {
            "1": 0.9870525514089871,
            "2": 0.9009463722397476,
            "3": 0.8296520423600605,
            "4": 0.8334027488546439,
            "5": 0.8669064748201439,
            "6": 0.8884514435695539,
            "7": 0.8845070422535212,
            "8": 0.8982035928143712,
            "9": 0.8191489361702128,
            "10": 0.78125,
            "11": 0.9285714285714286,
            "12": 1.0,
            "13": 1.0,
            "14": 0.5
        },
        "correct_product_size": {
            "1": 1313,
            "2": 3170,
            "3": 3305,
            "4": 2401,
            "5": 1390,
            "6": 762,
            "7": 355,
            "8": 167,
            "9": 94,
            "10": 32,
            "11": 14,
            "12": 8,
            "13": 2,
            "14": 4
        },
        "correct_factorization_mean": {
            "1": 0.9870525514089871,
            "2": 0.40725552050473185,
            "3": 0.30801815431164903,
            "4": 0.33819241982507287,
            "5": 0.37985611510791367,
            "6": 0.4304461942257218,
            "7": 0.4084507042253521,
            "8": 0.4431137724550898,
            "9": 0.35106382978723405,
            "10": 0.5,
            "11": 0.42857142857142855,
            "12": 0.625,
            "13": 0.5,
            "14": 0.0
        },
        "correct_factorization_size": {
            "1": 1313,
            "2": 3170,
            "3": 3305,
            "4": 2401,
            "5": 1390,
            "6": 762,
            "7": 355,
            "8": 167,
            "9": 94,
            "10": 32,
            "11": 14,
            "12": 8,
            "13": 2,
            "14": 4
        }
    },
    "by_target_number": {
        "correct_product_mean": {
            "(8.999, 6700.4]": 0.923963133640553,
            "(6700.4, 13267.8]": 0.8617511520737328,
            "(13267.8, 19602.6]": 0.8931591083781706,
            "(19602.6, 25978.8]": 0.9116743471582182,
            "(25978.8, 32651.0]": 0.7849462365591398,
            "(32651.0, 39298.8]": 0.824750192159877,
            "(39298.8, 45796.8]": 0.8509984639016898,
            "(45796.8, 52327.8]": 0.8616448885472713,
            "(52327.8, 59017.4]": 0.901689708141321,
            "(59017.4, 65521.0]": 0.9185867895545314
        },
        "correct_product_size": {
            "(8.999, 6700.4]": 1302,
            "(6700.4, 13267.8]": 1302,
            "(13267.8, 19602.6]": 1301,
            "(19602.6, 25978.8]": 1302,
            "(25978.8, 32651.0]": 1302,
            "(32651.0, 39298.8]": 1301,
            "(39298.8, 45796.8]": 1302,
            "(45796.8, 52327.8]": 1301,
            "(52327.8, 59017.4]": 1302,
            "(59017.4, 65521.0]": 1302
        },
        "correct_factorization_mean": {
            "(8.999, 6700.4]": 0.8179723502304147,
            "(6700.4, 13267.8]": 0.5468509984639017,
            "(13267.8, 19602.6]": 0.5073020753266718,
            "(19602.6, 25978.8]": 0.41397849462365593,
            "(25978.8, 32651.0]": 0.33947772657450076,
            "(32651.0, 39298.8]": 0.3328209069946195,
            "(39298.8, 45796.8]": 0.3302611367127496,
            "(45796.8, 52327.8]": 0.31744811683320523,
            "(52327.8, 59017.4]": 0.34715821812596004,
            "(59017.4, 65521.0]": 0.31259600614439326
        },
        "correct_factorization_size": {
            "(8.999, 6700.4]": 1302,
            "(6700.4, 13267.8]": 1302,
            "(13267.8, 19602.6]": 1301,
            "(19602.6, 25978.8]": 1302,
            "(25978.8, 32651.0]": 1302,
            "(32651.0, 39298.8]": 1301,
            "(39298.8, 45796.8]": 1302,
            "(45796.8, 52327.8]": 1301,
            "(52327.8, 59017.4]": 1302,
            "(59017.4, 65521.0]": 1302
        }
    },
    "pred_same_as_target_beam_0": {
        "0": {
            "target_is_prime": false,
            "pred_same_as_target": false,
            "correct_product_mean": 0.8328776486671223,
            "correct_product_size": 11704,
            "correct_factorization_mean": 0.2775974025974026,
            "correct_factorization_size": 11704
        },
        "1": {
            "target_is_prime": true,
            "pred_same_as_target": false,
            "correct_product_mean": 0.0,
            "correct_product_size": 24,
            "correct_factorization_mean": 0.0,
            "correct_factorization_size": 24
        },
        "2": {
            "target_is_prime": true,
            "pred_same_as_target": true,
            "correct_product_mean": 1.0,
            "correct_product_size": 1289,
            "correct_factorization_mean": 1.0,
            "correct_factorization_size": 1289
        }
    },
    "test_loss": 0.13152526194850603,
    "meta": {
        "n_beams": 2,
        "temperature": 1.0
    }
}