{
    "correct": {
        "correct_product": 1.0,
        "correct_factorization": 0.8932933855727127
    },
    "beam_accuracy": {
        "correct_product": {
            "0": 0.9297073058308366,
            "1": 0.31589459937005454,
            "2": 0.15433663670584621,
            "3": 0.10332641929784128,
            "4": 0.07897364984251364,
            "5": 0.06883306445417531,
            "6": 0.06422370745947607,
            "7": 0.06161173849581317,
            "8": 0.06268725512790965,
            "9": 0.05446723515402935,
            "10": 0.05462088038718599,
            "11": 0.06499193362525928,
            "12": 0.06791119305523546,
            "13": 0.05999846354766843,
            "14": 0.06499193362525928,
            "15": 0.07044633940232005,
            "16": 0.06645156334024736,
            "17": 0.05953752784819851,
            "18": 0.05907659214872859,
            "19": 0.060075286164246754,
            "20": 0.07052316201889837,
            "21": 0.05538910655296919,
            "22": 0.06591380502419912,
            "23": 0.06629791810709072,
            "24": 0.07805177844357379,
            "25": 0.05369900898824614,
            "26": 0.05638780056848736,
            "27": 0.06230314204501805,
            "28": 0.07359606668203118,
            "29": 0.07006222631942843,
            "30": 0.06937082277022355,
            "31": 0.06721978950603058,
            "32": 0.0713682108012599,
            "33": 0.04455711761542598,
            "34": 0.04378889144964278,
            "35": 0.05024199124222171,
            "36": 0.05715602673427057,
            "37": 0.05561957440270415,
            "38": 0.061227625412921566,
            "39": 0.04832142582776369,
            "40": 0.06552969194130752,
            "41": 0.049627410309595145,
            "42": 0.056848736267957285,
            "43": 0.056848736267957285,
            "44": 0.0643005300760544,
            "45": 0.06337865867711455,
            "46": 0.06368594914342783,
            "47": 0.05899976953215026,
            "48": 0.06437735269263271,
            "49": 0.053084428055619574,
            "50": 0.04540216639778751,
            "51": 0.04033187370361835,
            "52": 0.05784743028347546,
            "53": 0.04739955442882385,
            "54": 0.05246984712299301,
            "55": 0.05477452562034263,
            "56": 0.054236767304294387,
            "57": 0.04716908657908889,
            "58": 0.04770684489513713,
            "59": 0.04355842359990781,
            "60": 0.061381270646078206,
            "61": 0.05569639701928248,
            "62": 0.060843512330029964,
            "63": 0.06191902896212645,
            "64": 0.05585004225243912,
            "65": 0.041945148651763076,
            "66": 0.03733579165706384,
            "67": 0.03702850119075056,
            "68": 0.05538910655296919,
            "69": 0.04117692248597987,
            "70": 0.054006299454559425,
            "71": 0.05231620188983637,
            "72": 0.05923023738188523,
            "73": 0.05277713758930629,
            "74": 0.04786049012829377,
            "75": 0.04486440808173926,
            "76": 0.06307136821080125,
            "77": 0.0520857340401014,
            "78": 0.05830836598294538,
            "79": 0.057386494584005535,
            "80": 0.066605208573404,
            "81": 0.05193208880694476,
            "82": 0.04824460321118537,
            "83": 0.05101021740800492,
            "84": 0.06199585157870477,
            "85": 0.04401935929937774,
            "86": 0.05846201121610202,
            "87": 0.05277713758930629,
            "88": 0.057386494584005535,
            "89": 0.042790197434124606,
            "90": 0.03987093800414842,
            "91": 0.054159944687716066,
            "92": 0.06752707997234386,
            "93": 0.060536221863716676,
            "94": 0.06591380502419912,
            "95": 0.05992164093109011,
            "96": 0.061304448029499886,
            "97": 0.0260428670200507,
            "98": 0.02681109318583391,
            "99": 0.03226549896289468
        },
        "correct_factorization": {
            "0": 0.3588384420373358,
            "1": 0.11446569870169777,
            "2": 0.06307136821080125,
            "3": 0.04471076284858262,
            "4": 0.03702850119075056,
            "5": 0.03334101559499116,
            "6": 0.034954290543135896,
            "7": 0.038104017822847044,
            "8": 0.04002458323730506,
            "9": 0.0371821464239072,
            "10": 0.03649074287470231,
            "11": 0.04732273181224553,
            "12": 0.05024199124222171,
            "13": 0.04448029499884766,
            "14": 0.049320119843281864,
            "15": 0.05531228393639087,
            "16": 0.053545363755089496,
            "17": 0.046170392563570715,
            "18": 0.0446339402320043,
            "19": 0.046170392563570715,
            "20": 0.05369900898824614,
            "21": 0.04133056771913651,
            "22": 0.0513175078743182,
            "23": 0.049550587693016825,
            "24": 0.05961435046477683,
            "25": 0.03948682492125682,
            "26": 0.04110009986940155,
            "27": 0.04401935929937774,
            "28": 0.053238073288776215,
            "29": 0.049396942459860184,
            "30": 0.04893600676039026,
            "31": 0.045786279480679114,
            "32": 0.05039563647537835,
            "33": 0.028654835983713604,
            "34": 0.027809787201352076,
            "35": 0.03211185372973804,
            "36": 0.0371821464239072,
            "37": 0.03618345240838903,
            "38": 0.03633709764154567,
            "39": 0.02896212645002689,
            "40": 0.03994776062072674,
            "41": 0.028654835983713604,
            "42": 0.031804563263424755,
            "43": 0.031804563263424755,
            "44": 0.03595298455865407,
            "45": 0.035492048859184146,
            "46": 0.03288007989552124,
            "47": 0.030575401398171623,
            "48": 0.03626027502496735,
            "49": 0.028731658600291927,
            "50": 0.0234308980563878,
            "51": 0.02104939694245986,
            "52": 0.02942306214949681,
            "53": 0.024352769455327647,
            "54": 0.026119689636629025,
            "55": 0.027348851501882154,
            "56": 0.026734270569255588,
            "57": 0.021740800491664745,
            "58": 0.022816317123761237,
            "59": 0.019128831528001843,
            "60": 0.02926941691634017,
            "61": 0.02542828608742414,
            "62": 0.02926941691634017,
            "63": 0.02949988476607513,
            "64": 0.02535146347084582,
            "65": 0.019128831528001843,
            "66": 0.01628639471460398,
            "67": 0.01405853883383268,
            "68": 0.02350772067296612,
            "69": 0.017976492279327034,
            "70": 0.023891833755857725,
            "71": 0.022662671890604592,
            "72": 0.02335407543980948,
            "73": 0.01997388031036337,
            "74": 0.01843742797879696,
            "75": 0.01605592686486902,
            "76": 0.0260428670200507,
            "77": 0.021356687408773143,
            "78": 0.024736882538219252,
            "79": 0.024275946838749327,
            "80": 0.02819390028424368,
            "81": 0.021817623108243065,
            "82": 0.021126219559038182,
            "83": 0.01974341246062841,
            "84": 0.024736882538219252,
            "85": 0.01613274948144734,
            "86": 0.023123607590074518,
            "87": 0.021356687408773143,
            "88": 0.020972574325881538,
            "89": 0.017746024429592073,
            "90": 0.01613274948144734,
            "91": 0.021279864792194823,
            "92": 0.027502496735038795,
            "93": 0.02250902665744795,
            "94": 0.02596604440347238,
            "95": 0.021817623108243065,
            "96": 0.021740800491664745,
            "97": 0.010447875854651609,
            "98": 0.010755166320964892,