{
    "correct": {
        "correct_product": 0.8784666205730968,
        "correct_factorization": 0.33302604286702003
    },
    "beam_accuracy": {
        "correct_product": {
            "0": 0.8583390950295767,
            "1": 0.14842129522931552
        },
        "correct_factorization": {
            "0": 0.26857186755780904,
            "1": 0.06445417530921103
        }
    },
    "by_prob": {
        "correct_product": {
            "(-11.927999999999999, -4.943]": 0.006528417818740399,
            "(-4.943, -2.967]": 0.039953899346907414,
            "(-2.967, -2.6]": 0.17633499807913947,
            "(-2.6, -2.389]": 0.24193548387096775,
            "(-2.389, -2.067]": 0.2969650403380715,
            "(-2.067, -1.728]": 0.6557817902420284,
            "(-1.728, -1.408]": 0.8083717357910907,
            "(-1.408, -1.214]": 0.9227814060699193,
            "(-1.214, -1.051]": 0.9542835190165194,
            "(-1.051, -2.32e-05]": 0.9308755760368663
        },
        "correct_factorization": {
            "(-11.927999999999999, -4.943]": 0.00038402457757296467,
            "(-4.943, -2.967]": 0.011909335382251248,
            "(-2.967, -2.6]": 0.06108336534767576,
            "(-2.6, -2.389]": 0.07296466973886329,
            "(-2.389, -2.067]": 0.08413369189396849,
            "(-2.067, -1.728]": 0.13446023818670763,
            "(-1.728, -1.408]": 0.19700460829493088,
            "(-1.408, -1.214]": 0.27660391855551286,
            "(-1.214, -1.051]": 0.3084902036112178,
            "(-1.051, -2.32e-05]": 0.5180491551459293
        },
        "percent_prime_factors_pred": {
            "(-11.927999999999999, -4.943]": 0.9894276603666007,
            "(-4.943, -2.967]": 0.902312960015612,
            "(-2.967, -2.6]": 0.7294682875070936,
            "(-2.6, -2.389]": 0.739477726574508,
            "(-2.389, -2.067]": 0.7939963960997511,
            "(-2.067, -1.728]": 0.7334248028831254,
            "(-1.728, -1.408]": 0.689322745227132,
            "(-1.408, -1.214]": 0.4579070852313265,
            "(-1.214, -1.051]": 0.44838967857600187,
            "(-1.051, -2.32e-05]": 0.7262284214761209
        }
    },
    "by_n_target_factors": {
        "correct_product_mean": {
            "1": 0.9954303122619954,
            "2": 0.8946372239747634,
            "3": 0.837518910741301,
            "4": 0.8604748021657642,
            "5": 0.8762589928057554,
            "6": 0.8792650918635171,
            "7": 0.8732394366197183,
            "8": 0.8862275449101796,
            "9": 0.7446808510638298,
            "10": 0.65625,
            "11": 0.7142857142857143,
            "12": 0.75,
            "13": 0.5,
            "14": 1.0
        },
        "correct_product_size": {
            "1": 1313,
            "2": 3170,
            "3": 3305,
            "4": 2401,
            "5": 1390,
            "6": 762,
            "7": 355,
            "8": 167,
            "9": 94,
            "10": 32,
            "11": 14,
            "12": 8,
            "13": 2,
            "14": 4
        },
        "correct_factorization_mean": {
            "1": 0.9954303122619954,
            "2": 0.3668769716088328,
            "3": 0.2372163388804841,
            "4": 0.1961682632236568,
            "5": 0.20575539568345325,
            "6": 0.2388451443569554,
            "7": 0.23943661971830985,
            "8": 0.20958083832335328,
            "9": 0.1595744680851064,
            "10": 0.15625,
            "11": 0.07142857142857142,
            "12": 0.125,
            "13": 0.0,
            "14": 0.0
        },
        "correct_factorization_size": {
            "1": 1313,
            "2": 3170,
            "3": 3305,
            "4": 2401,
            "5": 1390,
            "6": 762,
            "7": 355,
            "8": 167,
            "9": 94,
            "10": 32,
            "11": 14,
            "12": 8,
            "13": 2,
            "14": 4
        }
    },
    "by_target_number": {
        "correct_product_mean": {
            "(8.999, 6700.4]": 0.8986175115207373,
            "(6700.4, 13267.8]": 0.8640552995391705,
            "(13267.8, 19602.6]": 0.8954650269023828,
            "(19602.6, 25978.8]": 0.977726574500768,
            "(25978.8, 32651.0]": 0.7880184331797235,
            "(32651.0, 39298.8]": 0.8001537279016141,
            "(39298.8, 45796.8]": 0.7910906298003072,
            "(45796.8, 52327.8]": 0.7901614142966948,
            "(52327.8, 59017.4]": 0.9869431643625192,
            "(59017.4, 65521.0]": 0.9923195084485407
        },
        "correct_product_size": {
            "(8.999, 6700.4]": 1302,
            "(6700.4, 13267.8]": 1302,
            "(13267.8, 19602.6]": 1301,
            "(19602.6, 25978.8]": 1302,
            "(25978.8, 32651.0]": 1302,
            "(32651.0, 39298.8]": 1301,
            "(39298.8, 45796.8]": 1302,
            "(45796.8, 52327.8]": 1301,
            "(52327.8, 59017.4]": 1302,
            "(59017.4, 65521.0]": 1302
        },
        "correct_factorization_mean": {
            "(8.999, 6700.4]": 0.6029185867895546,
            "(6700.4, 13267.8]": 0.39477726574500765,
            "(13267.8, 19602.6]": 0.3620292083013067,
            "(19602.6, 25978.8]": 0.33563748079877115,
            "(25978.8, 32651.0]": 0.261136712749616,
            "(32651.0, 39298.8]": 0.2843966179861645,
            "(39298.8, 45796.8]": 0.26881720430107525,
            "(45796.8, 52327.8]": 0.25749423520368947,
            "(52327.8, 59017.4]": 0.30798771121351765,
            "(59017.4, 65521.0]": 0.25499231950844853
        },
        "correct_factorization_size": {
            "(8.999, 6700.4]": 1302,
            "(6700.4, 13267.8]": 1302,
            "(13267.8, 19602.6]": 1301,
            "(19602.6, 25978.8]": 1302,
            "(25978.8, 32651.0]": 1302,
            "(32651.0, 39298.8]": 1301,
            "(39298.8, 45796.8]": 1302,
            "(45796.8, 52327.8]": 1301,
            "(52327.8, 59017.4]": 1302,
            "(59017.4, 65521.0]": 1302
        }
    },
    "pred_same_as_target_beam_0": {
        "0": {
            "target_is_prime": false,
            "pred_same_as_target": false,
            "correct_product_mean": 0.7879242669129531,
            "correct_product_size": 8662,
            "correct_factorization_mean": 0.2528284460863542,
            "correct_factorization_size": 8662
        },
        "1": {
            "target_is_prime": false,
            "pred_same_as_target": true,
            "correct_product_mean": 1.0,
            "correct_product_size": 3042,
            "correct_factorization_mean": 0.0,
            "correct_factorization_size": 3042
        },
        "2": {
            "target_is_prime": true,
            "pred_same_as_target": false,
            "correct_product_mean": 0.0,
            "correct_product_size": 7,
            "correct_factorization_mean": 0.0,
            "correct_factorization_size": 7
        },
        "3": {
            "target_is_prime": true,
            "pred_same_as_target": true,
            "correct_product_mean": 1.0,
            "correct_product_size": 1306,
            "correct_factorization_mean": 1.0,
            "correct_factorization_size": 1306
        }
    },
    "test_loss": 0.14484208836859347,
    "meta": {
        "n_beams": 2
    }
}