{
    "correct": {
        "correct_product": 0.9347298117789921,
        "correct_factorization": 0.6584699453551912
    },
    "beam_accuracy": {
        "correct_product": {
            "0": 0.9030054644808743,
            "1": 0.16985428051001822
        },
        "correct_factorization": {
            "0": 0.5748330297510625,
            "1": 0.08363691560412873
        }
    },
    "by_prob": {
        "group_size": {
            "(-15.488999999999999, -4.094]": 1318.0,
            "(-4.094, -2.936]": 1318.0,
            "(-2.936, -2.475]": 1317.0,
            "(-2.475, -2.005]": 1318.0,
            "(-2.005, -1.42]": 1317.0,
            "(-1.42, -0.986]": 1318.0,
            "(-0.986, -0.833]": 1317.0,
            "(-0.833, -0.502]": 1318.0,
            "(-0.502, -0.0385]": 1317.0,
            "(-0.0385, -1.31e-06]": 1318.0
        },
        "correct_product": {
            "(-15.488999999999999, -4.094]": 0.11836115326251896,
            "(-4.094, -2.936]": 0.08573596358118361,
            "(-2.936, -2.475]": 0.14350797266514806,
            "(-2.475, -2.005]": 0.1638846737481032,
            "(-2.005, -1.42]": 0.2976461655277145,
            "(-1.42, -0.986]": 0.7268588770864947,
            "(-0.986, -0.833]": 0.9430523917995444,
            "(-0.833, -0.502]": 0.9226100151745068,
            "(-0.502, -0.0385]": 0.9627942293090357,
            "(-0.0385, -1.31e-06]": 1.0
        },
        "correct_factorization": {
            "(-15.488999999999999, -4.094]": 0.0007587253414264037,
            "(-4.094, -2.936]": 0.023520485584218515,
            "(-2.936, -2.475]": 0.07061503416856492,
            "(-2.475, -2.005]": 0.11305007587253414,
            "(-2.005, -1.42]": 0.1829916476841306,
            "(-1.42, -0.986]": 0.3118361153262519,
            "(-0.986, -0.833]": 0.3568716780561883,
            "(-0.833, -0.502]": 0.4408194233687405,
            "(-0.502, -0.0385]": 0.7942293090356871,
            "(-0.0385, -1.31e-06]": 0.9977238239757208
        },
        "percent_prime_factors_pred": {
            "(-15.488999999999999, -4.094]": 0.893639352554373,
            "(-4.094, -2.936]": 0.8449105185827479,
            "(-2.936, -2.475]": 0.8340245386942415,
            "(-2.475, -2.005]": 0.895977250283016,
            "(-2.005, -1.42]": 0.9090236347639522,
            "(-1.42, -0.986]": 0.7055892766818398,
            "(-0.986, -0.833]": 0.5071048920707233,
            "(-0.833, -0.502]": 0.7100531107738977,
            "(-0.502, -0.0385]": 0.924538091622374,
            "(-0.0385, -1.31e-06]": 0.9993045017703592
        }
    },
    "by_num_target_factors": {
        "group_size": {
            "1": 668,
            "2": 1601,
            "3": 1720,
            "4": 1198,
            "5": 715,
            "6": 373,
            "7": 165,
            "8": 79,
            "9": 35,
            "10": 20,
            "11": 8,
            "12": 3,
            "13": 3
        },
        "correct_product_mean": {
            "1": 1.0,
            "2": 0.995627732667083,
            "3": 0.9866279069767442,
            "4": 0.9549248747913188,
            "5": 0.9006993006993007,
            "6": 0.7453083109919572,
            "7": 0.5272727272727272,
            "8": 0.46835443037974683,
            "9": 0.22857142857142856,
            "10": 0.05,
            "11": 0.0,
            "12": 0.0,
            "13": 0.0
        },
        "correct_factorization_mean": {
            "1": 1.0,
            "2": 0.617738913179263,
            "3": 0.5988372093023255,
            "4": 0.6836393989983306,
            "5": 0.7188811188811188,
            "6": 0.5442359249329759,
            "7": 0.4484848484848485,
            "8": 0.4177215189873418,
            "9": 0.2,
            "10": 0.05,
            "11": 0.0,
            "12": 0.0,
            "13": 0.0
        }
    },
    "by_input_num": {
        "group_size": {
            "(7.999, 6350.5]": 659,
            "(6350.5, 12996.8]": 659,
            "(12996.8, 19472.5]": 659,
            "(19472.5, 26116.8]": 658,
            "(26116.8, 32574.0]": 659,
            "(32574.0, 39331.6]": 659,
            "(39331.6, 46013.7]": 658,
            "(46013.7, 52699.4]": 659,
            "(52699.4, 59007.6]": 659,
            "(59007.6, 65528.0]": 659
        },
        "correct_product_mean": {
            "(7.999, 6350.5]": 0.9499241274658573,
            "(6350.5, 12996.8]": 0.9499241274658573,
            "(12996.8, 19472.5]": 0.9226100151745068,
            "(19472.5, 26116.8]": 0.9361702127659575,
            "(26116.8, 32574.0]": 0.9226100151745068,
            "(32574.0, 39331.6]": 0.9226100151745068,
            "(39331.6, 46013.7]": 0.9407294832826748,
            "(46013.7, 52699.4]": 0.9226100151745068,
            "(52699.4, 59007.6]": 0.936267071320182,
            "(59007.6, 65528.0]": 0.9438543247344461
        },
        "correct_factorization_mean": {
            "(7.999, 6350.5]": 0.9438543247344461,
            "(6350.5, 12996.8]": 0.8603945371775418,
            "(12996.8, 19472.5]": 0.7541729893778453,
            "(19472.5, 26116.8]": 0.6793313069908815,
            "(26116.8, 32574.0]": 0.6327769347496206,
            "(32574.0, 39331.6]": 0.5523520485584219,
            "(39331.6, 46013.7]": 0.5714285714285714,
            "(46013.7, 52699.4]": 0.5371775417298937,
            "(52699.4, 59007.6]": 0.5159332321699545,
            "(59007.6, 65528.0]": 0.5371775417298937
        }
    },
    "pred_same_as_input_beam_0": {
        "0": {
            "input_is_prime": false,
            "pred_same_as_input": false,
            "group_size": 4910,
            "correct_product_mean": 0.870264765784114,
            "correct_factorization_mean": 0.6356415478615072
        },
        "1": {
            "input_is_prime": false,
            "pred_same_as_input": true,
            "group_size": 1010,
            "correct_product_mean": 1.0,
            "correct_factorization_mean": 0.0
        },
        "2": {
            "input_is_prime": true,
            "pred_same_as_input": false,
            "group_size": 2,
            "correct_product_mean": 0.0,
            "correct_factorization_mean": 0.0
        },
        "3": {
            "input_is_prime": true,
            "pred_same_as_input": true,
            "group_size": 666,
            "correct_product_mean": 1.0,
            "correct_factorization_mean": 1.0
        }
    },
    "by_min_factor_composite_only": {
        "0": {
            "min_factor_decile": "(1.999, 3.0]",
            "group_size": 4339,
            "correct_product_mean": 0.9064300530076055,
            "correct_factorization_mean": 0.623876469232542
        },
        "1": {
            "min_factor_decile": "(3.0, 5.0]",
            "group_size": 447,
            "correct_product_mean": 0.9619686800894854,
            "correct_factorization_mean": 0.6935123042505593
        },
        "2": {
            "min_factor_decile": "(5.0, 17.0]",
            "group_size": 614,
            "correct_product_mean": 0.995114006514658,
            "correct_factorization_mean": 0.09771986970684039
        },
        "3": {
            "min_factor_decile": "(17.0, 241.0]",
            "group_size": 520,
            "correct_product_mean": 0.9923076923076923,
            "correct_factorization_mean": 0.08461538461538462
        }
    },
    "test_loss": 0.08812512152899916,
    "meta": {
        "n_beams": 2,
        "temperature": 1.0
    }
}