{
    "correct": {
        "correct_product": 0.859375,
        "correct_factorization": 0.4482421875
    },
    "beam_accuracy": {
        "correct_product": {
            "0": 0.8359375,
            "1": 0.1044921875
        },
        "correct_factorization": {
            "0": 0.3837890625,
            "1": 0.064453125
        }
    },
    "by_prob": {
        "group_size": {
            "(-10.110999999999999, -4.184]": 410.0,
            "(-4.184, -3.115]": 410.0,
            "(-3.115, -2.604]": 409.0,
            "(-2.604, -2.196]": 410.0,
            "(-2.196, -1.726]": 409.0,
            "(-1.726, -1.163]": 410.0,
            "(-1.163, -1.012]": 409.0,
            "(-1.012, -0.94]": 410.0,
            "(-0.94, -0.759]": 409.0,
            "(-0.759, -3.22e-05]": 410.0
        },
        "correct_product": {
            "(-10.110999999999999, -4.184]": 0.012195121951219513,
            "(-4.184, -3.115]": 0.03170731707317073,
            "(-3.115, -2.604]": 0.08068459657701711,
            "(-2.604, -2.196]": 0.13170731707317074,
            "(-2.196, -1.726]": 0.1687041564792176,
            "(-1.726, -1.163]": 0.5073170731707317,
            "(-1.163, -1.012]": 0.9388753056234719,
            "(-1.012, -0.94]": 0.9634146341463414,
            "(-0.94, -0.759]": 0.9437652811735942,
            "(-0.759, -3.22e-05]": 0.9243902439024391
        },
        "correct_factorization": {
            "(-10.110999999999999, -4.184]": 0.007317073170731708,
            "(-4.184, -3.115]": 0.007317073170731708,
            "(-3.115, -2.604]": 0.022004889975550123,
            "(-2.604, -2.196]": 0.09024390243902439,
            "(-2.196, -1.726]": 0.1271393643031785,
            "(-1.726, -1.163]": 0.22195121951219512,
            "(-1.163, -1.012]": 0.33251833740831294,
            "(-1.012, -0.94]": 0.348780487804878,
            "(-0.94, -0.759]": 0.39364303178484106,
            "(-0.759, -3.22e-05]": 0.6902439024390243
        },
        "percent_prime_factors_pred": {
            "(-10.110999999999999, -4.184]": 0.9199186991869923,
            "(-4.184, -3.115]": 0.9025609756097567,
            "(-3.115, -2.604]": 0.8585642488454234,
            "(-2.604, -2.196]": 0.9074506387921027,
            "(-2.196, -1.726]": 0.9275148445686346,
            "(-1.726, -1.163]": 0.866480836236935,
            "(-1.163, -1.012]": 0.5351612527651644,
            "(-1.012, -0.94]": 0.4784959349593496,
            "(-0.94, -0.759]": 0.7284433577832111,
            "(-0.759, -3.22e-05]": 0.9194308943089433
        }
    },
    "by_num_target_factors": {
        "group_size": {
            "1": 192,
            "2": 466,
            "3": 501,
            "4": 401,
            "5": 237,
            "6": 131,
            "7": 62,
            "8": 32,
            "9": 12,
            "10": 7,
            "11": 5,
            "12": 1,
            "16": 1
        },
        "correct_product_mean": {
            "1": 0.9583333333333334,
            "2": 0.9699570815450643,
            "3": 0.9461077844311377,
            "4": 0.9002493765586035,
            "5": 0.7172995780590717,
            "6": 0.5648854961832062,
            "7": 0.4838709677419355,
            "8": 0.3125,
            "9": 0.25,
            "10": 0.2857142857142857,
            "11": 0.0,
            "12": 0.0,
            "16": 0.0
        },
        "correct_factorization_mean": {
            "1": 0.9583333333333334,
            "2": 0.4592274678111588,
            "3": 0.3393213572854291,
            "4": 0.3915211970074813,
            "5": 0.4641350210970464,
            "6": 0.3893129770992366,
            "7": 0.3064516129032258,
            "8": 0.25,
            "9": 0.25,
            "10": 0.2857142857142857,
            "11": 0.0,
            "12": 0.0,
            "16": 0.0
        }
    },
    "by_input_num": {
        "group_size": {
            "(65535.999, 65740.7]": 205,
            "(65740.7, 65945.4]": 205,
            "(65945.4, 66150.1]": 205,
            "(66150.1, 66354.8]": 204,
            "(66354.8, 66559.5]": 205,
            "(66559.5, 66764.2]": 205,
            "(66764.2, 66968.9]": 204,
            "(66968.9, 67173.6]": 205,
            "(67173.6, 67378.3]": 205,
            "(67378.3, 67583.0]": 205
        },
        "correct_product_mean": {
            "(65535.999, 65740.7]": 0.9170731707317074,
            "(65740.7, 65945.4]": 0.8731707317073171,
            "(65945.4, 66150.1]": 0.9073170731707317,
            "(66150.1, 66354.8]": 0.8725490196078431,
            "(66354.8, 66559.5]": 0.9073170731707317,
            "(66559.5, 66764.2]": 0.8634146341463415,
            "(66764.2, 66968.9]": 0.8578431372549019,
            "(66968.9, 67173.6]": 0.8439024390243902,
            "(67173.6, 67378.3]": 0.8536585365853658,
            "(67378.3, 67583.0]": 0.697560975609756
        },
        "correct_factorization_mean": {
            "(65535.999, 65740.7]": 0.5024390243902439,
            "(65740.7, 65945.4]": 0.43414634146341463,
            "(65945.4, 66150.1]": 0.45365853658536587,
            "(66150.1, 66354.8]": 0.43137254901960786,
            "(66354.8, 66559.5]": 0.48292682926829267,
            "(66559.5, 66764.2]": 0.424390243902439,
            "(66764.2, 66968.9]": 0.4362745098039216,
            "(66968.9, 67173.6]": 0.4585365853658537,
            "(67173.6, 67378.3]": 0.4585365853658537,
            "(67378.3, 67583.0]": 0.4
        }
    },
    "pred_same_as_input_beam_0": {
        "0": {
            "input_is_prime": false,
            "pred_same_as_input": false,
            "group_size": 1516,
            "correct_product_mean": 0.7849604221635884,
            "correct_factorization_mean": 0.39841688654353563
        },
        "1": {
            "input_is_prime": false,
            "pred_same_as_input": true,
            "group_size": 340,
            "correct_product_mean": 1.0,
            "correct_factorization_mean": 0.0
        },
        "2": {
            "input_is_prime": true,
            "pred_same_as_input": false,
            "group_size": 10,
            "correct_product_mean": 0.0,
            "correct_factorization_mean": 0.0
        },
        "3": {
            "input_is_prime": true,
            "pred_same_as_input": true,
            "group_size": 182,
            "correct_product_mean": 1.0,
            "correct_factorization_mean": 1.0
        }
    },
    "by_min_factor_composite_only": {
        "0": {
            "min_factor_decile": "(1.999, 3.0]",
            "group_size": 1365,
            "correct_product_mean": 0.827106227106227,
            "correct_factorization_mean": 0.4117216117216117
        },
        "1": {
            "min_factor_decile": "(3.0, 5.0]",
            "group_size": 136,
            "correct_product_mean": 0.7867647058823529,
            "correct_factorization_mean": 0.3088235294117647
        },
        "2": {
            "min_factor_decile": "(5.0, 17.0]",
            "group_size": 176,
            "correct_product_mean": 0.9545454545454546,
            "correct_factorization_mean": 0.0
        },
        "3": {
            "min_factor_decile": "(17.0, 257.0]",
            "group_size": 179,
            "correct_product_mean": 0.9608938547486033,
            "correct_factorization_mean": 0.0
        }
    },
    "test_loss": 0.08812512152899916,
    "meta": {
        "n_beams": 2,
        "temperature": 1.0
    }
}