{
    "correct": {
        "correct_product": 0.9277474195506983,
        "correct_factorization": 0.5132058287795993
    },
    "beam_accuracy": {
        "correct_product": {
            "0": 0.898755312689739,
            "1": 0.18518518518518517
        },
        "correct_factorization": {
            "0": 0.42289010321797205,
            "1": 0.0903157255616272
        }
    },
    "by_prob": {
        "group_size": {
            "(-13.588999999999999, -3.255]": 1318.0,
            "(-3.255, -2.699]": 1318.0,
            "(-2.699, -2.42]": 1317.0,
            "(-2.42, -2.056]": 1318.0,
            "(-2.056, -1.589]": 1317.0,
            "(-1.589, -1.272]": 1318.0,
            "(-1.272, -1.134]": 1317.0,
            "(-1.134, -0.956]": 1318.0,
            "(-0.956, -0.538]": 1317.0,
            "(-0.538, -8.82e-06]": 1318.0
        },
        "correct_product": {
            "(-13.588999999999999, -3.255]": 0.07435508345978756,
            "(-3.255, -2.699]": 0.11229135053110774,
            "(-2.699, -2.42]": 0.1845102505694761,
            "(-2.42, -2.056]": 0.17602427921092564,
            "(-2.056, -1.589]": 0.3470007593014427,
            "(-1.589, -1.272]": 0.7602427921092565,
            "(-1.272, -1.134]": 0.9217919514047077,
            "(-1.134, -0.956]": 0.9453717754172989,
            "(-0.956, -0.538]": 0.9286256643887624,
            "(-0.538, -8.82e-06]": 0.9696509863429439
        },
        "correct_factorization": {
            "(-13.588999999999999, -3.255]": 0.009863429438543247,
            "(-3.255, -2.699]": 0.042488619119878605,
            "(-2.699, -2.42]": 0.0683371298405467,
            "(-2.42, -2.056]": 0.08118361153262518,
            "(-2.056, -1.589]": 0.15413819286256644,
            "(-1.589, -1.272]": 0.28072837632776937,
            "(-1.272, -1.134]": 0.3113135914958238,
            "(-1.134, -0.956]": 0.30728376327769347,
            "(-0.956, -0.538]": 0.4381169324221716,
            "(-0.538, -8.82e-06]": 0.8725341426403642
        },
        "percent_prime_factors_pred": {
            "(-13.588999999999999, -3.255]": 0.9327407776004134,
            "(-3.255, -2.699]": 0.7863643206397378,
            "(-2.699, -2.42]": 0.7457768376902774,
            "(-2.42, -2.056]": 0.815356962208252,
            "(-2.056, -1.589]": 0.8592905955092743,
            "(-1.589, -1.272]": 0.642664751788424,
            "(-1.272, -1.134]": 0.4942546190837762,
            "(-1.134, -0.956]": 0.5325673820362743,
            "(-0.956, -0.538]": 0.7090094731894276,
            "(-0.538, -8.82e-06]": 0.9553417877014235
        }
    },
    "by_num_target_factors": {
        "group_size": {
            "1": 668,
            "2": 1601,
            "3": 1720,
            "4": 1198,
            "5": 715,
            "6": 373,
            "7": 165,
            "8": 79,
            "9": 35,
            "10": 20,
            "11": 8,
            "12": 3,
            "13": 3
        },
        "correct_product_mean": {
            "1": 0.9925149700598802,
            "2": 0.9862585883822611,
            "3": 0.9511627906976744,
            "4": 0.8981636060100167,
            "5": 0.8475524475524475,
            "6": 0.8418230563002681,
            "7": 0.7696969696969697,
            "8": 0.7215189873417721,
            "9": 0.8571428571428571,
            "10": 0.7,
            "11": 0.75,
            "12": 0.3333333333333333,
            "13": 1.0
        },
        "correct_factorization_mean": {
            "1": 0.9925149700598802,
            "2": 0.5090568394753279,
            "3": 0.3767441860465116,
            "4": 0.41652754590984975,
            "5": 0.509090909090909,
            "6": 0.5817694369973191,
            "7": 0.5575757575757576,
            "8": 0.5443037974683544,
            "9": 0.6571428571428571,
            "10": 0.55,
            "11": 0.5,
            "12": 0.3333333333333333,
            "13": 0.3333333333333333
        }
    },
    "by_input_num": {
        "group_size": {
            "(7.999, 6350.5]": 659,
            "(6350.5, 12996.8]": 659,
            "(12996.8, 19472.5]": 659,
            "(19472.5, 26116.8]": 658,
            "(26116.8, 32574.0]": 659,
            "(32574.0, 39331.6]": 659,
            "(39331.6, 46013.7]": 658,
            "(46013.7, 52699.4]": 659,
            "(52699.4, 59007.6]": 659,
            "(59007.6, 65528.0]": 659
        },
        "correct_product_mean": {
            "(7.999, 6350.5]": 0.9802731411229135,
            "(6350.5, 12996.8]": 0.9484066767830045,
            "(12996.8, 19472.5]": 0.9332321699544764,
            "(19472.5, 26116.8]": 0.9164133738601824,
            "(26116.8, 32574.0]": 0.9165402124430956,
            "(32574.0, 39331.6]": 0.9241274658573596,
            "(39331.6, 46013.7]": 0.9285714285714286,
            "(46013.7, 52699.4]": 0.9301972685887708,
            "(52699.4, 59007.6]": 0.8998482549317147,
            "(59007.6, 65528.0]": 0.8998482549317147
        },
        "correct_factorization_mean": {
            "(7.999, 6350.5]": 0.9241274658573596,
            "(6350.5, 12996.8]": 0.6980273141122914,
            "(12996.8, 19472.5]": 0.5978755690440061,
            "(19472.5, 26116.8]": 0.46504559270516715,
            "(26116.8, 32574.0]": 0.46889226100151743,
            "(32574.0, 39331.6]": 0.4006069802731411,
            "(39331.6, 46013.7]": 0.3966565349544073,
            "(46013.7, 52699.4]": 0.4203338391502276,
            "(52699.4, 59007.6]": 0.38543247344461307,
            "(59007.6, 65528.0]": 0.37481031866464337
        }
    },
    "pred_same_as_input_beam_0": {
        "0": {
            "input_is_prime": false,
            "pred_same_as_input": false,
            "group_size": 5920,
            "correct_product_mean": 0.8888513513513514,
            "correct_factorization_mean": 0.35929054054054055
        },
        "1": {
            "input_is_prime": true,
            "pred_same_as_input": false,
            "group_size": 668,
            "correct_product_mean": 0.9865269461077845,
            "correct_factorization_mean": 0.9865269461077845
        }
    },
    "by_min_factor_composite_only": {
        "0": {
            "min_factor_decile": "(1.999, 3.0]",
            "group_size": 4339,
            "correct_product_mean": 0.8949066605208573,
            "correct_factorization_mean": 0.4752247061534916
        },
        "1": {
            "min_factor_decile": "(3.0, 5.0]",
            "group_size": 447,
            "correct_product_mean": 1.0,
            "correct_factorization_mean": 0.06263982102908278
        },
        "2": {
            "min_factor_decile": "(5.0, 17.0]",
            "group_size": 614,
            "correct_product_mean": 0.9853420195439739,
            "correct_factorization_mean": 0.03908794788273615
        },
        "3": {
            "min_factor_decile": "(17.0, 241.0]",
            "group_size": 520,
            "correct_product_mean": 0.9884615384615385,
            "correct_factorization_mean": 0.025
        }
    },
    "loss": 0.18651149234266104,
    "meta": {
        "n_beams": 2,
        "temperature": 1.0
    }
}