{
    "correct": {
        "correct_product": 0.8324225865209471,
        "correct_factorization": 0.37249544626593806
    },
    "beam_accuracy": {
        "correct_product": {
            "0": 0.7943230115361263,
            "1": 0.15042501517911355
        },
        "correct_factorization": {
            "0": 0.2965998785670917,
            "1": 0.07589556769884638
        }
    },
    "by_prob": {
        "group_size": {
            "(-11.25, -4.035]": 1318.0,
            "(-4.035, -2.877]": 1318.0,
            "(-2.877, -2.551]": 1317.0,
            "(-2.551, -2.276]": 1318.0,
            "(-2.276, -1.926]": 1317.0,
            "(-1.926, -1.629]": 1318.0,
            "(-1.629, -1.314]": 1317.0,
            "(-1.314, -1.159]": 1318.0,
            "(-1.159, -0.954]": 1317.0,
            "(-0.954, -2.83e-05]": 1318.0
        },
        "correct_product": {
            "(-11.25, -4.035]": 0.015933232169954476,
            "(-4.035, -2.877]": 0.06752655538694992,
            "(-2.877, -2.551]": 0.1556567957479119,
            "(-2.551, -2.276]": 0.2314112291350531,
            "(-2.276, -1.926]": 0.28170083523158695,
            "(-1.926, -1.629]": 0.6289833080424886,
            "(-1.629, -1.314]": 0.6560364464692483,
            "(-1.314, -1.159]": 0.8937784522003035,
            "(-1.159, -0.954]": 0.9126803340926348,
            "(-0.954, -2.83e-05]": 0.8801213960546282
        },
        "correct_factorization": {
            "(-11.25, -4.035]": 0.0037936267071320183,
            "(-4.035, -2.877]": 0.027314112291350532,
            "(-2.877, -2.551]": 0.053910402429764616,
            "(-2.551, -2.276]": 0.07511380880121396,
            "(-2.276, -1.926]": 0.10098709187547457,
            "(-1.926, -1.629]": 0.1456752655538695,
            "(-1.629, -1.314]": 0.2611996962794229,
            "(-1.314, -1.159]": 0.2890743550834598,
            "(-1.159, -0.954]": 0.3052391799544419,
            "(-0.954, -2.83e-05]": 0.6001517450682853
        },
        "percent_prime_factors_pred": {
            "(-11.25, -4.035]": 0.9850907459594864,
            "(-4.035, -2.877]": 0.8711684370257967,
            "(-2.877, -2.551]": 0.7573842065299924,
            "(-2.551, -2.276]": 0.7743659223932365,
            "(-2.276, -1.926]": 0.8308402935965579,
            "(-1.926, -1.629]": 0.7337434063154852,
            "(-1.629, -1.314]": 0.7360794735509997,
            "(-1.314, -1.159]": 0.44117349519473953,
            "(-1.159, -0.954]": 0.47866362946089597,
            "(-0.954, -2.83e-05]": 0.8102680829539707
        }
    },
    "by_num_target_factors": {
        "group_size": {
            "1": 668,
            "2": 1601,
            "3": 1720,
            "4": 1198,
            "5": 715,
            "6": 373,
            "7": 165,
            "8": 79,
            "9": 35,
            "10": 20,
            "11": 8,
            "12": 3,
            "13": 3
        },
        "correct_product_mean": {
            "1": 0.9940119760479041,
            "2": 0.8969394128669581,
            "3": 0.8319767441860465,
            "4": 0.82220367278798,
            "5": 0.765034965034965,
            "6": 0.67828418230563,
            "7": 0.6060606060606061,
            "8": 0.5063291139240507,
            "9": 0.5142857142857142,
            "10": 0.4,
            "11": 0.25,
            "12": 0.0,
            "13": 0.0
        },
        "correct_factorization_mean": {
            "1": 0.9940119760479041,
            "2": 0.4047470331043098,
            "3": 0.2633720930232558,
            "4": 0.2629382303839733,
            "5": 0.2937062937062937,
            "6": 0.2975871313672922,
            "7": 0.21212121212121213,
            "8": 0.12658227848101267,
            "9": 0.2,
            "10": 0.05,
            "11": 0.0,
            "12": 0.0,
            "13": 0.0
        }
    },
    "by_input_num": {
        "group_size": {
            "(7.999, 6350.5]": 659,
            "(6350.5, 12996.8]": 659,
            "(12996.8, 19472.5]": 659,
            "(19472.5, 26116.8]": 658,
            "(26116.8, 32574.0]": 659,
            "(32574.0, 39331.6]": 659,
            "(39331.6, 46013.7]": 658,
            "(46013.7, 52699.4]": 659,
            "(52699.4, 59007.6]": 659,
            "(59007.6, 65528.0]": 659
        },
        "correct_product_mean": {
            "(7.999, 6350.5]": 0.8224582701062215,
            "(6350.5, 12996.8]": 0.779969650986343,
            "(12996.8, 19472.5]": 0.8376327769347496,
            "(19472.5, 26116.8]": 0.9224924012158054,
            "(26116.8, 32574.0]": 0.7450682852807283,
            "(32574.0, 39331.6]": 0.7435508345978755,
            "(39331.6, 46013.7]": 0.743161094224924,
            "(46013.7, 52699.4]": 0.8118361153262519,
            "(52699.4, 59007.6]": 0.9650986342943855,
            "(59007.6, 65528.0]": 0.952959028831563
        },
        "correct_factorization_mean": {
            "(7.999, 6350.5]": 0.7207890743550834,
            "(6350.5, 12996.8]": 0.48254931714719274,
            "(12996.8, 19472.5]": 0.4400606980273141,
            "(19472.5, 26116.8]": 0.33890577507598785,
            "(26116.8, 32574.0]": 0.30652503793626706,
            "(32574.0, 39331.6]": 0.26555386949924126,
            "(39331.6, 46013.7]": 0.28419452887537994,
            "(46013.7, 52699.4]": 0.30045523520485584,
            "(52699.4, 59007.6]": 0.2852807283763278,
            "(59007.6, 65528.0]": 0.30045523520485584
        }
    },
    "pred_same_as_input_beam_0": {
        "0": {
            "input_is_prime": false,
            "pred_same_as_input": false,
            "group_size": 4403,
            "correct_product_mean": 0.6936179877356348,
            "correct_factorization_mean": 0.29343629343629346
        },
        "1": {
            "input_is_prime": false,
            "pred_same_as_input": true,
            "group_size": 1517,
            "correct_product_mean": 1.0,
            "correct_factorization_mean": 0.0
        },
        "2": {
            "input_is_prime": true,
            "pred_same_as_input": false,
            "group_size": 6,
            "correct_product_mean": 0.0,
            "correct_factorization_mean": 0.0
        },
        "3": {
            "input_is_prime": true,
            "pred_same_as_input": true,
            "group_size": 662,
            "correct_product_mean": 1.0,
            "correct_factorization_mean": 1.0
        }
    },
    "by_min_factor_composite_only": {
        "0": {
            "min_factor_decile": "(1.999, 3.0]",
            "group_size": 4339,
            "correct_product_mean": 0.7485595759391565,
            "correct_factorization_mean": 0.2885457478681724
        },
        "1": {
            "min_factor_decile": "(3.0, 5.0]",
            "group_size": 447,
            "correct_product_mean": 0.9955257270693513,
            "correct_factorization_mean": 0.03355704697986577
        },
        "2": {
            "min_factor_decile": "(5.0, 17.0]",
            "group_size": 614,
            "correct_product_mean": 0.996742671009772,
            "correct_factorization_mean": 0.026058631921824105
        },
        "3": {
            "min_factor_decile": "(17.0, 241.0]",
            "group_size": 520,
            "correct_product_mean": 0.9903846153846154,
            "correct_factorization_mean": 0.01730769230769231
        }
    },
    "loss": 0.22071674923270293,
    "meta": {
        "n_beams": 2,
        "temperature": 1.0
    }
}