{
    "correct": {
        "correct_product": 0.8515625,
        "correct_factorization": 0.34912109375
    },
    "beam_accuracy": {
        "correct_product": {
            "0": 0.83203125,
            "1": 0.11181640625
        },
        "correct_factorization": {
            "0": 0.29345703125,
            "1": 0.0556640625
        }
    },
    "by_prob": {
        "group_size": {
            "(-9.804, -4.685]": 410.0,
            "(-4.685, -4.139]": 410.0,
            "(-4.139, -3.208]": 409.0,
            "(-3.208, -2.662]": 410.0,
            "(-2.662, -2.151]": 409.0,
            "(-2.151, -1.521]": 410.0,
            "(-1.521, -1.326]": 409.0,
            "(-1.326, -1.201]": 410.0,
            "(-1.201, -0.975]": 409.0,
            "(-0.975, -5.19e-05]": 410.0
        },
        "correct_product": {
            "(-9.804, -4.685]": 0.01707317073170732,
            "(-4.685, -4.139]": 0.00975609756097561,
            "(-4.139, -3.208]": 0.044009779951100246,
            "(-3.208, -2.662]": 0.13658536585365855,
            "(-2.662, -2.151]": 0.19315403422982885,
            "(-2.151, -1.521]": 0.4878048780487805,
            "(-1.521, -1.326]": 0.960880195599022,
            "(-1.326, -1.201]": 0.9512195121951219,
            "(-1.201, -0.975]": 0.9584352078239609,
            "(-0.975, -5.19e-05]": 0.9609756097560975
        },
        "correct_factorization": {
            "(-9.804, -4.685]": 0.007317073170731708,
            "(-4.685, -4.139]": 0.0024390243902439024,
            "(-4.139, -3.208]": 0.022004889975550123,
            "(-3.208, -2.662]": 0.05853658536585366,
            "(-2.662, -2.151]": 0.05623471882640587,
            "(-2.151, -1.521]": 0.18292682926829268,
            "(-1.521, -1.326]": 0.29584352078239606,
            "(-1.326, -1.201]": 0.2780487804878049,
            "(-1.201, -0.975]": 0.28361858190709044,
            "(-0.975, -5.19e-05]": 0.5585365853658537
        },
        "percent_prime_factors_pred": {
            "(-9.804, -4.685]": 0.9297638404955478,
            "(-4.685, -4.139]": 0.918758226867983,
            "(-4.139, -3.208]": 0.8958221756510265,
            "(-3.208, -2.662]": 0.8202613240418118,
            "(-2.662, -2.151]": 0.8333915473279776,
            "(-2.151, -1.521]": 0.785,
            "(-1.521, -1.326]": 0.4416870415647922,
            "(-1.326, -1.201]": 0.463130081300813,
            "(-1.201, -0.975]": 0.5658516707416463,
            "(-0.975, -5.19e-05]": 0.8326596980255517
        }
    },
    "by_num_target_factors": {
        "group_size": {
            "1": 192,
            "2": 466,
            "3": 501,
            "4": 401,
            "5": 237,
            "6": 131,
            "7": 62,
            "8": 32,
            "9": 12,
            "10": 7,
            "11": 5,
            "12": 1,
            "16": 1
        },
        "correct_product_mean": {
            "1": 1.0,
            "2": 0.9914163090128756,
            "3": 0.8922155688622755,
            "4": 0.7755610972568578,
            "5": 0.729957805907173,
            "6": 0.7022900763358778,
            "7": 0.5483870967741935,
            "8": 0.59375,
            "9": 0.4166666666666667,
            "10": 0.5714285714285714,
            "11": 0.8,
            "12": 0.0,
            "16": 1.0
        },
        "correct_factorization_mean": {
            "1": 1.0,
            "2": 0.38197424892703863,
            "3": 0.19760479041916168,
            "4": 0.1970074812967581,
            "5": 0.29957805907172996,
            "6": 0.35877862595419846,
            "7": 0.4032258064516129,
            "8": 0.4375,
            "9": 0.3333333333333333,
            "10": 0.42857142857142855,
            "11": 0.6,
            "12": 0.0,
            "16": 0.0
        }
    },
    "by_input_num": {
        "group_size": {
            "(65535.999, 65740.7]": 205,
            "(65740.7, 65945.4]": 205,
            "(65945.4, 66150.1]": 205,
            "(66150.1, 66354.8]": 204,
            "(66354.8, 66559.5]": 205,
            "(66559.5, 66764.2]": 205,
            "(66764.2, 66968.9]": 204,
            "(66968.9, 67173.6]": 205,
            "(67173.6, 67378.3]": 205,
            "(67378.3, 67583.0]": 205
        },
        "correct_product_mean": {
            "(65535.999, 65740.7]": 0.8390243902439024,
            "(65740.7, 65945.4]": 0.8341463414634146,
            "(65945.4, 66150.1]": 0.8536585365853658,
            "(66150.1, 66354.8]": 0.803921568627451,
            "(66354.8, 66559.5]": 0.8097560975609757,
            "(66559.5, 66764.2]": 0.848780487804878,
            "(66764.2, 66968.9]": 0.8627450980392157,
            "(66968.9, 67173.6]": 0.926829268292683,
            "(67173.6, 67378.3]": 0.8634146341463415,
            "(67378.3, 67583.0]": 0.8731707317073171
        },
        "correct_factorization_mean": {
            "(65535.999, 65740.7]": 0.4195121951219512,
            "(65740.7, 65945.4]": 0.32195121951219513,
            "(65945.4, 66150.1]": 0.36097560975609755,
            "(66150.1, 66354.8]": 0.29901960784313725,
            "(66354.8, 66559.5]": 0.32195121951219513,
            "(66559.5, 66764.2]": 0.35121951219512193,
            "(66764.2, 66968.9]": 0.3333333333333333,
            "(66968.9, 67173.6]": 0.36585365853658536,
            "(67173.6, 67378.3]": 0.34146341463414637,
            "(67378.3, 67583.0]": 0.375609756097561
        }
    },
    "pred_same_as_input_beam_0": {
        "0": {
            "input_is_prime": false,
            "pred_same_as_input": false,
            "group_size": 1856,
            "correct_product_mean": 0.8146551724137931,
            "correct_factorization_mean": 0.22036637931034483
        },
        "1": {
            "input_is_prime": true,
            "pred_same_as_input": false,
            "group_size": 192,
            "correct_product_mean": 1.0,
            "correct_factorization_mean": 1.0
        }
    },
    "by_min_factor_composite_only": {
        "0": {
            "min_factor_decile": "(1.999, 3.0]",
            "group_size": 1365,
            "correct_product_mean": 0.7772893772893773,
            "correct_factorization_mean": 0.2996336996336996
        },
        "1": {
            "min_factor_decile": "(3.0, 5.0]",
            "group_size": 136,
            "correct_product_mean": 1.0,
            "correct_factorization_mean": 0.0
        },
        "2": {
            "min_factor_decile": "(5.0, 17.0]",
            "group_size": 176,
            "correct_product_mean": 1.0,
            "correct_factorization_mean": 0.0
        },
        "3": {
            "min_factor_decile": "(17.0, 257.0]",
            "group_size": 179,
            "correct_product_mean": 1.0,
            "correct_factorization_mean": 0.0
        }
    },
    "loss": 0.2503046559368943,
    "meta": {
        "n_beams": 2,
        "temperature": 1.0
    }
}