{
    "correct": {
        "correct_product": 0.78466796875,
        "correct_factorization": 0.5458984375
    },
    "beam_accuracy": {
        "correct_product": {
            "0": 0.7255859375,
            "1": 0.1162109375
        },
        "correct_factorization": {
            "0": 0.486328125,
            "1": 0.0595703125
        }
    },
    "by_prob": {
        "group_size": {
            "(-12.772, -3.64]": 410.0,
            "(-3.64, -2.827]": 410.0,
            "(-2.827, -2.35]": 409.0,
            "(-2.35, -1.905]": 410.0,
            "(-1.905, -1.463]": 409.0,
            "(-1.463, -1.133]": 410.0,
            "(-1.133, -0.934]": 409.0,
            "(-0.934, -0.599]": 410.0,
            "(-0.599, -0.0981]": 409.0,
            "(-0.0981, -7.03e-06]": 410.0
        },
        "correct_product": {
            "(-12.772, -3.64]": 0.1048780487804878,
            "(-3.64, -2.827]": 0.03414634146341464,
            "(-2.827, -2.35]": 0.05134474327628362,
            "(-2.35, -1.905]": 0.1048780487804878,
            "(-1.905, -1.463]": 0.3471882640586797,
            "(-1.463, -1.133]": 0.5756097560975609,
            "(-1.133, -0.934]": 0.7359413202933985,
            "(-0.934, -0.599]": 0.675609756097561,
            "(-0.599, -0.0981]": 0.6528117359413202,
            "(-0.0981, -7.03e-06]": 0.926829268292683
        },
        "correct_factorization": {
            "(-12.772, -3.64]": 0.00975609756097561,
            "(-3.64, -2.827]": 0.01707317073170732,
            "(-2.827, -2.35]": 0.02689486552567237,
            "(-2.35, -1.905]": 0.06341463414634146,
            "(-1.905, -1.463]": 0.17114914425427874,
            "(-1.463, -1.133]": 0.23658536585365852,
            "(-1.133, -0.934]": 0.32273838630806845,
            "(-0.934, -0.599]": 0.37317073170731707,
            "(-0.599, -0.0981]": 0.589242053789731,
            "(-0.0981, -7.03e-06]": 0.9195121951219513
        },
        "percent_prime_factors_pred": {
            "(-12.772, -3.64]": 0.9338840495547812,
            "(-3.64, -2.827]": 0.943855981416957,
            "(-2.827, -2.35]": 0.9322738386308069,
            "(-2.35, -1.905]": 0.9096341463414633,
            "(-1.905, -1.463]": 0.842007218535336,
            "(-1.463, -1.133]": 0.6993089430894308,
            "(-1.133, -0.934]": 0.6245721271393643,
            "(-0.934, -0.599]": 0.7961788617886179,
            "(-0.599, -0.0981]": 0.9716381418092909,
            "(-0.0981, -7.03e-06]": 0.9981707317073171
        }
    },
    "by_num_target_factors": {
        "group_size": {
            "1": 192,
            "2": 466,
            "3": 501,
            "4": 401,
            "5": 237,
            "6": 131,
            "7": 62,
            "8": 32,
            "9": 12,
            "10": 7,
            "11": 5,
            "12": 1,
            "16": 1
        },
        "correct_product_mean": {
            "1": 0.890625,
            "2": 0.8776824034334764,
            "3": 0.8023952095808383,
            "4": 0.8104738154613467,
            "5": 0.6708860759493671,
            "6": 0.6412213740458015,
            "7": 0.5161290322580645,
            "8": 0.46875,
            "9": 0.3333333333333333,
            "10": 0.5714285714285714,
            "11": 0.4,
            "12": 0.0,
            "16": 0.0
        },
        "correct_factorization_mean": {
            "1": 0.890625,
            "2": 0.40987124463519314,
            "3": 0.4291417165668663,
            "4": 0.6733167082294265,
            "5": 0.6118143459915611,
            "6": 0.5572519083969466,
            "7": 0.46774193548387094,
            "8": 0.4375,
            "9": 0.3333333333333333,
            "10": 0.5714285714285714,
            "11": 0.4,
            "12": 0.0,
            "16": 0.0
        }
    },
    "by_input_num": {
        "group_size": {
            "(65535.999, 65740.7]": 205,
            "(65740.7, 65945.4]": 205,
            "(65945.4, 66150.1]": 205,
            "(66150.1, 66354.8]": 204,
            "(66354.8, 66559.5]": 205,
            "(66559.5, 66764.2]": 205,
            "(66764.2, 66968.9]": 204,
            "(66968.9, 67173.6]": 205,
            "(67173.6, 67378.3]": 205,
            "(67378.3, 67583.0]": 205
        },
        "correct_product_mean": {
            "(65535.999, 65740.7]": 0.9121951219512195,
            "(65740.7, 65945.4]": 0.8682926829268293,
            "(65945.4, 66150.1]": 0.848780487804878,
            "(66150.1, 66354.8]": 0.8676470588235294,
            "(66354.8, 66559.5]": 0.8439024390243902,
            "(66559.5, 66764.2]": 0.697560975609756,
            "(66764.2, 66968.9]": 0.7205882352941176,
            "(66968.9, 67173.6]": 0.7365853658536585,
            "(67173.6, 67378.3]": 0.6926829268292682,
            "(67378.3, 67583.0]": 0.6585365853658537
        },
        "correct_factorization_mean": {
            "(65535.999, 65740.7]": 0.6926829268292682,
            "(65740.7, 65945.4]": 0.5756097560975609,
            "(65945.4, 66150.1]": 0.6048780487804878,
            "(66150.1, 66354.8]": 0.5294117647058824,
            "(66354.8, 66559.5]": 0.5853658536585366,
            "(66559.5, 66764.2]": 0.5121951219512195,
            "(66764.2, 66968.9]": 0.49019607843137253,
            "(66968.9, 67173.6]": 0.5024390243902439,
            "(67173.6, 67378.3]": 0.5024390243902439,
            "(67378.3, 67583.0]": 0.4634146341463415
        }
    },
    "pred_same_as_input_beam_0": {
        "0": {
            "input_is_prime": false,
            "pred_same_as_input": false,
            "group_size": 1853,
            "correct_product_mean": 0.7101996762007555,
            "correct_factorization_mean": 0.4473826227738802
        },
        "1": {
            "input_is_prime": false,
            "pred_same_as_input": true,
            "group_size": 3,
            "correct_product_mean": 1.0,
            "correct_factorization_mean": 0.0
        },
        "2": {
            "input_is_prime": true,
            "pred_same_as_input": false,
            "group_size": 192,
            "correct_product_mean": 0.8697916666666666,
            "correct_factorization_mean": 0.8697916666666666
        }
    },
    "by_min_factor_composite_only": {
        "0": {
            "min_factor_decile": "(1.999, 3.0]",
            "group_size": 1365,
            "correct_product_mean": 0.7450549450549451,
            "correct_factorization_mean": 0.5333333333333333
        },
        "1": {
            "min_factor_decile": "(3.0, 5.0]",
            "group_size": 136,
            "correct_product_mean": 0.7941176470588235,
            "correct_factorization_mean": 0.7426470588235294
        },
        "2": {
            "min_factor_decile": "(5.0, 17.0]",
            "group_size": 176,
            "correct_product_mean": 0.875,
            "correct_factorization_mean": 0.0
        },
        "3": {
            "min_factor_decile": "(17.0, 257.0]",
            "group_size": 179,
            "correct_product_mean": 0.8770949720670391,
            "correct_factorization_mean": 0.0
        }
    },
    "loss": 0.52507843310535,
    "meta": {
        "n_beams": 2,
        "temperature": 1.0
    }
}