{
    "correct": {
        "correct_product": 0.9672131147540983,
        "correct_factorization": 0.8360655737704918
    },
    "beam_accuracy": {
        "correct_product": {
            "0": 0.9426229508196722,
            "1": 0.19687310261080754
        },
        "correct_factorization": {
            "0": 0.7994839101396478,
            "1": 0.03658166363084396
        }
    },
    "by_prob": {
        "group_size": {
            "(-15.081999999999999, -8.814]": 1318.0,
            "(-8.814, -6.39]": 1318.0,
            "(-6.39, -3.693]": 1317.0,
            "(-3.693, -2.245]": 1318.0,
            "(-2.245, -1.24]": 1317.0,
            "(-1.24, -0.75]": 1318.0,
            "(-0.75, -0.0506]": 1317.0,
            "(-0.0506, -0.00325]": 1318.0,
            "(-0.00325, -0.000283]": 1317.0,
            "(-0.000283, -7.15e-07]": 1318.0
        },
        "correct_product": {
            "(-15.081999999999999, -8.814]": 0.13808801213960548,
            "(-8.814, -6.39]": 0.18512898330804248,
            "(-6.39, -3.693]": 0.21716021260440393,
            "(-3.693, -2.245]": 0.15402124430955993,
            "(-2.245, -1.24]": 0.29460895975702356,
            "(-1.24, -0.75]": 0.8429438543247344,
            "(-0.75, -0.0506]": 0.8731966590736523,
            "(-0.0506, -0.00325]": 0.992412746585736,
            "(-0.00325, -0.000283]": 1.0,
            "(-0.000283, -7.15e-07]": 1.0
        },
        "correct_factorization": {
            "(-15.081999999999999, -8.814]": 0.0,
            "(-8.814, -6.39]": 0.0007587253414264037,
            "(-6.39, -3.693]": 0.004555808656036446,
            "(-3.693, -2.245]": 0.03793626707132018,
            "(-2.245, -1.24]": 0.12680334092634776,
            "(-1.24, -0.75]": 0.34218512898330805,
            "(-0.75, -0.0506]": 0.6826119969627942,
            "(-0.0506, -0.00325]": 0.9871016691957512,
            "(-0.00325, -0.000283]": 0.9984813971146546,
            "(-0.000283, -7.15e-07]": 1.0
        },
        "percent_prime_factors_pred": {
            "(-15.081999999999999, -8.814]": 0.7868478575041549,
            "(-8.814, -6.39]": 0.906479875713563,
            "(-6.39, -3.693]": 0.8681473044798784,
            "(-3.693, -2.245]": 0.8574481537683358,
            "(-2.245, -1.24]": 0.8089778356293162,
            "(-1.24, -0.75]": 0.5404969650986343,
            "(-0.75, -0.0506]": 0.8480511262971401,
            "(-0.0506, -0.00325]": 0.9955235204855841,
            "(-0.00325, -0.000283]": 0.9990888382687927,
            "(-0.000283, -7.15e-07]": 1.0
        }
    },
    "by_num_target_factors": {
        "group_size": {
            "1": 668,
            "2": 1601,
            "3": 1720,
            "4": 1198,
            "5": 715,
            "6": 373,
            "7": 165,
            "8": 79,
            "9": 35,
            "10": 20,
            "11": 8,
            "12": 3,
            "13": 3
        },
        "correct_product_mean": {
            "1": 0.9730538922155688,
            "2": 0.981261711430356,
            "3": 0.9767441860465116,
            "4": 0.9824707846410684,
            "5": 0.965034965034965,
            "6": 0.9222520107238605,
            "7": 0.8727272727272727,
            "8": 0.8607594936708861,
            "9": 0.7428571428571429,
            "10": 0.65,
            "11": 0.625,
            "12": 1.0,
            "13": 0.3333333333333333
        },
        "correct_factorization_mean": {
            "1": 0.9730538922155688,
            "2": 0.6770768269831355,
            "3": 0.8151162790697675,
            "4": 0.9232053422370617,
            "5": 0.9524475524475524,
            "6": 0.8793565683646113,
            "7": 0.8606060606060606,
            "8": 0.8481012658227848,
            "9": 0.7428571428571429,
            "10": 0.65,
            "11": 0.625,
            "12": 1.0,
            "13": 0.3333333333333333
        }
    },
    "by_input_num": {
        "group_size": {
            "(7.999, 6350.5]": 659,
            "(6350.5, 12996.8]": 659,
            "(12996.8, 19472.5]": 659,
            "(19472.5, 26116.8]": 658,
            "(26116.8, 32574.0]": 659,
            "(32574.0, 39331.6]": 659,
            "(39331.6, 46013.7]": 658,
            "(46013.7, 52699.4]": 659,
            "(52699.4, 59007.6]": 659,
            "(59007.6, 65528.0]": 659
        },
        "correct_product_mean": {
            "(7.999, 6350.5]": 0.992412746585736,
            "(6350.5, 12996.8]": 0.9984825493171472,
            "(12996.8, 19472.5]": 0.9908952959028832,
            "(19472.5, 26116.8]": 0.9680851063829787,
            "(26116.8, 32574.0]": 0.9666160849772383,
            "(32574.0, 39331.6]": 0.9726858877086495,
            "(39331.6, 46013.7]": 0.9361702127659575,
            "(46013.7, 52699.4]": 0.9317147192716236,
            "(52699.4, 59007.6]": 0.952959028831563,
            "(59007.6, 65528.0]": 0.9620637329286799
        },
        "correct_factorization_mean": {
            "(7.999, 6350.5]": 0.9878603945371776,
            "(6350.5, 12996.8]": 0.9984825493171472,
            "(12996.8, 19472.5]": 0.9802731411229135,
            "(19472.5, 26116.8]": 0.9072948328267477,
            "(26116.8, 32574.0]": 0.8270106221547799,
            "(32574.0, 39331.6]": 0.787556904400607,
            "(39331.6, 46013.7]": 0.7310030395136778,
            "(46013.7, 52699.4]": 0.7435508345978755,
            "(52699.4, 59007.6]": 0.701062215477997,
            "(59007.6, 65528.0]": 0.6965098634294385
        }
    },
    "pred_same_as_input_beam_0": {
        "0": {
            "input_is_prime": false,
            "pred_same_as_input": false,
            "group_size": 5920,
            "correct_product_mean": 0.9410472972972973,
            "correct_factorization_mean": 0.7817567567567567
        },
        "1": {
            "input_is_prime": true,
            "pred_same_as_input": false,
            "group_size": 658,
            "correct_product_mean": 0.9559270516717325,
            "correct_factorization_mean": 0.9559270516717325
        },
        "2": {
            "input_is_prime": true,
            "pred_same_as_input": true,
            "group_size": 10,
            "correct_product_mean": 1.0,
            "correct_factorization_mean": 1.0
        }
    },
    "by_min_factor_composite_only": {
        "0": {
            "min_factor_decile": "(1.999, 3.0]",
            "group_size": 4339,
            "correct_product_mean": 0.9668126296381655,
            "correct_factorization_mean": 0.8951371283705923
        },
        "1": {
            "min_factor_decile": "(3.0, 5.0]",
            "group_size": 447,
            "correct_product_mean": 0.9664429530201343,
            "correct_factorization_mean": 0.9373601789709173
        },
        "2": {
            "min_factor_decile": "(5.0, 17.0]",
            "group_size": 614,
            "correct_product_mean": 0.9625407166123778,
            "correct_factorization_mean": 0.3127035830618892
        },
        "3": {
            "min_factor_decile": "(17.0, 241.0]",
            "group_size": 520,
            "correct_product_mean": 0.9692307692307692,
            "correct_factorization_mean": 0.25576923076923075
        }
    },
    "loss": 0.15850143607733622,
    "meta": {
        "n_beams": 2,
        "temperature": 1.0
    }
}