{
    "correct": {
        "correct_product": 0.9033203125,
        "correct_factorization": 0.6533203125
    },
    "beam_accuracy": {
        "correct_product": {
            "0": 0.85302734375,
            "1": 0.15283203125
        },
        "correct_factorization": {
            "0": 0.60009765625,
            "1": 0.05322265625
        }
    },
    "by_prob": {
        "group_size": {
            "(-12.856, -5.237]": 410.0,
            "(-5.237, -3.375]": 410.0,
            "(-3.375, -2.706]": 409.0,
            "(-2.706, -2.078]": 410.0,
            "(-2.078, -1.316]": 409.0,
            "(-1.316, -0.926]": 410.0,
            "(-0.926, -0.717]": 409.0,
            "(-0.717, -0.19]": 410.0,
            "(-0.19, -0.0111]": 409.0,
            "(-0.0111, -7.15e-06]": 410.0
        },
        "correct_product": {
            "(-12.856, -5.237]": 0.13658536585365855,
            "(-5.237, -3.375]": 0.11707317073170732,
            "(-3.375, -2.706]": 0.05378973105134474,
            "(-2.706, -2.078]": 0.1024390243902439,
            "(-2.078, -1.316]": 0.39119804400978,
            "(-1.316, -0.926]": 0.748780487804878,
            "(-0.926, -0.717]": 0.8557457212713936,
            "(-0.717, -0.19]": 0.7268292682926829,
            "(-0.19, -0.0111]": 0.9095354523227384,
            "(-0.0111, -7.15e-06]": 0.9878048780487805
        },
        "correct_factorization": {
            "(-12.856, -5.237]": 0.004878048780487805,
            "(-5.237, -3.375]": 0.014634146341463415,
            "(-3.375, -2.706]": 0.017114914425427872,
            "(-2.706, -2.078]": 0.04878048780487805,
            "(-2.078, -1.316]": 0.18337408312958436,
            "(-1.316, -0.926]": 0.33414634146341465,
            "(-0.926, -0.717]": 0.3276283618581907,
            "(-0.717, -0.19]": 0.4682926829268293,
            "(-0.19, -0.0111]": 0.882640586797066,
            "(-0.0111, -7.15e-06]": 0.9853658536585366
        },
        "percent_prime_factors_pred": {
            "(-12.856, -5.237]": 0.9180052264808363,
            "(-5.237, -3.375]": 0.9116260162601626,
            "(-3.375, -2.706]": 0.9112469437652811,
            "(-2.706, -2.078]": 0.9116666666666667,
            "(-2.078, -1.316]": 0.8302266464858152,
            "(-1.316, -0.926]": 0.6403252032520326,
            "(-0.926, -0.717]": 0.5313948073116777,
            "(-0.717, -0.19]": 0.8560511033681765,
            "(-0.19, -0.0111]": 0.9909535452322739,
            "(-0.0111, -7.15e-06]": 0.998780487804878
        }
    },
    "by_num_target_factors": {
        "group_size": {
            "1": 192,
            "2": 466,
            "3": 501,
            "4": 401,
            "5": 237,
            "6": 131,
            "7": 62,
            "8": 32,
            "9": 12,
            "10": 7,
            "11": 5,
            "12": 1,
            "16": 1
        },
        "correct_product_mean": {
            "1": 0.953125,
            "2": 0.9613733905579399,
            "3": 0.9600798403193613,
            "4": 0.9376558603491272,
            "5": 0.8565400843881856,
            "6": 0.7557251908396947,
            "7": 0.6129032258064516,
            "8": 0.40625,
            "9": 0.4166666666666667,
            "10": 0.2857142857142857,
            "11": 0.4,
            "12": 0.0,
            "16": 0.0
        },
        "correct_factorization_mean": {
            "1": 0.953125,
            "2": 0.45278969957081544,
            "3": 0.5868263473053892,
            "4": 0.8029925187032418,
            "5": 0.8016877637130801,
            "6": 0.6335877862595419,
            "7": 0.5483870967741935,
            "8": 0.375,
            "9": 0.4166666666666667,
            "10": 0.2857142857142857,
            "11": 0.4,
            "12": 0.0,
            "16": 0.0
        }
    },
    "by_input_num": {
        "group_size": {
            "(65535.999, 65740.7]": 205,
            "(65740.7, 65945.4]": 205,
            "(65945.4, 66150.1]": 205,
            "(66150.1, 66354.8]": 204,
            "(66354.8, 66559.5]": 205,
            "(66559.5, 66764.2]": 205,
            "(66764.2, 66968.9]": 204,
            "(66968.9, 67173.6]": 205,
            "(67173.6, 67378.3]": 205,
            "(67378.3, 67583.0]": 205
        },
        "correct_product_mean": {
            "(65535.999, 65740.7]": 0.9365853658536586,
            "(65740.7, 65945.4]": 0.926829268292683,
            "(65945.4, 66150.1]": 0.9317073170731708,
            "(66150.1, 66354.8]": 0.8774509803921569,
            "(66354.8, 66559.5]": 0.926829268292683,
            "(66559.5, 66764.2]": 0.8926829268292683,
            "(66764.2, 66968.9]": 0.8676470588235294,
            "(66968.9, 67173.6]": 0.8634146341463415,
            "(67173.6, 67378.3]": 0.9121951219512195,
            "(67378.3, 67583.0]": 0.8975609756097561
        },
        "correct_factorization_mean": {
            "(65535.999, 65740.7]": 0.7024390243902439,
            "(65740.7, 65945.4]": 0.6439024390243903,
            "(65945.4, 66150.1]": 0.6731707317073171,
            "(66150.1, 66354.8]": 0.6029411764705882,
            "(66354.8, 66559.5]": 0.6780487804878049,
            "(66559.5, 66764.2]": 0.6341463414634146,
            "(66764.2, 66968.9]": 0.6323529411764706,
            "(66968.9, 67173.6]": 0.6341463414634146,
            "(67173.6, 67378.3]": 0.6634146341463415,
            "(67378.3, 67583.0]": 0.6682926829268293
        }
    },
    "pred_same_as_input_beam_0": {
        "0": {
            "input_is_prime": false,
            "pred_same_as_input": false,
            "group_size": 1525,
            "correct_product_mean": 0.8111475409836065,
            "correct_factorization_mean": 0.6885245901639344
        },
        "1": {
            "input_is_prime": false,
            "pred_same_as_input": true,
            "group_size": 331,
            "correct_product_mean": 1.0,
            "correct_factorization_mean": 0.0
        },
        "2": {
            "input_is_prime": true,
            "pred_same_as_input": false,
            "group_size": 13,
            "correct_product_mean": 0.0,
            "correct_factorization_mean": 0.0
        },
        "3": {
            "input_is_prime": true,
            "pred_same_as_input": true,
            "group_size": 179,
            "correct_product_mean": 1.0,
            "correct_factorization_mean": 1.0
        }
    },
    "by_min_factor_composite_only": {
        "0": {
            "min_factor_decile": "(1.999, 3.0]",
            "group_size": 1365,
            "correct_product_mean": 0.8857142857142857,
            "correct_factorization_mean": 0.6857142857142857
        },
        "1": {
            "min_factor_decile": "(3.0, 5.0]",
            "group_size": 136,
            "correct_product_mean": 0.875,
            "correct_factorization_mean": 0.8382352941176471
        },
        "2": {
            "min_factor_decile": "(5.0, 17.0]",
            "group_size": 176,
            "correct_product_mean": 0.9715909090909091,
            "correct_factorization_mean": 0.0
        },
        "3": {
            "min_factor_decile": "(17.0, 257.0]",
            "group_size": 179,
            "correct_product_mean": 0.9385474860335196,
            "correct_factorization_mean": 0.0
        }
    },
    "loss": 0.4248248144499762,
    "meta": {
        "n_beams": 2,
        "temperature": 1.0
    }
}