{
    "correct": {
        "correct_product": 0.9684274438372799,
        "correct_factorization": 0.850789313904068
    },
    "beam_accuracy": {
        "correct_product": {
            "0": 0.9459623557984214,
            "1": 0.18184578020643594
        },
        "correct_factorization": {
            "0": 0.8178506375227687,
            "1": 0.033090467516697024
        }
    },
    "by_prob": {
        "group_size": {
            "(-15.125, -9.209]": 1318.0,
            "(-9.209, -6.99]": 1318.0,
            "(-6.99, -4.387]": 1317.0,
            "(-4.387, -2.436]": 1318.0,
            "(-2.436, -1.183]": 1317.0,
            "(-1.183, -0.662]": 1318.0,
            "(-0.662, -0.0238]": 1317.0,
            "(-0.0238, -0.0018]": 1318.0,
            "(-0.0018, -0.000206]": 1317.0,
            "(-0.000206, -1.43e-06]": 1318.0
        },
        "correct_product": {
            "(-15.125, -9.209]": 0.13960546282245828,
            "(-9.209, -6.99]": 0.15326251896813353,
            "(-6.99, -4.387]": 0.1921032649962035,
            "(-4.387, -2.436]": 0.15326251896813353,
            "(-2.436, -1.183]": 0.27942293090356873,
            "(-1.183, -0.662]": 0.8338391502276176,
            "(-0.662, -0.0238]": 0.8899012908124525,
            "(-0.0238, -0.0018]": 0.9977238239757208,
            "(-0.0018, -0.000206]": 1.0,
            "(-0.000206, -1.43e-06]": 1.0
        },
        "correct_factorization": {
            "(-15.125, -9.209]": 0.0,
            "(-9.209, -6.99]": 0.0,
            "(-6.99, -4.387]": 0.0015186028853454822,
            "(-4.387, -2.436]": 0.028072837632776935,
            "(-2.436, -1.183]": 0.12984054669703873,
            "(-1.183, -0.662]": 0.34218512898330805,
            "(-0.662, -0.0238]": 0.7585421412300684,
            "(-0.0238, -0.0018]": 0.9946889226100152,
            "(-0.0018, -0.000206]": 1.0,
            "(-0.000206, -1.43e-06]": 1.0
        },
        "percent_prime_factors_pred": {
            "(-15.125, -9.209]": 0.8387163691981597,
            "(-9.209, -6.99]": 0.9153958017197774,
            "(-6.99, -4.387]": 0.8781447734750696,
            "(-4.387, -2.436]": 0.8598438008460787,
            "(-2.436, -1.183]": 0.8183244748165022,
            "(-1.183, -0.662]": 0.5330542307970229,
            "(-0.662, -0.0238]": 0.9034539176338721,
            "(-0.0238, -0.0018]": 0.9981031866464339,
            "(-0.0018, -0.000206]": 1.0,
            "(-0.000206, -1.43e-06]": 1.0
        }
    },
    "by_num_target_factors": {
        "group_size": {
            "1": 668,
            "2": 1601,
            "3": 1720,
            "4": 1198,
            "5": 715,
            "6": 373,
            "7": 165,
            "8": 79,
            "9": 35,
            "10": 20,
            "11": 8,
            "12": 3,
            "13": 3
        },
        "correct_product_mean": {
            "1": 0.9745508982035929,
            "2": 0.9793878825733916,
            "3": 0.986046511627907,
            "4": 0.9874791318864775,
            "5": 0.9678321678321679,
            "6": 0.8927613941018767,
            "7": 0.8606060606060606,
            "8": 0.810126582278481,
            "9": 0.8285714285714286,
            "10": 0.75,
            "11": 0.5,
            "12": 1.0,
            "13": 0.0
        },
        "correct_factorization_mean": {
            "1": 0.9745508982035929,
            "2": 0.7051842598376015,
            "3": 0.8406976744186047,
            "4": 0.9424040066777963,
            "5": 0.9594405594405594,
            "6": 0.8418230563002681,
            "7": 0.8242424242424242,
            "8": 0.7974683544303798,
            "9": 0.8285714285714286,
            "10": 0.75,
            "11": 0.5,
            "12": 1.0,
            "13": 0.0
        }
    },
    "by_input_num": {
        "group_size": {
            "(7.999, 6350.5]": 659,
            "(6350.5, 12996.8]": 659,
            "(12996.8, 19472.5]": 659,
            "(19472.5, 26116.8]": 658,
            "(26116.8, 32574.0]": 659,
            "(32574.0, 39331.6]": 659,
            "(39331.6, 46013.7]": 658,
            "(46013.7, 52699.4]": 659,
            "(52699.4, 59007.6]": 659,
            "(59007.6, 65528.0]": 659
        },
        "correct_product_mean": {
            "(7.999, 6350.5]": 0.9984825493171472,
            "(6350.5, 12996.8]": 0.9954476479514416,
            "(12996.8, 19472.5]": 0.992412746585736,
            "(19472.5, 26116.8]": 0.958966565349544,
            "(26116.8, 32574.0]": 0.9650986342943855,
            "(32574.0, 39331.6]": 0.960546282245827,
            "(39331.6, 46013.7]": 0.9513677811550152,
            "(46013.7, 52699.4]": 0.9377845220030349,
            "(52699.4, 59007.6]": 0.9681335356600911,
            "(59007.6, 65528.0]": 0.9559939301972686
        },
        "correct_factorization_mean": {
            "(7.999, 6350.5]": 0.9984825493171472,
            "(6350.5, 12996.8]": 0.9954476479514416,
            "(12996.8, 19472.5]": 0.9878603945371776,
            "(19472.5, 26116.8]": 0.9331306990881459,
            "(26116.8, 32574.0]": 0.8361153262518968,
            "(32574.0, 39331.6]": 0.7845220030349014,
            "(39331.6, 46013.7]": 0.7553191489361702,
            "(46013.7, 52699.4]": 0.7814871016691958,
            "(52699.4, 59007.6]": 0.723823975720789,
            "(59007.6, 65528.0]": 0.7116843702579666
        }
    },
    "pred_same_as_input_beam_0": {
        "0": {
            "input_is_prime": false,
            "pred_same_as_input": false,
            "group_size": 5226,
            "correct_product_mean": 0.936280137772675,
            "correct_factorization_mean": 0.9075774971297359
        },
        "1": {
            "input_is_prime": false,
            "pred_same_as_input": true,
            "group_size": 694,
            "correct_product_mean": 1.0,
            "correct_factorization_mean": 0.0
        },
        "2": {
            "input_is_prime": true,
            "pred_same_as_input": false,
            "group_size": 23,
            "correct_product_mean": 0.0,
            "correct_factorization_mean": 0.0
        },
        "3": {
            "input_is_prime": true,
            "pred_same_as_input": true,
            "group_size": 645,
            "correct_product_mean": 1.0,
            "correct_factorization_mean": 1.0
        }
    },
    "by_min_factor_composite_only": {
        "0": {
            "min_factor_decile": "(1.999, 3.0]",
            "group_size": 4339,
            "correct_product_mean": 0.9672735653376354,
            "correct_factorization_mean": 0.90896519935469
        },
        "1": {
            "min_factor_decile": "(3.0, 5.0]",
            "group_size": 447,
            "correct_product_mean": 0.9753914988814317,
            "correct_factorization_mean": 0.941834451901566
        },
        "2": {
            "min_factor_decile": "(5.0, 17.0]",
            "group_size": 614,
            "correct_product_mean": 0.9706840390879479,
            "correct_factorization_mean": 0.36482084690553745
        },
        "3": {
            "min_factor_decile": "(17.0, 241.0]",
            "group_size": 520,
            "correct_product_mean": 0.9615384615384616,
            "correct_factorization_mean": 0.29615384615384616
        }
    },
    "loss": 0.15094339053264913,
    "meta": {
        "n_beams": 2,
        "temperature": 1.0
    }
}