{
    "correct": {
        "correct_product": 0.9785974499089253,
        "correct_factorization": 0.8612629022465088
    },
    "beam_accuracy": {
        "correct_product": {
            "0": 0.9585610200364298,
            "1": 0.21888281724347297
        },
        "correct_factorization": {
            "0": 0.8252884031572556,
            "1": 0.03612629022465088
        }
    },
    "by_prob": {
        "group_size": {
            "(-14.5, -9.21]": 1321.0,
            "(-9.21, -7.665]": 1315.0,
            "(-7.665, -4.89]": 1317.0,
            "(-4.89, -2.314]": 1318.0,
            "(-2.314, -1.193]": 1317.0,
            "(-1.193, -0.731]": 1318.0,
            "(-0.731, -0.0153]": 1317.0,
            "(-0.0153, -0.000978]": 1318.0,
            "(-0.000978, -0.000136]": 1317.0,
            "(-0.000136, -5.01e-06]": 1318.0
        },
        "correct_product": {
            "(-14.5, -9.21]": 0.22331566994700985,
            "(-9.21, -7.665]": 0.17110266159695817,
            "(-7.665, -4.89]": 0.23462414578587698,
            "(-4.89, -2.314]": 0.21471927162367224,
            "(-2.314, -1.193]": 0.27638572513287774,
            "(-1.193, -0.731]": 0.8786039453717754,
            "(-0.731, -0.0153]": 0.8891419893697798,
            "(-0.0153, -0.000978]": 0.9992412746585736,
            "(-0.000978, -0.000136]": 1.0,
            "(-0.000136, -5.01e-06]": 1.0
        },
        "correct_factorization": {
            "(-14.5, -9.21]": 0.0,
            "(-9.21, -7.665]": 0.0007604562737642585,
            "(-7.665, -4.89]": 0.0,
            "(-4.89, -2.314]": 0.026555386949924126,
            "(-2.314, -1.193]": 0.1442672741078208,
            "(-1.193, -0.731]": 0.3497723823975721,
            "(-0.731, -0.0153]": 0.7866362946089598,
            "(-0.0153, -0.000978]": 0.9992412746585736,
            "(-0.000978, -0.000136]": 1.0,
            "(-0.000136, -5.01e-06]": 1.0
        },
        "percent_prime_factors_pred": {
            "(-14.5, -9.21]": 0.8515103997692914,
            "(-9.21, -7.665]": 0.8734383487235178,
            "(-7.665, -4.89]": 0.8568897566619644,
            "(-4.89, -2.314]": 0.8212117927595914,
            "(-2.314, -1.193]": 0.8489306504682356,
            "(-1.193, -0.731]": 0.5038568538189174,
            "(-0.731, -0.0153]": 0.9296308348700147,
            "(-0.0153, -0.000978]": 1.0,
            "(-0.000978, -0.000136]": 1.0,
            "(-0.000136, -5.01e-06]": 1.0
        }
    },
    "by_num_target_factors": {
        "group_size": {
            "1": 668,
            "2": 1601,
            "3": 1720,
            "4": 1198,
            "5": 715,
            "6": 373,
            "7": 165,
            "8": 79,
            "9": 35,
            "10": 20,
            "11": 8,
            "12": 3,
            "13": 3
        },
        "correct_product_mean": {
            "1": 0.9910179640718563,
            "2": 0.9900062460961899,
            "3": 0.9912790697674418,
            "4": 0.994991652754591,
            "5": 0.9692307692307692,
            "6": 0.9436997319034852,
            "7": 0.896969696969697,
            "8": 0.7848101265822784,
            "9": 0.7142857142857143,
            "10": 0.7,
            "11": 0.75,
            "12": 0.6666666666666666,
            "13": 0.3333333333333333
        },
        "correct_factorization_mean": {
            "1": 0.9910179640718563,
            "2": 0.7026858213616489,
            "3": 0.8482558139534884,
            "4": 0.9565943238731218,
            "5": 0.951048951048951,
            "6": 0.9222520107238605,
            "7": 0.896969696969697,
            "8": 0.7848101265822784,
            "9": 0.7142857142857143,
            "10": 0.7,
            "11": 0.75,
            "12": 0.6666666666666666,
            "13": 0.3333333333333333
        }
    },
    "by_input_num": {
        "group_size": {
            "(7.999, 6350.5]": 659,
            "(6350.5, 12996.8]": 659,
            "(12996.8, 19472.5]": 659,
            "(19472.5, 26116.8]": 658,
            "(26116.8, 32574.0]": 659,
            "(32574.0, 39331.6]": 659,
            "(39331.6, 46013.7]": 658,
            "(46013.7, 52699.4]": 659,
            "(52699.4, 59007.6]": 659,
            "(59007.6, 65528.0]": 659
        },
        "correct_product_mean": {
            "(7.999, 6350.5]": 1.0,
            "(6350.5, 12996.8]": 0.9969650986342944,
            "(12996.8, 19472.5]": 0.9954476479514416,
            "(19472.5, 26116.8]": 0.9787234042553191,
            "(26116.8, 32574.0]": 0.9757207890743551,
            "(32574.0, 39331.6]": 0.9817905918057663,
            "(39331.6, 46013.7]": 0.9741641337386018,
            "(46013.7, 52699.4]": 0.9438543247344461,
            "(52699.4, 59007.6]": 0.9726858877086495,
            "(59007.6, 65528.0]": 0.9666160849772383
        },
        "correct_factorization_mean": {
            "(7.999, 6350.5]": 1.0,
            "(6350.5, 12996.8]": 0.9954476479514416,
            "(12996.8, 19472.5]": 0.9939301972685888,
            "(19472.5, 26116.8]": 0.9452887537993921,
            "(26116.8, 32574.0]": 0.8437025796661608,
            "(32574.0, 39331.6]": 0.8088012139605463,
            "(39331.6, 46013.7]": 0.7857142857142857,
            "(46013.7, 52699.4]": 0.7890743550834598,
            "(52699.4, 59007.6]": 0.7314112291350531,
            "(59007.6, 65528.0]": 0.7192716236722306
        }
    },
    "pred_same_as_input_beam_0": {
        "0": {
            "input_is_prime": false,
            "pred_same_as_input": false,
            "group_size": 5207,
            "correct_product_mean": 0.9491069713846745,
            "correct_factorization_mean": 0.9174188592279624
        },
        "1": {
            "input_is_prime": false,
            "pred_same_as_input": true,
            "group_size": 713,
            "correct_product_mean": 1.0,
            "correct_factorization_mean": 0.0
        },
        "2": {
            "input_is_prime": true,
            "pred_same_as_input": false,
            "group_size": 8,
            "correct_product_mean": 0.0,
            "correct_factorization_mean": 0.0
        },
        "3": {
            "input_is_prime": true,
            "pred_same_as_input": true,
            "group_size": 660,
            "correct_product_mean": 1.0,
            "correct_factorization_mean": 1.0
        }
    },
    "by_min_factor_composite_only": {
        "0": {
            "min_factor_decile": "(1.999, 3.0]",
            "group_size": 4339,
            "correct_product_mean": 0.9744180686794193,
            "correct_factorization_mean": 0.9115003457017746
        },
        "1": {
            "min_factor_decile": "(3.0, 5.0]",
            "group_size": 447,
            "correct_product_mean": 0.9888143176733781,
            "correct_factorization_mean": 0.9843400447427293
        },
        "2": {
            "min_factor_decile": "(5.0, 17.0]",
            "group_size": 614,
            "correct_product_mean": 0.9820846905537459,
            "correct_factorization_mean": 0.3745928338762215
        },
        "3": {
            "min_factor_decile": "(17.0, 241.0]",
            "group_size": 520,
            "correct_product_mean": 0.9846153846153847,
            "correct_factorization_mean": 0.2923076923076923
        }
    },
    "loss": 0.04061708112175648,
    "meta": {
        "n_beams": 2,
        "temperature": 1.0
    }
}