{
    "correct": {
        "correct_product": 0.8056640625,
        "correct_factorization": 0.63330078125
    },
    "beam_accuracy": {
        "correct_product": {
            "0": 0.7578125,
            "1": 0.16552734375
        },
        "correct_factorization": {
            "0": 0.5849609375,
            "1": 0.04833984375
        }
    },
    "by_prob": {
        "group_size": {
            "(-12.285, -6.198]": 410.0,
            "(-6.198, -3.375]": 410.0,
            "(-3.375, -2.632]": 409.0,
            "(-2.632, -2.134]": 410.0,
            "(-2.134, -1.588]": 409.0,
            "(-1.588, -1.18]": 410.0,
            "(-1.18, -0.76]": 409.0,
            "(-0.76, -0.0967]": 410.0,
            "(-0.0967, -0.00409]": 409.0,
            "(-0.00409, -2.31e-05]": 410.0
        },
        "correct_product": {
            "(-12.285, -6.198]": 0.2048780487804878,
            "(-6.198, -3.375]": 0.24146341463414633,
            "(-3.375, -2.632]": 0.07090464547677261,
            "(-2.632, -2.134]": 0.08048780487804878,
            "(-2.134, -1.588]": 0.2371638141809291,
            "(-1.588, -1.18]": 0.44634146341463415,
            "(-1.18, -0.76]": 0.7017114914425427,
            "(-0.76, -0.0967]": 0.7195121951219512,
            "(-0.0967, -0.00409]": 0.921760391198044,
            "(-0.00409, -2.31e-05]": 0.9926829268292683
        },
        "correct_factorization": {
            "(-12.285, -6.198]": 0.0024390243902439024,
            "(-6.198, -3.375]": 0.01951219512195122,
            "(-3.375, -2.632]": 0.014669926650366748,
            "(-2.632, -2.134]": 0.03902439024390244,
            "(-2.134, -1.588]": 0.10513447432762836,
            "(-1.588, -1.18]": 0.17317073170731706,
            "(-1.18, -0.76]": 0.3251833740831296,
            "(-0.76, -0.0967]": 0.5756097560975609,
            "(-0.0967, -0.00409]": 0.9193154034229829,
            "(-0.00409, -2.31e-05]": 0.9926829268292683
        },
        "percent_prime_factors_pred": {
            "(-12.285, -6.198]": 0.9035278745644607,
            "(-6.198, -3.375]": 0.9020325203252038,
            "(-3.375, -2.632]": 0.9286878565607173,
            "(-2.632, -2.134]": 0.9091463414634149,
            "(-2.134, -1.588]": 0.8461491442542791,
            "(-1.588, -1.18]": 0.7411517615176151,
            "(-1.18, -0.76]": 0.728239608801956,
            "(-0.76, -0.0967]": 0.9309756097560977,
            "(-0.0967, -0.00409]": 0.9993887530562348,
            "(-0.00409, -2.31e-05]": 1.0
        }
    },
    "by_num_target_factors": {
        "group_size": {
            "1": 192,
            "2": 466,
            "3": 501,
            "4": 401,
            "5": 237,
            "6": 131,
            "7": 62,
            "8": 32,
            "9": 12,
            "10": 7,
            "11": 5,
            "12": 1,
            "16": 1
        },
        "correct_product_mean": {
            "1": 0.5,
            "2": 0.7317596566523605,
            "3": 0.8962075848303394,
            "4": 0.9276807980049875,
            "5": 0.8354430379746836,
            "6": 0.8320610687022901,
            "7": 0.8548387096774194,
            "8": 0.65625,
            "9": 0.5,
            "10": 0.5714285714285714,
            "11": 0.2,
            "12": 0.0,
            "16": 0.0
        },
        "correct_factorization_mean": {
            "1": 0.5,
            "2": 0.4592274678111588,
            "3": 0.5968063872255489,
            "4": 0.8104738154613467,
            "5": 0.7383966244725738,
            "6": 0.7938931297709924,
            "7": 0.8387096774193549,
            "8": 0.65625,
            "9": 0.5,
            "10": 0.5714285714285714,
            "11": 0.2,
            "12": 0.0,
            "16": 0.0
        }
    },
    "by_input_num": {
        "group_size": {
            "(65535.999, 65740.7]": 205,
            "(65740.7, 65945.4]": 205,
            "(65945.4, 66150.1]": 205,
            "(66150.1, 66354.8]": 204,
            "(66354.8, 66559.5]": 205,
            "(66559.5, 66764.2]": 205,
            "(66764.2, 66968.9]": 204,
            "(66968.9, 67173.6]": 205,
            "(67173.6, 67378.3]": 205,
            "(67378.3, 67583.0]": 205
        },
        "correct_product_mean": {
            "(65535.999, 65740.7]": 0.9073170731707317,
            "(65740.7, 65945.4]": 0.6829268292682927,
            "(65945.4, 66150.1]": 0.6780487804878049,
            "(66150.1, 66354.8]": 0.7254901960784313,
            "(66354.8, 66559.5]": 0.7073170731707317,
            "(66559.5, 66764.2]": 0.8390243902439024,
            "(66764.2, 66968.9]": 0.8774509803921569,
            "(66968.9, 67173.6]": 0.8731707317073171,
            "(67173.6, 67378.3]": 0.9219512195121952,
            "(67378.3, 67583.0]": 0.8439024390243902
        },
        "correct_factorization_mean": {
            "(65535.999, 65740.7]": 0.6926829268292682,
            "(65740.7, 65945.4]": 0.5902439024390244,
            "(65945.4, 66150.1]": 0.5853658536585366,
            "(66150.1, 66354.8]": 0.6078431372549019,
            "(66354.8, 66559.5]": 0.6146341463414634,
            "(66559.5, 66764.2]": 0.6292682926829268,
            "(66764.2, 66968.9]": 0.6176470588235294,
            "(66968.9, 67173.6]": 0.6585365853658537,
            "(67173.6, 67378.3]": 0.6731707317073171,
            "(67378.3, 67583.0]": 0.6634146341463415
        }
    },
    "pred_same_as_input_beam_0": {
        "0": {
            "input_is_prime": false,
            "pred_same_as_input": false,
            "group_size": 1674,
            "correct_product_mean": 0.7640382317801673,
            "correct_factorization_mean": 0.6612903225806451
        },
        "1": {
            "input_is_prime": false,
            "pred_same_as_input": true,
            "group_size": 182,
            "correct_product_mean": 1.0,
            "correct_factorization_mean": 0.0
        },
        "2": {
            "input_is_prime": true,
            "pred_same_as_input": false,
            "group_size": 101,
            "correct_product_mean": 0.0,
            "correct_factorization_mean": 0.0
        },
        "3": {
            "input_is_prime": true,
            "pred_same_as_input": true,
            "group_size": 91,
            "correct_product_mean": 1.0,
            "correct_factorization_mean": 1.0
        }
    },
    "by_min_factor_composite_only": {
        "0": {
            "min_factor_decile": "(1.999, 3.0]",
            "group_size": 1365,
            "correct_product_mean": 0.9091575091575091,
            "correct_factorization_mean": 0.7267399267399267
        },
        "1": {
            "min_factor_decile": "(3.0, 5.0]",
            "group_size": 136,
            "correct_product_mean": 0.9191176470588235,
            "correct_factorization_mean": 0.8382352941176471
        },
        "2": {
            "min_factor_decile": "(5.0, 17.0]",
            "group_size": 176,
            "correct_product_mean": 0.5454545454545454,
            "correct_factorization_mean": 0.0
        },
        "3": {
            "min_factor_decile": "(17.0, 257.0]",
            "group_size": 179,
            "correct_product_mean": 0.5139664804469274,
            "correct_factorization_mean": 0.00558659217877095
        }
    },
    "loss": 0.12768181692808867,
    "meta": {
        "n_beams": 2,
        "temperature": 1.0
    }
}