{
    "correct": {
        "correct_product": 0.794921875,
        "correct_factorization": 0.5556640625
    },
    "beam_accuracy": {
        "correct_product": {
            "0": 0.76708984375,
            "1": 0.1259765625
        },
        "correct_factorization": {
            "0": 0.513671875,
            "1": 0.04248046875
        }
    },
    "by_prob": {
        "group_size": {
            "(-12.61, -4.272]": 410.0,
            "(-4.272, -3.222]": 410.0,
            "(-3.222, -2.681]": 409.0,
            "(-2.681, -2.198]": 410.0,
            "(-2.198, -1.693]": 409.0,
            "(-1.693, -1.316]": 410.0,
            "(-1.316, -1.048]": 409.0,
            "(-1.048, -0.614]": 410.0,
            "(-0.614, -0.0431]": 409.0,
            "(-0.0431, -1.28e-05]": 410.0
        },
        "correct_product": {
            "(-12.61, -4.272]": 0.13170731707317074,
            "(-4.272, -3.222]": 0.04878048780487805,
            "(-3.222, -2.681]": 0.05134474327628362,
            "(-2.681, -2.198]": 0.06585365853658537,
            "(-2.198, -1.693]": 0.18337408312958436,
            "(-1.693, -1.316]": 0.5634146341463414,
            "(-1.316, -1.048]": 0.7652811735941321,
            "(-1.048, -0.614]": 0.7682926829268293,
            "(-0.614, -0.0431]": 0.8899755501222494,
            "(-0.0431, -1.28e-05]": 0.9975609756097561
        },
        "correct_factorization": {
            "(-12.61, -4.272]": 0.0024390243902439024,
            "(-4.272, -3.222]": 0.0024390243902439024,
            "(-3.222, -2.681]": 0.022004889975550123,
            "(-2.681, -2.198]": 0.02926829268292683,
            "(-2.198, -1.693]": 0.08801955990220049,
            "(-1.693, -1.316]": 0.22195121951219512,
            "(-1.316, -1.048]": 0.2885085574572127,
            "(-1.048, -0.614]": 0.36341463414634145,
            "(-0.614, -0.0431]": 0.7652811735941321,
            "(-0.0431, -1.28e-05]": 0.9975609756097561
        },
        "percent_prime_factors_pred": {
            "(-12.61, -4.272]": 0.9022754548974061,
            "(-4.272, -3.222]": 0.8503861788617887,
            "(-3.222, -2.681]": 0.8174816625916871,
            "(-2.681, -2.198]": 0.8496341463414635,
            "(-2.198, -1.693]": 0.873797881010595,
            "(-1.693, -1.316]": 0.680156794425087,
            "(-1.316, -1.048]": 0.6134648969612294,
            "(-1.048, -0.614]": 0.7299361207897793,
            "(-0.614, -0.0431]": 0.9356735359180347,
            "(-0.0431, -1.28e-05]": 1.0
        }
    },
    "by_num_target_factors": {
        "group_size": {
            "1": 192,
            "2": 466,
            "3": 501,
            "4": 401,
            "5": 237,
            "6": 131,
            "7": 62,
            "8": 32,
            "9": 12,
            "10": 7,
            "11": 5,
            "12": 1,
            "16": 1
        },
        "correct_product_mean": {
            "1": 0.7135416666666666,
            "2": 0.8090128755364807,
            "3": 0.8043912175648703,
            "4": 0.8628428927680798,
            "5": 0.8354430379746836,
            "6": 0.7633587786259542,
            "7": 0.6290322580645161,
            "8": 0.5625,
            "9": 0.5833333333333334,
            "10": 0.2857142857142857,
            "11": 0.2,
            "12": 0.0,
            "16": 0.0
        },
        "correct_factorization_mean": {
            "1": 0.7135416666666666,
            "2": 0.4034334763948498,
            "3": 0.4171656686626746,
            "4": 0.6533665835411472,
            "5": 0.7679324894514767,
            "6": 0.7404580152671756,
            "7": 0.5967741935483871,
            "8": 0.5,
            "9": 0.5833333333333334,
            "10": 0.2857142857142857,
            "11": 0.2,
            "12": 0.0,
            "16": 0.0
        }
    },
    "by_input_num": {
        "group_size": {
            "(65535.999, 65740.7]": 205,
            "(65740.7, 65945.4]": 205,
            "(65945.4, 66150.1]": 205,
            "(66150.1, 66354.8]": 204,
            "(66354.8, 66559.5]": 205,
            "(66559.5, 66764.2]": 205,
            "(66764.2, 66968.9]": 204,
            "(66968.9, 67173.6]": 205,
            "(67173.6, 67378.3]": 205,
            "(67378.3, 67583.0]": 205
        },
        "correct_product_mean": {
            "(65535.999, 65740.7]": 0.8048780487804879,
            "(65740.7, 65945.4]": 0.8097560975609757,
            "(65945.4, 66150.1]": 0.8634146341463415,
            "(66150.1, 66354.8]": 0.8333333333333334,
            "(66354.8, 66559.5]": 0.7951219512195122,
            "(66559.5, 66764.2]": 0.7024390243902439,
            "(66764.2, 66968.9]": 0.7156862745098039,
            "(66968.9, 67173.6]": 0.8146341463414634,
            "(67173.6, 67378.3]": 0.824390243902439,
            "(67378.3, 67583.0]": 0.7853658536585366
        },
        "correct_factorization_mean": {
            "(65535.999, 65740.7]": 0.5951219512195122,
            "(65740.7, 65945.4]": 0.6,
            "(65945.4, 66150.1]": 0.6195121951219512,
            "(66150.1, 66354.8]": 0.5588235294117647,
            "(66354.8, 66559.5]": 0.5365853658536586,
            "(66559.5, 66764.2]": 0.5024390243902439,
            "(66764.2, 66968.9]": 0.5098039215686274,
            "(66968.9, 67173.6]": 0.5414634146341464,
            "(67173.6, 67378.3]": 0.5365853658536586,
            "(67378.3, 67583.0]": 0.5560975609756098
        }
    },
    "pred_same_as_input_beam_0": {
        "0": {
            "input_is_prime": false,
            "pred_same_as_input": false,
            "group_size": 1598,
            "correct_product_mean": 0.7359198998748435,
            "correct_factorization_mean": 0.5725907384230288
        },
        "1": {
            "input_is_prime": false,
            "pred_same_as_input": true,
            "group_size": 258,
            "correct_product_mean": 1.0,
            "correct_factorization_mean": 0.0
        },
        "2": {
            "input_is_prime": true,
            "pred_same_as_input": false,
            "group_size": 55,
            "correct_product_mean": 0.0,
            "correct_factorization_mean": 0.0
        },
        "3": {
            "input_is_prime": true,
            "pred_same_as_input": true,
            "group_size": 137,
            "correct_product_mean": 1.0,
            "correct_factorization_mean": 1.0
        }
    },
    "by_min_factor_composite_only": {
        "0": {
            "min_factor_decile": "(1.999, 3.0]",
            "group_size": 1365,
            "correct_product_mean": 0.8043956043956044,
            "correct_factorization_mean": 0.5794871794871795
        },
        "1": {
            "min_factor_decile": "(3.0, 5.0]",
            "group_size": 136,
            "correct_product_mean": 0.9485294117647058,
            "correct_factorization_mean": 0.8970588235294118
        },
        "2": {
            "min_factor_decile": "(5.0, 17.0]",
            "group_size": 176,
            "correct_product_mean": 0.7215909090909091,
            "correct_factorization_mean": 0.005681818181818182
        },
        "3": {
            "min_factor_decile": "(17.0, 257.0]",
            "group_size": 179,
            "correct_product_mean": 0.7653631284916201,
            "correct_factorization_mean": 0.00558659217877095
        }
    },
    "loss": 0.36981461864401544,
    "meta": {
        "n_beams": 2,
        "temperature": 1.0
    }
}