{
    "correct": {
        "correct_product": 0.0,
        "correct_factorization": 0.0
    },
    "beam_accuracy": {
        "correct_product": {
            "0": 0.0,
            "1": 0.0
        },
        "correct_factorization": {
            "0": 0.0,
            "1": 0.0
        }
    },
    "by_prob": {
        "group_size": {
            "(-7.022480600000001, -7.02248]": 1899.0,
            "(-7.02248, -7.0224791]": 1958.0,
            "(-7.0224791, -6.8827534]": 237.0,
            "(-6.8827534, -6.8827524]": 2241.0,
            "(-6.8827524, -6.6244144]": 289.0,
            "(-6.6244144, -6.6244135]": 3568.0,
            "(-6.6244135, -6.4828453]": 1447.0,
            "(-6.4828453, -6.4828448]": 468.0,
            "(-6.4828448, -3.9358237]": 1069.0
        },
        "correct_product": {
            "(-7.022480600000001, -7.02248]": 0.0,
            "(-7.02248, -7.0224791]": 0.0,
            "(-7.0224791, -6.8827534]": 0.0,
            "(-6.8827534, -6.8827524]": 0.0,
            "(-6.8827524, -6.6244144]": 0.0,
            "(-6.6244144, -6.6244135]": 0.0,
            "(-6.6244135, -6.4828453]": 0.0,
            "(-6.4828453, -6.4828448]": 0.0,
            "(-6.4828448, -3.9358237]": 0.0
        },
        "correct_factorization": {
            "(-7.022480600000001, -7.02248]": 0.0,
            "(-7.02248, -7.0224791]": 0.0,
            "(-7.0224791, -6.8827534]": 0.0,
            "(-6.8827534, -6.8827524]": 0.0,
            "(-6.8827524, -6.6244144]": 0.0,
            "(-6.6244144, -6.6244135]": 0.0,
            "(-6.6244135, -6.4828453]": 0.0,
            "(-6.4828453, -6.4828448]": 0.0,
            "(-6.4828448, -3.9358237]": 0.0
        },
        "percent_prime_factors_pred": {
            "(-7.022480600000001, -7.02248]": 1.0,
            "(-7.02248, -7.0224791]": 1.0,
            "(-7.0224791, -6.8827534]": 1.0,
            "(-6.8827534, -6.8827524]": 1.0,
            "(-6.8827524, -6.6244144]": 1.0,
            "(-6.6244144, -6.6244135]": 1.0,
            "(-6.6244135, -6.4828453]": 1.0,
            "(-6.4828453, -6.4828448]": 1.0,
            "(-6.4828448, -3.9358237]": 1.0
        }
    },
    "by_num_target_factors": {
        "group_size": {
            "1": 668,
            "2": 1601,
            "3": 1720,
            "4": 1198,
            "5": 715,
            "6": 373,
            "7": 165,
            "8": 79,
            "9": 35,
            "10": 20,
            "11": 8,
            "12": 3,
            "13": 3
        },
        "correct_product_mean": {
            "1": 0.0,
            "2": 0.0,
            "3": 0.0,
            "4": 0.0,
            "5": 0.0,
            "6": 0.0,
            "7": 0.0,
            "8": 0.0,
            "9": 0.0,
            "10": 0.0,
            "11": 0.0,
            "12": 0.0,
            "13": 0.0
        },
        "correct_factorization_mean": {
            "1": 0.0,
            "2": 0.0,
            "3": 0.0,
            "4": 0.0,
            "5": 0.0,
            "6": 0.0,
            "7": 0.0,
            "8": 0.0,
            "9": 0.0,
            "10": 0.0,
            "11": 0.0,
            "12": 0.0,
            "13": 0.0
        }
    },
    "by_input_num": {
        "group_size": {
            "(7.999, 6350.5]": 659,
            "(6350.5, 12996.8]": 659,
            "(12996.8, 19472.5]": 659,
            "(19472.5, 26116.8]": 658,
            "(26116.8, 32574.0]": 659,
            "(32574.0, 39331.6]": 659,
            "(39331.6, 46013.7]": 658,
            "(46013.7, 52699.4]": 659,
            "(52699.4, 59007.6]": 659,
            "(59007.6, 65528.0]": 659
        },
        "correct_product_mean": {
            "(7.999, 6350.5]": 0.0,
            "(6350.5, 12996.8]": 0.0,
            "(12996.8, 19472.5]": 0.0,
            "(19472.5, 26116.8]": 0.0,
            "(26116.8, 32574.0]": 0.0,
            "(32574.0, 39331.6]": 0.0,
            "(39331.6, 46013.7]": 0.0,
            "(46013.7, 52699.4]": 0.0,
            "(52699.4, 59007.6]": 0.0,
            "(59007.6, 65528.0]": 0.0
        },
        "correct_factorization_mean": {
            "(7.999, 6350.5]": 0.0,
            "(6350.5, 12996.8]": 0.0,
            "(12996.8, 19472.5]": 0.0,
            "(19472.5, 26116.8]": 0.0,
            "(26116.8, 32574.0]": 0.0,
            "(32574.0, 39331.6]": 0.0,
            "(39331.6, 46013.7]": 0.0,
            "(46013.7, 52699.4]": 0.0,
            "(52699.4, 59007.6]": 0.0,
            "(59007.6, 65528.0]": 0.0
        }
    },
    "pred_same_as_input_beam_0": {
        "0": {
            "input_is_prime": false,
            "pred_same_as_input": false,
            "group_size": 5920,
            "correct_product_mean": 0.0,
            "correct_factorization_mean": 0.0
        },
        "1": {
            "input_is_prime": true,
            "pred_same_as_input": false,
            "group_size": 668,
            "correct_product_mean": 0.0,
            "correct_factorization_mean": 0.0
        }
    },
    "by_min_factor_composite_only": {
        "0": {
            "min_factor_decile": "(1.999, 3.0]",
            "group_size": 4339,
            "correct_product_mean": 0.0,
            "correct_factorization_mean": 0.0
        },
        "1": {
            "min_factor_decile": "(3.0, 5.0]",
            "group_size": 447,
            "correct_product_mean": 0.0,
            "correct_factorization_mean": 0.0
        },
        "2": {
            "min_factor_decile": "(5.0, 17.0]",
            "group_size": 614,
            "correct_product_mean": 0.0,
            "correct_factorization_mean": 0.0
        },
        "3": {
            "min_factor_decile": "(17.0, 241.0]",
            "group_size": 520,
            "correct_product_mean": 0.0,
            "correct_factorization_mean": 0.0
        }
    },
    "loss": 2.3615031776713398,
    "meta": {
        "n_beams": 2,
        "temperature": 1.0
    }
}