{
    "correct": {
        "correct_product": 0.0,
        "correct_factorization": 0.0
    },
    "beam_accuracy": {
        "correct_product": {
            "0": 0.0,
            "1": 0.0
        },
        "correct_factorization": {
            "0": 0.0,
            "1": 0.0
        }
    },
    "by_prob": {
        "group_size": {
            "(-7.022480600000001, -7.02248]": 1013.0,
            "(-7.02248, -7.0224791]": 1034.0,
            "(-7.0224791, -6.8234465]": 1.0,
            "(-6.8234465, -6.6244135]": 1975.0,
            "(-6.6244135, -6.6244125]": 73.0
        },
        "correct_product": {
            "(-7.022480600000001, -7.02248]": 0.0,
            "(-7.02248, -7.0224791]": 0.0,
            "(-7.0224791, -6.8234465]": 0.0,
            "(-6.8234465, -6.6244135]": 0.0,
            "(-6.6244135, -6.6244125]": 0.0
        },
        "correct_factorization": {
            "(-7.022480600000001, -7.02248]": 0.0,
            "(-7.02248, -7.0224791]": 0.0,
            "(-7.0224791, -6.8234465]": 0.0,
            "(-6.8234465, -6.6244135]": 0.0,
            "(-6.6244135, -6.6244125]": 0.0
        },
        "percent_prime_factors_pred": {
            "(-7.022480600000001, -7.02248]": 1.0,
            "(-7.02248, -7.0224791]": 1.0,
            "(-7.0224791, -6.8234465]": 1.0,
            "(-6.8234465, -6.6244135]": 1.0,
            "(-6.6244135, -6.6244125]": 1.0
        }
    },
    "by_num_target_factors": {
        "group_size": {
            "1": 192,
            "2": 466,
            "3": 501,
            "4": 401,
            "5": 237,
            "6": 131,
            "7": 62,
            "8": 32,
            "9": 12,
            "10": 7,
            "11": 5,
            "12": 1,
            "16": 1
        },
        "correct_product_mean": {
            "1": 0.0,
            "2": 0.0,
            "3": 0.0,
            "4": 0.0,
            "5": 0.0,
            "6": 0.0,
            "7": 0.0,
            "8": 0.0,
            "9": 0.0,
            "10": 0.0,
            "11": 0.0,
            "12": 0.0,
            "16": 0.0
        },
        "correct_factorization_mean": {
            "1": 0.0,
            "2": 0.0,
            "3": 0.0,
            "4": 0.0,
            "5": 0.0,
            "6": 0.0,
            "7": 0.0,
            "8": 0.0,
            "9": 0.0,
            "10": 0.0,
            "11": 0.0,
            "12": 0.0,
            "16": 0.0
        }
    },
    "by_input_num": {
        "group_size": {
            "(65535.999, 65740.7]": 205,
            "(65740.7, 65945.4]": 205,
            "(65945.4, 66150.1]": 205,
            "(66150.1, 66354.8]": 204,
            "(66354.8, 66559.5]": 205,
            "(66559.5, 66764.2]": 205,
            "(66764.2, 66968.9]": 204,
            "(66968.9, 67173.6]": 205,
            "(67173.6, 67378.3]": 205,
            "(67378.3, 67583.0]": 205
        },
        "correct_product_mean": {
            "(65535.999, 65740.7]": 0.0,
            "(65740.7, 65945.4]": 0.0,
            "(65945.4, 66150.1]": 0.0,
            "(66150.1, 66354.8]": 0.0,
            "(66354.8, 66559.5]": 0.0,
            "(66559.5, 66764.2]": 0.0,
            "(66764.2, 66968.9]": 0.0,
            "(66968.9, 67173.6]": 0.0,
            "(67173.6, 67378.3]": 0.0,
            "(67378.3, 67583.0]": 0.0
        },
        "correct_factorization_mean": {
            "(65535.999, 65740.7]": 0.0,
            "(65740.7, 65945.4]": 0.0,
            "(65945.4, 66150.1]": 0.0,
            "(66150.1, 66354.8]": 0.0,
            "(66354.8, 66559.5]": 0.0,
            "(66559.5, 66764.2]": 0.0,
            "(66764.2, 66968.9]": 0.0,
            "(66968.9, 67173.6]": 0.0,
            "(67173.6, 67378.3]": 0.0,
            "(67378.3, 67583.0]": 0.0
        }
    },
    "pred_same_as_input_beam_0": {
        "0": {
            "input_is_prime": false,
            "pred_same_as_input": false,
            "group_size": 1856,
            "correct_product_mean": 0.0,
            "correct_factorization_mean": 0.0
        },
        "1": {
            "input_is_prime": true,
            "pred_same_as_input": false,
            "group_size": 192,
            "correct_product_mean": 0.0,
            "correct_factorization_mean": 0.0
        }
    },
    "by_min_factor_composite_only": {
        "0": {
            "min_factor_decile": "(1.999, 3.0]",
            "group_size": 1365,
            "correct_product_mean": 0.0,
            "correct_factorization_mean": 0.0
        },
        "1": {
            "min_factor_decile": "(3.0, 5.0]",
            "group_size": 136,
            "correct_product_mean": 0.0,
            "correct_factorization_mean": 0.0
        },
        "2": {
            "min_factor_decile": "(5.0, 17.0]",
            "group_size": 176,
            "correct_product_mean": 0.0,
            "correct_factorization_mean": 0.0
        },
        "3": {
            "min_factor_decile": "(17.0, 257.0]",
            "group_size": 179,
            "correct_product_mean": 0.0,
            "correct_factorization_mean": 0.0
        }
    },
    "loss": 2.388436414359603,
    "meta": {
        "n_beams": 2,
        "temperature": 1.0
    }
}