{
    "correct": {
        "correct_product": 0.9225628024890528,
        "correct_factorization": 0.6278712452946147
    },
    "beam_accuracy": {
        "correct_product": {
            "0": 0.8810017669201813,
            "1": 0.18191595605746333
        },
        "correct_factorization": {
            "0": 0.5465929169547514,
            "1": 0.08235384497195974
        }
    },
    "by_prob": {
        "correct_product": {
            "(-15.918, -3.922]": 0.1478494623655914,
            "(-3.922, -2.89]": 0.07798693814829043,
            "(-2.89, -2.348]": 0.09527468305800998,
            "(-2.348, -1.834]": 0.15514592933947774,
            "(-1.834, -1.376]": 0.39223972339608143,
            "(-1.376, -1.065]": 0.7249327698809066,
            "(-1.065, -0.855]": 0.8943932411674347,
            "(-0.855, -0.522]": 0.882443334613907,
            "(-0.522, -0.0743]": 0.9466000768344218,
            "(-0.0743, -3.81e-06]": 0.9976958525345622
        },
        "correct_factorization": {
            "(-15.918, -3.922]": 0.006528417818740399,
            "(-3.922, -2.89]": 0.024202842873607376,
            "(-2.89, -2.348]": 0.04917402996542451,
            "(-2.348, -1.834]": 0.08678955453149001,
            "(-1.834, -1.376]": 0.17710334229734923,
            "(-1.376, -1.065]": 0.3050326546292739,
            "(-1.065, -0.855]": 0.35253456221198154,
            "(-0.855, -0.522]": 0.43027276219746446,
            "(-0.522, -0.0743]": 0.7241644256626969,
            "(-0.0743, -3.81e-06]": 0.988863287250384
        },
        "percent_prime_factors_pred": {
            "(-15.918, -3.922]": 0.8963863362108974,
            "(-3.922, -2.89]": 0.8165701292046423,
            "(-2.89, -2.348]": 0.8320603820988031,
            "(-2.348, -1.834]": 0.8886694462731354,
            "(-1.834, -1.376]": 0.8385103574020231,
            "(-1.376, -1.065]": 0.6933053436511002,
            "(-1.065, -0.855]": 0.5877048131080392,
            "(-0.855, -0.522]": 0.7139614547317219,
            "(-0.522, -0.0743]": 0.8805654647567825,
            "(-0.0743, -3.81e-06]": 0.9965693804403482
        }
    },
    "by_n_target_factors": {
        "correct_product_mean": {
            "1": 0.9900990099009901,
            "2": 0.9735015772870662,
            "3": 0.950983358547655,
            "4": 0.9337775926697209,
            "5": 0.8985611510791367,
            "6": 0.847769028871391,
            "7": 0.6225352112676056,
            "8": 0.46706586826347307,
            "9": 0.3404255319148936,
            "10": 0.28125,
            "11": 0.21428571428571427,
            "12": 0.0,
            "13": 0.0,
            "14": 0.0
        },
        "correct_product_size": {
            "1": 1313,
            "2": 3170,
            "3": 3305,
            "4": 2401,
            "5": 1390,
            "6": 762,
            "7": 355,
            "8": 167,
            "9": 94,
            "10": 32,
            "11": 14,
            "12": 8,
            "13": 2,
            "14": 4
        },
        "correct_factorization_mean": {
            "1": 0.9900990099009901,
            "2": 0.5675078864353312,
            "3": 0.5649016641452345,
            "4": 0.6872136609745939,
            "5": 0.6489208633093525,
            "6": 0.5551181102362205,
            "7": 0.4309859154929577,
            "8": 0.30538922155688625,
            "9": 0.22340425531914893,
            "10": 0.15625,
            "11": 0.14285714285714285,
            "12": 0.0,
            "13": 0.0,
            "14": 0.0
        },
        "correct_factorization_size": {
            "1": 1313,
            "2": 3170,
            "3": 3305,
            "4": 2401,
            "5": 1390,
            "6": 762,
            "7": 355,
            "8": 167,
            "9": 94,
            "10": 32,
            "11": 14,
            "12": 8,
            "13": 2,
            "14": 4
        }
    },
    "by_target_number": {
        "correct_product_mean": {
            "(8.999, 6700.4]": 0.956989247311828,
            "(6700.4, 13267.8]": 0.9416282642089093,
            "(13267.8, 19602.6]": 0.9185242121445042,
            "(19602.6, 25978.8]": 0.9423963133640553,
            "(25978.8, 32651.0]": 0.9270353302611367,
            "(32651.0, 39298.8]": 0.8823981552651806,
            "(39298.8, 45796.8]": 0.9116743471582182,
            "(45796.8, 52327.8]": 0.9185242121445042,
            "(52327.8, 59017.4]": 0.9155145929339478,
            "(59017.4, 65521.0]": 0.9109062980030722
        },
        "correct_product_size": {
            "(8.999, 6700.4]": 1302,
            "(6700.4, 13267.8]": 1302,
            "(13267.8, 19602.6]": 1301,
            "(19602.6, 25978.8]": 1302,
            "(25978.8, 32651.0]": 1302,
            "(32651.0, 39298.8]": 1301,
            "(39298.8, 45796.8]": 1302,
            "(45796.8, 52327.8]": 1301,
            "(52327.8, 59017.4]": 1302,
            "(59017.4, 65521.0]": 1302
        },
        "correct_factorization_mean": {
            "(8.999, 6700.4]": 0.9224270353302612,
            "(6700.4, 13267.8]": 0.8294930875576036,
            "(13267.8, 19602.6]": 0.7071483474250576,
            "(19602.6, 25978.8]": 0.695084485407066,
            "(25978.8, 32651.0]": 0.619815668202765,
            "(32651.0, 39298.8]": 0.5134511913912375,
            "(39298.8, 45796.8]": 0.5130568356374808,
            "(45796.8, 52327.8]": 0.5103766333589547,
            "(52327.8, 59017.4]": 0.4946236559139785,
            "(59017.4, 65521.0]": 0.4731182795698925
        },
        "correct_factorization_size": {
            "(8.999, 6700.4]": 1302,
            "(6700.4, 13267.8]": 1302,
            "(13267.8, 19602.6]": 1301,
            "(19602.6, 25978.8]": 1302,
            "(25978.8, 32651.0]": 1302,
            "(32651.0, 39298.8]": 1301,
            "(39298.8, 45796.8]": 1302,
            "(45796.8, 52327.8]": 1301,
            "(52327.8, 59017.4]": 1302,
            "(59017.4, 65521.0]": 1302
        }
    },
    "pred_same_as_target_beam_0": {
        "0": {
            "target_is_prime": false,
            "pred_same_as_target": false,
            "correct_product_mean": 0.8696172248803827,
            "correct_product_size": 11704,
            "correct_factorization_mean": 0.4976930963773069,
            "correct_factorization_size": 11704
        },
        "1": {
            "target_is_prime": true,
            "pred_same_as_target": false,
            "correct_product_mean": 0.9824828636709825,
            "correct_product_size": 1313,
            "correct_factorization_mean": 0.9824828636709825,
            "correct_factorization_size": 1313
        }
    },
    "test_loss": 0.10312395095459971,
    "meta": {
        "n_beams": 2,
        "temperature": 1.0
    }
}