{
    "correct": {
        "correct_product": 0.9415604128718883,
        "correct_factorization": 0.7619914996964178
    },
    "beam_accuracy": {
        "correct_product": {
            "0": 0.9054341226472374,
            "1": 0.19171220400728597
        },
        "correct_factorization": {
            "0": 0.6971766848816029,
            "1": 0.06481481481481481
        }
    },
    "by_prob": {
        "group_size": {
            "(-13.808, -6.273]": 1318.0,
            "(-6.273, -3.765]": 1318.0,
            "(-3.765, -2.656]": 1317.0,
            "(-2.656, -2.0]": 1318.0,
            "(-2.0, -1.269]": 1317.0,
            "(-1.269, -0.876]": 1318.0,
            "(-0.876, -0.487]": 1317.0,
            "(-0.487, -0.0544]": 1318.0,
            "(-0.0544, -0.00355]": 1317.0,
            "(-0.00355, -4.05e-06]": 1318.0
        },
        "correct_product": {
            "(-13.808, -6.273]": 0.11532625189681335,
            "(-6.273, -3.765]": 0.15857359635811835,
            "(-3.765, -2.656]": 0.12832194381169323,
            "(-2.656, -2.0]": 0.18285280728376327,
            "(-2.0, -1.269]": 0.3454821564160972,
            "(-1.269, -0.876]": 0.7685887708649469,
            "(-0.876, -0.487]": 0.8443432042520881,
            "(-0.487, -0.0544]": 0.9430955993930197,
            "(-0.0544, -0.00355]": 0.9992406985573272,
            "(-0.00355, -4.05e-06]": 1.0
        },
        "correct_factorization": {
            "(-13.808, -6.273]": 0.0,
            "(-6.273, -3.765]": 0.004552352048558422,
            "(-3.765, -2.656]": 0.025816249050873197,
            "(-2.656, -2.0]": 0.07738998482549317,
            "(-2.0, -1.269]": 0.1791951404707669,
            "(-1.269, -0.876]": 0.3482549317147193,
            "(-0.876, -0.487]": 0.4039483675018983,
            "(-0.487, -0.0544]": 0.7845220030349014,
            "(-0.0544, -0.00355]": 0.9863325740318907,
            "(-0.00355, -4.05e-06]": 1.0
        },
        "percent_prime_factors_pred": {
            "(-13.808, -6.273]": 0.8875821952453211,
            "(-6.273, -3.765]": 0.9133282751643905,
            "(-3.765, -2.656]": 0.8550725554711887,
            "(-2.656, -2.0]": 0.8630238817833659,
            "(-2.0, -1.269]": 0.8573561846910367,
            "(-1.269, -0.876]": 0.6324020883011778,
            "(-0.876, -0.487]": 0.6399139458364971,
            "(-0.487, -0.0544]": 0.8959155285786545,
            "(-0.0544, -0.00355]": 0.9928499114148316,
            "(-0.00355, -4.05e-06]": 1.0
        }
    },
    "by_num_target_factors": {
        "group_size": {
            "1": 668,
            "2": 1601,
            "3": 1720,
            "4": 1198,
            "5": 715,
            "6": 373,
            "7": 165,
            "8": 79,
            "9": 35,
            "10": 20,
            "11": 8,
            "12": 3,
            "13": 3
        },
        "correct_product_mean": {
            "1": 0.9805389221556886,
            "2": 0.9600249843847595,
            "3": 0.963953488372093,
            "4": 0.9774624373956594,
            "5": 0.9342657342657342,
            "6": 0.8632707774798928,
            "7": 0.7696969696969697,
            "8": 0.4936708860759494,
            "9": 0.4857142857142857,
            "10": 0.35,
            "11": 0.25,
            "12": 0.0,
            "13": 0.0
        },
        "correct_factorization_mean": {
            "1": 0.9805389221556886,
            "2": 0.6027482823235478,
            "3": 0.713953488372093,
            "4": 0.8747913188647746,
            "5": 0.8895104895104895,
            "6": 0.8096514745308311,
            "7": 0.7333333333333333,
            "8": 0.4936708860759494,
            "9": 0.4857142857142857,
            "10": 0.35,
            "11": 0.25,
            "12": 0.0,
            "13": 0.0
        }
    },
    "by_input_num": {
        "group_size": {
            "(7.999, 6350.5]": 659,
            "(6350.5, 12996.8]": 659,
            "(12996.8, 19472.5]": 659,
            "(19472.5, 26116.8]": 658,
            "(26116.8, 32574.0]": 659,
            "(32574.0, 39331.6]": 659,
            "(39331.6, 46013.7]": 658,
            "(46013.7, 52699.4]": 659,
            "(52699.4, 59007.6]": 659,
            "(59007.6, 65528.0]": 659
        },
        "correct_product_mean": {
            "(7.999, 6350.5]": 0.9802731411229135,
            "(6350.5, 12996.8]": 0.9635811836115327,
            "(12996.8, 19472.5]": 0.9575113808801214,
            "(19472.5, 26116.8]": 0.9376899696048632,
            "(26116.8, 32574.0]": 0.9438543247344461,
            "(32574.0, 39331.6]": 0.9408194233687405,
            "(39331.6, 46013.7]": 0.925531914893617,
            "(46013.7, 52699.4]": 0.9089529590288316,
            "(52699.4, 59007.6]": 0.921092564491654,
            "(59007.6, 65528.0]": 0.936267071320182
        },
        "correct_factorization_mean": {
            "(7.999, 6350.5]": 0.9620637329286799,
            "(6350.5, 12996.8]": 0.9438543247344461,
            "(12996.8, 19472.5]": 0.881638846737481,
            "(19472.5, 26116.8]": 0.770516717325228,
            "(26116.8, 32574.0]": 0.7541729893778453,
            "(32574.0, 39331.6]": 0.7192716236722306,
            "(39331.6, 46013.7]": 0.6778115501519757,
            "(46013.7, 52699.4]": 0.6600910470409712,
            "(52699.4, 59007.6]": 0.6312594840667678,
            "(59007.6, 65528.0]": 0.6191198786039454
        }
    },
    "pred_same_as_input_beam_0": {
        "0": {
            "input_is_prime": false,
            "pred_same_as_input": false,
            "group_size": 5919,
            "correct_product_mean": 0.8986315255955398,
            "correct_factorization_mean": 0.6670045615813482
        },
        "1": {
            "input_is_prime": false,
            "pred_same_as_input": true,
            "group_size": 1,
            "correct_product_mean": 1.0,
            "correct_factorization_mean": 0.0
        },
        "2": {
            "input_is_prime": true,
            "pred_same_as_input": false,
            "group_size": 667,
            "correct_product_mean": 0.9655172413793104,
            "correct_factorization_mean": 0.9655172413793104
        },
        "3": {
            "input_is_prime": true,
            "pred_same_as_input": true,
            "group_size": 1,
            "correct_product_mean": 1.0,
            "correct_factorization_mean": 1.0
        }
    },
    "by_min_factor_composite_only": {
        "0": {
            "min_factor_decile": "(1.999, 3.0]",
            "group_size": 4339,
            "correct_product_mean": 0.9290159022816317,
            "correct_factorization_mean": 0.7854344318967504
        },
        "1": {
            "min_factor_decile": "(3.0, 5.0]",
            "group_size": 447,
            "correct_product_mean": 0.9642058165548099,
            "correct_factorization_mean": 0.9082774049217002
        },
        "2": {
            "min_factor_decile": "(5.0, 17.0]",
            "group_size": 614,
            "correct_product_mean": 0.9657980456026058,
            "correct_factorization_mean": 0.1254071661237785
        },
        "3": {
            "min_factor_decile": "(17.0, 241.0]",
            "group_size": 520,
            "correct_product_mean": 0.948076923076923,
            "correct_factorization_mean": 0.10961538461538461
        }
    },
    "loss": 0.19340670568928015,
    "meta": {
        "n_beams": 2,
        "temperature": 1.0
    }
}