{
    "correct": {
        "correct_product": 0.85498046875,
        "correct_factorization": 0.54296875
    },
    "beam_accuracy": {
        "correct_product": {
            "0": 0.80615234375,
            "1": 0.1201171875
        },
        "correct_factorization": {
            "0": 0.474609375,
            "1": 0.068359375
        }
    },
    "by_prob": {
        "group_size": {
            "(-11.158999999999999, -3.911]": 410.0,
            "(-3.911, -3.232]": 410.0,
            "(-3.232, -2.568]": 409.0,
            "(-2.568, -1.888]": 410.0,
            "(-1.888, -1.417]": 409.0,
            "(-1.417, -1.108]": 410.0,
            "(-1.108, -0.95]": 409.0,
            "(-0.95, -0.737]": 410.0,
            "(-0.737, -0.206]": 409.0,
            "(-0.206, -2.24e-05]": 410.0
        },
        "correct_product": {
            "(-11.158999999999999, -3.911]": 0.046341463414634146,
            "(-3.911, -3.232]": 0.036585365853658534,
            "(-3.232, -2.568]": 0.07823960880195599,
            "(-2.568, -1.888]": 0.12439024390243902,
            "(-1.888, -1.417]": 0.32273838630806845,
            "(-1.417, -1.108]": 0.6024390243902439,
            "(-1.108, -0.95]": 0.863080684596577,
            "(-0.95, -0.737]": 0.8341463414634146,
            "(-0.737, -0.206]": 0.7701711491442543,
            "(-0.206, -2.24e-05]": 0.9536585365853658
        },
        "correct_factorization": {
            "(-11.158999999999999, -3.911]": 0.0,
            "(-3.911, -3.232]": 0.01707317073170732,
            "(-3.232, -2.568]": 0.044009779951100246,
            "(-2.568, -1.888]": 0.07317073170731707,
            "(-1.888, -1.417]": 0.15892420537897312,
            "(-1.417, -1.108]": 0.2975609756097561,
            "(-1.108, -0.95]": 0.31295843520782396,
            "(-0.95, -0.737]": 0.3804878048780488,
            "(-0.737, -0.206]": 0.5281173594132029,
            "(-0.206, -2.24e-05]": 0.9024390243902439
        },
        "percent_prime_factors_pred": {
            "(-11.158999999999999, -3.911]": 0.9445267131242742,
            "(-3.911, -3.232]": 0.943739837398374,
            "(-3.232, -2.568]": 0.9395273023634881,
            "(-2.568, -1.888]": 0.9141502129307008,
            "(-1.888, -1.417]": 0.8671090930259635,
            "(-1.417, -1.108]": 0.7557665505226481,
            "(-1.108, -0.95]": 0.5210268948655257,
            "(-0.95, -0.737]": 0.6895934959349593,
            "(-0.737, -0.206]": 0.8853300733496333,
            "(-0.206, -2.24e-05]": 0.9807317073170733
        }
    },
    "by_num_target_factors": {
        "group_size": {
            "1": 192,
            "2": 466,
            "3": 501,
            "4": 401,
            "5": 237,
            "6": 131,
            "7": 62,
            "8": 32,
            "9": 12,
            "10": 7,
            "11": 5,
            "12": 1,
            "16": 1
        },
        "correct_product_mean": {
            "1": 0.9739583333333334,
            "2": 0.9678111587982833,
            "3": 0.906187624750499,
            "4": 0.827930174563591,
            "5": 0.7426160337552743,
            "6": 0.6641221374045801,
            "7": 0.6451612903225806,
            "8": 0.53125,
            "9": 0.3333333333333333,
            "10": 0.42857142857142855,
            "11": 0.0,
            "12": 0.0,
            "16": 0.0
        },
        "correct_factorization_mean": {
            "1": 0.9739583333333334,
            "2": 0.45278969957081544,
            "3": 0.38922155688622756,
            "4": 0.5860349127182045,
            "5": 0.6160337552742616,
            "6": 0.5954198473282443,
            "7": 0.5806451612903226,
            "8": 0.53125,
            "9": 0.3333333333333333,
            "10": 0.42857142857142855,
            "11": 0.0,
            "12": 0.0,
            "16": 0.0
        }
    },
    "by_input_num": {
        "group_size": {
            "(65535.999, 65740.7]": 205,
            "(65740.7, 65945.4]": 205,
            "(65945.4, 66150.1]": 205,
            "(66150.1, 66354.8]": 204,
            "(66354.8, 66559.5]": 205,
            "(66559.5, 66764.2]": 205,
            "(66764.2, 66968.9]": 204,
            "(66968.9, 67173.6]": 205,
            "(67173.6, 67378.3]": 205,
            "(67378.3, 67583.0]": 205
        },
        "correct_product_mean": {
            "(65535.999, 65740.7]": 0.8926829268292683,
            "(65740.7, 65945.4]": 0.8682926829268293,
            "(65945.4, 66150.1]": 0.8780487804878049,
            "(66150.1, 66354.8]": 0.8382352941176471,
            "(66354.8, 66559.5]": 0.8341463414634146,
            "(66559.5, 66764.2]": 0.7951219512195122,
            "(66764.2, 66968.9]": 0.8676470588235294,
            "(66968.9, 67173.6]": 0.8439024390243902,
            "(67173.6, 67378.3]": 0.8878048780487805,
            "(67378.3, 67583.0]": 0.8439024390243902
        },
        "correct_factorization_mean": {
            "(65535.999, 65740.7]": 0.5902439024390244,
            "(65740.7, 65945.4]": 0.5317073170731708,
            "(65945.4, 66150.1]": 0.551219512195122,
            "(66150.1, 66354.8]": 0.4803921568627451,
            "(66354.8, 66559.5]": 0.5317073170731708,
            "(66559.5, 66764.2]": 0.47804878048780486,
            "(66764.2, 66968.9]": 0.5588235294117647,
            "(66968.9, 67173.6]": 0.5463414634146342,
            "(67173.6, 67378.3]": 0.5756097560975609,
            "(67378.3, 67583.0]": 0.5853658536585366
        }
    },
    "pred_same_as_input_beam_0": {
        "0": {
            "input_is_prime": false,
            "pred_same_as_input": false,
            "group_size": 1855,
            "correct_product_mean": 0.7886792452830189,
            "correct_factorization_mean": 0.42318059299191374
        },
        "1": {
            "input_is_prime": false,
            "pred_same_as_input": true,
            "group_size": 1,
            "correct_product_mean": 1.0,
            "correct_factorization_mean": 0.0
        },
        "2": {
            "input_is_prime": true,
            "pred_same_as_input": false,
            "group_size": 192,
            "correct_product_mean": 0.9739583333333334,
            "correct_factorization_mean": 0.9739583333333334
        }
    },
    "by_min_factor_composite_only": {
        "0": {
            "min_factor_decile": "(1.999, 3.0]",
            "group_size": 1365,
            "correct_product_mean": 0.8102564102564103,
            "correct_factorization_mean": 0.5135531135531135
        },
        "1": {
            "min_factor_decile": "(3.0, 5.0]",
            "group_size": 136,
            "correct_product_mean": 0.8382352941176471,
            "correct_factorization_mean": 0.6176470588235294
        },
        "2": {
            "min_factor_decile": "(5.0, 17.0]",
            "group_size": 176,
            "correct_product_mean": 0.9715909090909091,
            "correct_factorization_mean": 0.0
        },
        "3": {
            "min_factor_decile": "(17.0, 257.0]",
            "group_size": 179,
            "correct_product_mean": 0.9664804469273743,
            "correct_factorization_mean": 0.0
        }
    },
    "loss": 0.40400235596515705,
    "meta": {
        "n_beams": 2,
        "temperature": 1.0
    }
}