{
    "correct": {
        "correct_product": 0.67578125,
        "correct_factorization": 0.37548828125
    },
    "beam_accuracy": {
        "correct_product": {
            "0": 0.6240234375,
            "1": 0.0908203125
        },
        "correct_factorization": {
            "0": 0.31640625,
            "1": 0.05908203125
        }
    },
    "by_prob": {
        "group_size": {
            "(-10.937, -3.443]": 410.0,
            "(-3.443, -2.84]": 410.0,
            "(-2.84, -2.339]": 409.0,
            "(-2.339, -1.932]": 410.0,
            "(-1.932, -1.604]": 409.0,
            "(-1.604, -1.292]": 410.0,
            "(-1.292, -1.062]": 409.0,
            "(-1.062, -0.905]": 410.0,
            "(-0.905, -0.58]": 409.0,
            "(-0.58, -3.49e-05]": 410.0
        },
        "correct_product": {
            "(-10.937, -3.443]": 0.01951219512195122,
            "(-3.443, -2.84]": 0.046341463414634146,
            "(-2.84, -2.339]": 0.06356968215158924,
            "(-2.339, -1.932]": 0.07560975609756097,
            "(-1.932, -1.604]": 0.21026894865525672,
            "(-1.604, -1.292]": 0.36829268292682926,
            "(-1.292, -1.062]": 0.5574572127139364,
            "(-1.062, -0.905]": 0.8097560975609757,
            "(-0.905, -0.58]": 0.684596577017115,
            "(-0.58, -3.49e-05]": 0.7390243902439024
        },
        "correct_factorization": {
            "(-10.937, -3.443]": 0.007317073170731708,
            "(-3.443, -2.84]": 0.03414634146341464,
            "(-2.84, -2.339]": 0.044009779951100246,
            "(-2.339, -1.932]": 0.046341463414634146,
            "(-1.932, -1.604]": 0.1100244498777506,
            "(-1.604, -1.292]": 0.2,
            "(-1.292, -1.062]": 0.24938875305623473,
            "(-1.062, -0.905]": 0.3024390243902439,
            "(-0.905, -0.58]": 0.3105134474327628,
            "(-0.58, -3.49e-05]": 0.573170731707317
        },
        "percent_prime_factors_pred": {
            "(-10.937, -3.443]": 0.9388385598141695,
            "(-3.443, -2.84]": 0.9114169570267131,
            "(-2.84, -2.339]": 0.9159739201303994,
            "(-2.339, -1.932]": 0.9281794425087109,
            "(-1.932, -1.604]": 0.9023489346838981,
            "(-1.604, -1.292]": 0.8501567944250871,
            "(-1.292, -1.062]": 0.7275061124694376,
            "(-1.062, -0.905]": 0.5457723577235772,
            "(-0.905, -0.58]": 0.7639364303178484,
            "(-0.58, -3.49e-05]": 0.9305284552845529
        }
    },
    "by_num_target_factors": {
        "group_size": {
            "1": 192,
            "2": 466,
            "3": 501,
            "4": 401,
            "5": 237,
            "6": 131,
            "7": 62,
            "8": 32,
            "9": 12,
            "10": 7,
            "11": 5,
            "12": 1,
            "16": 1
        },
        "correct_product_mean": {
            "1": 0.9635416666666666,
            "2": 0.851931330472103,
            "3": 0.716566866267465,
            "4": 0.5635910224438903,
            "5": 0.4767932489451477,
            "6": 0.48854961832061067,
            "7": 0.4032258064516129,
            "8": 0.34375,
            "9": 0.25,
            "10": 0.0,
            "11": 0.2,
            "12": 0.0,
            "16": 0.0
        },
        "correct_factorization_mean": {
            "1": 0.9635416666666666,
            "2": 0.33476394849785407,
            "3": 0.26746506986027946,
            "4": 0.32917705735660846,
            "5": 0.3080168776371308,
            "6": 0.3893129770992366,
            "7": 0.3870967741935484,
            "8": 0.3125,
            "9": 0.25,
            "10": 0.0,
            "11": 0.2,
            "12": 0.0,
            "16": 0.0
        }
    },
    "by_input_num": {
        "group_size": {
            "(65535.999, 65740.7]": 205,
            "(65740.7, 65945.4]": 205,
            "(65945.4, 66150.1]": 205,
            "(66150.1, 66354.8]": 204,
            "(66354.8, 66559.5]": 205,
            "(66559.5, 66764.2]": 205,
            "(66764.2, 66968.9]": 204,
            "(66968.9, 67173.6]": 205,
            "(67173.6, 67378.3]": 205,
            "(67378.3, 67583.0]": 205
        },
        "correct_product_mean": {
            "(65535.999, 65740.7]": 0.8780487804878049,
            "(65740.7, 65945.4]": 0.7414634146341463,
            "(65945.4, 66150.1]": 0.775609756097561,
            "(66150.1, 66354.8]": 0.7107843137254902,
            "(66354.8, 66559.5]": 0.7170731707317073,
            "(66559.5, 66764.2]": 0.6487804878048781,
            "(66764.2, 66968.9]": 0.5588235294117647,
            "(66968.9, 67173.6]": 0.5609756097560976,
            "(67173.6, 67378.3]": 0.5707317073170731,
            "(67378.3, 67583.0]": 0.5951219512195122
        },
        "correct_factorization_mean": {
            "(65535.999, 65740.7]": 0.5219512195121951,
            "(65740.7, 65945.4]": 0.424390243902439,
            "(65945.4, 66150.1]": 0.4146341463414634,
            "(66150.1, 66354.8]": 0.3627450980392157,
            "(66354.8, 66559.5]": 0.3902439024390244,
            "(66559.5, 66764.2]": 0.36585365853658536,
            "(66764.2, 66968.9]": 0.28921568627450983,
            "(66968.9, 67173.6]": 0.3121951219512195,
            "(67173.6, 67378.3]": 0.3170731707317073,
            "(67378.3, 67583.0]": 0.35609756097560974
        }
    },
    "pred_same_as_input_beam_0": {
        "0": {
            "input_is_prime": false,
            "pred_same_as_input": false,
            "group_size": 1511,
            "correct_product_mean": 0.49503639973527463,
            "correct_factorization_mean": 0.3064195896757114
        },
        "1": {
            "input_is_prime": false,
            "pred_same_as_input": true,
            "group_size": 345,
            "correct_product_mean": 1.0,
            "correct_factorization_mean": 0.0
        },
        "2": {
            "input_is_prime": true,
            "pred_same_as_input": false,
            "group_size": 7,
            "correct_product_mean": 0.0,
            "correct_factorization_mean": 0.0
        },
        "3": {
            "input_is_prime": true,
            "pred_same_as_input": true,
            "group_size": 185,
            "correct_product_mean": 1.0,
            "correct_factorization_mean": 1.0
        }
    },
    "by_min_factor_composite_only": {
        "0": {
            "min_factor_decile": "(1.999, 3.0]",
            "group_size": 1365,
            "correct_product_mean": 0.5560439560439561,
            "correct_factorization_mean": 0.3010989010989011
        },
        "1": {
            "min_factor_decile": "(3.0, 5.0]",
            "group_size": 136,
            "correct_product_mean": 0.6985294117647058,
            "correct_factorization_mean": 0.38235294117647056
        },
        "2": {
            "min_factor_decile": "(5.0, 17.0]",
            "group_size": 176,
            "correct_product_mean": 0.9829545454545454,
            "correct_factorization_mean": 0.0
        },
        "3": {
            "min_factor_decile": "(17.0, 257.0]",
            "group_size": 179,
            "correct_product_mean": 0.9608938547486033,
            "correct_factorization_mean": 0.0
        }
    },
    "loss": 0.5428877444395929,
    "meta": {
        "n_beams": 2,
        "temperature": 1.0
    }
}