{
    "correct": {
        "correct_product": 0.9139344262295082,
        "correct_factorization": 0.6791135397692775
    },
    "beam_accuracy": {
        "correct_product": {
            "0": 0.8565573770491803,
            "1": 0.19216757741347906
        },
        "correct_factorization": {
            "0": 0.579538554948391,
            "1": 0.09957498482088646
        }
    },
    "by_prob": {
        "group_size": {
            "(-13.645, -4.442]": 1318.0,
            "(-4.442, -2.938]": 1318.0,
            "(-2.938, -2.274]": 1317.0,
            "(-2.274, -1.749]": 1318.0,
            "(-1.749, -1.288]": 1317.0,
            "(-1.288, -0.926]": 1318.0,
            "(-0.926, -0.687]": 1317.0,
            "(-0.687, -0.275]": 1318.0,
            "(-0.275, -0.0247]": 1317.0,
            "(-0.0247, -5.6e-06]": 1318.0
        },
        "correct_product": {
            "(-13.645, -4.442]": 0.08801213960546282,
            "(-4.442, -2.938]": 0.1054628224582701,
            "(-2.938, -2.274]": 0.13287775246772968,
            "(-2.274, -1.749]": 0.208649468892261,
            "(-1.749, -1.288]": 0.40774487471526194,
            "(-1.288, -0.926]": 0.6752655538694993,
            "(-0.926, -0.687]": 0.8382687927107062,
            "(-0.687, -0.275]": 0.8315629742033384,
            "(-0.275, -0.0247]": 0.955960516324981,
            "(-0.0247, -5.6e-06]": 1.0
        },
        "correct_factorization": {
            "(-13.645, -4.442]": 0.0037936267071320183,
            "(-4.442, -2.938]": 0.03945371775417299,
            "(-2.938, -2.274]": 0.07061503416856492,
            "(-2.274, -1.749]": 0.1062215477996965,
            "(-1.749, -1.288]": 0.2308276385725133,
            "(-1.288, -0.926]": 0.3224582701062215,
            "(-0.926, -0.687]": 0.3690205011389522,
            "(-0.687, -0.275]": 0.4946889226100152,
            "(-0.275, -0.0247]": 0.7668944570994685,
            "(-0.0247, -5.6e-06]": 0.9916540212443096
        },
        "percent_prime_factors_pred": {
            "(-13.645, -4.442]": 0.9414697593756775,
            "(-4.442, -2.938]": 0.9077317725269167,
            "(-2.938, -2.274]": 0.8738547203239685,
            "(-2.274, -1.749]": 0.8799606185418021,
            "(-1.749, -1.288]": 0.8724482047944463,
            "(-1.288, -0.926]": 0.7109816460726931,
            "(-0.926, -0.687]": 0.6019163322124598,
            "(-0.687, -0.275]": 0.8009736975214973,
            "(-0.275, -0.0247]": 0.8999620349278664,
            "(-0.0247, -5.6e-06]": 0.9966236722306525
        }
    },
    "by_num_target_factors": {
        "group_size": {
            "1": 668,
            "2": 1601,
            "3": 1720,
            "4": 1198,
            "5": 715,
            "6": 373,
            "7": 165,
            "8": 79,
            "9": 35,
            "10": 20,
            "11": 8,
            "12": 3,
            "13": 3
        },
        "correct_product_mean": {
            "1": 0.9715568862275449,
            "2": 0.957526545908807,
            "3": 0.9348837209302325,
            "4": 0.9357262103505843,
            "5": 0.8909090909090909,
            "6": 0.7935656836461126,
            "7": 0.7393939393939394,
            "8": 0.3924050632911392,
            "9": 0.5142857142857142,
            "10": 0.25,
            "11": 0.125,
            "12": 0.0,
            "13": 0.0
        },
        "correct_factorization_mean": {
            "1": 0.9715568862275449,
            "2": 0.5665209244222361,
            "3": 0.6197674418604651,
            "4": 0.7253756260434057,
            "5": 0.7664335664335664,
            "6": 0.707774798927614,
            "7": 0.7090909090909091,
            "8": 0.379746835443038,
            "9": 0.5142857142857142,
            "10": 0.25,
            "11": 0.125,
            "12": 0.0,
            "13": 0.0
        }
    },
    "by_input_num": {
        "group_size": {
            "(7.999, 6350.5]": 659,
            "(6350.5, 12996.8]": 659,
            "(12996.8, 19472.5]": 659,
            "(19472.5, 26116.8]": 658,
            "(26116.8, 32574.0]": 659,
            "(32574.0, 39331.6]": 659,
            "(39331.6, 46013.7]": 658,
            "(46013.7, 52699.4]": 659,
            "(52699.4, 59007.6]": 659,
            "(59007.6, 65528.0]": 659
        },
        "correct_product_mean": {
            "(7.999, 6350.5]": 0.9650986342943855,
            "(6350.5, 12996.8]": 0.936267071320182,
            "(12996.8, 19472.5]": 0.9241274658573596,
            "(19472.5, 26116.8]": 0.9316109422492401,
            "(26116.8, 32574.0]": 0.9317147192716236,
            "(32574.0, 39331.6]": 0.9119878603945372,
            "(39331.6, 46013.7]": 0.8799392097264438,
            "(46013.7, 52699.4]": 0.866464339908953,
            "(52699.4, 59007.6]": 0.881638846737481,
            "(59007.6, 65528.0]": 0.9104704097116844
        },
        "correct_factorization_mean": {
            "(7.999, 6350.5]": 0.936267071320182,
            "(6350.5, 12996.8]": 0.8877086494688923,
            "(12996.8, 19472.5]": 0.8012139605462822,
            "(19472.5, 26116.8]": 0.7051671732522796,
            "(26116.8, 32574.0]": 0.6752655538694993,
            "(32574.0, 39331.6]": 0.6054628224582701,
            "(39331.6, 46013.7]": 0.5835866261398176,
            "(46013.7, 52699.4]": 0.5629742033383915,
            "(52699.4, 59007.6]": 0.511380880121396,
            "(59007.6, 65528.0]": 0.5220030349013657
        }
    },
    "pred_same_as_input_beam_0": {
        "0": {
            "input_is_prime": false,
            "pred_same_as_input": false,
            "group_size": 4935,
            "correct_product_mean": 0.8139817629179331,
            "correct_factorization_mean": 0.6437689969604863
        },
        "1": {
            "input_is_prime": false,
            "pred_same_as_input": true,
            "group_size": 985,
            "correct_product_mean": 1.0,
            "correct_factorization_mean": 0.0
        },
        "2": {
            "input_is_prime": true,
            "pred_same_as_input": false,
            "group_size": 27,
            "correct_product_mean": 0.0,
            "correct_factorization_mean": 0.0
        },
        "3": {
            "input_is_prime": true,
            "pred_same_as_input": true,
            "group_size": 641,
            "correct_product_mean": 1.0,
            "correct_factorization_mean": 1.0
        }
    },
    "by_min_factor_composite_only": {
        "0": {
            "min_factor_decile": "(1.999, 3.0]",
            "group_size": 4339,
            "correct_product_mean": 0.8935238534224476,
            "correct_factorization_mean": 0.6492279327033879
        },
        "1": {
            "min_factor_decile": "(3.0, 5.0]",
            "group_size": 447,
            "correct_product_mean": 0.9149888143176734,
            "correct_factorization_mean": 0.6733780760626398
        },
        "2": {
            "min_factor_decile": "(5.0, 17.0]",
            "group_size": 614,
            "correct_product_mean": 0.9723127035830619,
            "correct_factorization_mean": 0.05374592833876222
        },
        "3": {
            "min_factor_decile": "(17.0, 241.0]",
            "group_size": 520,
            "correct_product_mean": 0.9403846153846154,
            "correct_factorization_mean": 0.05
        }
    },
    "loss": 0.2528074260546212,
    "meta": {
        "n_beams": 2,
        "temperature": 1.0
    }
}