{
    "correct": {
        "correct_product": 0.9644808743169399,
        "correct_factorization": 0.7102307225258045
    },
    "beam_accuracy": {
        "correct_product": {
            "0": 0.9389799635701275,
            "1": 0.1994535519125683
        },
        "correct_factorization": {
            "0": 0.6287188828172434,
            "1": 0.08196721311475409
        }
    },
    "by_prob": {
        "group_size": {
            "(-12.363, -4.515]": 1318.0,
            "(-4.515, -3.048]": 1318.0,
            "(-3.048, -2.535]": 1317.0,
            "(-2.535, -2.049]": 1318.0,
            "(-2.049, -1.296]": 1317.0,
            "(-1.296, -0.941]": 1318.0,
            "(-0.941, -0.766]": 1317.0,
            "(-0.766, -0.403]": 1318.0,
            "(-0.403, -0.0229]": 1317.0,
            "(-0.0229, -3.33e-05]": 1318.0
        },
        "correct_product": {
            "(-12.363, -4.515]": 0.15781487101669195,
            "(-4.515, -3.048]": 0.11836115326251896,
            "(-3.048, -2.535]": 0.12908124525436598,
            "(-2.535, -2.049]": 0.17602427921092564,
            "(-2.049, -1.296]": 0.38344722854973423,
            "(-1.296, -0.941]": 0.8558421851289834,
            "(-0.941, -0.766]": 0.9491268033409264,
            "(-0.766, -0.403]": 0.9446130500758725,
            "(-0.403, -0.0229]": 0.9779802581624905,
            "(-0.0229, -3.33e-05]": 1.0
        },
        "correct_factorization": {
            "(-12.363, -4.515]": 0.0015174506828528073,
            "(-4.515, -3.048]": 0.027314112291350532,
            "(-3.048, -2.535]": 0.05998481397114654,
            "(-2.535, -2.049]": 0.09180576631259484,
            "(-2.049, -1.296]": 0.20045558086560364,
            "(-1.296, -0.941]": 0.34673748103186647,
            "(-0.941, -0.766]": 0.381169324221716,
            "(-0.766, -0.403]": 0.5371775417298937,
            "(-0.403, -0.0229]": 0.9073652239939256,
            "(-0.0229, -3.33e-05]": 1.0
        },
        "percent_prime_factors_pred": {
            "(-12.363, -4.515]": 0.9214490449695305,
            "(-4.515, -3.048]": 0.8700998988366212,
            "(-3.048, -2.535]": 0.8470450518855986,
            "(-2.535, -2.049]": 0.881931196859118,
            "(-2.049, -1.296]": 0.893544129876704,
            "(-1.296, -0.941]": 0.6139334489486235,
            "(-0.941, -0.766]": 0.540192356365477,
            "(-0.766, -0.403]": 0.7586359202254498,
            "(-0.403, -0.0229]": 0.9626423690205012,
            "(-0.0229, -3.33e-05]": 1.0
        }
    },
    "by_num_target_factors": {
        "group_size": {
            "1": 668,
            "2": 1601,
            "3": 1720,
            "4": 1198,
            "5": 715,
            "6": 373,
            "7": 165,
            "8": 79,
            "9": 35,
            "10": 20,
            "11": 8,
            "12": 3,
            "13": 3
        },
        "correct_product_mean": {
            "1": 0.9985029940119761,
            "2": 0.9975015615240475,
            "3": 0.9924418604651163,
            "4": 0.9791318864774624,
            "5": 0.9552447552447553,
            "6": 0.8793565683646113,
            "7": 0.7333333333333333,
            "8": 0.6455696202531646,
            "9": 0.45714285714285713,
            "10": 0.25,
            "11": 0.375,
            "12": 1.0,
            "13": 0.0
        },
        "correct_factorization_mean": {
            "1": 0.9985029940119761,
            "2": 0.6096189881324172,
            "3": 0.5965116279069768,
            "4": 0.7437395659432388,
            "5": 0.855944055944056,
            "6": 0.8364611260053619,
            "7": 0.7090909090909091,
            "8": 0.6455696202531646,
            "9": 0.45714285714285713,
            "10": 0.25,
            "11": 0.375,
            "12": 1.0,
            "13": 0.0
        }
    },
    "by_input_num": {
        "group_size": {
            "(7.999, 6350.5]": 659,
            "(6350.5, 12996.8]": 659,
            "(12996.8, 19472.5]": 659,
            "(19472.5, 26116.8]": 658,
            "(26116.8, 32574.0]": 659,
            "(32574.0, 39331.6]": 659,
            "(39331.6, 46013.7]": 658,
            "(46013.7, 52699.4]": 659,
            "(52699.4, 59007.6]": 659,
            "(59007.6, 65528.0]": 659
        },
        "correct_product_mean": {
            "(7.999, 6350.5]": 0.9878603945371776,
            "(6350.5, 12996.8]": 0.9817905918057663,
            "(12996.8, 19472.5]": 0.9772382397572079,
            "(19472.5, 26116.8]": 0.9756838905775076,
            "(26116.8, 32574.0]": 0.9590288315629742,
            "(32574.0, 39331.6]": 0.9635811836115327,
            "(39331.6, 46013.7]": 0.9498480243161094,
            "(46013.7, 52699.4]": 0.9377845220030349,
            "(52699.4, 59007.6]": 0.952959028831563,
            "(59007.6, 65528.0]": 0.9590288315629742
        },
        "correct_factorization_mean": {
            "(7.999, 6350.5]": 0.9817905918057663,
            "(6350.5, 12996.8]": 0.8907435508345979,
            "(12996.8, 19472.5]": 0.8179059180576631,
            "(19472.5, 26116.8]": 0.7416413373860182,
            "(26116.8, 32574.0]": 0.6767830045523521,
            "(32574.0, 39331.6]": 0.6433990895295902,
            "(39331.6, 46013.7]": 0.5972644376899696,
            "(46013.7, 52699.4]": 0.5887708649468892,
            "(52699.4, 59007.6]": 0.5781487101669196,
            "(59007.6, 65528.0]": 0.5857359635811836
        }
    },
    "pred_same_as_input_beam_0": {
        "0": {
            "input_is_prime": false,
            "pred_same_as_input": false,
            "group_size": 4890,
            "correct_product_mean": 0.918200408997955,
            "correct_factorization_mean": 0.710838445807771
        },
        "1": {
            "input_is_prime": false,
            "pred_same_as_input": true,
            "group_size": 1030,
            "correct_product_mean": 1.0,
            "correct_factorization_mean": 0.0
        },
        "2": {
            "input_is_prime": true,
            "pred_same_as_input": false,
            "group_size": 2,
            "correct_product_mean": 0.0,
            "correct_factorization_mean": 0.0
        },
        "3": {
            "input_is_prime": true,
            "pred_same_as_input": true,
            "group_size": 666,
            "correct_product_mean": 1.0,
            "correct_factorization_mean": 1.0
        }
    },
    "by_min_factor_composite_only": {
        "0": {
            "min_factor_decile": "(1.999, 3.0]",
            "group_size": 4339,
            "correct_product_mean": 0.9504494123069832,
            "correct_factorization_mean": 0.7070753629868634
        },
        "1": {
            "min_factor_decile": "(3.0, 5.0]",
            "group_size": 447,
            "correct_product_mean": 0.9642058165548099,
            "correct_factorization_mean": 0.7002237136465325
        },
        "2": {
            "min_factor_decile": "(5.0, 17.0]",
            "group_size": 614,
            "correct_product_mean": 0.998371335504886,
            "correct_factorization_mean": 0.09446254071661238
        },
        "3": {
            "min_factor_decile": "(17.0, 241.0]",
            "group_size": 520,
            "correct_product_mean": 0.9980769230769231,
            "correct_factorization_mean": 0.07115384615384615
        }
    },
    "loss": 0.2159967957698833,
    "meta": {
        "n_beams": 2,
        "temperature": 1.0
    }
}