{
    "correct": {
        "correct_product": 0.92236328125,
        "correct_factorization": 0.55419921875
    },
    "beam_accuracy": {
        "correct_product": {
            "0": 0.896484375,
            "1": 0.14599609375
        },
        "correct_factorization": {
            "0": 0.474609375,
            "1": 0.07958984375
        }
    },
    "by_prob": {
        "group_size": {
            "(-9.76, -3.842]": 410.0,
            "(-3.842, -3.223]": 410.0,
            "(-3.223, -2.67]": 409.0,
            "(-2.67, -2.086]": 410.0,
            "(-2.086, -1.47]": 409.0,
            "(-1.47, -1.112]": 410.0,
            "(-1.112, -1.009]": 409.0,
            "(-1.009, -0.811]": 410.0,
            "(-0.811, -0.36]": 409.0,
            "(-0.36, -8.59e-05]": 410.0
        },
        "correct_product": {
            "(-9.76, -3.842]": 0.06829268292682927,
            "(-3.842, -3.223]": 0.02926829268292683,
            "(-3.223, -2.67]": 0.11246943765281174,
            "(-2.67, -2.086]": 0.15853658536585366,
            "(-2.086, -1.47]": 0.2860635696821516,
            "(-1.47, -1.112]": 0.7585365853658537,
            "(-1.112, -1.009]": 0.9633251833740831,
            "(-1.009, -0.811]": 0.9512195121951219,
            "(-0.811, -0.36]": 0.9242053789731052,
            "(-0.36, -8.59e-05]": 0.9609756097560975
        },
        "correct_factorization": {
            "(-9.76, -3.842]": 0.0024390243902439024,
            "(-3.842, -3.223]": 0.004878048780487805,
            "(-3.223, -2.67]": 0.06356968215158924,
            "(-2.67, -2.086]": 0.08048780487804878,
            "(-2.086, -1.47]": 0.19070904645476772,
            "(-1.47, -1.112]": 0.3048780487804878,
            "(-1.112, -1.009]": 0.3374083129584352,
            "(-1.009, -0.811]": 0.3804878048780488,
            "(-0.811, -0.36]": 0.5061124694376528,
            "(-0.36, -8.59e-05]": 0.9
        },
        "percent_prime_factors_pred": {
            "(-9.76, -3.842]": 0.9116918312040263,
            "(-3.842, -3.223]": 0.8545934959349594,
            "(-3.223, -2.67]": 0.8335099157837544,
            "(-2.67, -2.086]": 0.8945199380565234,
            "(-2.086, -1.47]": 0.9350360926766794,
            "(-1.47, -1.112]": 0.6739837398373983,
            "(-1.112, -1.009]": 0.41625916870415647,
            "(-1.009, -0.811]": 0.6908130081300813,
            "(-0.811, -0.36]": 0.8209453952730236,
            "(-0.36, -8.59e-05]": 0.9764227642276422
        }
    },
    "by_num_target_factors": {
        "group_size": {
            "1": 192,
            "2": 466,
            "3": 501,
            "4": 401,
            "5": 237,
            "6": 131,
            "7": 62,
            "8": 32,
            "9": 12,
            "10": 7,
            "11": 5,
            "12": 1,
            "16": 1
        },
        "correct_product_mean": {
            "1": 1.0,
            "2": 1.0,
            "3": 0.9720558882235529,
            "4": 0.9326683291770573,
            "5": 0.8649789029535865,
            "6": 0.7404580152671756,
            "7": 0.6612903225806451,
            "8": 0.53125,
            "9": 0.4166666666666667,
            "10": 0.5714285714285714,
            "11": 0.2,
            "12": 0.0,
            "16": 0.0
        },
        "correct_factorization_mean": {
            "1": 1.0,
            "2": 0.463519313304721,
            "3": 0.3712574850299401,
            "4": 0.5411471321695761,
            "5": 0.7172995780590717,
            "6": 0.6870229007633588,
            "7": 0.5967741935483871,
            "8": 0.53125,
            "9": 0.4166666666666667,
            "10": 0.5714285714285714,
            "11": 0.2,
            "12": 0.0,
            "16": 0.0
        }
    },
    "by_input_num": {
        "group_size": {
            "(65535.999, 65740.7]": 205,
            "(65740.7, 65945.4]": 205,
            "(65945.4, 66150.1]": 205,
            "(66150.1, 66354.8]": 204,
            "(66354.8, 66559.5]": 205,
            "(66559.5, 66764.2]": 205,
            "(66764.2, 66968.9]": 204,
            "(66968.9, 67173.6]": 205,
            "(67173.6, 67378.3]": 205,
            "(67378.3, 67583.0]": 205
        },
        "correct_product_mean": {
            "(65535.999, 65740.7]": 0.9463414634146341,
            "(65740.7, 65945.4]": 0.926829268292683,
            "(65945.4, 66150.1]": 0.9414634146341463,
            "(66150.1, 66354.8]": 0.9117647058823529,
            "(66354.8, 66559.5]": 0.926829268292683,
            "(66559.5, 66764.2]": 0.926829268292683,
            "(66764.2, 66968.9]": 0.8921568627450981,
            "(66968.9, 67173.6]": 0.9317073170731708,
            "(67173.6, 67378.3]": 0.9170731707317074,
            "(67378.3, 67583.0]": 0.9024390243902439
        },
        "correct_factorization_mean": {
            "(65535.999, 65740.7]": 0.6048780487804878,
            "(65740.7, 65945.4]": 0.5317073170731708,
            "(65945.4, 66150.1]": 0.5804878048780487,
            "(66150.1, 66354.8]": 0.5294117647058824,
            "(66354.8, 66559.5]": 0.5317073170731708,
            "(66559.5, 66764.2]": 0.5414634146341464,
            "(66764.2, 66968.9]": 0.5588235294117647,
            "(66968.9, 67173.6]": 0.5365853658536586,
            "(67173.6, 67378.3]": 0.5365853658536586,
            "(67378.3, 67583.0]": 0.5902439024390244
        }
    },
    "pred_same_as_input_beam_0": {
        "0": {
            "input_is_prime": false,
            "pred_same_as_input": false,
            "group_size": 1856,
            "correct_product_mean": 0.8857758620689655,
            "correct_factorization_mean": 0.4202586206896552
        },
        "1": {
            "input_is_prime": true,
            "pred_same_as_input": false,
            "group_size": 192,
            "correct_product_mean": 1.0,
            "correct_factorization_mean": 1.0
        }
    },
    "by_min_factor_composite_only": {
        "0": {
            "min_factor_decile": "(1.999, 3.0]",
            "group_size": 1365,
            "correct_product_mean": 0.8967032967032967,
            "correct_factorization_mean": 0.5311355311355311
        },
        "1": {
            "min_factor_decile": "(3.0, 5.0]",
            "group_size": 136,
            "correct_product_mean": 0.8676470588235294,
            "correct_factorization_mean": 0.40441176470588236
        },
        "2": {
            "min_factor_decile": "(5.0, 17.0]",
            "group_size": 176,
            "correct_product_mean": 1.0,
            "correct_factorization_mean": 0.0
        },
        "3": {
            "min_factor_decile": "(17.0, 257.0]",
            "group_size": 179,
            "correct_product_mean": 1.0,
            "correct_factorization_mean": 0.0
        }
    },
    "loss": 0.3907639097224027,
    "meta": {
        "n_beams": 2,
        "temperature": 1.0
    }
}