{
    "correct": {
        "correct_product": 0.73291015625,
        "correct_factorization": 0.5537109375
    },
    "beam_accuracy": {
        "correct_product": {
            "0": 0.6953125,
            "1": 0.12841796875
        },
        "correct_factorization": {
            "0": 0.50634765625,
            "1": 0.04736328125
        }
    },
    "by_prob": {
        "group_size": {
            "(-13.607, -4.45]": 410.0,
            "(-4.45, -3.307]": 410.0,
            "(-3.307, -2.714]": 409.0,
            "(-2.714, -2.006]": 410.0,
            "(-2.006, -1.347]": 409.0,
            "(-1.347, -1.062]": 410.0,
            "(-1.062, -0.848]": 409.0,
            "(-0.848, -0.368]": 410.0,
            "(-0.368, -0.0251]": 409.0,
            "(-0.0251, -5.01e-06]": 410.0
        },
        "correct_product": {
            "(-13.607, -4.45]": 0.17804878048780487,
            "(-4.45, -3.307]": 0.06829268292682927,
            "(-3.307, -2.714]": 0.05378973105134474,
            "(-2.714, -2.006]": 0.11219512195121951,
            "(-2.006, -1.347]": 0.2371638141809291,
            "(-1.347, -1.062]": 0.4585365853658537,
            "(-1.062, -0.848]": 0.6503667481662592,
            "(-0.848, -0.368]": 0.6463414634146342,
            "(-0.368, -0.0251]": 0.7628361858190709,
            "(-0.0251, -5.01e-06]": 0.9512195121951219
        },
        "correct_factorization": {
            "(-13.607, -4.45]": 0.007317073170731708,
            "(-4.45, -3.307]": 0.00975609756097561,
            "(-3.307, -2.714]": 0.014669926650366748,
            "(-2.714, -2.006]": 0.06829268292682927,
            "(-2.006, -1.347]": 0.13202933985330073,
            "(-1.347, -1.062]": 0.1902439024390244,
            "(-1.062, -0.848]": 0.2713936430317848,
            "(-0.848, -0.368]": 0.3926829268292683,
            "(-0.368, -0.0251]": 0.7334963325183375,
            "(-0.0251, -5.01e-06]": 0.948780487804878
        },
        "percent_prime_factors_pred": {
            "(-13.607, -4.45]": 0.909390243902439,
            "(-4.45, -3.307]": 0.9199999999999999,
            "(-3.307, -2.714]": 0.9255501222493888,
            "(-2.714, -2.006]": 0.9024970963995355,
            "(-2.006, -1.347]": 0.8763825823728024,
            "(-1.347, -1.062]": 0.7093902439024391,
            "(-1.062, -0.848]": 0.6610228198859006,
            "(-0.848, -0.368]": 0.8683507549361208,
            "(-0.368, -0.0251]": 0.9819070904645477,
            "(-0.0251, -5.01e-06]": 0.999390243902439
        }
    },
    "by_num_target_factors": {
        "group_size": {
            "1": 192,
            "2": 466,
            "3": 501,
            "4": 401,
            "5": 237,
            "6": 131,
            "7": 62,
            "8": 32,
            "9": 12,
            "10": 7,
            "11": 5,
            "12": 1,
            "16": 1
        },
        "correct_product_mean": {
            "1": 0.5989583333333334,
            "2": 0.7317596566523605,
            "3": 0.874251497005988,
            "4": 0.8703241895261845,
            "5": 0.6455696202531646,
            "6": 0.48854961832061067,
            "7": 0.4032258064516129,
            "8": 0.28125,
            "9": 0.3333333333333333,
            "10": 0.2857142857142857,
            "11": 0.2,
            "12": 0.0,
            "16": 0.0
        },
        "correct_factorization_mean": {
            "1": 0.5989583333333334,
            "2": 0.44849785407725323,
            "3": 0.5389221556886228,
            "4": 0.7481296758104738,
            "5": 0.6033755274261603,
            "6": 0.44274809160305345,
            "7": 0.3709677419354839,
            "8": 0.28125,
            "9": 0.3333333333333333,
            "10": 0.2857142857142857,
            "11": 0.2,
            "12": 0.0,
            "16": 0.0
        }
    },
    "by_input_num": {
        "group_size": {
            "(65535.999, 65740.7]": 205,
            "(65740.7, 65945.4]": 205,
            "(65945.4, 66150.1]": 205,
            "(66150.1, 66354.8]": 204,
            "(66354.8, 66559.5]": 205,
            "(66559.5, 66764.2]": 205,
            "(66764.2, 66968.9]": 204,
            "(66968.9, 67173.6]": 205,
            "(67173.6, 67378.3]": 205,
            "(67378.3, 67583.0]": 205
        },
        "correct_product_mean": {
            "(65535.999, 65740.7]": 0.8926829268292683,
            "(65740.7, 65945.4]": 0.6634146341463415,
            "(65945.4, 66150.1]": 0.6341463414634146,
            "(66150.1, 66354.8]": 0.6225490196078431,
            "(66354.8, 66559.5]": 0.6292682926829268,
            "(66559.5, 66764.2]": 0.7853658536585366,
            "(66764.2, 66968.9]": 0.7990196078431373,
            "(66968.9, 67173.6]": 0.8048780487804879,
            "(67173.6, 67378.3]": 0.8097560975609757,
            "(67378.3, 67583.0]": 0.6878048780487804
        },
        "correct_factorization_mean": {
            "(65535.999, 65740.7]": 0.6780487804878049,
            "(65740.7, 65945.4]": 0.5463414634146342,
            "(65945.4, 66150.1]": 0.5560975609756098,
            "(66150.1, 66354.8]": 0.5196078431372549,
            "(66354.8, 66559.5]": 0.5414634146341464,
            "(66559.5, 66764.2]": 0.5463414634146342,
            "(66764.2, 66968.9]": 0.5441176470588235,
            "(66968.9, 67173.6]": 0.5609756097560976,
            "(67173.6, 67378.3]": 0.5560975609756098,
            "(67378.3, 67583.0]": 0.4878048780487805
        }
    },
    "pred_same_as_input_beam_0": {
        "0": {
            "input_is_prime": false,
            "pred_same_as_input": false,
            "group_size": 1664,
            "correct_product_mean": 0.6730769230769231,
            "correct_factorization_mean": 0.5558894230769231
        },
        "1": {
            "input_is_prime": false,
            "pred_same_as_input": true,
            "group_size": 192,
            "correct_product_mean": 1.0,
            "correct_factorization_mean": 0.0
        },
        "2": {
            "input_is_prime": true,
            "pred_same_as_input": false,
            "group_size": 80,
            "correct_product_mean": 0.0,
            "correct_factorization_mean": 0.0
        },
        "3": {
            "input_is_prime": true,
            "pred_same_as_input": true,
            "group_size": 112,
            "correct_product_mean": 1.0,
            "correct_factorization_mean": 1.0
        }
    },
    "by_min_factor_composite_only": {
        "0": {
            "min_factor_decile": "(1.999, 3.0]",
            "group_size": 1365,
            "correct_product_mean": 0.789010989010989,
            "correct_factorization_mean": 0.6014652014652014
        },
        "1": {
            "min_factor_decile": "(3.0, 5.0]",
            "group_size": 136,
            "correct_product_mean": 0.8088235294117647,
            "correct_factorization_mean": 0.7647058823529411
        },
        "2": {
            "min_factor_decile": "(5.0, 17.0]",
            "group_size": 176,
            "correct_product_mean": 0.5909090909090909,
            "correct_factorization_mean": 0.0
        },
        "3": {
            "min_factor_decile": "(17.0, 257.0]",
            "group_size": 179,
            "correct_product_mean": 0.5307262569832403,
            "correct_factorization_mean": 0.0
        }
    },
    "loss": 0.5418594663433562,
    "meta": {
        "n_beams": 2,
        "temperature": 1.0
    }
}