{
    "correct": {
        "correct_product": 0.875,
        "correct_factorization": 0.62060546875
    },
    "beam_accuracy": {
        "correct_product": {
            "0": 0.849609375,
            "1": 0.12255859375
        },
        "correct_factorization": {
            "0": 0.5888671875,
            "1": 0.03173828125
        }
    },
    "by_prob": {
        "group_size": {
            "(-13.359, -5.746]": 410.0,
            "(-5.746, -3.458]": 410.0,
            "(-3.458, -2.82]": 409.0,
            "(-2.82, -2.218]": 410.0,
            "(-2.218, -1.337]": 409.0,
            "(-1.337, -1.002]": 410.0,
            "(-1.002, -0.819]": 409.0,
            "(-0.819, -0.193]": 410.0,
            "(-0.193, -0.00798]": 409.0,
            "(-0.00798, -5.84e-06]": 410.0
        },
        "correct_product": {
            "(-13.359, -5.746]": 0.14390243902439023,
            "(-5.746, -3.458]": 0.0975609756097561,
            "(-3.458, -2.82]": 0.04156479217603912,
            "(-2.82, -2.218]": 0.0975609756097561,
            "(-2.218, -1.337]": 0.30317848410757947,
            "(-1.337, -1.002]": 0.7536585365853659,
            "(-1.002, -0.819]": 0.8875305623471883,
            "(-0.819, -0.193]": 0.6609756097560976,
            "(-0.193, -0.00798]": 0.8875305623471883,
            "(-0.00798, -5.84e-06]": 0.9878048780487805
        },
        "correct_factorization": {
            "(-13.359, -5.746]": 0.0,
            "(-5.746, -3.458]": 0.0024390243902439024,
            "(-3.458, -2.82]": 0.014669926650366748,
            "(-2.82, -2.218]": 0.02926829268292683,
            "(-2.218, -1.337]": 0.10268948655256724,
            "(-1.337, -1.002]": 0.3073170731707317,
            "(-1.002, -0.819]": 0.3374083129584352,
            "(-0.819, -0.193]": 0.44634146341463415,
            "(-0.193, -0.00798]": 0.8753056234718827,
            "(-0.00798, -5.84e-06]": 0.9878048780487805
        },
        "percent_prime_factors_pred": {
            "(-13.359, -5.746]": 0.9002787456445993,
            "(-5.746, -3.458]": 0.9135540069686412,
            "(-3.458, -2.82]": 0.9356968215158924,
            "(-2.82, -2.218]": 0.9258304297328688,
            "(-2.218, -1.337]": 0.8355590483952342,
            "(-1.337, -1.002]": 0.5932462253193961,
            "(-1.002, -0.819]": 0.525957620211899,
            "(-0.819, -0.193]": 0.8894715447154472,
            "(-0.193, -0.00798]": 0.9947432762836186,
            "(-0.00798, -5.84e-06]": 1.0
        }
    },
    "by_num_target_factors": {
        "group_size": {
            "1": 192,
            "2": 466,
            "3": 501,
            "4": 401,
            "5": 237,
            "6": 131,
            "7": 62,
            "8": 32,
            "9": 12,
            "10": 7,
            "11": 5,
            "12": 1,
            "16": 1
        },
        "correct_product_mean": {
            "1": 0.984375,
            "2": 0.9849785407725322,
            "3": 0.9740518962075848,
            "4": 0.9152119700748129,
            "5": 0.7046413502109705,
            "6": 0.5648854961832062,
            "7": 0.46774193548387094,
            "8": 0.40625,
            "9": 0.25,
            "10": 0.42857142857142855,
            "11": 0.0,
            "12": 0.0,
            "16": 0.0
        },
        "correct_factorization_mean": {
            "1": 0.984375,
            "2": 0.463519313304721,
            "3": 0.5848303393213573,
            "4": 0.7680798004987531,
            "5": 0.6455696202531646,
            "6": 0.4961832061068702,
            "7": 0.45161290322580644,
            "8": 0.40625,
            "9": 0.25,
            "10": 0.42857142857142855,
            "11": 0.0,
            "12": 0.0,
            "16": 0.0
        }
    },
    "by_input_num": {
        "group_size": {
            "(65535.999, 65740.7]": 205,
            "(65740.7, 65945.4]": 205,
            "(65945.4, 66150.1]": 205,
            "(66150.1, 66354.8]": 204,
            "(66354.8, 66559.5]": 205,
            "(66559.5, 66764.2]": 205,
            "(66764.2, 66968.9]": 204,
            "(66968.9, 67173.6]": 205,
            "(67173.6, 67378.3]": 205,
            "(67378.3, 67583.0]": 205
        },
        "correct_product_mean": {
            "(65535.999, 65740.7]": 0.9560975609756097,
            "(65740.7, 65945.4]": 0.8878048780487805,
            "(65945.4, 66150.1]": 0.8975609756097561,
            "(66150.1, 66354.8]": 0.8676470588235294,
            "(66354.8, 66559.5]": 0.8926829268292683,
            "(66559.5, 66764.2]": 0.8585365853658536,
            "(66764.2, 66968.9]": 0.8480392156862745,
            "(66968.9, 67173.6]": 0.8731707317073171,
            "(67173.6, 67378.3]": 0.848780487804878,
            "(67378.3, 67583.0]": 0.8195121951219512
        },
        "correct_factorization_mean": {
            "(65535.999, 65740.7]": 0.7170731707317073,
            "(65740.7, 65945.4]": 0.6341463414634146,
            "(65945.4, 66150.1]": 0.6292682926829268,
            "(66150.1, 66354.8]": 0.5637254901960784,
            "(66354.8, 66559.5]": 0.6292682926829268,
            "(66559.5, 66764.2]": 0.6097560975609756,
            "(66764.2, 66968.9]": 0.5882352941176471,
            "(66968.9, 67173.6]": 0.6195121951219512,
            "(67173.6, 67378.3]": 0.5902439024390244,
            "(67378.3, 67583.0]": 0.624390243902439
        }
    },
    "pred_same_as_input_beam_0": {
        "0": {
            "input_is_prime": false,
            "pred_same_as_input": false,
            "group_size": 1856,
            "correct_product_mean": 0.8356681034482759,
            "correct_factorization_mean": 0.5479525862068966
        },
        "1": {
            "input_is_prime": true,
            "pred_same_as_input": false,
            "group_size": 192,
            "correct_product_mean": 0.984375,
            "correct_factorization_mean": 0.984375
        }
    },
    "by_min_factor_composite_only": {
        "0": {
            "min_factor_decile": "(1.999, 3.0]",
            "group_size": 1365,
            "correct_product_mean": 0.8344322344322345,
            "correct_factorization_mean": 0.6622710622710622
        },
        "1": {
            "min_factor_decile": "(3.0, 5.0]",
            "group_size": 136,
            "correct_product_mean": 0.875,
            "correct_factorization_mean": 0.8308823529411765
        },
        "2": {
            "min_factor_decile": "(5.0, 17.0]",
            "group_size": 176,
            "correct_product_mean": 0.9602272727272727,
            "correct_factorization_mean": 0.0
        },
        "3": {
            "min_factor_decile": "(17.0, 257.0]",
            "group_size": 179,
            "correct_product_mean": 0.9832402234636871,
            "correct_factorization_mean": 0.0
        }
    },
    "loss": 0.47256935003517375,
    "meta": {
        "n_beams": 2,
        "temperature": 1.0
    }
}