{
    "correct": {
        "correct_product": 0.9723740133576199,
        "correct_factorization": 0.8520036429872495
    },
    "beam_accuracy": {
        "correct_product": {
            "0": 0.9514268366727383,
            "1": 0.21205221615057682
        },
        "correct_factorization": {
            "0": 0.8169398907103825,
            "1": 0.03506375227686703
        }
    },
    "by_prob": {
        "group_size": {
            "(-15.681, -9.21]": 1320.0,
            "(-9.21, -7.43]": 1316.0,
            "(-7.43, -4.775]": 1317.0,
            "(-4.775, -2.445]": 1318.0,
            "(-2.445, -1.218]": 1317.0,
            "(-1.218, -0.744]": 1318.0,
            "(-0.744, -0.0167]": 1317.0,
            "(-0.0167, -0.00122]": 1318.0,
            "(-0.00122, -0.000156]": 1317.0,
            "(-0.000156, -7.15e-07]": 1318.0
        },
        "correct_product": {
            "(-15.681, -9.21]": 0.17954545454545454,
            "(-9.21, -7.43]": 0.18541033434650456,
            "(-7.43, -4.775]": 0.25208807896735,
            "(-4.775, -2.445]": 0.17071320182094082,
            "(-2.445, -1.218]": 0.29233105542900534,
            "(-1.218, -0.744]": 0.8566009104704098,
            "(-0.744, -0.0167]": 0.8807896735003796,
            "(-0.0167, -0.00122]": 1.0,
            "(-0.00122, -0.000156]": 1.0,
            "(-0.000156, -7.15e-07]": 1.0
        },
        "correct_factorization": {
            "(-15.681, -9.21]": 0.0,
            "(-9.21, -7.43]": 0.0,
            "(-7.43, -4.775]": 0.0,
            "(-4.775, -2.445]": 0.026555386949924126,
            "(-2.445, -1.218]": 0.1442672741078208,
            "(-1.218, -0.744]": 0.33990895295902884,
            "(-0.744, -0.0167]": 0.7517084282460137,
            "(-0.0167, -0.00122]": 0.9977238239757208,
            "(-0.00122, -0.000156]": 1.0,
            "(-0.000156, -7.15e-07]": 1.0
        },
        "percent_prime_factors_pred": {
            "(-15.681, -9.21]": 0.7538997113997115,
            "(-9.21, -7.43]": 0.8578050369083804,
            "(-7.43, -4.775]": 0.8392929457280254,
            "(-4.775, -2.445]": 0.8330542307970229,
            "(-2.445, -1.218]": 0.8088657482734932,
            "(-1.218, -0.744]": 0.5136332707083845,
            "(-0.744, -0.0167]": 0.9078895035614853,
            "(-0.0167, -0.00122]": 0.9993424380374305,
            "(-0.00122, -0.000156]": 1.0,
            "(-0.000156, -7.15e-07]": 1.0
        }
    },
    "by_num_target_factors": {
        "group_size": {
            "1": 668,
            "2": 1601,
            "3": 1720,
            "4": 1198,
            "5": 715,
            "6": 373,
            "7": 165,
            "8": 79,
            "9": 35,
            "10": 20,
            "11": 8,
            "12": 3,
            "13": 3
        },
        "correct_product_mean": {
            "1": 0.9880239520958084,
            "2": 0.9906308557151781,
            "3": 0.9895348837209302,
            "4": 0.9908180300500835,
            "5": 0.9748251748251748,
            "6": 0.9276139410187667,
            "7": 0.8545454545454545,
            "8": 0.7088607594936709,
            "9": 0.6,
            "10": 0.25,
            "11": 0.375,
            "12": 0.3333333333333333,
            "13": 0.3333333333333333
        },
        "correct_factorization_mean": {
            "1": 0.9880239520958084,
            "2": 0.7089319175515303,
            "3": 0.8453488372093023,
            "4": 0.9373956594323873,
            "5": 0.9636363636363636,
            "6": 0.8793565683646113,
            "7": 0.8303030303030303,
            "8": 0.7088607594936709,
            "9": 0.6,
            "10": 0.25,
            "11": 0.375,
            "12": 0.3333333333333333,
            "13": 0.3333333333333333
        }
    },
    "by_input_num": {
        "group_size": {
            "(7.999, 6350.5]": 659,
            "(6350.5, 12996.8]": 659,
            "(12996.8, 19472.5]": 659,
            "(19472.5, 26116.8]": 658,
            "(26116.8, 32574.0]": 659,
            "(32574.0, 39331.6]": 659,
            "(39331.6, 46013.7]": 658,
            "(46013.7, 52699.4]": 659,
            "(52699.4, 59007.6]": 659,
            "(59007.6, 65528.0]": 659
        },
        "correct_product_mean": {
            "(7.999, 6350.5]": 0.9878603945371776,
            "(6350.5, 12996.8]": 0.992412746585736,
            "(12996.8, 19472.5]": 0.9848254931714719,
            "(19472.5, 26116.8]": 0.9772036474164134,
            "(26116.8, 32574.0]": 0.9635811836115327,
            "(32574.0, 39331.6]": 0.9711684370257967,
            "(39331.6, 46013.7]": 0.9559270516717325,
            "(46013.7, 52699.4]": 0.9559939301972686,
            "(52699.4, 59007.6]": 0.960546282245827,
            "(59007.6, 65528.0]": 0.9742033383915023
        },
        "correct_factorization_mean": {
            "(7.999, 6350.5]": 0.9878603945371776,
            "(6350.5, 12996.8]": 0.9908952959028832,
            "(12996.8, 19472.5]": 0.9802731411229135,
            "(19472.5, 26116.8]": 0.9468085106382979,
            "(26116.8, 32574.0]": 0.8406676783004552,
            "(32574.0, 39331.6]": 0.795144157814871,
            "(39331.6, 46013.7]": 0.7553191489361702,
            "(46013.7, 52699.4]": 0.787556904400607,
            "(52699.4, 59007.6]": 0.7177541729893778,
            "(59007.6, 65528.0]": 0.7177541729893778
        }
    },
    "pred_same_as_input_beam_0": {
        "0": {
            "input_is_prime": false,
            "pred_same_as_input": false,
            "group_size": 5920,
            "correct_product_mean": 0.9478040540540541,
            "correct_factorization_mean": 0.7981418918918919
        },
        "1": {
            "input_is_prime": true,
            "pred_same_as_input": false,
            "group_size": 650,
            "correct_product_mean": 0.9830769230769231,
            "correct_factorization_mean": 0.9830769230769231
        },
        "2": {
            "input_is_prime": true,
            "pred_same_as_input": true,
            "group_size": 18,
            "correct_product_mean": 1.0,
            "correct_factorization_mean": 1.0
        }
    },
    "by_min_factor_composite_only": {
        "0": {
            "min_factor_decile": "(1.999, 3.0]",
            "group_size": 4339,
            "correct_product_mean": 0.9658907582392257,
            "correct_factorization_mean": 0.9038949066605209
        },
        "1": {
            "min_factor_decile": "(3.0, 5.0]",
            "group_size": 447,
            "correct_product_mean": 0.9798657718120806,
            "correct_factorization_mean": 0.9328859060402684
        },
        "2": {
            "min_factor_decile": "(5.0, 17.0]",
            "group_size": 614,
            "correct_product_mean": 0.9869706840390879,
            "correct_factorization_mean": 0.36807817589576547
        },
        "3": {
            "min_factor_decile": "(17.0, 241.0]",
            "group_size": 520,
            "correct_product_mean": 0.9826923076923076,
            "correct_factorization_mean": 0.3076923076923077
        }
    },
    "loss": 0.13847647468456425,
    "meta": {
        "n_beams": 2,
        "temperature": 1.0
    }
}