{
    "correct": {
        "correct_product": 0.91064453125,
        "correct_factorization": 0.67578125
    },
    "beam_accuracy": {
        "correct_product": {
            "0": 0.8876953125,
            "1": 0.130859375
        },
        "correct_factorization": {
            "0": 0.64599609375,
            "1": 0.02978515625
        }
    },
    "by_prob": {
        "group_size": {
            "(-12.731, -7.066]": 410.0,
            "(-7.066, -4.088]": 410.0,
            "(-4.088, -2.889]": 409.0,
            "(-2.889, -2.21]": 410.0,
            "(-2.21, -1.409]": 409.0,
            "(-1.409, -0.955]": 410.0,
            "(-0.955, -0.718]": 409.0,
            "(-0.718, -0.0398]": 410.0,
            "(-0.0398, -0.00179]": 409.0,
            "(-0.00179, -7.75e-06]": 410.0
        },
        "correct_product": {
            "(-12.731, -7.066]": 0.15121951219512195,
            "(-7.066, -4.088]": 0.18536585365853658,
            "(-4.088, -2.889]": 0.08557457212713937,
            "(-2.889, -2.21]": 0.06097560975609756,
            "(-2.21, -1.409]": 0.21515892420537897,
            "(-1.409, -0.955]": 0.6951219512195121,
            "(-0.955, -0.718]": 0.8973105134474327,
            "(-0.718, -0.0398]": 0.8121951219512196,
            "(-0.0398, -0.00179]": 0.9902200488997555,
            "(-0.00179, -7.75e-06]": 1.0
        },
        "correct_factorization": {
            "(-12.731, -7.066]": 0.0,
            "(-7.066, -4.088]": 0.0,
            "(-4.088, -2.889]": 0.014669926650366748,
            "(-2.889, -2.21]": 0.02926829268292683,
            "(-2.21, -1.409]": 0.11735941320293398,
            "(-1.409, -0.955]": 0.2658536585365854,
            "(-0.955, -0.718]": 0.33007334963325186,
            "(-0.718, -0.0398]": 0.6439024390243903,
            "(-0.0398, -0.00179]": 0.9779951100244498,
            "(-0.00179, -7.75e-06]": 1.0
        },
        "percent_prime_factors_pred": {
            "(-12.731, -7.066]": 0.8890292295780101,
            "(-7.066, -4.088]": 0.879390243902439,
            "(-4.088, -2.889]": 0.9307660961695191,
            "(-2.889, -2.21]": 0.9291637630662021,
            "(-2.21, -1.409]": 0.890132727907789,
            "(-1.409, -0.955]": 0.6151974448315911,
            "(-0.955, -0.718]": 0.484759576202119,
            "(-0.718, -0.0398]": 0.9210162601626016,
            "(-0.0398, -0.00179]": 0.9947025264873676,
            "(-0.00179, -7.75e-06]": 1.0
        }
    },
    "by_num_target_factors": {
        "group_size": {
            "1": 192,
            "2": 466,
            "3": 501,
            "4": 401,
            "5": 237,
            "6": 131,
            "7": 62,
            "8": 32,
            "9": 12,
            "10": 7,
            "11": 5,
            "12": 1,
            "16": 1
        },
        "correct_product_mean": {
            "1": 0.9375,
            "2": 0.9570815450643777,
            "3": 0.9600798403193613,
            "4": 0.9476309226932669,
            "5": 0.8396624472573839,
            "6": 0.7938931297709924,
            "7": 0.7580645161290323,
            "8": 0.5625,
            "9": 0.3333333333333333,
            "10": 0.42857142857142855,
            "11": 0.4,
            "12": 1.0,
            "16": 0.0
        },
        "correct_factorization_mean": {
            "1": 0.9375,
            "2": 0.45278969957081544,
            "3": 0.6147704590818364,
            "4": 0.8079800498753117,
            "5": 0.8059071729957806,
            "6": 0.7480916030534351,
            "7": 0.7096774193548387,
            "8": 0.5625,
            "9": 0.3333333333333333,
            "10": 0.42857142857142855,
            "11": 0.4,
            "12": 1.0,
            "16": 0.0
        }
    },
    "by_input_num": {
        "group_size": {
            "(65535.999, 65740.7]": 205,
            "(65740.7, 65945.4]": 205,
            "(65945.4, 66150.1]": 205,
            "(66150.1, 66354.8]": 204,
            "(66354.8, 66559.5]": 205,
            "(66559.5, 66764.2]": 205,
            "(66764.2, 66968.9]": 204,
            "(66968.9, 67173.6]": 205,
            "(67173.6, 67378.3]": 205,
            "(67378.3, 67583.0]": 205
        },
        "correct_product_mean": {
            "(65535.999, 65740.7]": 0.9365853658536586,
            "(65740.7, 65945.4]": 0.9414634146341463,
            "(65945.4, 66150.1]": 0.9560975609756097,
            "(66150.1, 66354.8]": 0.9215686274509803,
            "(66354.8, 66559.5]": 0.9219512195121952,
            "(66559.5, 66764.2]": 0.8926829268292683,
            "(66764.2, 66968.9]": 0.9068627450980392,
            "(66968.9, 67173.6]": 0.9073170731707317,
            "(67173.6, 67378.3]": 0.8780487804878049,
            "(67378.3, 67583.0]": 0.8439024390243902
        },
        "correct_factorization_mean": {
            "(65535.999, 65740.7]": 0.7317073170731707,
            "(65740.7, 65945.4]": 0.697560975609756,
            "(65945.4, 66150.1]": 0.7170731707317073,
            "(66150.1, 66354.8]": 0.6323529411764706,
            "(66354.8, 66559.5]": 0.697560975609756,
            "(66559.5, 66764.2]": 0.6634146341463415,
            "(66764.2, 66968.9]": 0.6470588235294118,
            "(66968.9, 67173.6]": 0.6585365853658537,
            "(67173.6, 67378.3]": 0.6487804878048781,
            "(67378.3, 67583.0]": 0.6634146341463415
        }
    },
    "pred_same_as_input_beam_0": {
        "0": {
            "input_is_prime": false,
            "pred_same_as_input": false,
            "group_size": 1856,
            "correct_product_mean": 0.8841594827586207,
            "correct_factorization_mean": 0.6174568965517241
        },
        "1": {
            "input_is_prime": true,
            "pred_same_as_input": false,
            "group_size": 192,
            "correct_product_mean": 0.921875,
            "correct_factorization_mean": 0.921875
        }
    },
    "by_min_factor_composite_only": {
        "0": {
            "min_factor_decile": "(1.999, 3.0]",
            "group_size": 1365,
            "correct_product_mean": 0.8981684981684982,
            "correct_factorization_mean": 0.7553113553113553
        },
        "1": {
            "min_factor_decile": "(3.0, 5.0]",
            "group_size": 136,
            "correct_product_mean": 0.8823529411764706,
            "correct_factorization_mean": 0.8382352941176471
        },
        "2": {
            "min_factor_decile": "(5.0, 17.0]",
            "group_size": 176,
            "correct_product_mean": 0.9545454545454546,
            "correct_factorization_mean": 0.0
        },
        "3": {
            "min_factor_decile": "(17.0, 257.0]",
            "group_size": 179,
            "correct_product_mean": 0.9553072625698324,
            "correct_factorization_mean": 0.00558659217877095
        }
    },
    "loss": 0.4201282051101178,
    "meta": {
        "n_beams": 2,
        "temperature": 1.0
    }
}