{
    "correct": {
        "correct_product": 0.87548828125,
        "correct_factorization": 0.6650390625
    },
    "beam_accuracy": {
        "correct_product": {
            "0": 0.83642578125,
            "1": 0.15478515625
        },
        "correct_factorization": {
            "0": 0.625,
            "1": 0.0400390625
        }
    },
    "by_prob": {
        "group_size": {
            "(-11.177999999999999, -5.692]": 410.0,
            "(-5.692, -3.715]": 410.0,
            "(-3.715, -3.036]": 409.0,
            "(-3.036, -2.301]": 410.0,
            "(-2.301, -1.583]": 409.0,
            "(-1.583, -1.163]": 410.0,
            "(-1.163, -0.766]": 409.0,
            "(-0.766, -0.161]": 410.0,
            "(-0.161, -0.00797]": 409.0,
            "(-0.00797, -7.19e-05]": 410.0
        },
        "correct_product": {
            "(-11.177999999999999, -5.692]": 0.13414634146341464,
            "(-5.692, -3.715]": 0.12926829268292683,
            "(-3.715, -3.036]": 0.061124694376528114,
            "(-3.036, -2.301]": 0.13414634146341464,
            "(-2.301, -1.583]": 0.33251833740831294,
            "(-1.583, -1.163]": 0.5195121951219512,
            "(-1.163, -0.766]": 0.7897310513447433,
            "(-0.766, -0.161]": 0.8682926829268293,
            "(-0.161, -0.00797]": 0.9877750611246944,
            "(-0.00797, -7.19e-05]": 1.0
        },
        "correct_factorization": {
            "(-11.177999999999999, -5.692]": 0.0,
            "(-5.692, -3.715]": 0.0,
            "(-3.715, -3.036]": 0.012224938875305624,
            "(-3.036, -2.301]": 0.024390243902439025,
            "(-2.301, -1.583]": 0.13447432762836187,
            "(-1.583, -1.163]": 0.20243902439024392,
            "(-1.163, -0.766]": 0.3374083129584352,
            "(-0.766, -0.161]": 0.6390243902439025,
            "(-0.161, -0.00797]": 0.9755501222493888,
            "(-0.00797, -7.19e-05]": 1.0
        },
        "percent_prime_factors_pred": {
            "(-11.177999999999999, -5.692]": 0.9213898567557104,
            "(-5.692, -3.715]": 0.9077642276422764,
            "(-3.715, -3.036]": 0.9027709861450693,
            "(-3.036, -2.301]": 0.8560975609756097,
            "(-2.301, -1.583]": 0.7900745139131448,
            "(-1.583, -1.163]": 0.6788617886178862,
            "(-1.163, -0.766]": 0.6543951565956456,
            "(-0.766, -0.161]": 0.8891056910569106,
            "(-0.161, -0.00797]": 0.9964547677261614,
            "(-0.00797, -7.19e-05]": 1.0
        }
    },
    "by_num_target_factors": {
        "group_size": {
            "1": 192,
            "2": 466,
            "3": 501,
            "4": 401,
            "5": 237,
            "6": 131,
            "7": 62,
            "8": 32,
            "9": 12,
            "10": 7,
            "11": 5,
            "12": 1,
            "16": 1
        },
        "correct_product_mean": {
            "1": 0.7239583333333334,
            "2": 0.8347639484978541,
            "3": 0.9321357285429142,
            "4": 0.9625935162094763,
            "5": 0.9282700421940928,
            "6": 0.8625954198473282,
            "7": 0.7419354838709677,
            "8": 0.71875,
            "9": 0.5,
            "10": 0.42857142857142855,
            "11": 0.2,
            "12": 0.0,
            "16": 0.0
        },
        "correct_factorization_mean": {
            "1": 0.7239583333333334,
            "2": 0.4656652360515021,
            "3": 0.5888223552894212,
            "4": 0.8154613466334164,
            "5": 0.8734177215189873,
            "6": 0.7633587786259542,
            "7": 0.7096774193548387,
            "8": 0.71875,
            "9": 0.5,
            "10": 0.42857142857142855,
            "11": 0.2,
            "12": 0.0,
            "16": 0.0
        }
    },
    "by_input_num": {
        "group_size": {
            "(65535.999, 65740.7]": 205,
            "(65740.7, 65945.4]": 205,
            "(65945.4, 66150.1]": 205,
            "(66150.1, 66354.8]": 204,
            "(66354.8, 66559.5]": 205,
            "(66559.5, 66764.2]": 205,
            "(66764.2, 66968.9]": 204,
            "(66968.9, 67173.6]": 205,
            "(67173.6, 67378.3]": 205,
            "(67378.3, 67583.0]": 205
        },
        "correct_product_mean": {
            "(65535.999, 65740.7]": 0.926829268292683,
            "(65740.7, 65945.4]": 0.9073170731707317,
            "(65945.4, 66150.1]": 0.775609756097561,
            "(66150.1, 66354.8]": 0.8382352941176471,
            "(66354.8, 66559.5]": 0.7658536585365854,
            "(66559.5, 66764.2]": 0.8731707317073171,
            "(66764.2, 66968.9]": 0.9362745098039216,
            "(66968.9, 67173.6]": 0.9170731707317074,
            "(67173.6, 67378.3]": 0.8878048780487805,
            "(67378.3, 67583.0]": 0.926829268292683
        },
        "correct_factorization_mean": {
            "(65535.999, 65740.7]": 0.7073170731707317,
            "(65740.7, 65945.4]": 0.6682926829268293,
            "(65945.4, 66150.1]": 0.6390243902439025,
            "(66150.1, 66354.8]": 0.6176470588235294,
            "(66354.8, 66559.5]": 0.6195121951219512,
            "(66559.5, 66764.2]": 0.6634146341463415,
            "(66764.2, 66968.9]": 0.6764705882352942,
            "(66968.9, 67173.6]": 0.6780487804878049,
            "(67173.6, 67378.3]": 0.6731707317073171,
            "(67378.3, 67583.0]": 0.7073170731707317
        }
    },
    "pred_same_as_input_beam_0": {
        "0": {
            "input_is_prime": false,
            "pred_same_as_input": false,
            "group_size": 1618,
            "correct_product_mean": 0.830655129789864,
            "correct_factorization_mean": 0.7101359703337453
        },
        "1": {
            "input_is_prime": false,
            "pred_same_as_input": true,
            "group_size": 238,
            "correct_product_mean": 1.0,
            "correct_factorization_mean": 0.0
        },
        "2": {
            "input_is_prime": true,
            "pred_same_as_input": false,
            "group_size": 61,
            "correct_product_mean": 0.0,
            "correct_factorization_mean": 0.0
        },
        "3": {
            "input_is_prime": true,
            "pred_same_as_input": true,
            "group_size": 131,
            "correct_product_mean": 1.0,
            "correct_factorization_mean": 1.0
        }
    },
    "by_min_factor_composite_only": {
        "0": {
            "min_factor_decile": "(1.999, 3.0]",
            "group_size": 1365,
            "correct_product_mean": 0.9355311355311355,
            "correct_factorization_mean": 0.7575091575091575
        },
        "1": {
            "min_factor_decile": "(3.0, 5.0]",
            "group_size": 136,
            "correct_product_mean": 0.8897058823529411,
            "correct_factorization_mean": 0.8455882352941176
        },
        "2": {
            "min_factor_decile": "(5.0, 17.0]",
            "group_size": 176,
            "correct_product_mean": 0.7102272727272727,
            "correct_factorization_mean": 0.0
        },
        "3": {
            "min_factor_decile": "(17.0, 257.0]",
            "group_size": 179,
            "correct_product_mean": 0.7318435754189944,
            "correct_factorization_mean": 0.0
        }
    },
    "loss": 0.3944950984319362,
    "meta": {
        "n_beams": 2,
        "temperature": 1.0
    }
}