{
    "correct": {
        "correct_product": 0.9682756527018822,
        "correct_factorization": 0.8410746812386156
    },
    "beam_accuracy": {
        "correct_product": {
            "0": 0.9479356405585914,
            "1": 0.17698846387370978
        },
        "correct_factorization": {
            "0": 0.8070734669095325,
            "1": 0.03400121432908318
        }
    },
    "by_prob": {
        "group_size": {
            "(-12.697, -8.381]": 1318.0,
            "(-8.381, -6.373]": 1318.0,
            "(-6.373, -3.811]": 1317.0,
            "(-3.811, -2.388]": 1318.0,
            "(-2.388, -1.3]": 1317.0,
            "(-1.3, -0.811]": 1318.0,
            "(-0.811, -0.0514]": 1317.0,
            "(-0.0514, -0.00352]": 1318.0,
            "(-0.00352, -0.000593]": 1317.0,
            "(-0.000593, -6.91e-06]": 1318.0
        },
        "correct_product": {
            "(-12.697, -8.381]": 0.09256449165402124,
            "(-8.381, -6.373]": 0.1638846737481032,
            "(-6.373, -3.811]": 0.20197418375094914,
            "(-3.811, -2.388]": 0.15553869499241274,
            "(-2.388, -1.3]": 0.296127562642369,
            "(-1.3, -0.811]": 0.842185128983308,
            "(-0.811, -0.0514]": 0.8754745634016705,
            "(-0.0514, -0.00352]": 0.9969650986342944,
            "(-0.00352, -0.000593]": 1.0,
            "(-0.000593, -6.91e-06]": 1.0
        },
        "correct_factorization": {
            "(-12.697, -8.381]": 0.0,
            "(-8.381, -6.373]": 0.0,
            "(-6.373, -3.811]": 0.0015186028853454822,
            "(-3.811, -2.388]": 0.03338391502276176,
            "(-2.388, -1.3]": 0.12984054669703873,
            "(-1.3, -0.811]": 0.34066767830045525,
            "(-0.811, -0.0514]": 0.7053910402429765,
            "(-0.0514, -0.00352]": 0.9946889226100152,
            "(-0.00352, -0.000593]": 1.0,
            "(-0.000593, -6.91e-06]": 1.0
        },
        "percent_prime_factors_pred": {
            "(-12.697, -8.381]": 0.875903244454079,
            "(-8.381, -6.373]": 0.9070940819423369,
            "(-6.373, -3.811]": 0.8625465524098781,
            "(-3.811, -2.388]": 0.8239067457580357,
            "(-2.388, -1.3]": 0.8066863723469646,
            "(-1.3, -0.811]": 0.5274655562781512,
            "(-0.811, -0.0514]": 0.8834201106410674,
            "(-0.0514, -0.00352]": 0.999405665149216,
            "(-0.00352, -0.000593]": 1.0,
            "(-0.000593, -6.91e-06]": 1.0
        }
    },
    "by_num_target_factors": {
        "group_size": {
            "1": 668,
            "2": 1601,
            "3": 1720,
            "4": 1198,
            "5": 715,
            "6": 373,
            "7": 165,
            "8": 79,
            "9": 35,
            "10": 20,
            "11": 8,
            "12": 3,
            "13": 3
        },
        "correct_product_mean": {
            "1": 0.9865269461077845,
            "2": 0.9831355402873204,
            "3": 0.983139534883721,
            "4": 0.989983305509182,
            "5": 0.9776223776223776,
            "6": 0.9249329758713136,
            "7": 0.8181818181818182,
            "8": 0.6962025316455697,
            "9": 0.6,
            "10": 0.45,
            "11": 0.5,
            "12": 0.3333333333333333,
            "13": 0.0
        },
        "correct_factorization_mean": {
            "1": 0.9865269461077845,
            "2": 0.6989381636477202,
            "3": 0.8255813953488372,
            "4": 0.9282136894824707,
            "5": 0.9692307692307692,
            "6": 0.8552278820375335,
            "7": 0.7818181818181819,
            "8": 0.6962025316455697,
            "9": 0.6,
            "10": 0.45,
            "11": 0.5,
            "12": 0.3333333333333333,
            "13": 0.0
        }
    },
    "by_input_num": {
        "group_size": {
            "(7.999, 6350.5]": 659,
            "(6350.5, 12996.8]": 659,
            "(12996.8, 19472.5]": 659,
            "(19472.5, 26116.8]": 658,
            "(26116.8, 32574.0]": 659,
            "(32574.0, 39331.6]": 659,
            "(39331.6, 46013.7]": 658,
            "(46013.7, 52699.4]": 659,
            "(52699.4, 59007.6]": 659,
            "(59007.6, 65528.0]": 659
        },
        "correct_product_mean": {
            "(7.999, 6350.5]": 0.9969650986342944,
            "(6350.5, 12996.8]": 0.9908952959028832,
            "(12996.8, 19472.5]": 0.9817905918057663,
            "(19472.5, 26116.8]": 0.9498480243161094,
            "(26116.8, 32574.0]": 0.9666160849772383,
            "(32574.0, 39331.6]": 0.9666160849772383,
            "(39331.6, 46013.7]": 0.9574468085106383,
            "(46013.7, 52699.4]": 0.9377845220030349,
            "(52699.4, 59007.6]": 0.9635811836115327,
            "(59007.6, 65528.0]": 0.9711684370257967
        },
        "correct_factorization_mean": {
            "(7.999, 6350.5]": 0.9969650986342944,
            "(6350.5, 12996.8]": 0.9908952959028832,
            "(12996.8, 19472.5]": 0.9787556904400607,
            "(19472.5, 26116.8]": 0.898176291793313,
            "(26116.8, 32574.0]": 0.8209408194233687,
            "(32574.0, 39331.6]": 0.7860394537177542,
            "(39331.6, 46013.7]": 0.7613981762917933,
            "(46013.7, 52699.4]": 0.7541729893778453,
            "(52699.4, 59007.6]": 0.7192716236722306,
            "(59007.6, 65528.0]": 0.7040971168437026
        }
    },
    "pred_same_as_input_beam_0": {
        "0": {
            "input_is_prime": false,
            "pred_same_as_input": false,
            "group_size": 5194,
            "correct_product_mean": 0.9372352714670774,
            "correct_factorization_mean": 0.8983442433577205
        },
        "1": {
            "input_is_prime": false,
            "pred_same_as_input": true,
            "group_size": 726,
            "correct_product_mean": 1.0,
            "correct_factorization_mean": 0.0
        },
        "2": {
            "input_is_prime": true,
            "pred_same_as_input": false,
            "group_size": 17,
            "correct_product_mean": 0.0,
            "correct_factorization_mean": 0.0
        },
        "3": {
            "input_is_prime": true,
            "pred_same_as_input": true,
            "group_size": 651,
            "correct_product_mean": 1.0,
            "correct_factorization_mean": 1.0
        }
    },
    "by_min_factor_composite_only": {
        "0": {
            "min_factor_decile": "(1.999, 3.0]",
            "group_size": 4339,
            "correct_product_mean": 0.9642774832910809,
            "correct_factorization_mean": 0.8976722747176769
        },
        "1": {
            "min_factor_decile": "(3.0, 5.0]",
            "group_size": 447,
            "correct_product_mean": 0.9664429530201343,
            "correct_factorization_mean": 0.930648769574944
        },
        "2": {
            "min_factor_decile": "(5.0, 17.0]",
            "group_size": 614,
            "correct_product_mean": 0.9755700325732899,
            "correct_factorization_mean": 0.3338762214983713
        },
        "3": {
            "min_factor_decile": "(17.0, 241.0]",
            "group_size": 520,
            "correct_product_mean": 0.9711538461538461,
            "correct_factorization_mean": 0.28846153846153844
        }
    },
    "loss": 0.1390993325524481,
    "meta": {
        "n_beams": 2,
        "temperature": 1.0
    }
}