{
    "correct": {
        "correct_product": 0.9705525197328476,
        "correct_factorization": 0.8624772313296903
    },
    "beam_accuracy": {
        "correct_product": {
            "0": 0.9483910139647844,
            "1": 0.18594414086217365
        },
        "correct_factorization": {
            "0": 0.8333333333333334,
            "1": 0.029295689131754704
        }
    },
    "by_prob": {
        "group_size": {
            "(-15.171999999999999, -9.21]": 1321.0,
            "(-9.21, -7.848]": 1315.0,
            "(-7.848, -5.445]": 1317.0,
            "(-5.445, -2.594]": 1318.0,
            "(-2.594, -1.242]": 1317.0,
            "(-1.242, -0.585]": 1318.0,
            "(-0.585, -0.00867]": 1317.0,
            "(-0.00867, -0.000778]": 1318.0,
            "(-0.000778, -0.000117]": 1317.0,
            "(-0.000117, -1.07e-06]": 1318.0
        },
        "correct_product": {
            "(-15.171999999999999, -9.21]": 0.1680545041635125,
            "(-9.21, -7.848]": 0.12091254752851711,
            "(-7.848, -5.445]": 0.21184510250569477,
            "(-5.445, -2.594]": 0.18664643399089528,
            "(-2.594, -1.242]": 0.2611996962794229,
            "(-1.242, -0.585]": 0.8118361153262519,
            "(-0.585, -0.00867]": 0.9126803340926348,
            "(-0.00867, -0.000778]": 0.9984825493171472,
            "(-0.000778, -0.000117]": 1.0,
            "(-0.000117, -1.07e-06]": 1.0
        },
        "correct_factorization": {
            "(-15.171999999999999, -9.21]": 0.0,
            "(-9.21, -7.848]": 0.0007604562737642585,
            "(-7.848, -5.445]": 0.0015186028853454822,
            "(-5.445, -2.594]": 0.01896813353566009,
            "(-2.594, -1.242]": 0.12376613515565679,
            "(-1.242, -0.585]": 0.3292867981790592,
            "(-0.585, -0.00867]": 0.8435839028094153,
            "(-0.00867, -0.000778]": 0.9954476479514416,
            "(-0.000778, -0.000117]": 1.0,
            "(-0.000117, -1.07e-06]": 1.0
        },
        "percent_prime_factors_pred": {
            "(-15.171999999999999, -9.21]": 0.7833053963447605,
            "(-9.21, -7.848]": 0.8436824793288671,
            "(-7.848, -5.445]": 0.8601674078895036,
            "(-5.445, -2.594]": 0.8330361659079413,
            "(-2.594, -1.242]": 0.8091324077087175,
            "(-1.242, -0.585]": 0.5343097405881928,
            "(-0.585, -0.00867]": 0.9578397873955959,
            "(-0.00867, -0.000778]": 0.9985204855842185,
            "(-0.000778, -0.000117]": 1.0,
            "(-0.000117, -1.07e-06]": 1.0
        }
    },
    "by_num_target_factors": {
        "group_size": {
            "1": 668,
            "2": 1601,
            "3": 1720,
            "4": 1198,
            "5": 715,
            "6": 373,
            "7": 165,
            "8": 79,
            "9": 35,
            "10": 20,
            "11": 8,
            "12": 3,
            "13": 3
        },
        "correct_product_mean": {
            "1": 0.9790419161676647,
            "2": 0.9862585883822611,
            "3": 0.9906976744186047,
            "4": 0.9799666110183639,
            "5": 0.9776223776223776,
            "6": 0.9222520107238605,
            "7": 0.8424242424242424,
            "8": 0.7974683544303798,
            "9": 0.6571428571428571,
            "10": 0.4,
            "11": 0.5,
            "12": 0.6666666666666666,
            "13": 0.3333333333333333
        },
        "correct_factorization_mean": {
            "1": 0.9790419161676647,
            "2": 0.7257963772642099,
            "3": 0.8656976744186047,
            "4": 0.9373956594323873,
            "5": 0.9706293706293706,
            "6": 0.868632707774799,
            "7": 0.8242424242424242,
            "8": 0.7848101265822784,
            "9": 0.6571428571428571,
            "10": 0.4,
            "11": 0.5,
            "12": 0.6666666666666666,
            "13": 0.3333333333333333
        }
    },
    "by_input_num": {
        "group_size": {
            "(7.999, 6350.5]": 659,
            "(6350.5, 12996.8]": 659,
            "(12996.8, 19472.5]": 659,
            "(19472.5, 26116.8]": 658,
            "(26116.8, 32574.0]": 659,
            "(32574.0, 39331.6]": 659,
            "(39331.6, 46013.7]": 658,
            "(46013.7, 52699.4]": 659,
            "(52699.4, 59007.6]": 659,
            "(59007.6, 65528.0]": 659
        },
        "correct_product_mean": {
            "(7.999, 6350.5]": 1.0,
            "(6350.5, 12996.8]": 0.9969650986342944,
            "(12996.8, 19472.5]": 0.9954476479514416,
            "(19472.5, 26116.8]": 0.9787234042553191,
            "(26116.8, 32574.0]": 0.9726858877086495,
            "(32574.0, 39331.6]": 0.952959028831563,
            "(39331.6, 46013.7]": 0.9544072948328267,
            "(46013.7, 52699.4]": 0.9393019726858877,
            "(52699.4, 59007.6]": 0.960546282245827,
            "(59007.6, 65528.0]": 0.9544764795144158
        },
        "correct_factorization_mean": {
            "(7.999, 6350.5]": 0.9984825493171472,
            "(6350.5, 12996.8]": 0.9969650986342944,
            "(12996.8, 19472.5]": 0.9939301972685888,
            "(19472.5, 26116.8]": 0.958966565349544,
            "(26116.8, 32574.0]": 0.8907435508345979,
            "(32574.0, 39331.6]": 0.7814871016691958,
            "(39331.6, 46013.7]": 0.756838905775076,
            "(46013.7, 52699.4]": 0.7814871016691958,
            "(52699.4, 59007.6]": 0.7541729893778453,
            "(59007.6, 65528.0]": 0.7116843702579666
        }
    },
    "pred_same_as_input_beam_0": {
        "0": {
            "input_is_prime": false,
            "pred_same_as_input": false,
            "group_size": 5920,
            "correct_product_mean": 0.9461148648648648,
            "correct_factorization_mean": 0.8180743243243244
        },
        "1": {
            "input_is_prime": true,
            "pred_same_as_input": false,
            "group_size": 652,
            "correct_product_mean": 0.9677914110429447,
            "correct_factorization_mean": 0.9677914110429447
        },
        "2": {
            "input_is_prime": true,
            "pred_same_as_input": true,
            "group_size": 16,
            "correct_product_mean": 1.0,
            "correct_factorization_mean": 1.0
        }
    },
    "by_min_factor_composite_only": {
        "0": {
            "min_factor_decile": "(1.999, 3.0]",
            "group_size": 4339,
            "correct_product_mean": 0.9688868402857801,
            "correct_factorization_mean": 0.9186448490435585
        },
        "1": {
            "min_factor_decile": "(3.0, 5.0]",
            "group_size": 447,
            "correct_product_mean": 0.959731543624161,
            "correct_factorization_mean": 0.930648769574944
        },
        "2": {
            "min_factor_decile": "(5.0, 17.0]",
            "group_size": 614,
            "correct_product_mean": 0.9804560260586319,
            "correct_factorization_mean": 0.41205211726384366
        },
        "3": {
            "min_factor_decile": "(17.0, 241.0]",
            "group_size": 520,
            "correct_product_mean": 0.9711538461538461,
            "correct_factorization_mean": 0.36153846153846153
        }
    },
    "loss": 0.13568661583866262,
    "meta": {
        "n_beams": 2,
        "temperature": 1.0
    }
}