{
    "correct": {
        "correct_product": 0.9150390625,
        "correct_factorization": 0.685546875
    },
    "beam_accuracy": {
        "correct_product": {
            "0": 0.87890625,
            "1": 0.142578125
        },
        "correct_factorization": {
            "0": 0.6484375,
            "1": 0.037109375
        }
    },
    "by_prob": {
        "group_size": {
            "(-13.799999999999999, -7.664]": 410.0,
            "(-7.664, -4.567]": 410.0,
            "(-4.567, -2.846]": 409.0,
            "(-2.846, -2.181]": 410.0,
            "(-2.181, -1.31]": 409.0,
            "(-1.31, -0.887]": 410.0,
            "(-0.887, -0.575]": 409.0,
            "(-0.575, -0.0225]": 410.0,
            "(-0.0225, -0.000912]": 409.0,
            "(-0.000912, -3.1e-06]": 410.0
        },
        "correct_product": {
            "(-13.799999999999999, -7.664]": 0.16097560975609757,
            "(-7.664, -4.567]": 0.1926829268292683,
            "(-4.567, -2.846]": 0.08312958435207823,
            "(-2.846, -2.181]": 0.05121951219512195,
            "(-2.181, -1.31]": 0.24205378973105135,
            "(-1.31, -0.887]": 0.7560975609756098,
            "(-0.887, -0.575]": 0.8581907090464548,
            "(-0.575, -0.0225]": 0.7780487804878049,
            "(-0.0225, -0.000912]": 0.9877750611246944,
            "(-0.000912, -3.1e-06]": 0.9975609756097561
        },
        "correct_factorization": {
            "(-13.799999999999999, -7.664]": 0.0024390243902439024,
            "(-7.664, -4.567]": 0.004878048780487805,
            "(-4.567, -2.846]": 0.022004889975550123,
            "(-2.846, -2.181]": 0.026829268292682926,
            "(-2.181, -1.31]": 0.11735941320293398,
            "(-1.31, -0.887]": 0.28292682926829266,
            "(-0.887, -0.575]": 0.33985330073349634,
            "(-0.575, -0.0225]": 0.651219512195122,
            "(-0.0225, -0.000912]": 0.9828850855745721,
            "(-0.000912, -3.1e-06]": 0.9975609756097561
        },
        "percent_prime_factors_pred": {
            "(-13.799999999999999, -7.664]": 0.8706552458381727,
            "(-7.664, -4.567]": 0.9052439024390243,
            "(-4.567, -2.846]": 0.919437652811736,
            "(-2.846, -2.181]": 0.9352032520325203,
            "(-2.181, -1.31]": 0.8704563977180114,
            "(-1.31, -0.887]": 0.5645470383275262,
            "(-0.887, -0.575]": 0.5268715799278146,
            "(-0.575, -0.0225]": 0.9403252032520326,
            "(-0.0225, -0.000912]": 0.9969437652811736,
            "(-0.000912, -3.1e-06]": 1.0
        }
    },
    "by_num_target_factors": {
        "group_size": {
            "1": 192,
            "2": 466,
            "3": 501,
            "4": 401,
            "5": 237,
            "6": 131,
            "7": 62,
            "8": 32,
            "9": 12,
            "10": 7,
            "11": 5,
            "12": 1,
            "16": 1
        },
        "correct_product_mean": {
            "1": 0.9791666666666666,
            "2": 0.9549356223175965,
            "3": 0.9301397205588823,
            "4": 0.9551122194513716,
            "5": 0.8818565400843882,
            "6": 0.816793893129771,
            "7": 0.7741935483870968,
            "8": 0.5,
            "9": 0.5,
            "10": 0.5714285714285714,
            "11": 0.4,
            "12": 0.0,
            "16": 0.0
        },
        "correct_factorization_mean": {
            "1": 0.9791666666666666,
            "2": 0.4334763948497854,
            "3": 0.6027944111776448,
            "4": 0.8379052369077307,
            "5": 0.8481012658227848,
            "6": 0.7633587786259542,
            "7": 0.7580645161290323,
            "8": 0.5,
            "9": 0.5,
            "10": 0.5714285714285714,
            "11": 0.4,
            "12": 0.0,
            "16": 0.0
        }
    },
    "by_input_num": {
        "group_size": {
            "(65535.999, 65740.7]": 205,
            "(65740.7, 65945.4]": 205,
            "(65945.4, 66150.1]": 205,
            "(66150.1, 66354.8]": 204,
            "(66354.8, 66559.5]": 205,
            "(66559.5, 66764.2]": 205,
            "(66764.2, 66968.9]": 204,
            "(66968.9, 67173.6]": 205,
            "(67173.6, 67378.3]": 205,
            "(67378.3, 67583.0]": 205
        },
        "correct_product_mean": {
            "(65535.999, 65740.7]": 0.9463414634146341,
            "(65740.7, 65945.4]": 0.9463414634146341,
            "(65945.4, 66150.1]": 0.9317073170731708,
            "(66150.1, 66354.8]": 0.9362745098039216,
            "(66354.8, 66559.5]": 0.9121951219512195,
            "(66559.5, 66764.2]": 0.8536585365853658,
            "(66764.2, 66968.9]": 0.9019607843137255,
            "(66968.9, 67173.6]": 0.9170731707317074,
            "(67173.6, 67378.3]": 0.9121951219512195,
            "(67378.3, 67583.0]": 0.8926829268292683
        },
        "correct_factorization_mean": {
            "(65535.999, 65740.7]": 0.7609756097560976,
            "(65740.7, 65945.4]": 0.697560975609756,
            "(65945.4, 66150.1]": 0.697560975609756,
            "(66150.1, 66354.8]": 0.6862745098039216,
            "(66354.8, 66559.5]": 0.6780487804878049,
            "(66559.5, 66764.2]": 0.6390243902439025,
            "(66764.2, 66968.9]": 0.6666666666666666,
            "(66968.9, 67173.6]": 0.6731707317073171,
            "(67173.6, 67378.3]": 0.6682926829268293,
            "(67378.3, 67583.0]": 0.6878048780487804
        }
    },
    "pred_same_as_input_beam_0": {
        "0": {
            "input_is_prime": false,
            "pred_same_as_input": false,
            "group_size": 1854,
            "correct_product_mean": 0.8689320388349514,
            "correct_factorization_mean": 0.6154261057173679
        },
        "1": {
            "input_is_prime": false,
            "pred_same_as_input": true,
            "group_size": 2,
            "correct_product_mean": 1.0,
            "correct_factorization_mean": 0.0
        },
        "2": {
            "input_is_prime": true,
            "pred_same_as_input": false,
            "group_size": 192,
            "correct_product_mean": 0.9739583333333334,
            "correct_factorization_mean": 0.9739583333333334
        }
    },
    "by_min_factor_composite_only": {
        "0": {
            "min_factor_decile": "(1.999, 3.0]",
            "group_size": 1365,
            "correct_product_mean": 0.8981684981684982,
            "correct_factorization_mean": 0.7531135531135531
        },
        "1": {
            "min_factor_decile": "(3.0, 5.0]",
            "group_size": 136,
            "correct_product_mean": 0.8382352941176471,
            "correct_factorization_mean": 0.8308823529411765
        },
        "2": {
            "min_factor_decile": "(5.0, 17.0]",
            "group_size": 176,
            "correct_product_mean": 0.9829545454545454,
            "correct_factorization_mean": 0.0
        },
        "3": {
            "min_factor_decile": "(17.0, 257.0]",
            "group_size": 179,
            "correct_product_mean": 0.9664804469273743,
            "correct_factorization_mean": 0.0
        }
    },
    "loss": 0.41284571814239107,
    "meta": {
        "n_beams": 2,
        "temperature": 1.0
    }
}