{
    "correct": {
        "correct_product": 0.97632058287796,
        "correct_factorization": 0.8679417122040073
    },
    "beam_accuracy": {
        "correct_product": {
            "0": 0.9574984820886461,
            "1": 0.19049787492410444
        },
        "correct_factorization": {
            "0": 0.8384942319368549,
            "1": 0.0294474802671524
        }
    },
    "by_prob": {
        "group_size": {
            "(-16.377000000000002, -9.21]": 1320.0,
            "(-9.21, -8.116]": 1316.0,
            "(-8.116, -5.369]": 1317.0,
            "(-5.369, -2.48]": 1318.0,
            "(-2.48, -1.265]": 1317.0,
            "(-1.265, -0.633]": 1318.0,
            "(-0.633, -0.00832]": 1317.0,
            "(-0.00832, -0.000584]": 1318.0,
            "(-0.000584, -7.23e-05]": 1317.0,
            "(-7.23e-05, -2.38e-07]": 1318.0
        },
        "correct_product": {
            "(-16.377000000000002, -9.21]": 0.23636363636363636,
            "(-9.21, -8.116]": 0.10182370820668693,
            "(-8.116, -5.369]": 0.20045558086560364,
            "(-5.369, -2.48]": 0.17147192716236723,
            "(-2.48, -1.265]": 0.2718299164768413,
            "(-1.265, -0.633]": 0.8535660091047041,
            "(-0.633, -0.00832]": 0.9066059225512528,
            "(-0.00832, -0.000584]": 0.9977238239757208,
            "(-0.000584, -7.23e-05]": 1.0,
            "(-7.23e-05, -2.38e-07]": 1.0
        },
        "correct_factorization": {
            "(-16.377000000000002, -9.21]": 0.0,
            "(-9.21, -8.116]": 0.0,
            "(-8.116, -5.369]": 0.0007593014426727411,
            "(-5.369, -2.48]": 0.02276176024279211,
            "(-2.48, -1.265]": 0.11845102505694761,
            "(-1.265, -0.633]": 0.3512898330804249,
            "(-0.633, -0.00832]": 0.8488990129081245,
            "(-0.00832, -0.000584]": 0.9977238239757208,
            "(-0.000584, -7.23e-05]": 1.0,
            "(-7.23e-05, -2.38e-07]": 1.0
        },
        "percent_prime_factors_pred": {
            "(-16.377000000000002, -9.21]": 0.837434163059163,
            "(-9.21, -8.116]": 0.8568199088145897,
            "(-8.116, -5.369]": 0.8783915464439382,
            "(-5.369, -2.48]": 0.8530719343883229,
            "(-2.48, -1.265]": 0.7996836243988864,
            "(-1.265, -0.633]": 0.5347243297926151,
            "(-0.633, -0.00832]": 0.9645279676031384,
            "(-0.00832, -0.000584]": 1.0,
            "(-0.000584, -7.23e-05]": 1.0,
            "(-7.23e-05, -2.38e-07]": 1.0
        }
    },
    "by_num_target_factors": {
        "group_size": {
            "1": 668,
            "2": 1601,
            "3": 1720,
            "4": 1198,
            "5": 715,
            "6": 373,
            "7": 165,
            "8": 79,
            "9": 35,
            "10": 20,
            "11": 8,
            "12": 3,
            "13": 3
        },
        "correct_product_mean": {
            "1": 0.9805389221556886,
            "2": 0.9850093691442848,
            "3": 0.9906976744186047,
            "4": 0.989983305509182,
            "5": 0.9692307692307692,
            "6": 0.935656836461126,
            "7": 0.8909090909090909,
            "8": 0.8860759493670886,
            "9": 0.8571428571428571,
            "10": 0.65,
            "11": 0.5,
            "12": 1.0,
            "13": 0.3333333333333333
        },
        "correct_factorization_mean": {
            "1": 0.9805389221556886,
            "2": 0.7183010618363522,
            "3": 0.8616279069767442,
            "4": 0.9524207011686143,
            "5": 0.9636363636363636,
            "6": 0.900804289544236,
            "7": 0.8727272727272727,
            "8": 0.8860759493670886,
            "9": 0.8571428571428571,
            "10": 0.65,
            "11": 0.5,
            "12": 1.0,
            "13": 0.3333333333333333
        }
    },
    "by_input_num": {
        "group_size": {
            "(7.999, 6350.5]": 659,
            "(6350.5, 12996.8]": 659,
            "(12996.8, 19472.5]": 659,
            "(19472.5, 26116.8]": 658,
            "(26116.8, 32574.0]": 659,
            "(32574.0, 39331.6]": 659,
            "(39331.6, 46013.7]": 658,
            "(46013.7, 52699.4]": 659,
            "(52699.4, 59007.6]": 659,
            "(59007.6, 65528.0]": 659
        },
        "correct_product_mean": {
            "(7.999, 6350.5]": 1.0,
            "(6350.5, 12996.8]": 1.0,
            "(12996.8, 19472.5]": 0.9954476479514416,
            "(19472.5, 26116.8]": 0.9908814589665653,
            "(26116.8, 32574.0]": 0.9726858877086495,
            "(32574.0, 39331.6]": 0.9590288315629742,
            "(39331.6, 46013.7]": 0.9544072948328267,
            "(46013.7, 52699.4]": 0.9453717754172989,
            "(52699.4, 59007.6]": 0.9787556904400607,
            "(59007.6, 65528.0]": 0.9666160849772383
        },
        "correct_factorization_mean": {
            "(7.999, 6350.5]": 1.0,
            "(6350.5, 12996.8]": 1.0,
            "(12996.8, 19472.5]": 0.9954476479514416,
            "(19472.5, 26116.8]": 0.9696048632218845,
            "(26116.8, 32574.0]": 0.8770864946889226,
            "(32574.0, 39331.6]": 0.795144157814871,
            "(39331.6, 46013.7]": 0.776595744680851,
            "(46013.7, 52699.4]": 0.7936267071320182,
            "(52699.4, 59007.6]": 0.7556904400606981,
            "(59007.6, 65528.0]": 0.716236722306525
        }
    },
    "pred_same_as_input_beam_0": {
        "0": {
            "input_is_prime": false,
            "pred_same_as_input": false,
            "group_size": 5262,
            "correct_product_mean": 0.9505891296085138,
            "correct_factorization_mean": 0.9266438616495629
        },
        "1": {
            "input_is_prime": false,
            "pred_same_as_input": true,
            "group_size": 658,
            "correct_product_mean": 1.0,
            "correct_factorization_mean": 0.0
        },
        "2": {
            "input_is_prime": true,
            "pred_same_as_input": false,
            "group_size": 20,
            "correct_product_mean": 0.0,
            "correct_factorization_mean": 0.0
        },
        "3": {
            "input_is_prime": true,
            "pred_same_as_input": true,
            "group_size": 648,
            "correct_product_mean": 1.0,
            "correct_factorization_mean": 1.0
        }
    },
    "by_min_factor_composite_only": {
        "0": {
            "min_factor_decile": "(1.999, 3.0]",
            "group_size": 4339,
            "correct_product_mean": 0.9771836828762388,
            "correct_factorization_mean": 0.9294768379811016
        },
        "1": {
            "min_factor_decile": "(3.0, 5.0]",
            "group_size": 447,
            "correct_product_mean": 0.9642058165548099,
            "correct_factorization_mean": 0.9373601789709173
        },
        "2": {
            "min_factor_decile": "(5.0, 17.0]",
            "group_size": 614,
            "correct_product_mean": 0.9771986970684039,
            "correct_factorization_mean": 0.4022801302931596
        },
        "3": {
            "min_factor_decile": "(17.0, 241.0]",
            "group_size": 520,
            "correct_product_mean": 0.9730769230769231,
            "correct_factorization_mean": 0.3403846153846154
        }
    },
    "loss": 0.14061146888521645,
    "meta": {
        "n_beams": 2,
        "temperature": 1.0
    }
}