{
    "correct": {
        "correct_product": 0.9775349119611415,
        "correct_factorization": 0.8803885853066181
    },
    "beam_accuracy": {
        "correct_product": {
            "0": 0.9582574377656344,
            "1": 0.1824529447480267
        },
        "correct_factorization": {
            "0": 0.8539769277474195,
            "1": 0.02671523982999393
        }
    },
    "by_prob": {
        "group_size": {
            "(-15.272, -9.21]": 1318.0,
            "(-9.21, -8.335]": 1318.0,
            "(-8.335, -5.815]": 1317.0,
            "(-5.815, -2.663]": 1318.0,
            "(-2.663, -1.221]": 1317.0,
            "(-1.221, -0.397]": 1318.0,
            "(-0.397, -0.00569]": 1317.0,
            "(-0.00569, -0.000459]": 1318.0,
            "(-0.000459, -5.57e-05]": 1317.0,
            "(-5.57e-05, -7.15e-07]": 1318.0
        },
        "correct_product": {
            "(-15.272, -9.21]": 0.23596358118361152,
            "(-9.21, -8.335]": 0.06904400606980274,
            "(-8.335, -5.815]": 0.18906605922551253,
            "(-5.815, -2.663]": 0.17602427921092564,
            "(-2.663, -1.221]": 0.24905087319665908,
            "(-1.221, -0.397]": 0.8376327769347496,
            "(-0.397, -0.00569]": 0.9476082004555809,
            "(-0.00569, -0.000459]": 0.9992412746585736,
            "(-0.000459, -5.57e-05]": 1.0,
            "(-5.57e-05, -7.15e-07]": 1.0
        },
        "correct_factorization": {
            "(-15.272, -9.21]": 0.0007587253414264037,
            "(-9.21, -8.335]": 0.0,
            "(-8.335, -5.815]": 0.0015186028853454822,
            "(-5.815, -2.663]": 0.015933232169954476,
            "(-2.663, -1.221]": 0.09567198177676538,
            "(-1.221, -0.397]": 0.38391502276176026,
            "(-0.397, -0.00569]": 0.9073652239939256,
            "(-0.00569, -0.000459]": 0.9984825493171472,
            "(-0.000459, -5.57e-05]": 1.0,
            "(-5.57e-05, -7.15e-07]": 1.0
        },
        "percent_prime_factors_pred": {
            "(-15.272, -9.21]": 0.8322084929065201,
            "(-9.21, -8.335]": 0.7726578871305729,
            "(-8.335, -5.815]": 0.890019705680298,
            "(-5.815, -2.663]": 0.8612219090974782,
            "(-2.663, -1.221]": 0.813148569982283,
            "(-1.221, -0.397]": 0.5580993930197269,
            "(-0.397, -0.00569]": 0.976853961022526,
            "(-0.00569, -0.000459]": 0.9996206373292867,
            "(-0.000459, -5.57e-05]": 1.0,
            "(-5.57e-05, -7.15e-07]": 1.0
        }
    },
    "by_num_target_factors": {
        "group_size": {
            "1": 668,
            "2": 1601,
            "3": 1720,
            "4": 1198,
            "5": 715,
            "6": 373,
            "7": 165,
            "8": 79,
            "9": 35,
            "10": 20,
            "11": 8,
            "12": 3,
            "13": 3
        },
        "correct_product_mean": {
            "1": 0.9670658682634731,
            "2": 0.9800124921923797,
            "3": 0.986046511627907,
            "4": 0.989983305509182,
            "5": 0.986013986013986,
            "6": 0.9597855227882037,
            "7": 0.9272727272727272,
            "8": 0.9240506329113924,
            "9": 0.8857142857142857,
            "10": 0.7,
            "11": 0.625,
            "12": 0.6666666666666666,
            "13": 0.6666666666666666
        },
        "correct_factorization_mean": {
            "1": 0.9670658682634731,
            "2": 0.7295440349781387,
            "3": 0.8767441860465116,
            "4": 0.9616026711185309,
            "5": 0.9818181818181818,
            "6": 0.9249329758713136,
            "7": 0.9212121212121213,
            "8": 0.9240506329113924,
            "9": 0.8857142857142857,
            "10": 0.7,
            "11": 0.625,
            "12": 0.6666666666666666,
            "13": 0.6666666666666666
        }
    },
    "by_input_num": {
        "group_size": {
            "(7.999, 6350.5]": 659,
            "(6350.5, 12996.8]": 659,
            "(12996.8, 19472.5]": 659,
            "(19472.5, 26116.8]": 658,
            "(26116.8, 32574.0]": 659,
            "(32574.0, 39331.6]": 659,
            "(39331.6, 46013.7]": 658,
            "(46013.7, 52699.4]": 659,
            "(52699.4, 59007.6]": 659,
            "(59007.6, 65528.0]": 659
        },
        "correct_product_mean": {
            "(7.999, 6350.5]": 1.0,
            "(6350.5, 12996.8]": 0.9984825493171472,
            "(12996.8, 19472.5]": 0.9984825493171472,
            "(19472.5, 26116.8]": 0.9848024316109423,
            "(26116.8, 32574.0]": 0.9681335356600911,
            "(32574.0, 39331.6]": 0.9742033383915023,
            "(39331.6, 46013.7]": 0.9635258358662614,
            "(46013.7, 52699.4]": 0.9681335356600911,
            "(52699.4, 59007.6]": 0.960546282245827,
            "(59007.6, 65528.0]": 0.9590288315629742
        },
        "correct_factorization_mean": {
            "(7.999, 6350.5]": 1.0,
            "(6350.5, 12996.8]": 0.9984825493171472,
            "(12996.8, 19472.5]": 0.9969650986342944,
            "(19472.5, 26116.8]": 0.9650455927051672,
            "(26116.8, 32574.0]": 0.9301972685887708,
            "(32574.0, 39331.6]": 0.8057663125948407,
            "(39331.6, 46013.7]": 0.7735562310030395,
            "(46013.7, 52699.4]": 0.8148710166919575,
            "(52699.4, 59007.6]": 0.7784522003034902,
            "(59007.6, 65528.0]": 0.7405159332321699
        }
    },
    "pred_same_as_input_beam_0": {
        "0": {
            "input_is_prime": false,
            "pred_same_as_input": false,
            "group_size": 5920,
            "correct_product_mean": 0.9591216216216216,
            "correct_factorization_mean": 0.8430743243243243
        },
        "1": {
            "input_is_prime": true,
            "pred_same_as_input": false,
            "group_size": 651,
            "correct_product_mean": 0.9493087557603687,
            "correct_factorization_mean": 0.9493087557603687
        },
        "2": {
            "input_is_prime": true,
            "pred_same_as_input": true,
            "group_size": 17,
            "correct_product_mean": 1.0,
            "correct_factorization_mean": 1.0
        }
    },
    "by_min_factor_composite_only": {
        "0": {
            "min_factor_decile": "(1.999, 3.0]",
            "group_size": 4339,
            "correct_product_mean": 0.9813321041714681,
            "correct_factorization_mean": 0.9483752016593685
        },
        "1": {
            "min_factor_decile": "(3.0, 5.0]",
            "group_size": 447,
            "correct_product_mean": 0.9753914988814317,
            "correct_factorization_mean": 0.9463087248322147
        },
        "2": {
            "min_factor_decile": "(5.0, 17.0]",
            "group_size": 614,
            "correct_product_mean": 0.9788273615635179,
            "correct_factorization_mean": 0.42996742671009774
        },
        "3": {
            "min_factor_decile": "(17.0, 241.0]",
            "group_size": 520,
            "correct_product_mean": 0.9596153846153846,
            "correct_factorization_mean": 0.36346153846153845
        }
    },
    "loss": 0.13149203846010726,
    "meta": {
        "n_beams": 2,
        "temperature": 1.0
    }
}