{
    "correct": {
        "correct_product": 0.89892578125,
        "correct_factorization": 0.66748046875
    },
    "beam_accuracy": {
        "correct_product": {
            "0": 0.8681640625,
            "1": 0.134765625
        },
        "correct_factorization": {
            "0": 0.62841796875,
            "1": 0.0390625
        }
    },
    "by_prob": {
        "group_size": {
            "(-13.648, -6.887]": 410.0,
            "(-6.887, -3.898]": 410.0,
            "(-3.898, -2.77]": 409.0,
            "(-2.77, -2.165]": 410.0,
            "(-2.165, -1.47]": 409.0,
            "(-1.47, -1.103]": 410.0,
            "(-1.103, -0.739]": 409.0,
            "(-0.739, -0.0426]": 410.0,
            "(-0.0426, -0.00194]": 409.0,
            "(-0.00194, -4.05e-06]": 410.0
        },
        "correct_product": {
            "(-13.648, -6.887]": 0.15365853658536585,
            "(-6.887, -3.898]": 0.17804878048780487,
            "(-3.898, -2.77]": 0.06356968215158924,
            "(-2.77, -2.165]": 0.06585365853658537,
            "(-2.165, -1.47]": 0.36185819070904646,
            "(-1.47, -1.103]": 0.7682926829268293,
            "(-1.103, -0.739]": 0.8092909535452323,
            "(-0.739, -0.0426]": 0.6634146341463415,
            "(-0.0426, -0.00194]": 0.9559902200488998,
            "(-0.00194, -4.05e-06]": 0.9951219512195122
        },
        "correct_factorization": {
            "(-13.648, -6.887]": 0.0,
            "(-6.887, -3.898]": 0.00975609756097561,
            "(-3.898, -2.77]": 0.019559902200488997,
            "(-2.77, -2.165]": 0.03414634146341464,
            "(-2.165, -1.47]": 0.16381418092909536,
            "(-1.47, -1.103]": 0.32926829268292684,
            "(-1.103, -0.739]": 0.31295843520782396,
            "(-0.739, -0.0426]": 0.5170731707317073,
            "(-0.0426, -0.00194]": 0.9559902200488998,
            "(-0.00194, -4.05e-06]": 0.9951219512195122
        },
        "percent_prime_factors_pred": {
            "(-13.648, -6.887]": 0.9044396051103368,
            "(-6.887, -3.898]": 0.9045121951219512,
            "(-3.898, -2.77]": 0.9244091279543601,
            "(-2.77, -2.165]": 0.9170731707317074,
            "(-2.165, -1.47]": 0.7851670741646292,
            "(-1.47, -1.103]": 0.5959756097560975,
            "(-1.103, -0.739]": 0.5987775061124695,
            "(-0.739, -0.0426]": 0.9272357723577236,
            "(-0.0426, -0.00194]": 0.9993887530562348,
            "(-0.00194, -4.05e-06]": 1.0
        }
    },
    "by_num_target_factors": {
        "group_size": {
            "1": 192,
            "2": 466,
            "3": 501,
            "4": 401,
            "5": 237,
            "6": 131,
            "7": 62,
            "8": 32,
            "9": 12,
            "10": 7,
            "11": 5,
            "12": 1,
            "16": 1
        },
        "correct_product_mean": {
            "1": 0.9375,
            "2": 0.9570815450643777,
            "3": 0.9680638722554891,
            "4": 0.942643391521197,
            "5": 0.8185654008438819,
            "6": 0.7022900763358778,
            "7": 0.5806451612903226,
            "8": 0.5,
            "9": 0.6666666666666666,
            "10": 0.5714285714285714,
            "11": 0.4,
            "12": 0.0,
            "16": 0.0
        },
        "correct_factorization_mean": {
            "1": 0.9375,
            "2": 0.4570815450643777,
            "3": 0.6147704590818364,
            "4": 0.8229426433915212,
            "5": 0.7848101265822784,
            "6": 0.648854961832061,
            "7": 0.5645161290322581,
            "8": 0.5,
            "9": 0.6666666666666666,
            "10": 0.5714285714285714,
            "11": 0.4,
            "12": 0.0,
            "16": 0.0
        }
    },
    "by_input_num": {
        "group_size": {
            "(65535.999, 65740.7]": 205,
            "(65740.7, 65945.4]": 205,
            "(65945.4, 66150.1]": 205,
            "(66150.1, 66354.8]": 204,
            "(66354.8, 66559.5]": 205,
            "(66559.5, 66764.2]": 205,
            "(66764.2, 66968.9]": 204,
            "(66968.9, 67173.6]": 205,
            "(67173.6, 67378.3]": 205,
            "(67378.3, 67583.0]": 205
        },
        "correct_product_mean": {
            "(65535.999, 65740.7]": 0.9414634146341463,
            "(65740.7, 65945.4]": 0.9512195121951219,
            "(65945.4, 66150.1]": 0.9609756097560975,
            "(66150.1, 66354.8]": 0.946078431372549,
            "(66354.8, 66559.5]": 0.9609756097560975,
            "(66559.5, 66764.2]": 0.8341463414634146,
            "(66764.2, 66968.9]": 0.8333333333333334,
            "(66968.9, 67173.6]": 0.8682926829268293,
            "(67173.6, 67378.3]": 0.8634146341463415,
            "(67378.3, 67583.0]": 0.8292682926829268
        },
        "correct_factorization_mean": {
            "(65535.999, 65740.7]": 0.7414634146341463,
            "(65740.7, 65945.4]": 0.6780487804878049,
            "(65945.4, 66150.1]": 0.7121951219512195,
            "(66150.1, 66354.8]": 0.6715686274509803,
            "(66354.8, 66559.5]": 0.7073170731707317,
            "(66559.5, 66764.2]": 0.624390243902439,
            "(66764.2, 66968.9]": 0.6274509803921569,
            "(66968.9, 67173.6]": 0.6487804878048781,
            "(67173.6, 67378.3]": 0.6292682926829268,
            "(67378.3, 67583.0]": 0.6341463414634146
        }
    },
    "pred_same_as_input_beam_0": {
        "0": {
            "input_is_prime": false,
            "pred_same_as_input": false,
            "group_size": 1523,
            "correct_product_mean": 0.8312541037426132,
            "correct_factorization_mean": 0.7275114904793172
        },
        "1": {
            "input_is_prime": false,
            "pred_same_as_input": true,
            "group_size": 333,
            "correct_product_mean": 1.0,
            "correct_factorization_mean": 0.0
        },
        "2": {
            "input_is_prime": true,
            "pred_same_as_input": false,
            "group_size": 13,
            "correct_product_mean": 0.0,
            "correct_factorization_mean": 0.0
        },
        "3": {
            "input_is_prime": true,
            "pred_same_as_input": true,
            "group_size": 179,
            "correct_product_mean": 1.0,
            "correct_factorization_mean": 1.0
        }
    },
    "by_min_factor_composite_only": {
        "0": {
            "min_factor_decile": "(1.999, 3.0]",
            "group_size": 1365,
            "correct_product_mean": 0.8835164835164835,
            "correct_factorization_mean": 0.7282051282051282
        },
        "1": {
            "min_factor_decile": "(3.0, 5.0]",
            "group_size": 136,
            "correct_product_mean": 0.875,
            "correct_factorization_mean": 0.8382352941176471
        },
        "2": {
            "min_factor_decile": "(5.0, 17.0]",
            "group_size": 176,
            "correct_product_mean": 0.9488636363636364,
            "correct_factorization_mean": 0.0
        },
        "3": {
            "min_factor_decile": "(17.0, 257.0]",
            "group_size": 179,
            "correct_product_mean": 0.9441340782122905,
            "correct_factorization_mean": 0.0
        }
    },
    "loss": 0.3955324073763392,
    "meta": {
        "n_beams": 2,
        "temperature": 1.0
    }
}