{
    "correct": {
        "correct_product": 0.968882817243473,
        "correct_factorization": 0.8773527625986642
    },
    "beam_accuracy": {
        "correct_product": {
            "0": 0.9426229508196722,
            "1": 0.18184578020643594
        },
        "correct_factorization": {
            "0": 0.8521554341226473,
            "1": 0.025500910746812388
        }
    },
    "by_prob": {
        "group_size": {
            "(-16.418000000000003, -9.21]": 1322.0,
            "(-9.21, -8.263]": 1314.0,
            "(-8.263, -5.618]": 1317.0,
            "(-5.618, -2.647]": 1318.0,
            "(-2.647, -1.227]": 1317.0,
            "(-1.227, -0.342]": 1318.0,
            "(-0.342, -0.00676]": 1317.0,
            "(-0.00676, -0.000484]": 1318.0,
            "(-0.000484, -4.89e-05]": 1317.0,
            "(-4.89e-05, -1.19e-07]": 1318.0
        },
        "correct_product": {
            "(-16.418000000000003, -9.21]": 0.23600605143721634,
            "(-9.21, -8.263]": 0.076103500761035,
            "(-8.263, -5.618]": 0.1716021260440395,
            "(-5.618, -2.647]": 0.17526555386949924,
            "(-2.647, -1.227]": 0.26347760060744113,
            "(-1.227, -0.342]": 0.7549317147192717,
            "(-0.342, -0.00676]": 0.9453302961275627,
            "(-0.00676, -0.000484]": 1.0,
            "(-0.000484, -4.89e-05]": 0.9992406985573272,
            "(-4.89e-05, -1.19e-07]": 1.0
        },
        "correct_factorization": {
            "(-16.418000000000003, -9.21]": 0.0,
            "(-9.21, -8.263]": 0.00076103500761035,
            "(-8.263, -5.618]": 0.0,
            "(-5.618, -2.647]": 0.012139605462822459,
            "(-2.647, -1.227]": 0.1108580106302202,
            "(-1.227, -0.342]": 0.37405159332321697,
            "(-0.342, -0.00676]": 0.8936977980258163,
            "(-0.00676, -0.000484]": 0.9977238239757208,
            "(-0.000484, -4.89e-05]": 0.9992406985573272,
            "(-4.89e-05, -1.19e-07]": 1.0
        },
        "percent_prime_factors_pred": {
            "(-16.418000000000003, -9.21]": 0.8352280095094013,
            "(-9.21, -8.263]": 0.8355022831050227,
            "(-8.263, -5.618]": 0.8681147629894783,
            "(-5.618, -2.647]": 0.839237842329648,
            "(-2.647, -1.227]": 0.8046561449181039,
            "(-1.227, -0.342]": 0.6553902618204591,
            "(-0.342, -0.00676]": 0.9708048595292331,
            "(-0.00676, -0.000484]": 0.9981031866464339,
            "(-0.000484, -4.89e-05]": 1.0,
            "(-4.89e-05, -1.19e-07]": 1.0
        }
    },
    "by_num_target_factors": {
        "group_size": {
            "1": 668,
            "2": 1601,
            "3": 1720,
            "4": 1198,
            "5": 715,
            "6": 373,
            "7": 165,
            "8": 79,
            "9": 35,
            "10": 20,
            "11": 8,
            "12": 3,
            "13": 3
        },
        "correct_product_mean": {
            "1": 0.9715568862275449,
            "2": 0.9687695190505934,
            "3": 0.9825581395348837,
            "4": 0.9908180300500835,
            "5": 0.9776223776223776,
            "6": 0.935656836461126,
            "7": 0.8848484848484849,
            "8": 0.8734177215189873,
            "9": 0.7428571428571429,
            "10": 0.65,
            "11": 0.25,
            "12": 0.3333333333333333,
            "13": 0.3333333333333333
        },
        "correct_factorization_mean": {
            "1": 0.9715568862275449,
            "2": 0.7420362273579013,
            "3": 0.8796511627906977,
            "4": 0.9607679465776294,
            "5": 0.9748251748251748,
            "6": 0.8793565683646113,
            "7": 0.8666666666666667,
            "8": 0.8607594936708861,
            "9": 0.7428571428571429,
            "10": 0.65,
            "11": 0.25,
            "12": 0.3333333333333333,
            "13": 0.3333333333333333
        }
    },
    "by_input_num": {
        "group_size": {
            "(7.999, 6350.5]": 659,
            "(6350.5, 12996.8]": 659,
            "(12996.8, 19472.5]": 659,
            "(19472.5, 26116.8]": 658,
            "(26116.8, 32574.0]": 659,
            "(32574.0, 39331.6]": 659,
            "(39331.6, 46013.7]": 658,
            "(46013.7, 52699.4]": 659,
            "(52699.4, 59007.6]": 659,
            "(59007.6, 65528.0]": 659
        },
        "correct_product_mean": {
            "(7.999, 6350.5]": 0.9984825493171472,
            "(6350.5, 12996.8]": 0.9954476479514416,
            "(12996.8, 19472.5]": 0.9969650986342944,
            "(19472.5, 26116.8]": 0.9802431610942249,
            "(26116.8, 32574.0]": 0.9544764795144158,
            "(32574.0, 39331.6]": 0.9681335356600911,
            "(39331.6, 46013.7]": 0.9452887537993921,
            "(46013.7, 52699.4]": 0.9514415781487102,
            "(52699.4, 59007.6]": 0.9559939301972686,
            "(59007.6, 65528.0]": 0.9423368740515933
        },
        "correct_factorization_mean": {
            "(7.999, 6350.5]": 0.9984825493171472,
            "(6350.5, 12996.8]": 0.9954476479514416,
            "(12996.8, 19472.5]": 0.9969650986342944,
            "(19472.5, 26116.8]": 0.9680851063829787,
            "(26116.8, 32574.0]": 0.91350531107739,
            "(32574.0, 39331.6]": 0.7966616084977238,
            "(39331.6, 46013.7]": 0.7689969604863222,
            "(46013.7, 52699.4]": 0.8088012139605463,
            "(52699.4, 59007.6]": 0.7784522003034902,
            "(59007.6, 65528.0]": 0.7481031866464339
        }
    },
    "pred_same_as_input_beam_0": {
        "0": {
            "input_is_prime": false,
            "pred_same_as_input": false,
            "group_size": 5468,
            "correct_product_mean": 0.9389173372348207,
            "correct_factorization_mean": 0.9125822970007316
        },
        "1": {
            "input_is_prime": false,
            "pred_same_as_input": true,
            "group_size": 452,
            "correct_product_mean": 1.0,
            "correct_factorization_mean": 0.0
        },
        "2": {
            "input_is_prime": true,
            "pred_same_as_input": false,
            "group_size": 44,
            "correct_product_mean": 0.0,
            "correct_factorization_mean": 0.0
        },
        "3": {
            "input_is_prime": true,
            "pred_same_as_input": true,
            "group_size": 624,
            "correct_product_mean": 1.0,
            "correct_factorization_mean": 1.0
        }
    },
    "by_min_factor_composite_only": {
        "0": {
            "min_factor_decile": "(1.999, 3.0]",
            "group_size": 4339,
            "correct_product_mean": 0.975570407928094,
            "correct_factorization_mean": 0.9377736805715603
        },
        "1": {
            "min_factor_decile": "(3.0, 5.0]",
            "group_size": 447,
            "correct_product_mean": 0.9619686800894854,
            "correct_factorization_mean": 0.9395973154362416
        },
        "2": {
            "min_factor_decile": "(5.0, 17.0]",
            "group_size": 614,
            "correct_product_mean": 0.9397394136807817,
            "correct_factorization_mean": 0.498371335504886
        },
        "3": {
            "min_factor_decile": "(17.0, 241.0]",
            "group_size": 520,
            "correct_product_mean": 0.95,
            "correct_factorization_mean": 0.375
        }
    },
    "loss": 0.1410752082586944,
    "meta": {
        "n_beams": 2,
        "temperature": 1.0
    }
}