{
    "correct": {
        "correct_product": 0.86181640625,
        "correct_factorization": 0.6669921875
    },
    "beam_accuracy": {
        "correct_product": {
            "0": 0.80615234375,
            "1": 0.17041015625
        },
        "correct_factorization": {
            "0": 0.61669921875,
            "1": 0.05029296875
        }
    },
    "by_prob": {
        "group_size": {
            "(-14.955, -7.222]": 410.0,
            "(-7.222, -4.124]": 410.0,
            "(-4.124, -2.678]": 409.0,
            "(-2.678, -1.998]": 410.0,
            "(-1.998, -1.416]": 409.0,
            "(-1.416, -1.0]": 410.0,
            "(-1.0, -0.521]": 409.0,
            "(-0.521, -0.0339]": 410.0,
            "(-0.0339, -0.0016]": 409.0,
            "(-0.0016, -1.67e-06]": 410.0
        },
        "correct_product": {
            "(-14.955, -7.222]": 0.17804878048780487,
            "(-7.222, -4.124]": 0.1975609756097561,
            "(-4.124, -2.678]": 0.09535452322738386,
            "(-2.678, -1.998]": 0.10975609756097561,
            "(-1.998, -1.416]": 0.33496332518337407,
            "(-1.416, -1.0]": 0.5878048780487805,
            "(-1.0, -0.521]": 0.7090464547677262,
            "(-0.521, -0.0339]": 0.7219512195121951,
            "(-0.0339, -0.0016]": 0.9559902200488998,
            "(-0.0016, -1.67e-06]": 0.9926829268292683
        },
        "correct_factorization": {
            "(-14.955, -7.222]": 0.0024390243902439024,
            "(-7.222, -4.124]": 0.012195121951219513,
            "(-4.124, -2.678]": 0.02444987775061125,
            "(-2.678, -1.998]": 0.05121951219512195,
            "(-1.998, -1.416]": 0.1466992665036675,
            "(-1.416, -1.0]": 0.25121951219512195,
            "(-1.0, -0.521]": 0.29095354523227385,
            "(-0.521, -0.0339]": 0.6195121951219512,
            "(-0.0339, -0.0016]": 0.9437652811735942,
            "(-0.0016, -1.67e-06]": 0.9926829268292683
        },
        "percent_prime_factors_pred": {
            "(-14.955, -7.222]": 0.8881823461091755,
            "(-7.222, -4.124]": 0.8996951219512195,
            "(-4.124, -2.678]": 0.8801955990220048,
            "(-2.678, -1.998]": 0.8789605110336818,
            "(-1.998, -1.416]": 0.7940097799511002,
            "(-1.416, -1.0]": 0.6790824622531939,
            "(-1.0, -0.521]": 0.6598789148911398,
            "(-0.521, -0.0339]": 0.9382520325203252,
            "(-0.0339, -0.0016]": 0.9952322738386309,
            "(-0.0016, -1.67e-06]": 1.0
        }
    },
    "by_num_target_factors": {
        "group_size": {
            "1": 192,
            "2": 466,
            "3": 501,
            "4": 401,
            "5": 237,
            "6": 131,
            "7": 62,
            "8": 32,
            "9": 12,
            "10": 7,
            "11": 5,
            "12": 1,
            "16": 1
        },
        "correct_product_mean": {
            "1": 0.796875,
            "2": 0.9012875536480687,
            "3": 0.936127744510978,
            "4": 0.942643391521197,
            "5": 0.8143459915611815,
            "6": 0.6793893129770993,
            "7": 0.6129032258064516,
            "8": 0.375,
            "9": 0.5,
            "10": 0.5714285714285714,
            "11": 0.6,
            "12": 0.0,
            "16": 0.0
        },
        "correct_factorization_mean": {
            "1": 0.796875,
            "2": 0.4592274678111588,
            "3": 0.656686626746507,
            "4": 0.8503740648379052,
            "5": 0.7805907172995781,
            "6": 0.6259541984732825,
            "7": 0.5967741935483871,
            "8": 0.375,
            "9": 0.5,
            "10": 0.5714285714285714,
            "11": 0.6,
            "12": 0.0,
            "16": 0.0
        }
    },
    "by_input_num": {
        "group_size": {
            "(65535.999, 65740.7]": 205,
            "(65740.7, 65945.4]": 205,
            "(65945.4, 66150.1]": 205,
            "(66150.1, 66354.8]": 204,
            "(66354.8, 66559.5]": 205,
            "(66559.5, 66764.2]": 205,
            "(66764.2, 66968.9]": 204,
            "(66968.9, 67173.6]": 205,
            "(67173.6, 67378.3]": 205,
            "(67378.3, 67583.0]": 205
        },
        "correct_product_mean": {
            "(65535.999, 65740.7]": 0.9170731707317074,
            "(65740.7, 65945.4]": 0.8878048780487805,
            "(65945.4, 66150.1]": 0.8780487804878049,
            "(66150.1, 66354.8]": 0.8627450980392157,
            "(66354.8, 66559.5]": 0.9024390243902439,
            "(66559.5, 66764.2]": 0.8195121951219512,
            "(66764.2, 66968.9]": 0.8382352941176471,
            "(66968.9, 67173.6]": 0.8292682926829268,
            "(67173.6, 67378.3]": 0.848780487804878,
            "(67378.3, 67583.0]": 0.8341463414634146
        },
        "correct_factorization_mean": {
            "(65535.999, 65740.7]": 0.7365853658536585,
            "(65740.7, 65945.4]": 0.6829268292682927,
            "(65945.4, 66150.1]": 0.6634146341463415,
            "(66150.1, 66354.8]": 0.6421568627450981,
            "(66354.8, 66559.5]": 0.6926829268292682,
            "(66559.5, 66764.2]": 0.6390243902439025,
            "(66764.2, 66968.9]": 0.6519607843137255,
            "(66968.9, 67173.6]": 0.6341463414634146,
            "(67173.6, 67378.3]": 0.6682926829268293,
            "(67378.3, 67583.0]": 0.6585365853658537
        }
    },
    "pred_same_as_input_beam_0": {
        "0": {
            "input_is_prime": false,
            "pred_same_as_input": false,
            "group_size": 1593,
            "correct_product_mean": 0.7840552416823603,
            "correct_factorization_mean": 0.7055869428750785
        },
        "1": {
            "input_is_prime": false,
            "pred_same_as_input": true,
            "group_size": 263,
            "correct_product_mean": 1.0,
            "correct_factorization_mean": 0.0
        },
        "2": {
            "input_is_prime": true,
            "pred_same_as_input": false,
            "group_size": 53,
            "correct_product_mean": 0.0,
            "correct_factorization_mean": 0.0
        },
        "3": {
            "input_is_prime": true,
            "pred_same_as_input": true,
            "group_size": 139,
            "correct_product_mean": 1.0,
            "correct_factorization_mean": 1.0
        }
    },
    "by_min_factor_composite_only": {
        "0": {
            "min_factor_decile": "(1.999, 3.0]",
            "group_size": 1365,
            "correct_product_mean": 0.882051282051282,
            "correct_factorization_mean": 0.73992673992674
        },
        "1": {
            "min_factor_decile": "(3.0, 5.0]",
            "group_size": 136,
            "correct_product_mean": 0.8455882352941176,
            "correct_factorization_mean": 0.8382352941176471
        },
        "2": {
            "min_factor_decile": "(5.0, 17.0]",
            "group_size": 176,
            "correct_product_mean": 0.8352272727272727,
            "correct_factorization_mean": 0.0
        },
        "3": {
            "min_factor_decile": "(17.0, 257.0]",
            "group_size": 179,
            "correct_product_mean": 0.8156424581005587,
            "correct_factorization_mean": 0.0
        }
    },
    "loss": 0.4214877435398404,
    "meta": {
        "n_beams": 2,
        "temperature": 1.0
    }
}