{
    "correct": {
        "correct_product": 0.78466796875,
        "correct_factorization": 0.6162109375
    },
    "beam_accuracy": {
        "correct_product": {
            "0": 0.73388671875,
            "1": 0.15234375
        },
        "correct_factorization": {
            "0": 0.5673828125,
            "1": 0.04931640625
        }
    },
    "by_prob": {
        "group_size": {
            "(-14.889, -6.801]": 410.0,
            "(-6.801, -3.711]": 410.0,
            "(-3.711, -2.499]": 409.0,
            "(-2.499, -1.999]": 410.0,
            "(-1.999, -1.512]": 409.0,
            "(-1.512, -1.15]": 410.0,
            "(-1.15, -0.658]": 409.0,
            "(-0.658, -0.0538]": 410.0,
            "(-0.0538, -0.00233]": 409.0,
            "(-0.00233, -8.34e-07]": 410.0
        },
        "correct_product": {
            "(-14.889, -6.801]": 0.15365853658536585,
            "(-6.801, -3.711]": 0.1926829268292683,
            "(-3.711, -2.499]": 0.08068459657701711,
            "(-2.499, -1.999]": 0.08048780487804878,
            "(-1.999, -1.512]": 0.23471882640586797,
            "(-1.512, -1.15]": 0.526829268292683,
            "(-1.15, -0.658]": 0.6210268948655256,
            "(-0.658, -0.0538]": 0.6146341463414634,
            "(-0.0538, -0.00233]": 0.9290953545232273,
            "(-0.00233, -8.34e-07]": 0.9975609756097561
        },
        "correct_factorization": {
            "(-14.889, -6.801]": 0.0024390243902439024,
            "(-6.801, -3.711]": 0.014634146341463415,
            "(-3.711, -2.499]": 0.02444987775061125,
            "(-2.499, -1.999]": 0.041463414634146344,
            "(-1.999, -1.512]": 0.11246943765281174,
            "(-1.512, -1.15]": 0.2097560975609756,
            "(-1.15, -0.658]": 0.28117359413202936,
            "(-0.658, -0.0538]": 0.4902439024390244,
            "(-0.0538, -0.00233]": 0.9095354523227384,
            "(-0.00233, -8.34e-07]": 0.9975609756097561
        },
        "percent_prime_factors_pred": {
            "(-14.889, -6.801]": 0.8903745644599304,
            "(-6.801, -3.711]": 0.9017479674796748,
            "(-3.711, -2.499]": 0.8996332518337408,
            "(-2.499, -1.999]": 0.8860569105691057,
            "(-1.999, -1.512]": 0.8321108394458028,
            "(-1.512, -1.15]": 0.6934959349593496,
            "(-1.15, -0.658]": 0.7144254278728606,
            "(-0.658, -0.0538]": 0.9327235772357724,
            "(-0.0538, -0.00233]": 0.9922575387123064,
            "(-0.00233, -8.34e-07]": 1.0
        }
    },
    "by_num_target_factors": {
        "group_size": {
            "1": 192,
            "2": 466,
            "3": 501,
            "4": 401,
            "5": 237,
            "6": 131,
            "7": 62,
            "8": 32,
            "9": 12,
            "10": 7,
            "11": 5,
            "12": 1,
            "16": 1
        },
        "correct_product_mean": {
            "1": 0.6145833333333334,
            "2": 0.7532188841201717,
            "3": 0.8542914171656687,
            "4": 0.9052369077306733,
            "5": 0.7679324894514767,
            "6": 0.6946564885496184,
            "7": 0.7096774193548387,
            "8": 0.46875,
            "9": 0.5833333333333334,
            "10": 0.5714285714285714,
            "11": 0.6,
            "12": 0.0,
            "16": 1.0
        },
        "correct_factorization_mean": {
            "1": 0.6145833333333334,
            "2": 0.40772532188841204,
            "3": 0.6047904191616766,
            "4": 0.8254364089775561,
            "5": 0.6919831223628692,
            "6": 0.6412213740458015,
            "7": 0.6774193548387096,
            "8": 0.46875,
            "9": 0.5833333333333334,
            "10": 0.5714285714285714,
            "11": 0.6,
            "12": 0.0,
            "16": 1.0
        }
    },
    "by_input_num": {
        "group_size": {
            "(65535.999, 65740.7]": 205,
            "(65740.7, 65945.4]": 205,
            "(65945.4, 66150.1]": 205,
            "(66150.1, 66354.8]": 204,
            "(66354.8, 66559.5]": 205,
            "(66559.5, 66764.2]": 205,
            "(66764.2, 66968.9]": 204,
            "(66968.9, 67173.6]": 205,
            "(67173.6, 67378.3]": 205,
            "(67378.3, 67583.0]": 205
        },
        "correct_product_mean": {
            "(65535.999, 65740.7]": 0.9170731707317074,
            "(65740.7, 65945.4]": 0.9317073170731708,
            "(65945.4, 66150.1]": 0.9073170731707317,
            "(66150.1, 66354.8]": 0.8774509803921569,
            "(66354.8, 66559.5]": 0.8439024390243902,
            "(66559.5, 66764.2]": 0.7268292682926829,
            "(66764.2, 66968.9]": 0.7107843137254902,
            "(66968.9, 67173.6]": 0.7024390243902439,
            "(67173.6, 67378.3]": 0.6195121951219512,
            "(67378.3, 67583.0]": 0.6097560975609756
        },
        "correct_factorization_mean": {
            "(65535.999, 65740.7]": 0.7463414634146341,
            "(65740.7, 65945.4]": 0.6829268292682927,
            "(65945.4, 66150.1]": 0.6829268292682927,
            "(66150.1, 66354.8]": 0.6421568627450981,
            "(66354.8, 66559.5]": 0.6634146341463415,
            "(66559.5, 66764.2]": 0.5853658536585366,
            "(66764.2, 66968.9]": 0.5686274509803921,
            "(66968.9, 67173.6]": 0.551219512195122,
            "(67173.6, 67378.3]": 0.5219512195121951,
            "(67378.3, 67583.0]": 0.5170731707317073
        }
    },
    "pred_same_as_input_beam_0": {
        "0": {
            "input_is_prime": false,
            "pred_same_as_input": false,
            "group_size": 1856,
            "correct_product_mean": 0.7467672413793104,
            "correct_factorization_mean": 0.5630387931034483
        },
        "1": {
            "input_is_prime": true,
            "pred_same_as_input": false,
            "group_size": 192,
            "correct_product_mean": 0.609375,
            "correct_factorization_mean": 0.609375
        }
    },
    "by_min_factor_composite_only": {
        "0": {
            "min_factor_decile": "(1.999, 3.0]",
            "group_size": 1365,
            "correct_product_mean": 0.8505494505494505,
            "correct_factorization_mean": 0.7054945054945055
        },
        "1": {
            "min_factor_decile": "(3.0, 5.0]",
            "group_size": 136,
            "correct_product_mean": 0.7058823529411765,
            "correct_factorization_mean": 0.6029411764705882
        },
        "2": {
            "min_factor_decile": "(5.0, 17.0]",
            "group_size": 176,
            "correct_product_mean": 0.6363636363636364,
            "correct_factorization_mean": 0.0
        },
        "3": {
            "min_factor_decile": "(17.0, 257.0]",
            "group_size": 179,
            "correct_product_mean": 0.6703910614525139,
            "correct_factorization_mean": 0.0
        }
    },
    "loss": 0.5124341374950069,
    "meta": {
        "n_beams": 2,
        "temperature": 1.0
    }
}