{
    "correct": {
        "correct_product": 0.9752580449301761,
        "correct_factorization": 0.8840315725561627
    },
    "beam_accuracy": {
        "correct_product": {
            "0": 0.9543108682452944,
            "1": 0.1865513054037644
        },
        "correct_factorization": {
            "0": 0.856709168184578,
            "1": 0.027474195506982393
        }
    },
    "by_prob": {
        "group_size": {
            "(-16.05, -9.21]": 1319.0,
            "(-9.21, -8.31]": 1317.0,
            "(-8.31, -5.876]": 1317.0,
            "(-5.876, -2.595]": 1318.0,
            "(-2.595, -1.339]": 1317.0,
            "(-1.339, -0.325]": 1318.0,
            "(-0.325, -0.00508]": 1317.0,
            "(-0.00508, -0.000441]": 1318.0,
            "(-0.000441, -5.19e-05]": 1317.0,
            "(-5.19e-05, -1.19e-07]": 1318.0
        },
        "correct_product": {
            "(-16.05, -9.21]": 0.2517058377558757,
            "(-9.21, -8.31]": 0.07441154138192863,
            "(-8.31, -5.876]": 0.1829916476841306,
            "(-5.876, -2.595]": 0.18816388467374812,
            "(-2.595, -1.339]": 0.25664388762338647,
            "(-1.339, -0.325]": 0.7966616084977238,
            "(-0.325, -0.00508]": 0.955960516324981,
            "(-0.00508, -0.000441]": 0.9977238239757208,
            "(-0.000441, -5.19e-05]": 1.0,
            "(-5.19e-05, -1.19e-07]": 1.0
        },
        "correct_factorization": {
            "(-16.05, -9.21]": 0.0,
            "(-9.21, -8.31]": 0.0,
            "(-8.31, -5.876]": 0.0030372057706909645,
            "(-5.876, -2.595]": 0.013657056145675266,
            "(-2.595, -1.339]": 0.11009870918754745,
            "(-1.339, -0.325]": 0.37101669195751136,
            "(-0.325, -0.00508]": 0.9301442672741078,
            "(-0.00508, -0.000441]": 0.9931714719271624,
            "(-0.000441, -5.19e-05]": 1.0,
            "(-5.19e-05, -1.19e-07]": 1.0
        },
        "percent_prime_factors_pred": {
            "(-16.05, -9.21]": 0.815806828164675,
            "(-9.21, -8.31]": 0.7768069566475033,
            "(-8.31, -5.876]": 0.8870728929384967,
            "(-5.876, -2.595]": 0.8523574680251463,
            "(-2.595, -1.339]": 0.80639530679394,
            "(-1.339, -0.325]": 0.5918942842690946,
            "(-0.325, -0.00508]": 0.9856745127815744,
            "(-0.00508, -0.000441]": 0.9965857359635811,
            "(-0.000441, -5.19e-05]": 1.0,
            "(-5.19e-05, -1.19e-07]": 1.0
        }
    },
    "by_num_target_factors": {
        "group_size": {
            "1": 668,
            "2": 1601,
            "3": 1720,
            "4": 1198,
            "5": 715,
            "6": 373,
            "7": 165,
            "8": 79,
            "9": 35,
            "10": 20,
            "11": 8,
            "12": 3,
            "13": 3
        },
        "correct_product_mean": {
            "1": 0.9565868263473054,
            "2": 0.9787632729544035,
            "3": 0.9906976744186047,
            "4": 0.988313856427379,
            "5": 0.9804195804195804,
            "6": 0.9436997319034852,
            "7": 0.8909090909090909,
            "8": 0.9113924050632911,
            "9": 0.9142857142857143,
            "10": 0.8,
            "11": 0.875,
            "12": 1.0,
            "13": 0.3333333333333333
        },
        "correct_factorization_mean": {
            "1": 0.9565868263473054,
            "2": 0.7382885696439725,
            "3": 0.8912790697674419,
            "4": 0.9641068447412354,
            "5": 0.9734265734265735,
            "6": 0.9195710455764075,
            "7": 0.8787878787878788,
            "8": 0.9113924050632911,
            "9": 0.9142857142857143,
            "10": 0.8,
            "11": 0.875,
            "12": 1.0,
            "13": 0.3333333333333333
        }
    },
    "by_input_num": {
        "group_size": {
            "(7.999, 6350.5]": 659,
            "(6350.5, 12996.8]": 659,
            "(12996.8, 19472.5]": 659,
            "(19472.5, 26116.8]": 658,
            "(26116.8, 32574.0]": 659,
            "(32574.0, 39331.6]": 659,
            "(39331.6, 46013.7]": 658,
            "(46013.7, 52699.4]": 659,
            "(52699.4, 59007.6]": 659,
            "(59007.6, 65528.0]": 659
        },
        "correct_product_mean": {
            "(7.999, 6350.5]": 0.9984825493171472,
            "(6350.5, 12996.8]": 1.0,
            "(12996.8, 19472.5]": 0.9969650986342944,
            "(19472.5, 26116.8]": 0.9848024316109423,
            "(26116.8, 32574.0]": 0.9726858877086495,
            "(32574.0, 39331.6]": 0.9726858877086495,
            "(39331.6, 46013.7]": 0.9483282674772037,
            "(46013.7, 52699.4]": 0.9514415781487102,
            "(52699.4, 59007.6]": 0.9711684370257967,
            "(59007.6, 65528.0]": 0.9559939301972686
        },
        "correct_factorization_mean": {
            "(7.999, 6350.5]": 0.9984825493171472,
            "(6350.5, 12996.8]": 1.0,
            "(12996.8, 19472.5]": 0.9954476479514416,
            "(19472.5, 26116.8]": 0.9696048632218845,
            "(26116.8, 32574.0]": 0.9499241274658573,
            "(32574.0, 39331.6]": 0.8042488619119879,
            "(39331.6, 46013.7]": 0.7659574468085106,
            "(46013.7, 52699.4]": 0.8057663125948407,
            "(52699.4, 59007.6]": 0.787556904400607,
            "(59007.6, 65528.0]": 0.7632776934749621
        }
    },
    "pred_same_as_input_beam_0": {
        "0": {
            "input_is_prime": false,
            "pred_same_as_input": false,
            "group_size": 5920,
            "correct_product_mean": 0.9572635135135135,
            "correct_factorization_mean": 0.8486486486486486
        },
        "1": {
            "input_is_prime": true,
            "pred_same_as_input": false,
            "group_size": 653,
            "correct_product_mean": 0.9264931087289433,
            "correct_factorization_mean": 0.9264931087289433
        },
        "2": {
            "input_is_prime": true,
            "pred_same_as_input": true,
            "group_size": 15,
            "correct_product_mean": 1.0,
            "correct_factorization_mean": 1.0
        }
    },
    "by_min_factor_composite_only": {
        "0": {
            "min_factor_decile": "(1.999, 3.0]",
            "group_size": 4339,
            "correct_product_mean": 0.9813321041714681,
            "correct_factorization_mean": 0.9492970730583083
        },
        "1": {
            "min_factor_decile": "(3.0, 5.0]",
            "group_size": 447,
            "correct_product_mean": 0.970917225950783,
            "correct_factorization_mean": 0.9328859060402684
        },
        "2": {
            "min_factor_decile": "(5.0, 17.0]",
            "group_size": 614,
            "correct_product_mean": 0.9641693811074918,
            "correct_factorization_mean": 0.4543973941368078
        },
        "3": {
            "min_factor_decile": "(17.0, 241.0]",
            "group_size": 520,
            "correct_product_mean": 0.9653846153846154,
            "correct_factorization_mean": 0.40192307692307694
        }
    },
    "loss": 0.14247373416902032,
    "meta": {
        "n_beams": 2,
        "temperature": 1.0
    }
}