{
    "correct": {
        "correct_product": 0.9753399400783591,
        "correct_factorization": 0.7504801413536145
    },
    "beam_accuracy": {
        "correct_product": {
            "0": 0.9594376584466467,
            "1": 0.17062303142045018
        },
        "correct_factorization": {
            "0": 0.7032342321579473,
            "1": 0.04732273181224553
        }
    },
    "by_prob": {
        "correct_product": {
            "(-14.145, -8.293]": 0.10752688172043011,
            "(-8.293, -5.464]": 0.15943142527852477,
            "(-5.464, -2.991]": 0.11947752593161737,
            "(-2.991, -2.226]": 0.15360983102918588,
            "(-2.226, -1.405]": 0.32654629273914715,
            "(-1.405, -1.164]": 0.9147137917787168,
            "(-1.164, -0.568]": 0.9139784946236559,
            "(-0.568, -0.00787]": 0.955436035343834,
            "(-0.00787, -0.000481]": 0.9996158278908951,
            "(-0.000481, -2.03e-06]": 1.0
        },
        "correct_factorization": {
            "(-14.145, -8.293]": 0.0,
            "(-8.293, -5.464]": 0.000768344218209758,
            "(-5.464, -2.991]": 0.005378409527468306,
            "(-2.991, -2.226]": 0.05145929339477726,
            "(-2.226, -1.405]": 0.16519400691509797,
            "(-1.405, -1.164]": 0.2815981559738763,
            "(-1.164, -0.568]": 0.35253456221198154,
            "(-0.568, -0.00787]": 0.8962735305416827,
            "(-0.00787, -0.000481]": 0.9996158278908951,
            "(-0.000481, -2.03e-06]": 1.0
        },
        "percent_prime_factors_pred": {
            "(-14.145, -8.293]": 0.8438289245316917,
            "(-8.293, -5.464]": 0.8857546709064212,
            "(-5.464, -2.991]": 0.8446074126923185,
            "(-2.991, -2.226]": 0.7788489320459394,
            "(-2.226, -1.405]": 0.7957439218484217,
            "(-1.405, -1.164]": 0.4083767813694818,
            "(-1.164, -0.568]": 0.5684098639455788,
            "(-0.568, -0.00787]": 0.9684146497630933,
            "(-0.00787, -0.000481]": 1.0,
            "(-0.000481, -2.03e-06]": 1.0
        }
    },
    "by_n_target_factors": {
        "correct_product_mean": {
            "1": 0.993907083015994,
            "2": 0.9832807570977918,
            "3": 0.9818456883509834,
            "4": 0.9808413161182841,
            "5": 0.9690647482014388,
            "6": 0.9553805774278216,
            "7": 0.9577464788732394,
            "8": 0.8802395209580839,
            "9": 0.723404255319149,
            "10": 0.71875,
            "11": 0.7857142857142857,
            "12": 0.875,
            "13": 1.0,
            "14": 0.25
        },
        "correct_product_size": {
            "1": 1313,
            "2": 3170,
            "3": 3305,
            "4": 2401,
            "5": 1390,
            "6": 762,
            "7": 355,
            "8": 167,
            "9": 94,
            "10": 32,
            "11": 14,
            "12": 8,
            "13": 2,
            "14": 4
        },
        "correct_factorization_mean": {
            "1": 0.993907083015994,
            "2": 0.5785488958990537,
            "3": 0.6360060514372163,
            "4": 0.8304872969596002,
            "5": 0.9086330935251798,
            "6": 0.9225721784776902,
            "7": 0.923943661971831,
            "8": 0.8023952095808383,
            "9": 0.6595744680851063,
            "10": 0.71875,
            "11": 0.7857142857142857,
            "12": 0.875,
            "13": 1.0,
            "14": 0.25
        },
        "correct_factorization_size": {
            "1": 1313,
            "2": 3170,
            "3": 3305,
            "4": 2401,
            "5": 1390,
            "6": 762,
            "7": 355,
            "8": 167,
            "9": 94,
            "10": 32,
            "11": 14,
            "12": 8,
            "13": 2,
            "14": 4
        }
    },
    "by_target_number": {
        "correct_product_mean": {
            "(8.999, 6700.4]": 0.9961597542242704,
            "(6700.4, 13267.8]": 0.9869431643625192,
            "(13267.8, 19602.6]": 0.973097617217525,
            "(19602.6, 25978.8]": 0.9807987711213517,
            "(25978.8, 32651.0]": 0.9731182795698925,
            "(32651.0, 39298.8]": 0.9661798616448886,
            "(39298.8, 45796.8]": 0.9754224270353302,
            "(45796.8, 52327.8]": 0.9638739431206764,
            "(52327.8, 59017.4]": 0.966973886328725,
            "(59017.4, 65521.0]": 0.9708141321044547
        },
        "correct_product_size": {
            "(8.999, 6700.4]": 1302,
            "(6700.4, 13267.8]": 1302,
            "(13267.8, 19602.6]": 1301,
            "(19602.6, 25978.8]": 1302,
            "(25978.8, 32651.0]": 1302,
            "(32651.0, 39298.8]": 1301,
            "(39298.8, 45796.8]": 1302,
            "(45796.8, 52327.8]": 1301,
            "(52327.8, 59017.4]": 1302,
            "(59017.4, 65521.0]": 1302
        },
        "correct_factorization_mean": {
            "(8.999, 6700.4]": 0.9961597542242704,
            "(6700.4, 13267.8]": 0.9807987711213517,
            "(13267.8, 19602.6]": 0.8785549577248271,
            "(19602.6, 25978.8]": 0.8133640552995391,
            "(25978.8, 32651.0]": 0.7273425499231951,
            "(32651.0, 39298.8]": 0.6771714066102997,
            "(39298.8, 45796.8]": 0.6451612903225806,
            "(45796.8, 52327.8]": 0.6218293620292084,
            "(52327.8, 59017.4]": 0.5921658986175116,
            "(59017.4, 65521.0]": 0.5721966205837173
        },
        "correct_factorization_size": {
            "(8.999, 6700.4]": 1302,
            "(6700.4, 13267.8]": 1302,
            "(13267.8, 19602.6]": 1301,
            "(19602.6, 25978.8]": 1302,
            "(25978.8, 32651.0]": 1302,
            "(32651.0, 39298.8]": 1301,
            "(39298.8, 45796.8]": 1302,
            "(45796.8, 52327.8]": 1301,
            "(52327.8, 59017.4]": 1302,
            "(59017.4, 65521.0]": 1302
        }
    },
    "pred_same_as_target_beam_0": {
        "0": {
            "target_is_prime": false,
            "pred_same_as_target": false,
            "correct_product_mean": 0.9563397129186603,
            "correct_product_size": 11704,
            "correct_factorization_mean": 0.6713943950786057,
            "correct_factorization_size": 11704
        },
        "1": {
            "target_is_prime": true,
            "pred_same_as_target": false,
            "correct_product_mean": 0.0,
            "correct_product_size": 17,
            "correct_factorization_mean": 0.0,
            "correct_factorization_size": 17
        },
        "2": {
            "target_is_prime": true,
            "pred_same_as_target": true,
            "correct_product_mean": 1.0,
            "correct_product_size": 1296,
            "correct_factorization_mean": 1.0,
            "correct_factorization_size": 1296
        }
    },
    "test_loss": 0.07751568740315955,
    "meta": {
        "n_beams": 2,
        "temperature": 1.0
    }
}