{
    "correct": {
        "correct_product": 0.9936237228239994,
        "correct_factorization": 0.8580318045632634
    },
    "beam_accuracy": {
        "correct_product": {
            "0": 0.9598217715295383,
            "1": 0.18283782745640317,
            "2": 0.09741107782131059,
            "3": 0.20734424214488745,
            "4": 0.04801413536145041,
            "5": 0.07889682722593531,
            "6": 0.08680955673350234,
            "7": 0.06314819082737957,
            "8": 0.017899669662748714,
            "9": 0.046170392563570715
        },
        "correct_factorization": {
            "0": 0.7033110547745256,
            "1": 0.0583851885995237,
            "2": 0.02934623953291849,
            "3": 0.16224936621341324,
            "4": 0.015057232849350849,
            "5": 0.05070292694169164,
            "6": 0.06460782054236767,
            "7": 0.045171698548052544,
            "8": 0.005147115310747484,
            "9": 0.03372512867788277
        }
    },
    "by_prob": {
        "correct_product": {
            "(-16.053, -9.212]": 0.12409768084779604,
            "(-9.212, -9.211]": 0.10191864927091328,
            "(-9.211, -9.21]": 0.1120894265370186,
            "(-9.21, -7.338]": 0.08220764183712852,
            "(-7.338, -4.809]": 0.07820542367673043,
            "(-4.809, -3.934]": 0.03787354997311208,
            "(-3.934, -3.522]": 0.04048551893677499,
            "(-3.522, -2.973]": 0.06706614427287394,
            "(-2.973, -1.404]": 0.18760082968425904,
            "(-1.404, -2.03e-06]": 0.9566720442498271
        },
        "correct_factorization": {
            "(-16.053, -9.212]": 0.0814007064966979,
            "(-9.212, -9.211]": 0.10191864927091328,
            "(-9.211, -9.21]": 0.1120894265370186,
            "(-9.21, -7.338]": 0.013971439598610575,
            "(-7.338, -4.809]": 0.0028424368133978645,
            "(-4.809, -3.934]": 0.0070676807252055005,
            "(-3.934, -3.522]": 0.017054620880387186,
            "(-3.522, -2.973]": 0.028808481216870248,
            "(-2.973, -1.404]": 0.09602827072290082,
            "(-1.404, -2.03e-06]": 0.7060766689713451
        },
        "percent_prime_factors_pred": {
            "(-16.053, -9.212]": 0.8151784980152261,
            "(-9.212, -9.211]": 0.7314684366967649,
            "(-9.211, -9.21]": 0.7791169457600201,
            "(-9.21, -7.338]": 0.881433714662194,
            "(-7.338, -4.809]": 0.8882529988257053,
            "(-4.809, -3.934]": 0.8496392690388872,
            "(-3.934, -3.522]": 0.8346210267159694,
            "(-3.522, -2.973]": 0.8317065534569474,
            "(-2.973, -1.404]": 0.8213174225158479,
            "(-1.404, -2.03e-06]": 0.7891547500155449
        }
    },
    "by_n_target_factors": {
        "correct_product_mean": {
            "1": 1.0,
            "2": 0.9993690851735015,
            "3": 0.9993948562783661,
            "4": 0.9975010412328197,
            "5": 0.9870503597122302,
            "6": 0.979002624671916,
            "7": 0.9774647887323944,
            "8": 0.9640718562874252,
            "9": 0.8617021276595744,
            "10": 0.8125,
            "11": 0.7857142857142857,
            "12": 0.875,
            "13": 1.0,
            "14": 0.5
        },
        "correct_product_size": {
            "1": 1313,
            "2": 3170,
            "3": 3305,
            "4": 2401,
            "5": 1390,
            "6": 762,
            "7": 355,
            "8": 167,
            "9": 94,
            "10": 32,
            "11": 14,
            "12": 8,
            "13": 2,
            "14": 4
        },
        "correct_factorization_mean": {
            "1": 1.0,
            "2": 0.7536277602523659,
            "3": 0.7900151285930408,
            "4": 0.914618908788005,
            "5": 0.9402877697841726,
            "6": 0.952755905511811,
            "7": 0.9633802816901409,
            "8": 0.9580838323353293,
            "9": 0.8191489361702128,
            "10": 0.8125,
            "11": 0.7857142857142857,
            "12": 0.875,
            "13": 1.0,
            "14": 0.5
        },
        "correct_factorization_size": {
            "1": 1313,
            "2": 3170,
            "3": 3305,
            "4": 2401,
            "5": 1390,
            "6": 762,
            "7": 355,
            "8": 167,
            "9": 94,
            "10": 32,
            "11": 14,
            "12": 8,
            "13": 2,
            "14": 4
        }
    },
    "by_target_number": {
        "correct_product_mean": {
            "(8.999, 6700.4]": 0.999231950844854,
            "(6700.4, 13267.8]": 0.9976958525345622,
            "(13267.8, 19602.6]": 0.9961568024596464,
            "(19602.6, 25978.8]": 0.999231950844854,
            "(25978.8, 32651.0]": 0.9961597542242704,
            "(32651.0, 39298.8]": 0.98923904688701,
            "(39298.8, 45796.8]": 0.9946236559139785,
            "(45796.8, 52327.8]": 0.9853958493466565,
            "(52327.8, 59017.4]": 0.9854070660522274,
            "(59017.4, 65521.0]": 0.9930875576036866
        },
        "correct_product_size": {
            "(8.999, 6700.4]": 1302,
            "(6700.4, 13267.8]": 1302,
            "(13267.8, 19602.6]": 1301,
            "(19602.6, 25978.8]": 1302,
            "(25978.8, 32651.0]": 1302,
            "(32651.0, 39298.8]": 1301,
            "(39298.8, 45796.8]": 1302,
            "(45796.8, 52327.8]": 1301,
            "(52327.8, 59017.4]": 1302,
            "(59017.4, 65521.0]": 1302
        },
        "correct_factorization_mean": {
            "(8.999, 6700.4]": 0.999231950844854,
            "(6700.4, 13267.8]": 0.9961597542242704,
            "(13267.8, 19602.6]": 0.9792467332820907,
            "(19602.6, 25978.8]": 0.9308755760368663,
            "(25978.8, 32651.0]": 0.8940092165898618,
            "(32651.0, 39298.8]": 0.7701767870868562,
            "(39298.8, 45796.8]": 0.7780337941628265,
            "(45796.8, 52327.8]": 0.754803996925442,
            "(52327.8, 59017.4]": 0.7357910906298003,
            "(59017.4, 65521.0]": 0.7419354838709677
        },
        "correct_factorization_size": {
            "(8.999, 6700.4]": 1302,
            "(6700.4, 13267.8]": 1302,
            "(13267.8, 19602.6]": 1301,
            "(19602.6, 25978.8]": 1302,
            "(25978.8, 32651.0]": 1302,
            "(32651.0, 39298.8]": 1301,
            "(39298.8, 45796.8]": 1302,
            "(45796.8, 52327.8]": 1301,
            "(52327.8, 59017.4]": 1302,
            "(59017.4, 65521.0]": 1302
        }
    },
    "pred_same_as_target_beam_0": {
        "0": {
            "target_is_prime": false,
            "pred_same_as_target": false,
            "correct_product_mean": 0.9566814764183186,
            "correct_product_size": 11704,
            "correct_factorization_mean": 0.6713943950786057,
            "correct_factorization_size": 11704
        },
        "1": {
            "target_is_prime": true,
            "pred_same_as_target": false,
            "correct_product_mean": 0.0,
            "correct_product_size": 16,
            "correct_factorization_mean": 0.0,
            "correct_factorization_size": 16
        },
        "2": {
            "target_is_prime": true,
            "pred_same_as_target": true,
            "correct_product_mean": 1.0,
            "correct_product_size": 1297,
            "correct_factorization_mean": 1.0,
            "correct_factorization_size": 1297
        }
    },
    "test_loss": 0.07751568740315955,
    "meta": {
        "n_beams": 10,
        "temperature": 1
    }
}