{
    "correct": {
        "correct_product": 0.9915495121763848,
        "correct_factorization": 0.8521164630867327
    },
    "beam_accuracy": {
        "correct_product": {
            "0": 0.957132979949297,
            "1": 0.20657601597910424,
            "2": 0.10839671199201045,
            "3": 0.11799953906430052,
            "4": 0.05231620188983637,
            "5": 0.08235384497195974,
            "6": 0.056848736267957285,
            "7": 0.07835906890988707,
            "8": 0.021663977875086424,
            "9": 0.06237996466159637
        },
        "correct_factorization": {
            "0": 0.6841822232465238,
            "1": 0.06760390258892218,
            "2": 0.03410924176077437,
            "3": 0.06775754782207882,
            "4": 0.014365829300145964,
            "5": 0.05031881385880003,
            "6": 0.035107935776292544,
            "7": 0.0580010755166321,
            "8": 0.004378889144964277,
            "9": 0.04916647461012522
        }
    },
    "by_prob": {
        "correct_product": {
            "(-14.032, -9.211]": 0.14125594963918317,
            "(-9.211, -8.803]": 0.09563345633456334,
            "(-8.803, -7.266]": 0.05892294691557194,
            "(-7.266, -5.602]": 0.07636168087885073,
            "(-5.602, -4.313]": 0.06230314204501805,
            "(-4.313, -3.831]": 0.03618345240838903,
            "(-3.831, -3.46]": 0.04778366751171545,
            "(-3.46, -2.931]": 0.07305830836598294,
            "(-2.931, -1.452]": 0.1970500115233925,
            "(-1.452, -1.66e-05]": 0.955442882384574
        },
        "correct_factorization": {
            "(-14.032, -9.211]": 0.12851220635651772,
            "(-9.211, -8.803]": 0.0822570725707257,
            "(-8.803, -7.266]": 0.001305984481831451,
            "(-7.266, -5.602]": 0.0008450487823615273,
            "(-5.602, -4.313]": 0.002611968963662902,
            "(-4.313, -3.831]": 0.008604133056771913,
            "(-3.831, -3.46]": 0.017899669662748714,
            "(-3.46, -2.931]": 0.03295690251209956,
            "(-2.931, -1.452]": 0.10017669201813013,
            "(-1.452, -1.66e-05]": 0.6897902742567412
        },
        "percent_prime_factors_pred": {
            "(-14.032, -9.211]": 0.7876995094060977,
            "(-9.211, -8.803]": 0.7972246017103055,
            "(-8.803, -7.266]": 0.9145987664482678,
            "(-7.266, -5.602]": 0.9051990318719666,
            "(-5.602, -4.313]": 0.8802198243520342,
            "(-4.313, -3.831]": 0.8493730420902473,
            "(-3.831, -3.46]": 0.8465988005916437,
            "(-3.46, -2.931]": 0.8445851944526652,
            "(-2.931, -1.452]": 0.8347682090940826,
            "(-1.452, -1.66e-05]": 0.779791444887086
        }
    },
    "by_n_target_factors": {
        "correct_product_mean": {
            "1": 0.9977151561309977,
            "2": 0.9981072555205047,
            "3": 0.9972768532526475,
            "4": 0.9966680549770929,
            "5": 0.9863309352517986,
            "6": 0.9711286089238845,
            "7": 0.9802816901408451,
            "8": 0.9341317365269461,
            "9": 0.8723404255319149,
            "10": 0.78125,
            "11": 0.7857142857142857,
            "12": 0.875,
            "13": 1.0,
            "14": 0.5
        },
        "correct_product_size": {
            "1": 1313,
            "2": 3170,
            "3": 3305,
            "4": 2401,
            "5": 1390,
            "6": 762,
            "7": 355,
            "8": 167,
            "9": 94,
            "10": 32,
            "11": 14,
            "12": 8,
            "13": 2,
            "14": 4
        },
        "correct_factorization_mean": {
            "1": 0.9977151561309977,
            "2": 0.7350157728706624,
            "3": 0.7866868381240545,
            "4": 0.9192003331945023,
            "5": 0.9417266187050359,
            "6": 0.9461942257217848,
            "7": 0.9661971830985916,
            "8": 0.9041916167664671,
            "9": 0.7978723404255319,
            "10": 0.75,
            "11": 0.7857142857142857,
            "12": 0.875,
            "13": 1.0,
            "14": 0.5
        },
        "correct_factorization_size": {
            "1": 1313,
            "2": 3170,
            "3": 3305,
            "4": 2401,
            "5": 1390,
            "6": 762,
            "7": 355,
            "8": 167,
            "9": 94,
            "10": 32,
            "11": 14,
            "12": 8,
            "13": 2,
            "14": 4
        }
    },
    "by_target_number": {
        "correct_product_mean": {
            "(8.999, 6700.4]": 0.999231950844854,
            "(6700.4, 13267.8]": 0.9953917050691244,
            "(13267.8, 19602.6]": 0.9953881629515757,
            "(19602.6, 25978.8]": 0.9953917050691244,
            "(25978.8, 32651.0]": 0.9953917050691244,
            "(32651.0, 39298.8]": 0.9853958493466565,
            "(39298.8, 45796.8]": 0.9877112135176651,
            "(45796.8, 52327.8]": 0.9861644888547272,
            "(52327.8, 59017.4]": 0.989247311827957,
            "(59017.4, 65521.0]": 0.9861751152073732
        },
        "correct_product_size": {
            "(8.999, 6700.4]": 1302,
            "(6700.4, 13267.8]": 1302,
            "(13267.8, 19602.6]": 1301,
            "(19602.6, 25978.8]": 1302,
            "(25978.8, 32651.0]": 1302,
            "(32651.0, 39298.8]": 1301,
            "(39298.8, 45796.8]": 1302,
            "(45796.8, 52327.8]": 1301,
            "(52327.8, 59017.4]": 1302,
            "(59017.4, 65521.0]": 1302
        },
        "correct_factorization_mean": {
            "(8.999, 6700.4]": 0.999231950844854,
            "(6700.4, 13267.8]": 0.9938556067588326,
            "(13267.8, 19602.6]": 0.9746348962336664,
            "(19602.6, 25978.8]": 0.9301075268817204,
            "(25978.8, 32651.0]": 0.8955453149001537,
            "(32651.0, 39298.8]": 0.7663335895465027,
            "(39298.8, 45796.8]": 0.761136712749616,
            "(45796.8, 52327.8]": 0.7486548808608763,
            "(52327.8, 59017.4]": 0.7334869431643625,
            "(59017.4, 65521.0]": 0.7181259600614439
        },
        "correct_factorization_size": {
            "(8.999, 6700.4]": 1302,
            "(6700.4, 13267.8]": 1302,
            "(13267.8, 19602.6]": 1301,
            "(19602.6, 25978.8]": 1302,
            "(25978.8, 32651.0]": 1302,
            "(32651.0, 39298.8]": 1301,
            "(39298.8, 45796.8]": 1302,
            "(45796.8, 52327.8]": 1301,
            "(52327.8, 59017.4]": 1302,
            "(59017.4, 65521.0]": 1302
        }
    },
    "pred_same_as_target_beam_0": {
        "0": {
            "target_is_prime": false,
            "pred_same_as_target": false,
            "correct_product_mean": 0.9547163362952836,
            "correct_product_size": 11704,
            "correct_factorization_mean": 0.6511449077238551,
            "correct_factorization_size": 11704
        },
        "1": {
            "target_is_prime": true,
            "pred_same_as_target": false,
            "correct_product_mean": 0.0,
            "correct_product_size": 28,
            "correct_factorization_mean": 0.0,
            "correct_factorization_size": 28
        },
        "2": {
            "target_is_prime": true,
            "pred_same_as_target": true,
            "correct_product_mean": 1.0,
            "correct_product_size": 1285,
            "correct_factorization_mean": 1.0,
            "correct_factorization_size": 1285
        }
    },
    "by_min_factor": {
        "0": {
            "min_factor_decile": "(1.999, 3.0]",
            "correct_product_mean": 0.9881340158213122,
            "correct_product_size": 8596,
            "correct_factorization_mean": 0.8157282456956724,
            "correct_factorization_size": 8596
        },
        "1": {
            "min_factor_decile": "(3.0, 5.0]",
            "correct_product_mean": 1.0,
            "correct_product_size": 862,