{
    "correct": {
        "correct_product": 0.9737266651302143,
        "correct_factorization": 0.7375739417684566
    },
    "beam_accuracy": {
        "correct_product": {
            "0": 0.9559806407006223,
            "1": 0.17769071214565568
        },
        "correct_factorization": {
            "0": 0.6840285780133671,
            "1": 0.0539294768379811
        }
    },
    "by_prob": {
        "correct_product": {
            "(-13.024999999999999, -6.33]": 0.10253456221198157,
            "(-6.33, -4.047]": 0.17787168651555896,
            "(-4.047, -2.81]": 0.11563580484056857,
            "(-2.81, -2.118]": 0.14823348694316435,
            "(-2.118, -1.458]": 0.3469074145217057,
            "(-1.458, -1.141]": 0.8981943910872071,
            "(-1.141, -0.82]": 0.9420122887864824,
            "(-0.82, -0.0494]": 0.9377641183250096,
            "(-0.0494, -0.004]": 0.9992316557817903,
            "(-0.004, -1.66e-05]": 1.0
        },
        "correct_factorization": {
            "(-13.024999999999999, -6.33]": 0.0007680491551459293,
            "(-6.33, -4.047]": 0.001536688436419516,
            "(-4.047, -2.81]": 0.014982712255090281,
            "(-2.81, -2.118]": 0.052995391705069124,
            "(-2.118, -1.458]": 0.17057241644256627,
            "(-1.458, -1.141]": 0.2961966961198617,
            "(-1.141, -0.82]": 0.337173579109063,
            "(-0.82, -0.0494]": 0.8171340760660776,
            "(-0.0494, -0.004]": 0.9984633115635805,
            "(-0.004, -1.66e-05]": 1.0
        },
        "percent_prime_factors_pred": {
            "(-13.024999999999999, -6.33]": 0.8914013544485921,
            "(-6.33, -4.047]": 0.8771731640536872,
            "(-4.047, -2.81]": 0.8486755209190879,
            "(-2.81, -2.118]": 0.8208708214468606,
            "(-2.118, -1.458]": 0.7952728536670183,
            "(-1.458, -1.141]": 0.4524861423632074,
            "(-1.141, -0.82]": 0.517627642454832,
            "(-0.82, -0.0494]": 0.9278611675173329,
            "(-0.0494, -0.004]": 0.999881089585277,
            "(-0.004, -1.66e-05]": 1.0
        }
    },
    "by_n_target_factors": {
        "correct_product_mean": {
            "1": 0.9916222391469917,
            "2": 0.9826498422712934,
            "3": 0.9806354009077156,
            "4": 0.9820907955018742,
            "5": 0.9748201438848921,
            "6": 0.9501312335958005,
            "7": 0.9352112676056338,
            "8": 0.8383233532934131,
            "9": 0.7127659574468085,
            "10": 0.6875,
            "11": 0.7857142857142857,
            "12": 0.875,
            "13": 0.0,
            "14": 0.25
        },
        "correct_product_size": {
            "1": 1313,
            "2": 3170,
            "3": 3305,
            "4": 2401,
            "5": 1390,
            "6": 762,
            "7": 355,
            "8": 167,
            "9": 94,
            "10": 32,
            "11": 14,
            "12": 8,
            "13": 2,
            "14": 4
        },
        "correct_factorization_mean": {
            "1": 0.9916222391469917,
            "2": 0.5574132492113565,
            "3": 0.6245083207261725,
            "4": 0.8204914618908788,
            "5": 0.9035971223021583,
            "6": 0.9146981627296588,
            "7": 0.8901408450704226,
            "8": 0.7664670658682635,
            "9": 0.6382978723404256,
            "10": 0.6875,
            "11": 0.7857142857142857,
            "12": 0.875,
            "13": 0.0,
            "14": 0.25
        },
        "correct_factorization_size": {
            "1": 1313,
            "2": 3170,
            "3": 3305,
            "4": 2401,
            "5": 1390,
            "6": 762,
            "7": 355,
            "8": 167,
            "9": 94,
            "10": 32,
            "11": 14,
            "12": 8,
            "13": 2,
            "14": 4
        }
    },
    "by_target_number": {
        "correct_product_mean": {
            "(8.999, 6700.4]": 0.9907834101382489,
            "(6700.4, 13267.8]": 0.9838709677419355,
            "(13267.8, 19602.6]": 0.9723289777094543,
            "(19602.6, 25978.8]": 0.9807987711213517,
            "(25978.8, 32651.0]": 0.9792626728110599,
            "(32651.0, 39298.8]": 0.9654112221368178,
            "(39298.8, 45796.8]": 0.966973886328725,
            "(45796.8, 52327.8]": 0.9631053036126057,
            "(52327.8, 59017.4]": 0.9639016897081413,
            "(59017.4, 65521.0]": 0.9708141321044547
        },
        "correct_product_size": {
            "(8.999, 6700.4]": 1302,
            "(6700.4, 13267.8]": 1302,
            "(13267.8, 19602.6]": 1301,
            "(19602.6, 25978.8]": 1302,
            "(25978.8, 32651.0]": 1302,
            "(32651.0, 39298.8]": 1301,
            "(39298.8, 45796.8]": 1302,
            "(45796.8, 52327.8]": 1301,
            "(52327.8, 59017.4]": 1302,
            "(59017.4, 65521.0]": 1302
        },
        "correct_factorization_mean": {
            "(8.999, 6700.4]": 0.9877112135176651,
            "(6700.4, 13267.8]": 0.9723502304147466,
            "(13267.8, 19602.6]": 0.8424289008455035,
            "(19602.6, 25978.8]": 0.8087557603686636,
            "(25978.8, 32651.0]": 0.7296466973886329,
            "(32651.0, 39298.8]": 0.6594926979246734,
            "(39298.8, 45796.8]": 0.631336405529954,
            "(45796.8, 52327.8]": 0.606456571867794,
            "(52327.8, 59017.4]": 0.5814132104454686,
            "(59017.4, 65521.0]": 0.5560675883256528
        },
        "correct_factorization_size": {
            "(8.999, 6700.4]": 1302,
            "(6700.4, 13267.8]": 1302,
            "(13267.8, 19602.6]": 1301,
            "(19602.6, 25978.8]": 1302,
            "(25978.8, 32651.0]": 1302,
            "(32651.0, 39298.8]": 1301,
            "(39298.8, 45796.8]": 1302,
            "(45796.8, 52327.8]": 1301,
            "(52327.8, 59017.4]": 1302,
            "(59017.4, 65521.0]": 1302
        }
    },
    "pred_same_as_target_beam_0": {
        "0": {
            "target_is_prime": false,
            "pred_same_as_target": false,
            "correct_product_mean": 0.9534347231715653,
            "correct_product_size": 11704,
            "correct_factorization_mean": 0.650974025974026,
            "correct_factorization_size": 11704
        },
        "1": {
            "target_is_prime": true,
            "pred_same_as_target": false,
            "correct_product_mean": 0.0,
            "correct_product_size": 28,
            "correct_factorization_mean": 0.0,
            "correct_factorization_size": 28
        },
        "2": {
            "target_is_prime": true,
            "pred_same_as_target": true,
            "correct_product_mean": 1.0,
            "correct_product_size": 1285,
            "correct_factorization_mean": 1.0,
            "correct_factorization_size": 1285
        }
    },
    "test_loss": 0.08167111496532373,
    "meta": {
        "n_beams": 2,
        "temperature": 1
    }
}