{
    "correct": {
        "correct_product": 0.8843819620496274,
        "correct_factorization": 0.5563493892601982
    },
    "beam_accuracy": {
        "correct_product": {
            "0": 0.6104325113313359,
            "1": 0.12191749250979489,
            "2": 0.08158561880617654,
            "3": 0.06145809326265653,
            "4": 0.05031881385880003,
            "5": 0.04086963201966659,
            "6": 0.03595298455865407,
            "7": 0.0327264346623646,
            "8": 0.030498578781593302,
            "9": 0.01966658984405009
        },
        "correct_factorization": {
            "0": 0.2395329184912038,
            "1": 0.07190596911730814,
            "2": 0.05531228393639087,
            "3": 0.04040869632019667,
            "4": 0.03641392025812399,
            "5": 0.027425674118460475,
            "6": 0.024736882538219252,
            "7": 0.024199124222171006,
            "8": 0.02197126834139971,
            "9": 0.014442651916724284
        }
    },
    "by_prob": {
        "correct_product": {
            "(-11.895999999999999, -4.324]": 0.013828070984097718,
            "(-4.324, -3.975]": 0.018360605362218636,
            "(-3.975, -3.736]": 0.023584543289544443,
            "(-3.736, -3.531]": 0.03264961204578628,
            "(-3.531, -3.327]": 0.03925635707152186,
            "(-3.327, -3.106]": 0.05200891142352308,
            "(-3.106, -2.837]": 0.06814166090497042,
            "(-2.837, -2.467]": 0.08527310440193593,
            "(-2.467, -1.841]": 0.15702542828608743,
            "(-1.841, -0.0174]": 0.5952984558654068
        },
        "correct_factorization": {
            "(-11.895999999999999, -4.324]": 0.008680955673350234,
            "(-4.324, -3.975]": 0.01282937696857955,
            "(-3.975, -3.736]": 0.01613274948144734,
            "(-3.736, -3.531]": 0.023123607590074518,
            "(-3.531, -3.327]": 0.026119689636629025,
            "(-3.327, -3.106]": 0.03656756549128063,
            "(-3.106, -2.837]": 0.046170392563570715,
            "(-2.837, -2.467]": 0.05561957440270415,
            "(-2.467, -1.841]": 0.08481216870246601,
            "(-1.841, -0.0174]": 0.24629330875009603
        },
        "percent_prime_factors_pred": {
            "(-11.895999999999999, -4.324]": 0.9881609031413127,
            "(-4.324, -3.975]": 0.984944047527591,
            "(-3.975, -3.736]": 0.9830772579447371,
            "(-3.736, -3.531]": 0.981760298803394,
            "(-3.531, -3.327]": 0.9806074108217424,
            "(-3.327, -3.106]": 0.9797367545005222,
            "(-3.106, -2.837]": 0.9765639804358358,
            "(-2.837, -2.467]": 0.9728957004942204,
            "(-2.467, -1.841]": 0.9468707587513701,
            "(-1.841, -0.0174]": 0.7196678702209935
        }
    },
    "by_n_target_factors": {
        "correct_product_mean": {
            "1": 0.9984767707539984,
            "2": 0.9886435331230284,
            "3": 0.9649016641452345,
            "4": 0.8667221990837152,
            "5": 0.7122302158273381,
            "6": 0.573490813648294,
            "7": 0.5521126760563381,
            "8": 0.5449101796407185,
            "9": 0.6382978723404256,
            "10": 0.53125,
            "11": 0.35714285714285715,
            "12": 0.125,
            "13": 0.0,
            "14": 0.0
        },
        "correct_product_size": {
            "1": 1313,
            "2": 3170,
            "3": 3305,
            "4": 2401,
            "5": 1390,
            "6": 762,
            "7": 355,
            "8": 167,
            "9": 94,
            "10": 32,
            "11": 14,
            "12": 8,
            "13": 2,
            "14": 4
        },
        "correct_factorization_mean": {
            "1": 0.9984767707539984,
            "2": 0.5681388012618297,
            "3": 0.48714069591527986,
            "4": 0.4864639733444398,
            "5": 0.47697841726618706,
            "6": 0.4448818897637795,
            "7": 0.5098591549295775,
            "8": 0.5149700598802395,
            "9": 0.6382978723404256,
            "10": 0.53125,
            "11": 0.35714285714285715,
            "12": 0.125,
            "13": 0.0,
            "14": 0.0
        },
        "correct_factorization_size": {
            "1": 1313,
            "2": 3170,
            "3": 3305,
            "4": 2401,
            "5": 1390,
            "6": 762,
            "7": 355,
            "8": 167,
            "9": 94,
            "10": 32,
            "11": 14,
            "12": 8,
            "13": 2,
            "14": 4
        }
    },
    "by_target_number": {
        "correct_product_mean": {
            "(8.999, 6700.4]": 0.9109062980030722,
            "(6700.4, 13267.8]": 0.9132104454685099,
            "(13267.8, 19602.6]": 0.9100691775557264,
            "(19602.6, 25978.8]": 0.9078341013824884,
            "(25978.8, 32651.0]": 0.890937019969278,
            "(32651.0, 39298.8]": 0.8578016910069177,
            "(39298.8, 45796.8]": 0.858678955453149,
            "(45796.8, 52327.8]": 0.8762490392006149,
            "(52327.8, 59017.4]": 0.8740399385560675,
            "(59017.4, 65521.0]": 0.8440860215053764
        },
        "correct_product_size": {
            "(8.999, 6700.4]": 1302,
            "(6700.4, 13267.8]": 1302,
            "(13267.8, 19602.6]": 1301,
            "(19602.6, 25978.8]": 1302,
            "(25978.8, 32651.0]": 1302,
            "(32651.0, 39298.8]": 1301,
            "(39298.8, 45796.8]": 1302,
            "(45796.8, 52327.8]": 1301,
            "(52327.8, 59017.4]": 1302,
            "(59017.4, 65521.0]": 1302
        },
        "correct_factorization_mean": {
            "(8.999, 6700.4]": 0.7887864823348695,
            "(6700.4, 13267.8]": 0.7411674347158218,
            "(13267.8, 19602.6]": 0.6840891621829363,
            "(19602.6, 25978.8]": 0.6236559139784946,
            "(25978.8, 32651.0]": 0.5775729646697388,
            "(32651.0, 39298.8]": 0.45426594926979247,
            "(39298.8, 45796.8]": 0.4416282642089094,
            "(45796.8, 52327.8]": 0.4465795541890853,
            "(52327.8, 59017.4]": 0.42473118279569894,
            "(59017.4, 65521.0]": 0.38095238095238093
        },
        "correct_factorization_size": {
            "(8.999, 6700.4]": 1302,
            "(6700.4, 13267.8]": 1302,
            "(13267.8, 19602.6]": 1301,
            "(19602.6, 25978.8]": 1302,
            "(25978.8, 32651.0]": 1302,
            "(32651.0, 39298.8]": 1301,
            "(39298.8, 45796.8]": 1302,
            "(45796.8, 52327.8]": 1301,
            "(52327.8, 59017.4]": 1302,
            "(59017.4, 65521.0]": 1302
        }
    },
    "pred_same_as_target_beam_0": {
        "0": {
            "target_is_prime": false,
            "pred_same_as_target": false,
            "correct_product_mean": 0.5715994531784006,
            "correct_product_size": 11704,
            "correct_factorization_mean": 0.1590909090909091,
            "correct_factorization_size": 11704
        },
        "1": {
            "target_is_prime": true,
            "pred_same_as_target": false,
            "correct_product_mean": 0.0,
            "correct_product_size": 57,
            "correct_factorization_mean": 0.0,
            "correct_factorization_size": 57
        },
        "2": {
            "target_is_prime": true,
            "pred_same_as_target": true,
            "correct_product_mean": 1.0,
            "correct_product_size": 1256,
            "correct_factorization_mean": 1.0,
            "correct_factorization_size": 1256
        }
    },
    "test_loss": 0.19864606214504615,
    "meta": {
        "n_beams": 10,
        "temperature": 1
    }
}