{
    "correct": {
        "correct_product": 0.6478451256049781,
        "correct_factorization": 0.29883997848966737
    },
    "beam_accuracy": {
        "correct_product": {
            "0": 0.591995083352539,
            "1": 0.09088115541215334
        },
        "correct_factorization": {
            "0": 0.2335407543980948,
            "1": 0.06529922409157256
        }
    },
    "by_prob": {
        "correct_product": {
            "(-12.793999999999999, -3.247]": 0.021889400921658985,
            "(-3.247, -2.776]": 0.05762581636573185,
            "(-2.776, -2.432]": 0.07337687283903188,
            "(-2.432, -2.148]": 0.10176651305683564,
            "(-2.148, -1.891]": 0.17748751440645408,
            "(-1.891, -1.649]": 0.3311563580484057,
            "(-1.649, -1.411]": 0.488863287250384,
            "(-1.411, -1.176]": 0.6238955051863234,
            "(-1.176, -0.926]": 0.7518248175182481,
            "(-0.926, -0.0174]": 0.7864823348694316
        },
        "correct_factorization": {
            "(-12.793999999999999, -3.247]": 0.013440860215053764,
            "(-3.247, -2.776]": 0.040338071456012294,
            "(-2.776, -2.432]": 0.05455243949289282,
            "(-2.432, -2.148]": 0.06605222734254992,
            "(-2.148, -1.891]": 0.08643872454859777,
            "(-1.891, -1.649]": 0.1448328851325394,
            "(-1.649, -1.411]": 0.18855606758832566,
            "(-1.411, -1.176]": 0.22742988859008836,
            "(-1.176, -0.926]": 0.29504417979254705,
            "(-0.926, -0.0174]": 0.3774961597542243
        },
        "percent_prime_factors_pred": {
            "(-12.793999999999999, -3.247]": 0.9652329749103943,
            "(-3.247, -2.776]": 0.9623255218337815,
            "(-2.776, -2.432]": 0.9770649250864388,
            "(-2.432, -2.148]": 0.9723182283666154,
            "(-2.148, -1.891]": 0.9372518888462017,
            "(-1.891, -1.649]": 0.8623063132283268,
            "(-1.649, -1.411]": 0.7719534050179226,
            "(-1.411, -1.176]": 0.6892367780765792,
            "(-1.176, -0.926]": 0.6172045076194138,
            "(-0.926, -0.0174]": 0.6549539170506915
        }
    },
    "by_n_target_factors": {
        "correct_product_mean": {
            "1": 0.9352627570449352,
            "2": 0.8949526813880126,
            "3": 0.7500756429652042,
            "4": 0.523948354852145,
            "5": 0.29784172661870506,
            "6": 0.1889763779527559,
            "7": 0.11830985915492957,
            "8": 0.07784431137724551,
            "9": 0.13829787234042554,
            "10": 0.09375,
            "11": 0.14285714285714285,
            "12": 0.0,
            "13": 0.0,
            "14": 0.0
        },
        "correct_product_size": {
            "1": 1313,
            "2": 3170,
            "3": 3305,
            "4": 2401,
            "5": 1390,
            "6": 762,
            "7": 355,
            "8": 167,
            "9": 94,
            "10": 32,
            "11": 14,
            "12": 8,
            "13": 2,
            "14": 4
        },
        "correct_factorization_mean": {
            "1": 0.9352627570449352,
            "2": 0.39558359621451106,
            "3": 0.21996974281391832,
            "4": 0.15993336109954187,
            "5": 0.10863309352517986,
            "6": 0.1089238845144357,
            "7": 0.09014084507042254,
            "8": 0.07784431137724551,
            "9": 0.13829787234042554,
            "10": 0.09375,
            "11": 0.14285714285714285,
            "12": 0.0,
            "13": 0.0,
            "14": 0.0
        },
        "correct_factorization_size": {
            "1": 1313,
            "2": 3170,
            "3": 3305,
            "4": 2401,
            "5": 1390,
            "6": 762,
            "7": 355,
            "8": 167,
            "9": 94,
            "10": 32,
            "11": 14,
            "12": 8,
            "13": 2,
            "14": 4
        }
    },
    "by_target_number": {
        "correct_product_mean": {
            "(8.999, 6700.4]": 0.565284178187404,
            "(6700.4, 13267.8]": 0.5929339477726574,
            "(13267.8, 19602.6]": 0.6364335126825519,
            "(19602.6, 25978.8]": 0.6712749615975423,
            "(25978.8, 32651.0]": 0.663594470046083,
            "(32651.0, 39298.8]": 0.6564181398923905,
            "(39298.8, 45796.8]": 0.6858678955453149,
            "(45796.8, 52327.8]": 0.6779400461183704,
            "(52327.8, 59017.4]": 0.6881720430107527,
            "(59017.4, 65521.0]": 0.6405529953917051
        },
        "correct_product_size": {
            "(8.999, 6700.4]": 1302,
            "(6700.4, 13267.8]": 1302,
            "(13267.8, 19602.6]": 1301,
            "(19602.6, 25978.8]": 1302,
            "(25978.8, 32651.0]": 1302,
            "(32651.0, 39298.8]": 1301,
            "(39298.8, 45796.8]": 1302,
            "(45796.8, 52327.8]": 1301,
            "(52327.8, 59017.4]": 1302,
            "(59017.4, 65521.0]": 1302
        },
        "correct_factorization_mean": {
            "(8.999, 6700.4]": 0.4062980030721966,
            "(6700.4, 13267.8]": 0.36789554531490015,
            "(13267.8, 19602.6]": 0.3328209069946195,
            "(19602.6, 25978.8]": 0.34101382488479265,
            "(25978.8, 32651.0]": 0.27956989247311825,
            "(32651.0, 39298.8]": 0.2682551883166795,
            "(39298.8, 45796.8]": 0.26574500768049153,
            "(45796.8, 52327.8]": 0.2605687932359723,
            "(52327.8, 59017.4]": 0.2542242703533026,
            "(59017.4, 65521.0]": 0.2119815668202765
        },
        "correct_factorization_size": {
            "(8.999, 6700.4]": 1302,
            "(6700.4, 13267.8]": 1302,
            "(13267.8, 19602.6]": 1301,
            "(19602.6, 25978.8]": 1302,
            "(25978.8, 32651.0]": 1302,
            "(32651.0, 39298.8]": 1301,
            "(39298.8, 45796.8]": 1302,
            "(45796.8, 52327.8]": 1301,
            "(52327.8, 59017.4]": 1302,
            "(59017.4, 65521.0]": 1302
        }
    },
    "pred_same_as_target_beam_0": {
        "0": {
            "target_is_prime": false,
            "pred_same_as_target": false,
            "correct_product_mean": 0.5546821599453179,
            "correct_product_size": 11704,
            "correct_factorization_mean": 0.15601503759398497,
            "correct_factorization_size": 11704
        },
        "1": {
            "target_is_prime": true,
            "pred_same_as_target": false,
            "correct_product_mean": 0.0,
            "correct_product_size": 99,
            "correct_factorization_mean": 0.0,
            "correct_factorization_size": 99
        },
        "2": {
            "target_is_prime": true,
            "pred_same_as_target": true,
            "correct_product_mean": 1.0,
            "correct_product_size": 1214,
            "correct_factorization_mean": 1.0,
            "correct_factorization_size": 1214
        }
    },
    "test_loss": 0.19864606214504615,
    "meta": {
        "n_beams": 2,
        "temperature": 1.0
    }
}