{
    "correct": {
        "correct_product": 0.287109375,
        "correct_factorization": 0.21142578125
    },
    "beam_accuracy": {
        "correct_product": {
            "0": 0.24365234375,
            "1": 0.06103515625
        },
        "correct_factorization": {
            "0": 0.17333984375,
            "1": 0.0380859375
        }
    },
    "by_prob": {
        "group_size": {
            "(-12.421999999999999, -5.709]": 410.0,
            "(-5.709, -3.448]": 410.0,
            "(-3.448, -2.505]": 409.0,
            "(-2.505, -2.15]": 410.0,
            "(-2.15, -1.447]": 409.0,
            "(-1.447, -0.954]": 410.0,
            "(-0.954, -0.416]": 409.0,
            "(-0.416, -0.0694]": 410.0,
            "(-0.0694, -0.00829]": 409.0,
            "(-0.00829, -2.85e-05]": 410.0
        },
        "correct_product": {
            "(-12.421999999999999, -5.709]": 0.04390243902439024,
            "(-5.709, -3.448]": 0.046341463414634146,
            "(-3.448, -2.505]": 0.0488997555012225,
            "(-2.505, -2.15]": 0.05609756097560976,
            "(-2.15, -1.447]": 0.18581907090464547,
            "(-1.447, -0.954]": 0.4195121951219512,
            "(-0.954, -0.416]": 0.22493887530562348,
            "(-0.416, -0.0694]": 0.16829268292682928,
            "(-0.0694, -0.00829]": 0.13691931540342298,
            "(-0.00829, -2.85e-05]": 0.1926829268292683
        },
        "correct_factorization": {
            "(-12.421999999999999, -5.709]": 0.01707317073170732,
            "(-5.709, -3.448]": 0.024390243902439025,
            "(-3.448, -2.505]": 0.03667481662591687,
            "(-2.505, -2.15]": 0.03170731707317073,
            "(-2.15, -1.447]": 0.097799511002445,
            "(-1.447, -0.954]": 0.20243902439024392,
            "(-0.954, -0.416]": 0.15158924205378974,
            "(-0.416, -0.0694]": 0.16585365853658537,
            "(-0.0694, -0.00829]": 0.13691931540342298,
            "(-0.00829, -2.85e-05]": 0.1926829268292683
        },
        "percent_prime_factors_pred": {
            "(-12.421999999999999, -5.709]": 0.9303765001935737,
            "(-5.709, -3.448]": 0.9378252032520328,
            "(-3.448, -2.505]": 0.9052974735126327,
            "(-2.505, -2.15]": 0.8781068524970964,
            "(-2.15, -1.447]": 0.8038712306438468,
            "(-1.447, -0.954]": 0.763042973286876,
            "(-0.954, -0.416]": 0.8570671789498197,
            "(-0.416, -0.0694]": 0.9880255516840883,
            "(-0.0694, -0.00829]": 0.9987775061124694,
            "(-0.00829, -2.85e-05]": 1.0
        }
    },
    "by_num_target_factors": {
        "group_size": {
            "1": 192,
            "2": 466,
            "3": 501,
            "4": 401,
            "5": 237,
            "6": 131,
            "7": 62,
            "8": 32,
            "9": 12,
            "10": 7,
            "11": 5,
            "12": 1,
            "16": 1
        },
        "correct_product_mean": {
            "1": 0.59375,
            "2": 0.3562231759656652,
            "3": 0.22954091816367264,
            "4": 0.20698254364089774,
            "5": 0.25738396624472576,
            "6": 0.1984732824427481,
            "7": 0.25806451612903225,
            "8": 0.0625,
            "9": 0.16666666666666666,
            "10": 0.14285714285714285,
            "11": 0.4,
            "12": 0.0,
            "16": 0.0
        },
        "correct_factorization_mean": {
            "1": 0.59375,
            "2": 0.11587982832618025,
            "3": 0.15568862275449102,
            "4": 0.1970074812967581,
            "5": 0.2489451476793249,
            "6": 0.1984732824427481,
            "7": 0.25806451612903225,
            "8": 0.0625,
            "9": 0.16666666666666666,
            "10": 0.14285714285714285,
            "11": 0.4,
            "12": 0.0,
            "16": 0.0
        }
    },
    "by_input_num": {
        "group_size": {
            "(65535.999, 65740.7]": 205,
            "(65740.7, 65945.4]": 205,
            "(65945.4, 66150.1]": 205,
            "(66150.1, 66354.8]": 204,
            "(66354.8, 66559.5]": 205,
            "(66559.5, 66764.2]": 205,
            "(66764.2, 66968.9]": 204,
            "(66968.9, 67173.6]": 205,
            "(67173.6, 67378.3]": 205,
            "(67378.3, 67583.0]": 205
        },
        "correct_product_mean": {
            "(65535.999, 65740.7]": 0.8682926829268293,
            "(65740.7, 65945.4]": 0.5414634146341464,
            "(65945.4, 66150.1]": 0.7902439024390244,
            "(66150.1, 66354.8]": 0.004901960784313725,
            "(66354.8, 66559.5]": 0.1951219512195122,
            "(66559.5, 66764.2]": 0.06341463414634146,
            "(66764.2, 66968.9]": 0.014705882352941176,
            "(66968.9, 67173.6]": 0.1024390243902439,
            "(67173.6, 67378.3]": 0.2,
            "(67378.3, 67583.0]": 0.08780487804878048
        },
        "correct_factorization_mean": {
            "(65535.999, 65740.7]": 0.7609756097560976,
            "(65740.7, 65945.4]": 0.3951219512195122,
            "(65945.4, 66150.1]": 0.6487804878048781,
            "(66150.1, 66354.8]": 0.004901960784313725,
            "(66354.8, 66559.5]": 0.08780487804878048,
            "(66559.5, 66764.2]": 0.03902439024390244,
            "(66764.2, 66968.9]": 0.004901960784313725,
            "(66968.9, 67173.6]": 0.05365853658536585,
            "(67173.6, 67378.3]": 0.07317073170731707,
            "(67378.3, 67583.0]": 0.04390243902439024
        }
    },
    "pred_same_as_input_beam_0": {
        "0": {
            "input_is_prime": false,
            "pred_same_as_input": false,
            "group_size": 1720,
            "correct_product_mean": 0.15058139534883722,
            "correct_factorization_mean": 0.14593023255813953
        },
        "1": {
            "input_is_prime": false,
            "pred_same_as_input": true,
            "group_size": 136,
            "correct_product_mean": 1.0,
            "correct_factorization_mean": 0.0
        },
        "2": {
            "input_is_prime": true,
            "pred_same_as_input": false,
            "group_size": 88,
            "correct_product_mean": 0.0,
            "correct_factorization_mean": 0.0
        },
        "3": {
            "input_is_prime": true,
            "pred_same_as_input": true,
            "group_size": 104,
            "correct_product_mean": 1.0,
            "correct_factorization_mean": 1.0
        }
    },
    "by_min_factor_composite_only": {
        "0": {
            "min_factor_decile": "(1.999, 3.0]",
            "group_size": 1365,
            "correct_product_mean": 0.19413919413919414,
            "correct_factorization_mean": 0.14945054945054945
        },
        "1": {
            "min_factor_decile": "(3.0, 5.0]",
            "group_size": 136,
            "correct_product_mean": 0.2647058823529412,
            "correct_factorization_mean": 0.20588235294117646
        },
        "2": {
            "min_factor_decile": "(5.0, 17.0]",
            "group_size": 176,
            "correct_product_mean": 0.4318181818181818,
            "correct_factorization_mean": 0.10795454545454546
        },
        "3": {
            "min_factor_decile": "(17.0, 257.0]",
            "group_size": 179,
            "correct_product_mean": 0.5418994413407822,
            "correct_factorization_mean": 0.0
        }
    },
    "loss": 0.5127738928422332,
    "meta": {
        "n_beams": 2,
        "temperature": 1.0
    }
}