{
    "correct": {
        "correct_product": 0.9875531268973892,
        "correct_factorization": 0.9064966605950212
    },
    "beam_accuracy": {
        "correct_product": {
            "0": 0.9676684881602914,
            "1": 0.23178506375227687
        },
        "correct_factorization": {
            "0": 0.8734061930783242,
            "1": 0.033242258652094715
        }
    },
    "by_prob": {
        "group_size": {
            "(-14.399999999999999, -9.21]": 1321.0,
            "(-9.21, -7.488]": 1315.0,
            "(-7.488, -5.322]": 1317.0,
            "(-5.322, -2.65]": 1318.0,
            "(-2.65, -1.119]": 1317.0,
            "(-1.119, -0.22]": 1318.0,
            "(-0.22, -0.0113]": 1317.0,
            "(-0.0113, -0.00132]": 1318.0,
            "(-0.00132, -0.000203]": 1317.0,
            "(-0.000203, -1.91e-06]": 1318.0
        },
        "correct_product": {
            "(-14.399999999999999, -9.21]": 0.186222558667676,
            "(-9.21, -7.488]": 0.1688212927756654,
            "(-7.488, -5.322]": 0.2270311313591496,
            "(-5.322, -2.65]": 0.23672230652503792,
            "(-2.65, -1.119]": 0.3363705391040243,
            "(-1.119, -0.22]": 0.8581183611532626,
            "(-0.22, -0.0113]": 0.9848139711465452,
            "(-0.0113, -0.00132]": 0.9992412746585736,
            "(-0.00132, -0.000203]": 1.0,
            "(-0.000203, -1.91e-06]": 1.0
        },
        "correct_factorization": {
            "(-14.399999999999999, -9.21]": 0.000757002271006813,
            "(-9.21, -7.488]": 0.0,
            "(-7.488, -5.322]": 0.0,
            "(-5.322, -2.65]": 0.01896813353566009,
            "(-2.65, -1.119]": 0.14350797266514806,
            "(-1.119, -0.22]": 0.4628224582701062,
            "(-0.22, -0.0113]": 0.9104024297646166,
            "(-0.0113, -0.00132]": 0.9969650986342944,
            "(-0.00132, -0.000203]": 1.0,
            "(-0.000203, -1.91e-06]": 1.0
        },
        "percent_prime_factors_pred": {
            "(-14.399999999999999, -9.21]": 0.815750753998291,
            "(-9.21, -7.488]": 0.8897199589595013,
            "(-7.488, -5.322]": 0.8902809415337877,
            "(-5.322, -2.65]": 0.8517504877520047,
            "(-2.65, -1.119]": 0.8411541381928622,
            "(-1.119, -0.22]": 0.6466236722306522,
            "(-0.22, -0.0113]": 0.9374841812199443,
            "(-0.0113, -0.00132]": 0.9977238239757208,
            "(-0.00132, -0.000203]": 1.0,
            "(-0.000203, -1.91e-06]": 1.0
        }
    },
    "by_num_target_factors": {
        "group_size": {
            "1": 668,
            "2": 1601,
            "3": 1720,
            "4": 1198,
            "5": 715,
            "6": 373,
            "7": 165,
            "8": 79,
            "9": 35,
            "10": 20,
            "11": 8,
            "12": 3,
            "13": 3
        },
        "correct_product_mean": {
            "1": 0.9850299401197605,
            "2": 0.9862585883822611,
            "3": 0.9895348837209302,
            "4": 0.9833055091819699,
            "5": 0.9902097902097902,
            "6": 0.9946380697050938,
            "7": 0.9939393939393939,
            "8": 1.0,
            "9": 1.0,
            "10": 0.95,
            "11": 1.0,
            "12": 1.0,
            "13": 0.6666666666666666
        },
        "correct_factorization_mean": {
            "1": 0.9850299401197605,
            "2": 0.749531542785759,
            "3": 0.9122093023255814,
            "4": 0.9657762938230384,
            "5": 0.9888111888111888,
            "6": 0.9946380697050938,
            "7": 0.9939393939393939,
            "8": 1.0,
            "9": 1.0,
            "10": 0.95,
            "11": 1.0,
            "12": 1.0,
            "13": 0.6666666666666666
        }
    },
    "by_input_num": {
        "group_size": {
            "(7.999, 6350.5]": 659,
            "(6350.5, 12996.8]": 659,
            "(12996.8, 19472.5]": 659,
            "(19472.5, 26116.8]": 658,
            "(26116.8, 32574.0]": 659,
            "(32574.0, 39331.6]": 659,
            "(39331.6, 46013.7]": 658,
            "(46013.7, 52699.4]": 659,
            "(52699.4, 59007.6]": 659,
            "(59007.6, 65528.0]": 659
        },
        "correct_product_mean": {
            "(7.999, 6350.5]": 1.0,
            "(6350.5, 12996.8]": 0.9984825493171472,
            "(12996.8, 19472.5]": 1.0,
            "(19472.5, 26116.8]": 0.9924012158054711,
            "(26116.8, 32574.0]": 0.9908952959028832,
            "(32574.0, 39331.6]": 0.9696509863429439,
            "(39331.6, 46013.7]": 0.9756838905775076,
            "(46013.7, 52699.4]": 0.9787556904400607,
            "(52699.4, 59007.6]": 0.9863429438543247,
            "(59007.6, 65528.0]": 0.9833080424886191
        },
        "correct_factorization_mean": {
            "(7.999, 6350.5]": 0.9984825493171472,
            "(6350.5, 12996.8]": 0.9969650986342944,
            "(12996.8, 19472.5]": 0.9954476479514416,
            "(19472.5, 26116.8]": 0.9422492401215805,
            "(26116.8, 32574.0]": 0.9408194233687405,
            "(32574.0, 39331.6]": 0.8391502276176024,
            "(39331.6, 46013.7]": 0.8465045592705167,
            "(46013.7, 52699.4]": 0.849772382397572,
            "(52699.4, 59007.6]": 0.834597875569044,
            "(59007.6, 65528.0]": 0.8209408194233687
        }
    },
    "pred_same_as_input_beam_0": {
        "0": {
            "input_is_prime": false,
            "pred_same_as_input": false,
            "group_size": 5428,
            "correct_product_mean": 0.9655490051584378,
            "correct_factorization_mean": 0.941783345615328
        },
        "1": {
            "input_is_prime": false,
            "pred_same_as_input": true,
            "group_size": 492,
            "correct_product_mean": 1.0,
            "correct_factorization_mean": 0.0
        },
        "2": {
            "input_is_prime": true,
            "pred_same_as_input": false,
            "group_size": 26,
            "correct_product_mean": 0.0,
            "correct_factorization_mean": 0.0
        },
        "3": {
            "input_is_prime": true,
            "pred_same_as_input": true,
            "group_size": 642,
            "correct_product_mean": 1.0,
            "correct_factorization_mean": 1.0
        }
    },
    "by_min_factor_composite_only": {
        "0": {
            "min_factor_decile": "(1.999, 3.0]",
            "group_size": 4339,
            "correct_product_mean": 0.9956211108550357,
            "correct_factorization_mean": 0.9539064300530076
        },
        "1": {
            "min_factor_decile": "(3.0, 5.0]",
            "group_size": 447,
            "correct_product_mean": 0.9574944071588367,
            "correct_factorization_mean": 0.9105145413870246
        },
        "2": {
            "min_factor_decile": "(5.0, 17.0]",
            "group_size": 614,
            "correct_product_mean": 0.9739413680781759,
            "correct_factorization_mean": 0.6986970684039088
        },
        "3": {
            "min_factor_decile": "(17.0, 241.0]",
            "group_size": 520,
            "correct_product_mean": 0.9653846153846154,
            "correct_factorization_mean": 0.26346153846153847
        }
    },
    "loss": 0.032361894216872036,
    "meta": {
        "n_beams": 2,
        "temperature": 1.0
    }
}