{
    "correct": {
        "correct_product": 0.9766241651487553,
        "correct_factorization": 0.8425925925925926
    },
    "beam_accuracy": {
        "correct_product": {
            "0": 0.9565877352762598,
            "1": 0.22161505768063144
        },
        "correct_factorization": {
            "0": 0.8061627200971463,
            "1": 0.03642987249544627
        }
    },
    "by_prob": {
        "group_size": {
            "(-15.205, -9.21]": 1321.0,
            "(-9.21, -7.407]": 1315.0,
            "(-7.407, -4.492]": 1317.0,
            "(-4.492, -2.475]": 1318.0,
            "(-2.475, -1.252]": 1317.0,
            "(-1.252, -0.79]": 1318.0,
            "(-0.79, -0.0231]": 1317.0,
            "(-0.0231, -0.00117]": 1318.0,
            "(-0.00117, -0.000143]": 1317.0,
            "(-0.000143, -1.43e-06]": 1318.0
        },
        "correct_product": {
            "(-15.205, -9.21]": 0.21347464042392128,
            "(-9.21, -7.407]": 0.18859315589353612,
            "(-7.407, -4.492]": 0.24525436598329536,
            "(-4.492, -2.475]": 0.165402124430956,
            "(-2.475, -1.252]": 0.3014426727410782,
            "(-1.252, -0.79]": 0.8907435508345979,
            "(-0.79, -0.0231]": 0.8891419893697798,
            "(-0.0231, -0.00117]": 0.9969650986342944,
            "(-0.00117, -0.000143]": 1.0,
            "(-0.000143, -1.43e-06]": 1.0
        },
        "correct_factorization": {
            "(-15.205, -9.21]": 0.0,
            "(-9.21, -7.407]": 0.0007604562737642585,
            "(-7.407, -4.492]": 0.0015186028853454822,
            "(-4.492, -2.475]": 0.03186646433990895,
            "(-2.475, -1.252]": 0.1442672741078208,
            "(-1.252, -0.79]": 0.33839150227617604,
            "(-0.79, -0.0231]": 0.70083523158694,
            "(-0.0231, -0.00117]": 0.996206373292868,
            "(-0.00117, -0.000143]": 0.9992406985573272,
            "(-0.000143, -1.43e-06]": 1.0
        },
        "percent_prime_factors_pred": {
            "(-15.205, -9.21]": 0.8365584033260036,
            "(-9.21, -7.407]": 0.878647474198805,
            "(-7.407, -4.492]": 0.84832953682612,
            "(-4.492, -2.475]": 0.8203750873136305,
            "(-2.475, -1.252]": 0.8202757590001325,
            "(-1.252, -0.79]": 0.48141032589059907,
            "(-0.79, -0.0231]": 0.8591396391510286,
            "(-0.0231, -0.00117]": 0.9997470915528579,
            "(-0.00117, -0.000143]": 0.9998481397114655,
            "(-0.000143, -1.43e-06]": 1.0
        }
    },
    "by_num_target_factors": {
        "group_size": {
            "1": 668,
            "2": 1601,
            "3": 1720,
            "4": 1198,
            "5": 715,
            "6": 373,
            "7": 165,
            "8": 79,
            "9": 35,
            "10": 20,
            "11": 8,
            "12": 3,
            "13": 3
        },
        "correct_product_mean": {
            "1": 0.9970059880239521,
            "2": 0.9850093691442848,
            "3": 0.986046511627907,
            "4": 0.988313856427379,
            "5": 0.9804195804195804,
            "6": 0.9463806970509383,
            "7": 0.8727272727272727,
            "8": 0.8481012658227848,
            "9": 0.7428571428571429,
            "10": 0.65,
            "11": 0.625,
            "12": 0.6666666666666666,
            "13": 0.0
        },
        "correct_factorization_mean": {
            "1": 0.9970059880239521,
            "2": 0.6808244846970644,
            "3": 0.8058139534883721,
            "4": 0.9323873121869783,
            "5": 0.9776223776223776,
            "6": 0.9115281501340483,
            "7": 0.8484848484848485,
            "8": 0.8481012658227848,
            "9": 0.7428571428571429,
            "10": 0.65,
            "11": 0.625,
            "12": 0.6666666666666666,
            "13": 0.0
        }
    },
    "by_input_num": {
        "group_size": {
            "(7.999, 6350.5]": 659,
            "(6350.5, 12996.8]": 659,
            "(12996.8, 19472.5]": 659,
            "(19472.5, 26116.8]": 658,
            "(26116.8, 32574.0]": 659,
            "(32574.0, 39331.6]": 659,
            "(39331.6, 46013.7]": 658,
            "(46013.7, 52699.4]": 659,
            "(52699.4, 59007.6]": 659,
            "(59007.6, 65528.0]": 659
        },
        "correct_product_mean": {
            "(7.999, 6350.5]": 0.9969650986342944,
            "(6350.5, 12996.8]": 0.9969650986342944,
            "(12996.8, 19472.5]": 0.9954476479514416,
            "(19472.5, 26116.8]": 0.9741641337386018,
            "(26116.8, 32574.0]": 0.9711684370257967,
            "(32574.0, 39331.6]": 0.9802731411229135,
            "(39331.6, 46013.7]": 0.9604863221884499,
            "(46013.7, 52699.4]": 0.952959028831563,
            "(52699.4, 59007.6]": 0.9681335356600911,
            "(59007.6, 65528.0]": 0.9696509863429439
        },
        "correct_factorization_mean": {
            "(7.999, 6350.5]": 0.9969650986342944,
            "(6350.5, 12996.8]": 0.9969650986342944,
            "(12996.8, 19472.5]": 0.9848254931714719,
            "(19472.5, 26116.8]": 0.8799392097264438,
            "(26116.8, 32574.0]": 0.8163884673748103,
            "(32574.0, 39331.6]": 0.7981790591805766,
            "(39331.6, 46013.7]": 0.7583586626139818,
            "(46013.7, 52699.4]": 0.7632776934749621,
            "(52699.4, 59007.6]": 0.7177541729893778,
            "(59007.6, 65528.0]": 0.7132018209408194
        }
    },
    "pred_same_as_input_beam_0": {
        "0": {
            "input_is_prime": false,
            "pred_same_as_input": false,
            "group_size": 5150,
            "correct_product_mean": 0.9460194174757282,
            "correct_factorization_mean": 0.9031067961165049
        },
        "1": {
            "input_is_prime": false,
            "pred_same_as_input": true,
            "group_size": 770,
            "correct_product_mean": 1.0,
            "correct_factorization_mean": 0.0
        },
        "2": {
            "input_is_prime": true,
            "pred_same_as_input": false,
            "group_size": 8,
            "correct_product_mean": 0.0,
            "correct_factorization_mean": 0.0
        },
        "3": {
            "input_is_prime": true,
            "pred_same_as_input": true,
            "group_size": 660,
            "correct_product_mean": 1.0,
            "correct_factorization_mean": 1.0
        }
    },
    "by_min_factor_composite_only": {
        "0": {
            "min_factor_decile": "(1.999, 3.0]",
            "group_size": 4339,
            "correct_product_mean": 0.9714219866328647,
            "correct_factorization_mean": 0.9002074210647615
        },
        "1": {
            "min_factor_decile": "(3.0, 5.0]",
            "group_size": 447,
            "correct_product_mean": 0.9821029082774049,
            "correct_factorization_mean": 0.9485458612975392
        },
        "2": {
            "min_factor_decile": "(5.0, 17.0]",
            "group_size": 614,
            "correct_product_mean": 0.988599348534202,
            "correct_factorization_mean": 0.3127035830618892
        },
        "3": {
            "min_factor_decile": "(17.0, 241.0]",
            "group_size": 520,
            "correct_product_mean": 0.975,
            "correct_factorization_mean": 0.24807692307692308
        }
    },
    "loss": 0.1399567887854617,
    "meta": {
        "n_beams": 2,
        "temperature": 1.0
    }
}