{
    "correct": {
        "correct_product": 0.9501953125,
        "correct_factorization": 0.68115234375
    },
    "beam_accuracy": {
        "correct_product": {
            "0": 0.91748046875,
            "1": 0.1865234375
        },
        "correct_factorization": {
            "0": 0.630859375,
            "1": 0.05029296875
        }
    },
    "by_prob": {
        "group_size": {
            "(-13.838, -5.915]": 410.0,
            "(-5.915, -3.901]": 410.0,
            "(-3.901, -3.168]": 409.0,
            "(-3.168, -2.288]": 410.0,
            "(-2.288, -1.346]": 409.0,
            "(-1.346, -1.043]": 410.0,
            "(-1.043, -0.849]": 409.0,
            "(-0.849, -0.189]": 410.0,
            "(-0.189, -0.00609]": 409.0,
            "(-0.00609, -7.03e-06]": 410.0
        },
        "correct_product": {
            "(-13.838, -5.915]": 0.2073170731707317,
            "(-5.915, -3.901]": 0.15121951219512195,
            "(-3.901, -3.168]": 0.08312958435207823,
            "(-3.168, -2.288]": 0.11707317073170732,
            "(-2.288, -1.346]": 0.38141809290953543,
            "(-1.346, -1.043]": 0.8390243902439024,
            "(-1.043, -0.849]": 0.9486552567237164,
            "(-0.849, -0.189]": 0.8097560975609757,
            "(-0.189, -0.00609]": 0.9828850855745721,
            "(-0.00609, -7.03e-06]": 1.0
        },
        "correct_factorization": {
            "(-13.838, -5.915]": 0.0,
            "(-5.915, -3.901]": 0.0,
            "(-3.901, -3.168]": 0.012224938875305624,
            "(-3.168, -2.288]": 0.05121951219512195,
            "(-2.288, -1.346]": 0.17114914425427874,
            "(-1.346, -1.043]": 0.32926829268292684,
            "(-1.043, -0.849]": 0.3765281173594132,
            "(-0.849, -0.189]": 0.5024390243902439,
            "(-0.189, -0.00609]": 0.9633251833740831,
            "(-0.00609, -7.03e-06]": 1.0
        },
        "percent_prime_factors_pred": {
            "(-13.838, -5.915]": 0.8864285714285715,
            "(-5.915, -3.901]": 0.8960569105691056,
            "(-3.901, -3.168]": 0.9175631621841891,
            "(-3.168, -2.288]": 0.9107317073170731,
            "(-2.288, -1.346]": 0.8402569177630302,
            "(-1.346, -1.043]": 0.5590418118466899,
            "(-1.043, -0.849]": 0.49563395040167657,
            "(-0.849, -0.189]": 0.850766550522648,
            "(-0.189, -0.00609]": 0.9947432762836186,
            "(-0.00609, -7.03e-06]": 1.0
        }
    },
    "by_num_target_factors": {
        "group_size": {
            "1": 192,
            "2": 466,
            "3": 501,
            "4": 401,
            "5": 237,
            "6": 131,
            "7": 62,
            "8": 32,
            "9": 12,
            "10": 7,
            "11": 5,
            "12": 1,
            "16": 1
        },
        "correct_product_mean": {
            "1": 1.0,
            "2": 0.9914163090128756,
            "3": 0.9680638722554891,
            "4": 0.9675810473815462,
            "5": 0.9113924050632911,
            "6": 0.8625954198473282,
            "7": 0.8548387096774194,
            "8": 0.71875,
            "9": 0.4166666666666667,
            "10": 0.7142857142857143,
            "11": 0.6,
            "12": 1.0,
            "16": 0.0
        },
        "correct_factorization_mean": {
            "1": 1.0,
            "2": 0.4592274678111588,
            "3": 0.5389221556886228,
            "4": 0.8179551122194514,
            "5": 0.8565400843881856,
            "6": 0.7862595419847328,
            "7": 0.7903225806451613,
            "8": 0.6875,
            "9": 0.4166666666666667,
            "10": 0.7142857142857143,
            "11": 0.6,
            "12": 1.0,
            "16": 0.0
        }
    },
    "by_input_num": {
        "group_size": {
            "(65535.999, 65740.7]": 205,
            "(65740.7, 65945.4]": 205,
            "(65945.4, 66150.1]": 205,
            "(66150.1, 66354.8]": 204,
            "(66354.8, 66559.5]": 205,
            "(66559.5, 66764.2]": 205,
            "(66764.2, 66968.9]": 204,
            "(66968.9, 67173.6]": 205,
            "(67173.6, 67378.3]": 205,
            "(67378.3, 67583.0]": 205
        },
        "correct_product_mean": {
            "(65535.999, 65740.7]": 0.9560975609756097,
            "(65740.7, 65945.4]": 0.9414634146341463,
            "(65945.4, 66150.1]": 0.9658536585365853,
            "(66150.1, 66354.8]": 0.9705882352941176,
            "(66354.8, 66559.5]": 0.9463414634146341,
            "(66559.5, 66764.2]": 0.9463414634146341,
            "(66764.2, 66968.9]": 0.9362745098039216,
            "(66968.9, 67173.6]": 0.9512195121951219,
            "(67173.6, 67378.3]": 0.9512195121951219,
            "(67378.3, 67583.0]": 0.9365853658536586
        },
        "correct_factorization_mean": {
            "(65535.999, 65740.7]": 0.7170731707317073,
            "(65740.7, 65945.4]": 0.6585365853658537,
            "(65945.4, 66150.1]": 0.6780487804878049,
            "(66150.1, 66354.8]": 0.6323529411764706,
            "(66354.8, 66559.5]": 0.6780487804878049,
            "(66559.5, 66764.2]": 0.6829268292682927,
            "(66764.2, 66968.9]": 0.6715686274509803,
            "(66968.9, 67173.6]": 0.6878048780487804,
            "(67173.6, 67378.3]": 0.6878048780487804,
            "(67378.3, 67583.0]": 0.7170731707317073
        }
    },
    "pred_same_as_input_beam_0": {
        "0": {
            "input_is_prime": false,
            "pred_same_as_input": false,
            "group_size": 1856,
            "correct_product_mean": 0.9089439655172413,
            "correct_factorization_mean": 0.5926724137931034
        },
        "1": {
            "input_is_prime": true,
            "pred_same_as_input": false,
            "group_size": 192,
            "correct_product_mean": 1.0,
            "correct_factorization_mean": 1.0
        }
    },
    "by_min_factor_composite_only": {
        "0": {
            "min_factor_decile": "(1.999, 3.0]",
            "group_size": 1365,
            "correct_product_mean": 0.9340659340659341,
            "correct_factorization_mean": 0.7208791208791209
        },
        "1": {
            "min_factor_decile": "(3.0, 5.0]",
            "group_size": 136,
            "correct_product_mean": 0.9117647058823529,
            "correct_factorization_mean": 0.8529411764705882
        },
        "2": {
            "min_factor_decile": "(5.0, 17.0]",
            "group_size": 176,
            "correct_product_mean": 1.0,
            "correct_factorization_mean": 0.0
        },
        "3": {
            "min_factor_decile": "(17.0, 257.0]",
            "group_size": 179,
            "correct_product_mean": 1.0,
            "correct_factorization_mean": 0.0
        }
    },
    "loss": 0.3471932219766573,
    "meta": {
        "n_beams": 2,
        "temperature": 1.0
    }
}