{
    "correct": {
        "correct_product": 0.947265625,
        "correct_factorization": 0.67919921875
    },
    "beam_accuracy": {
        "correct_product": {
            "0": 0.9208984375,
            "1": 0.16796875
        },
        "correct_factorization": {
            "0": 0.6328125,
            "1": 0.04638671875
        }
    },
    "by_prob": {
        "group_size": {
            "(-13.395, -6.292]": 410.0,
            "(-6.292, -3.87]": 410.0,
            "(-3.87, -3.129]": 409.0,
            "(-3.129, -2.318]": 410.0,
            "(-2.318, -1.373]": 409.0,
            "(-1.373, -1.125]": 410.0,
            "(-1.125, -0.827]": 409.0,
            "(-0.827, -0.164]": 410.0,
            "(-0.164, -0.00395]": 409.0,
            "(-0.00395, -6.08e-06]": 410.0
        },
        "correct_product": {
            "(-13.395, -6.292]": 0.1951219512195122,
            "(-6.292, -3.87]": 0.17560975609756097,
            "(-3.87, -3.129]": 0.03667481662591687,
            "(-3.129, -2.318]": 0.1048780487804878,
            "(-2.318, -1.373]": 0.4058679706601467,
            "(-1.373, -1.125]": 0.8609756097560975,
            "(-1.125, -0.827]": 0.8655256723716381,
            "(-0.827, -0.164]": 0.8439024390243902,
            "(-0.164, -0.00395]": 0.9559902200488998,
            "(-0.00395, -6.08e-06]": 1.0
        },
        "correct_factorization": {
            "(-13.395, -6.292]": 0.0,
            "(-6.292, -3.87]": 0.00975609756097561,
            "(-3.87, -3.129]": 0.0024449877750611247,
            "(-3.129, -2.318]": 0.05609756097560976,
            "(-2.318, -1.373]": 0.1980440097799511,
            "(-1.373, -1.125]": 0.3121951219512195,
            "(-1.125, -0.827]": 0.3471882640586797,
            "(-0.827, -0.164]": 0.5292682926829269,
            "(-0.164, -0.00395]": 0.941320293398533,
            "(-0.00395, -6.08e-06]": 1.0
        },
        "percent_prime_factors_pred": {
            "(-13.395, -6.292]": 0.9082491289198606,
            "(-6.292, -3.87]": 0.9050542005420054,
            "(-3.87, -3.129]": 0.921923390383048,
            "(-3.129, -2.318]": 0.9067886178861788,
            "(-2.318, -1.373]": 0.8240365583886367,
            "(-1.373, -1.125]": 0.49096980255516837,
            "(-1.125, -0.827]": 0.5902375130981488,
            "(-0.827, -0.164]": 0.8470034843205574,
            "(-0.164, -0.00395]": 0.9953545232273839,
            "(-0.00395, -6.08e-06]": 1.0
        }
    },
    "by_num_target_factors": {
        "group_size": {
            "1": 192,
            "2": 466,
            "3": 501,
            "4": 401,
            "5": 237,
            "6": 131,
            "7": 62,
            "8": 32,
            "9": 12,
            "10": 7,
            "11": 5,
            "12": 1,
            "16": 1
        },
        "correct_product_mean": {
            "1": 1.0,
            "2": 0.9957081545064378,
            "3": 0.9680638722554891,
            "4": 0.9875311720698254,
            "5": 0.919831223628692,
            "6": 0.7862595419847328,
            "7": 0.7741935483870968,
            "8": 0.65625,
            "9": 0.4166666666666667,
            "10": 0.8571428571428571,
            "11": 0.4,
            "12": 0.0,
            "16": 0.0
        },
        "correct_factorization_mean": {
            "1": 1.0,
            "2": 0.4613733905579399,
            "3": 0.5349301397205589,
            "4": 0.8379052369077307,
            "5": 0.8607594936708861,
            "6": 0.7251908396946565,
            "7": 0.7741935483870968,
            "8": 0.625,
            "9": 0.4166666666666667,
            "10": 0.8571428571428571,
            "11": 0.4,
            "12": 0.0,
            "16": 0.0
        }
    },
    "by_input_num": {
        "group_size": {
            "(65535.999, 65740.7]": 205,
            "(65740.7, 65945.4]": 205,
            "(65945.4, 66150.1]": 205,
            "(66150.1, 66354.8]": 204,
            "(66354.8, 66559.5]": 205,
            "(66559.5, 66764.2]": 205,
            "(66764.2, 66968.9]": 204,
            "(66968.9, 67173.6]": 205,
            "(67173.6, 67378.3]": 205,
            "(67378.3, 67583.0]": 205
        },
        "correct_product_mean": {
            "(65535.999, 65740.7]": 0.9463414634146341,
            "(65740.7, 65945.4]": 0.9560975609756097,
            "(65945.4, 66150.1]": 0.9512195121951219,
            "(66150.1, 66354.8]": 0.9607843137254902,
            "(66354.8, 66559.5]": 0.9560975609756097,
            "(66559.5, 66764.2]": 0.926829268292683,
            "(66764.2, 66968.9]": 0.9509803921568627,
            "(66968.9, 67173.6]": 0.9512195121951219,
            "(67173.6, 67378.3]": 0.9463414634146341,
            "(67378.3, 67583.0]": 0.926829268292683
        },
        "correct_factorization_mean": {
            "(65535.999, 65740.7]": 0.7024390243902439,
            "(65740.7, 65945.4]": 0.6682926829268293,
            "(65945.4, 66150.1]": 0.697560975609756,
            "(66150.1, 66354.8]": 0.6225490196078431,
            "(66354.8, 66559.5]": 0.6829268292682927,
            "(66559.5, 66764.2]": 0.6682926829268293,
            "(66764.2, 66968.9]": 0.6813725490196079,
            "(66968.9, 67173.6]": 0.6829268292682927,
            "(67173.6, 67378.3]": 0.6780487804878049,
            "(67378.3, 67583.0]": 0.7073170731707317
        }
    },
    "pred_same_as_input_beam_0": {
        "0": {
            "input_is_prime": false,
            "pred_same_as_input": false,
            "group_size": 1501,
            "correct_product_mean": 0.8920719520319786,
            "correct_factorization_mean": 0.7355096602265156
        },
        "1": {
            "input_is_prime": false,
            "pred_same_as_input": true,
            "group_size": 355,
            "correct_product_mean": 1.0,
            "correct_factorization_mean": 0.0
        },
        "2": {
            "input_is_prime": true,
            "pred_same_as_input": true,
            "group_size": 192,
            "correct_product_mean": 1.0,
            "correct_factorization_mean": 1.0
        }
    },
    "by_min_factor_composite_only": {
        "0": {
            "min_factor_decile": "(1.999, 3.0]",
            "group_size": 1365,
            "correct_product_mean": 0.9311355311355312,
            "correct_factorization_mean": 0.726007326007326
        },
        "1": {
            "min_factor_decile": "(3.0, 5.0]",
            "group_size": 136,
            "correct_product_mean": 0.8970588235294118,
            "correct_factorization_mean": 0.8308823529411765
        },
        "2": {
            "min_factor_decile": "(5.0, 17.0]",
            "group_size": 176,
            "correct_product_mean": 1.0,
            "correct_factorization_mean": 0.0
        },
        "3": {
            "min_factor_decile": "(17.0, 257.0]",
            "group_size": 179,
            "correct_product_mean": 1.0,
            "correct_factorization_mean": 0.0
        }
    },
    "loss": 0.3613885106018383,
    "meta": {
        "n_beams": 2,
        "temperature": 1.0
    }
}