{
    "correct": {
        "correct_product": 0.9754098360655737,
        "correct_factorization": 0.8427443837279903
    },
    "beam_accuracy": {
        "correct_product": {
            "0": 0.9584092289010322,
            "1": 0.21083788706739526
        },
        "correct_factorization": {
            "0": 0.8061627200971463,
            "1": 0.036885245901639344
        }
    },
    "by_prob": {
        "group_size": {
            "(-15.32, -9.21]": 1319.0,
            "(-9.21, -7.003]": 1317.0,
            "(-7.003, -4.186]": 1317.0,
            "(-4.186, -2.493]": 1318.0,
            "(-2.493, -1.261]": 1317.0,
            "(-1.261, -0.789]": 1318.0,
            "(-0.789, -0.0318]": 1317.0,
            "(-0.0318, -0.0019]": 1318.0,
            "(-0.0019, -0.00017]": 1317.0,
            "(-0.00017, -5.96e-07]": 1318.0
        },
        "correct_product": {
            "(-15.32, -9.21]": 0.16982562547384383,
            "(-9.21, -7.003]": 0.18982536066818528,
            "(-7.003, -4.186]": 0.2331055429005315,
            "(-4.186, -2.493]": 0.1661608497723824,
            "(-2.493, -1.261]": 0.2953682611996963,
            "(-1.261, -0.789]": 0.8884673748103187,
            "(-0.789, -0.0318]": 0.9066059225512528,
            "(-0.0318, -0.0019]": 0.9969650986342944,
            "(-0.0019, -0.00017]": 1.0,
            "(-0.00017, -5.96e-07]": 1.0
        },
        "correct_factorization": {
            "(-15.32, -9.21]": 0.000758150113722517,
            "(-9.21, -7.003]": 0.0,
            "(-7.003, -4.186]": 0.002277904328018223,
            "(-4.186, -2.493]": 0.03945371775417299,
            "(-2.493, -1.261]": 0.13515565679574792,
            "(-1.261, -0.789]": 0.33611532625189683,
            "(-0.789, -0.0318]": 0.7069096431283219,
            "(-0.0318, -0.0019]": 0.9946889226100152,
            "(-0.0019, -0.00017]": 1.0,
            "(-0.00017, -5.96e-07]": 1.0
        },
        "percent_prime_factors_pred": {
            "(-15.32, -9.21]": 0.7792561704995368,
            "(-9.21, -7.003]": 0.8765104675127454,
            "(-7.003, -4.186]": 0.8588820190186932,
            "(-4.186, -2.493]": 0.8142441650408266,
            "(-2.493, -1.261]": 0.8225410083041061,
            "(-1.261, -0.789]": 0.486094551629453,
            "(-0.789, -0.0318]": 0.8528708825975341,
            "(-0.0318, -0.0019]": 0.9992159838138595,
            "(-0.0019, -0.00017]": 1.0,
            "(-0.00017, -5.96e-07]": 1.0
        }
    },
    "by_num_target_factors": {
        "group_size": {
            "1": 668,
            "2": 1601,
            "3": 1720,
            "4": 1198,
            "5": 715,
            "6": 373,
            "7": 165,
            "8": 79,
            "9": 35,
            "10": 20,
            "11": 8,
            "12": 3,
            "13": 3
        },
        "correct_product_mean": {
            "1": 0.9955089820359282,
            "2": 0.985633978763273,
            "3": 0.986046511627907,
            "4": 0.9908180300500835,
            "5": 0.972027972027972,
            "6": 0.9436997319034852,
            "7": 0.8848484848484849,
            "8": 0.810126582278481,
            "9": 0.7428571428571429,
            "10": 0.55,
            "11": 0.375,
            "12": 0.6666666666666666,
            "13": 0.3333333333333333
        },
        "correct_factorization_mean": {
            "1": 0.9955089820359282,
            "2": 0.6895690193628982,
            "3": 0.8104651162790698,
            "4": 0.9365609348914858,
            "5": 0.9594405594405594,
            "6": 0.8954423592493298,
            "7": 0.8484848484848485,
            "8": 0.810126582278481,
            "9": 0.7428571428571429,
            "10": 0.55,
            "11": 0.375,
            "12": 0.6666666666666666,
            "13": 0.3333333333333333
        }
    },
    "by_input_num": {
        "group_size": {
            "(7.999, 6350.5]": 659,
            "(6350.5, 12996.8]": 659,
            "(12996.8, 19472.5]": 659,
            "(19472.5, 26116.8]": 658,
            "(26116.8, 32574.0]": 659,
            "(32574.0, 39331.6]": 659,
            "(39331.6, 46013.7]": 658,
            "(46013.7, 52699.4]": 659,
            "(52699.4, 59007.6]": 659,
            "(59007.6, 65528.0]": 659
        },
        "correct_product_mean": {
            "(7.999, 6350.5]": 0.9984825493171472,
            "(6350.5, 12996.8]": 0.9969650986342944,
            "(12996.8, 19472.5]": 0.9908952959028832,
            "(19472.5, 26116.8]": 0.9650455927051672,
            "(26116.8, 32574.0]": 0.9757207890743551,
            "(32574.0, 39331.6]": 0.9802731411229135,
            "(39331.6, 46013.7]": 0.9620060790273556,
            "(46013.7, 52699.4]": 0.9453717754172989,
            "(52699.4, 59007.6]": 0.9696509863429439,
            "(59007.6, 65528.0]": 0.9696509863429439
        },
        "correct_factorization_mean": {
            "(7.999, 6350.5]": 0.9984825493171472,
            "(6350.5, 12996.8]": 0.9969650986342944,
            "(12996.8, 19472.5]": 0.9817905918057663,
            "(19472.5, 26116.8]": 0.8905775075987842,
            "(26116.8, 32574.0]": 0.8315629742033384,
            "(32574.0, 39331.6]": 0.7981790591805766,
            "(39331.6, 46013.7]": 0.7477203647416414,
            "(46013.7, 52699.4]": 0.7511380880121397,
            "(52699.4, 59007.6]": 0.7223065250379362,
            "(59007.6, 65528.0]": 0.708649468892261
        }
    },
    "pred_same_as_input_beam_0": {
        "0": {
            "input_is_prime": false,
            "pred_same_as_input": false,
            "group_size": 5920,
            "correct_product_mean": 0.9547297297297297,
            "correct_factorization_mean": 0.785304054054054
        },
        "1": {
            "input_is_prime": true,
            "pred_same_as_input": false,
            "group_size": 665,
            "correct_product_mean": 0.9909774436090225,
            "correct_factorization_mean": 0.9909774436090225
        },
        "2": {
            "input_is_prime": true,
            "pred_same_as_input": true,
            "group_size": 3,
            "correct_product_mean": 1.0,
            "correct_factorization_mean": 1.0
        }
    },
    "by_min_factor_composite_only": {
        "0": {
            "min_factor_decile": "(1.999, 3.0]",
            "group_size": 4339,
            "correct_product_mean": 0.9705001152339249,
            "correct_factorization_mean": 0.8979027425674119
        },
        "1": {
            "min_factor_decile": "(3.0, 5.0]",
            "group_size": 447,
            "correct_product_mean": 0.9798657718120806,
            "correct_factorization_mean": 0.9507829977628636
        },
        "2": {
            "min_factor_decile": "(5.0, 17.0]",
            "group_size": 614,
            "correct_product_mean": 0.9771986970684039,
            "correct_factorization_mean": 0.32247557003257327
        },
        "3": {
            "min_factor_decile": "(17.0, 241.0]",
            "group_size": 520,
            "correct_product_mean": 0.9846153846153847,
            "correct_factorization_mean": 0.25
        }
    },
    "loss": 0.1388314040763218,
    "meta": {
        "n_beams": 2,
        "temperature": 1.0
    }
}