{
    "correct": {
        "correct_product": 0.94580078125,
        "correct_factorization": 0.69775390625
    },
    "beam_accuracy": {
        "correct_product": {
            "0": 0.91845703125,
            "1": 0.17626953125
        },
        "correct_factorization": {
            "0": 0.6494140625,
            "1": 0.04833984375
        }
    },
    "by_prob": {
        "group_size": {
            "(-12.642999999999999, -6.185]": 410.0,
            "(-6.185, -3.695]": 410.0,
            "(-3.695, -2.934]": 409.0,
            "(-2.934, -2.238]": 410.0,
            "(-2.238, -1.358]": 409.0,
            "(-1.358, -1.065]": 410.0,
            "(-1.065, -0.772]": 409.0,
            "(-0.772, -0.113]": 410.0,
            "(-0.113, -0.00443]": 409.0,
            "(-0.00443, -7.63e-06]": 410.0
        },
        "correct_product": {
            "(-12.642999999999999, -6.185]": 0.23170731707317074,
            "(-6.185, -3.695]": 0.17317073170731706,
            "(-3.695, -2.934]": 0.10024449877750612,
            "(-2.934, -2.238]": 0.08536585365853659,
            "(-2.238, -1.358]": 0.34963325183374083,
            "(-1.358, -1.065]": 0.8634146341463415,
            "(-1.065, -0.772]": 0.9193154034229829,
            "(-0.772, -0.113]": 0.802439024390244,
            "(-0.113, -0.00443]": 0.9511002444987775,
            "(-0.00443, -7.63e-06]": 0.9975609756097561
        },
        "correct_factorization": {
            "(-12.642999999999999, -6.185]": 0.0,
            "(-6.185, -3.695]": 0.00975609756097561,
            "(-3.695, -2.934]": 0.017114914425427872,
            "(-2.934, -2.238]": 0.03414634146341464,
            "(-2.238, -1.358]": 0.17114914425427874,
            "(-1.358, -1.065]": 0.3170731707317073,
            "(-1.065, -0.772]": 0.4034229828850856,
            "(-0.772, -0.113]": 0.5975609756097561,
            "(-0.113, -0.00443]": 0.941320293398533,
            "(-0.00443, -7.63e-06]": 0.9975609756097561
        },
        "percent_prime_factors_pred": {
            "(-12.642999999999999, -6.185]": 0.8916376306620215,
            "(-6.185, -3.695]": 0.9118292682926834,
            "(-3.695, -2.934]": 0.9135289323553382,
            "(-2.934, -2.238]": 0.9320731707317074,
            "(-2.238, -1.358]": 0.8358190709046456,
            "(-1.358, -1.065]": 0.4914401858304297,
            "(-1.065, -0.772]": 0.5963674467341948,
            "(-0.772, -0.113]": 0.9024970963995357,
            "(-0.113, -0.00443]": 0.9980440097799512,
            "(-0.00443, -7.63e-06]": 1.0
        }
    },
    "by_num_target_factors": {
        "group_size": {
            "1": 192,
            "2": 466,
            "3": 501,
            "4": 401,
            "5": 237,
            "6": 131,
            "7": 62,
            "8": 32,
            "9": 12,
            "10": 7,
            "11": 5,
            "12": 1,
            "16": 1
        },
        "correct_product_mean": {
            "1": 0.96875,
            "2": 0.9849785407725322,
            "3": 0.9740518962075848,
            "4": 0.9675810473815462,
            "5": 0.9240506329113924,
            "6": 0.8396946564885496,
            "7": 0.8709677419354839,
            "8": 0.6875,
            "9": 0.5,
            "10": 0.5714285714285714,
            "11": 0.2,
            "12": 0.0,
            "16": 0.0
        },
        "correct_factorization_mean": {
            "1": 0.96875,
            "2": 0.4613733905579399,
            "3": 0.5848303393213573,
            "4": 0.8379052369077307,
            "5": 0.9029535864978903,
            "6": 0.7709923664122137,
            "7": 0.8225806451612904,
            "8": 0.6875,
            "9": 0.5,
            "10": 0.5714285714285714,
            "11": 0.2,
            "12": 0.0,
            "16": 0.0
        }
    },
    "by_input_num": {
        "group_size": {
            "(65535.999, 65740.7]": 205,
            "(65740.7, 65945.4]": 205,
            "(65945.4, 66150.1]": 205,
            "(66150.1, 66354.8]": 204,
            "(66354.8, 66559.5]": 205,
            "(66559.5, 66764.2]": 205,
            "(66764.2, 66968.9]": 204,
            "(66968.9, 67173.6]": 205,
            "(67173.6, 67378.3]": 205,
            "(67378.3, 67583.0]": 205
        },
        "correct_product_mean": {
            "(65535.999, 65740.7]": 0.9609756097560975,
            "(65740.7, 65945.4]": 0.9707317073170731,
            "(65945.4, 66150.1]": 0.9658536585365853,
            "(66150.1, 66354.8]": 0.9411764705882353,
            "(66354.8, 66559.5]": 0.9560975609756097,
            "(66559.5, 66764.2]": 0.926829268292683,
            "(66764.2, 66968.9]": 0.9411764705882353,
            "(66968.9, 67173.6]": 0.9463414634146341,
            "(67173.6, 67378.3]": 0.9512195121951219,
            "(67378.3, 67583.0]": 0.8975609756097561
        },
        "correct_factorization_mean": {
            "(65535.999, 65740.7]": 0.7609756097560976,
            "(65740.7, 65945.4]": 0.7073170731707317,
            "(65945.4, 66150.1]": 0.7170731707317073,
            "(66150.1, 66354.8]": 0.6421568627450981,
            "(66354.8, 66559.5]": 0.697560975609756,
            "(66559.5, 66764.2]": 0.6682926829268293,
            "(66764.2, 66968.9]": 0.6813725490196079,
            "(66968.9, 67173.6]": 0.6878048780487804,
            "(67173.6, 67378.3]": 0.7073170731707317,
            "(67378.3, 67583.0]": 0.7073170731707317
        }
    },
    "pred_same_as_input_beam_0": {
        "0": {
            "input_is_prime": false,
            "pred_same_as_input": false,
            "group_size": 1508,
            "correct_product_mean": 0.8932360742705571,
            "correct_factorization_mean": 0.7586206896551724
        },
        "1": {
            "input_is_prime": false,
            "pred_same_as_input": true,
            "group_size": 348,
            "correct_product_mean": 1.0,
            "correct_factorization_mean": 0.0
        },
        "2": {
            "input_is_prime": true,
            "pred_same_as_input": false,
            "group_size": 6,
            "correct_product_mean": 0.0,
            "correct_factorization_mean": 0.0
        },
        "3": {
            "input_is_prime": true,
            "pred_same_as_input": true,
            "group_size": 186,
            "correct_product_mean": 1.0,
            "correct_factorization_mean": 1.0
        }
    },
    "by_min_factor_composite_only": {
        "0": {
            "min_factor_decile": "(1.999, 3.0]",
            "group_size": 1365,
            "correct_product_mean": 0.9413919413919414,
            "correct_factorization_mean": 0.7538461538461538
        },
        "1": {
            "min_factor_decile": "(3.0, 5.0]",
            "group_size": 136,
            "correct_product_mean": 0.8676470588235294,
            "correct_factorization_mean": 0.8455882352941176
        },
        "2": {
            "min_factor_decile": "(5.0, 17.0]",
            "group_size": 176,
            "correct_product_mean": 0.9772727272727273,
            "correct_factorization_mean": 0.0
        },
        "3": {
            "min_factor_decile": "(17.0, 257.0]",
            "group_size": 179,
            "correct_product_mean": 0.9832402234636871,
            "correct_factorization_mean": 0.0
        }
    },
    "loss": 0.1142362654209137,
    "meta": {
        "n_beams": 2,
        "temperature": 1.0
    }
}