{
    "correct": {
        "correct_product": 0.9851244687310261,
        "correct_factorization": 0.8480570734669095
    },
    "beam_accuracy": {
        "correct_product": {
            "0": 0.9643290831815422,
            "1": 0.2518214936247723
        },
        "correct_factorization": {
            "0": 0.8085913782635095,
            "1": 0.0399210686095932
        }
    },
    "by_prob": {
        "group_size": {
            "(-13.609, -9.002]": 1318.0,
            "(-9.002, -6.832]": 1318.0,
            "(-6.832, -3.89]": 1317.0,
            "(-3.89, -2.193]": 1318.0,
            "(-2.193, -1.264]": 1317.0,
            "(-1.264, -0.716]": 1318.0,
            "(-0.716, -0.0499]": 1317.0,
            "(-0.0499, -0.00245]": 1318.0,
            "(-0.00245, -0.000354]": 1317.0,
            "(-0.000354, -8.34e-06]": 1318.0
        },
        "correct_product": {
            "(-13.609, -9.002]": 0.1638846737481032,
            "(-9.002, -6.832]": 0.24279210925644917,
            "(-6.832, -3.89]": 0.27942293090356873,
            "(-3.89, -2.193]": 0.22306525037936267,
            "(-2.193, -1.264]": 0.36294608959757024,
            "(-1.264, -0.716]": 0.8641881638846738,
            "(-0.716, -0.0499]": 0.9468488990129081,
            "(-0.0499, -0.00245]": 0.9977238239757208,
            "(-0.00245, -0.000354]": 1.0,
            "(-0.000354, -8.34e-06]": 1.0
        },
        "correct_factorization": {
            "(-13.609, -9.002]": 0.0,
            "(-9.002, -6.832]": 0.0,
            "(-6.832, -3.89]": 0.002277904328018223,
            "(-3.89, -2.193]": 0.044764795144157814,
            "(-2.193, -1.264]": 0.14730447987851178,
            "(-1.264, -0.716]": 0.34749620637329287,
            "(-0.716, -0.0499]": 0.7038724373576309,
            "(-0.0499, -0.00245]": 0.9969650986342944,
            "(-0.00245, -0.000354]": 1.0,
            "(-0.000354, -8.34e-06]": 1.0
        },
        "percent_prime_factors_pred": {
            "(-13.609, -9.002]": 0.813593527952402,
            "(-9.002, -6.832]": 0.8774520076113376,
            "(-6.832, -3.89]": 0.8472403008279985,
            "(-3.89, -2.193]": 0.8680829539706617,
            "(-2.193, -1.264]": 0.8336243988863574,
            "(-1.264, -0.716]": 0.5480905412240766,
            "(-0.716, -0.0499]": 0.8055555555555555,
            "(-0.0499, -0.00245]": 0.9997470915528579,
            "(-0.00245, -0.000354]": 1.0,
            "(-0.000354, -8.34e-06]": 1.0
        }
    },
    "by_num_target_factors": {
        "group_size": {
            "1": 668,
            "2": 1601,
            "3": 1720,
            "4": 1198,
            "5": 715,
            "6": 373,
            "7": 165,
            "8": 79,
            "9": 35,
            "10": 20,
            "11": 8,
            "12": 3,
            "13": 3
        },
        "correct_product_mean": {
            "1": 0.9910179640718563,
            "2": 0.9900062460961899,
            "3": 0.9837209302325581,
            "4": 0.9766277128547579,
            "5": 0.9916083916083916,
            "6": 0.9758713136729222,
            "7": 0.9818181818181818,
            "8": 1.0,
            "9": 1.0,
            "10": 1.0,
            "11": 1.0,
            "12": 1.0,
            "13": 0.3333333333333333
        },
        "correct_factorization_mean": {
            "1": 0.9910179640718563,
            "2": 0.670206121174266,
            "3": 0.7895348837209303,
            "4": 0.9323873121869783,
            "5": 0.986013986013986,
            "6": 0.9758713136729222,
            "7": 0.9818181818181818,
            "8": 1.0,
            "9": 1.0,
            "10": 1.0,
            "11": 1.0,
            "12": 1.0,
            "13": 0.3333333333333333
        }
    },
    "by_input_num": {
        "group_size": {
            "(7.999, 6350.5]": 659,
            "(6350.5, 12996.8]": 659,
            "(12996.8, 19472.5]": 659,
            "(19472.5, 26116.8]": 658,
            "(26116.8, 32574.0]": 659,
            "(32574.0, 39331.6]": 659,
            "(39331.6, 46013.7]": 658,
            "(46013.7, 52699.4]": 659,
            "(52699.4, 59007.6]": 659,
            "(59007.6, 65528.0]": 659
        },
        "correct_product_mean": {
            "(7.999, 6350.5]": 1.0,
            "(6350.5, 12996.8]": 1.0,
            "(12996.8, 19472.5]": 0.992412746585736,
            "(19472.5, 26116.8]": 0.9848024316109423,
            "(26116.8, 32574.0]": 0.9969650986342944,
            "(32574.0, 39331.6]": 0.9848254931714719,
            "(39331.6, 46013.7]": 0.9726443768996961,
            "(46013.7, 52699.4]": 0.9757207890743551,
            "(52699.4, 59007.6]": 0.9787556904400607,
            "(59007.6, 65528.0]": 0.9650986342943855
        },
        "correct_factorization_mean": {
            "(7.999, 6350.5]": 1.0,
            "(6350.5, 12996.8]": 0.9984825493171472,
            "(12996.8, 19472.5]": 0.960546282245827,
            "(19472.5, 26116.8]": 0.8647416413373861,
            "(26116.8, 32574.0]": 0.8543247344461306,
            "(32574.0, 39331.6]": 0.8057663125948407,
            "(39331.6, 46013.7]": 0.7659574468085106,
            "(46013.7, 52699.4]": 0.7602427921092565,
            "(52699.4, 59007.6]": 0.7374810318664643,
            "(59007.6, 65528.0]": 0.7329286798179059
        }
    },
    "pred_same_as_input_beam_0": {
        "0": {
            "input_is_prime": false,
            "pred_same_as_input": false,
            "group_size": 5182,
            "correct_product_mean": 0.9590891547664995,
            "correct_factorization_mean": 0.903512157468159
        },
        "1": {
            "input_is_prime": false,
            "pred_same_as_input": true,
            "group_size": 738,
            "correct_product_mean": 1.0,
            "correct_factorization_mean": 0.0
        },
        "2": {
            "input_is_prime": true,
            "pred_same_as_input": false,
            "group_size": 23,
            "correct_product_mean": 0.0,
            "correct_factorization_mean": 0.0
        },
        "3": {
            "input_is_prime": true,
            "pred_same_as_input": true,
            "group_size": 645,
            "correct_product_mean": 1.0,
            "correct_factorization_mean": 1.0
        }
    },
    "by_min_factor_composite_only": {
        "0": {
            "min_factor_decile": "(1.999, 3.0]",
            "group_size": 4339,
            "correct_product_mean": 0.9914726895598064,
            "correct_factorization_mean": 0.9126526849504494
        },
        "1": {
            "min_factor_decile": "(3.0, 5.0]",
            "group_size": 447,
            "correct_product_mean": 0.9172259507829977,
            "correct_factorization_mean": 0.87248322147651
        },
        "2": {
            "min_factor_decile": "(5.0, 17.0]",
            "group_size": 614,
            "correct_product_mean": 0.9804560260586319,
            "correct_factorization_mean": 0.3925081433224756
        },
        "3": {
            "min_factor_decile": "(17.0, 241.0]",
            "group_size": 520,
            "correct_product_mean": 0.9884615384615385,
            "correct_factorization_mean": 0.175
        }
    },
    "loss": 0.042097310799782954,
    "meta": {
        "n_beams": 2,
        "temperature": 1.0
    }
}