{
    "correct": {
        "correct_product": 0.587890625,
        "correct_factorization": 0.341796875
    },
    "beam_accuracy": {
        "correct_product": {
            "0": 0.474609375,
            "1": 0.1484375
        },
        "correct_factorization": {
            "0": 0.26904296875,
            "1": 0.07275390625
        }
    },
    "by_prob": {
        "group_size": {
            "(-11.341999999999999, -3.197]": 410.0,
            "(-3.197, -2.397]": 410.0,
            "(-2.397, -1.994]": 409.0,
            "(-1.994, -1.742]": 410.0,
            "(-1.742, -1.5]": 409.0,
            "(-1.5, -1.234]": 410.0,
            "(-1.234, -0.917]": 409.0,
            "(-0.917, -0.613]": 410.0,
            "(-0.613, -0.192]": 409.0,
            "(-0.192, -6.47e-05]": 410.0
        },
        "correct_product": {
            "(-11.341999999999999, -3.197]": 0.1,
            "(-3.197, -2.397]": 0.06341463414634146,
            "(-2.397, -1.994]": 0.1466992665036675,
            "(-1.994, -1.742]": 0.24146341463414633,
            "(-1.742, -1.5]": 0.31295843520782396,
            "(-1.5, -1.234]": 0.36585365853658536,
            "(-1.234, -0.917]": 0.4841075794621027,
            "(-0.917, -0.613]": 0.43658536585365854,
            "(-0.613, -0.192]": 0.4058679706601467,
            "(-0.192, -6.47e-05]": 0.5585365853658537
        },
        "correct_factorization": {
            "(-11.341999999999999, -3.197]": 0.02926829268292683,
            "(-3.197, -2.397]": 0.03170731707317073,
            "(-2.397, -1.994]": 0.07823960880195599,
            "(-1.994, -1.742]": 0.1073170731707317,
            "(-1.742, -1.5]": 0.13447432762836187,
            "(-1.5, -1.234]": 0.13902439024390245,
            "(-1.234, -0.917]": 0.21026894865525672,
            "(-0.917, -0.613]": 0.2121951219512195,
            "(-0.613, -0.192]": 0.23227383863080683,
            "(-0.192, -6.47e-05]": 0.5341463414634147
        },
        "percent_prime_factors_pred": {
            "(-11.341999999999999, -3.197]": 0.9211904761904766,
            "(-3.197, -2.397]": 0.9193495934959351,
            "(-2.397, -1.994]": 0.9098614506927467,
            "(-1.994, -1.742]": 0.8587398373983741,
            "(-1.742, -1.5]": 0.8380603096984515,
            "(-1.5, -1.234]": 0.8093495934959349,
            "(-1.234, -0.917]": 0.7974735126324369,
            "(-0.917, -0.613]": 0.8382520325203251,
            "(-0.613, -0.192]": 0.8909127954360228,
            "(-0.192, -6.47e-05]": 0.984146341463415
        }
    },
    "by_num_target_factors": {
        "group_size": {
            "1": 192,
            "2": 466,
            "3": 501,
            "4": 401,
            "5": 237,
            "6": 131,
            "7": 62,
            "8": 32,
            "9": 12,
            "10": 7,
            "11": 5,
            "12": 1,
            "16": 1
        },
        "correct_product_mean": {
            "1": 0.6614583333333334,
            "2": 0.7167381974248928,
            "3": 0.6427145708582834,
            "4": 0.456359102244389,
            "5": 0.4472573839662447,
            "6": 0.5343511450381679,
            "7": 0.4838709677419355,
            "8": 0.5625,
            "9": 0.4166666666666667,
            "10": 0.5714285714285714,
            "11": 0.8,
            "12": 1.0,
            "16": 0.0
        },
        "correct_factorization_mean": {
            "1": 0.6614583333333334,
            "2": 0.3540772532188841,
            "3": 0.16167664670658682,
            "4": 0.26932668329177056,
            "5": 0.38396624472573837,
            "6": 0.5190839694656488,
            "7": 0.45161290322580644,
            "8": 0.5625,
            "9": 0.4166666666666667,
            "10": 0.5714285714285714,
            "11": 0.8,
            "12": 1.0,
            "16": 0.0
        }
    },
    "by_input_num": {
        "group_size": {
            "(65535.999, 65740.7]": 205,
            "(65740.7, 65945.4]": 205,
            "(65945.4, 66150.1]": 205,
            "(66150.1, 66354.8]": 204,
            "(66354.8, 66559.5]": 205,
            "(66559.5, 66764.2]": 205,
            "(66764.2, 66968.9]": 204,
            "(66968.9, 67173.6]": 205,
            "(67173.6, 67378.3]": 205,
            "(67378.3, 67583.0]": 205
        },
        "correct_product_mean": {
            "(65535.999, 65740.7]": 0.8,
            "(65740.7, 65945.4]": 0.6682926829268293,
            "(65945.4, 66150.1]": 0.6097560975609756,
            "(66150.1, 66354.8]": 0.5686274509803921,
            "(66354.8, 66559.5]": 0.5365853658536586,
            "(66559.5, 66764.2]": 0.5024390243902439,
            "(66764.2, 66968.9]": 0.5882352941176471,
            "(66968.9, 67173.6]": 0.5609756097560976,
            "(67173.6, 67378.3]": 0.5414634146341464,
            "(67378.3, 67583.0]": 0.5024390243902439
        },
        "correct_factorization_mean": {
            "(65535.999, 65740.7]": 0.5707317073170731,
            "(65740.7, 65945.4]": 0.4146341463414634,
            "(65945.4, 66150.1]": 0.3853658536585366,
            "(66150.1, 66354.8]": 0.28431372549019607,
            "(66354.8, 66559.5]": 0.2975609756097561,
            "(66559.5, 66764.2]": 0.28292682926829266,
            "(66764.2, 66968.9]": 0.29901960784313725,
            "(66968.9, 67173.6]": 0.3073170731707317,
            "(67173.6, 67378.3]": 0.28292682926829266,
            "(67378.3, 67583.0]": 0.2926829268292683
        }
    },
    "pred_same_as_input_beam_0": {
        "0": {
            "input_is_prime": false,
            "pred_same_as_input": false,
            "group_size": 1660,
            "correct_product_mean": 0.4018072289156627,
            "correct_factorization_mean": 0.26626506024096386
        },
        "1": {
            "input_is_prime": false,
            "pred_same_as_input": true,
            "group_size": 196,
            "correct_product_mean": 1.0,
            "correct_factorization_mean": 0.0
        },
        "2": {
            "input_is_prime": true,
            "pred_same_as_input": false,
            "group_size": 83,
            "correct_product_mean": 0.0,
            "correct_factorization_mean": 0.0
        },
        "3": {
            "input_is_prime": true,
            "pred_same_as_input": true,
            "group_size": 109,
            "correct_product_mean": 1.0,
            "correct_factorization_mean": 1.0
        }
    },
    "by_min_factor_composite_only": {
        "0": {
            "min_factor_decile": "(1.999, 3.0]",
            "group_size": 1365,
            "correct_product_mean": 0.589010989010989,
            "correct_factorization_mean": 0.31868131868131866
        },
        "1": {
            "min_factor_decile": "(3.0, 5.0]",
            "group_size": 136,
            "correct_product_mean": 0.16911764705882354,
            "correct_factorization_mean": 0.051470588235294115
        },
        "2": {
            "min_factor_decile": "(5.0, 17.0]",
            "group_size": 176,
            "correct_product_mean": 0.7272727272727273,
            "correct_factorization_mean": 0.0
        },
        "3": {
            "min_factor_decile": "(17.0, 257.0]",
            "group_size": 179,
            "correct_product_mean": 0.6815642458100558,
            "correct_factorization_mean": 0.0
        }
    },
    "loss": 0.22287472151219845,
    "meta": {
        "n_beams": 2,
        "temperature": 1.0
    }
}