{
    "correct": {
        "correct_product": 0.9499089253187614,
        "correct_factorization": 0.6598360655737705
    },
    "beam_accuracy": {
        "correct_product": {
            "0": 0.9112021857923497,
            "1": 0.1697024893746205
        },
        "correct_factorization": {
            "0": 0.563752276867031,
            "1": 0.09608378870673953
        }
    },
    "by_prob": {
        "group_size": {
            "(-14.132, -3.695]": 1318.0,
            "(-3.695, -2.727]": 1318.0,
            "(-2.727, -2.346]": 1317.0,
            "(-2.346, -1.887]": 1318.0,
            "(-1.887, -1.343]": 1317.0,
            "(-1.343, -0.954]": 1318.0,
            "(-0.954, -0.79]": 1317.0,
            "(-0.79, -0.521]": 1318.0,
            "(-0.521, -0.0515]": 1317.0,
            "(-0.0515, -1.07e-06]": 1318.0
        },
        "correct_product": {
            "(-14.132, -3.695]": 0.10773899848254932,
            "(-3.695, -2.727]": 0.10318664643399089,
            "(-2.727, -2.346]": 0.14123006833712984,
            "(-2.346, -1.887]": 0.16084977238239756,
            "(-1.887, -1.343]": 0.35990888382687924,
            "(-1.343, -0.954]": 0.7632776934749621,
            "(-0.954, -0.79]": 0.9309035687167806,
            "(-0.79, -0.521]": 0.8960546282245827,
            "(-0.521, -0.0515]": 0.9453302961275627,
            "(-0.0515, -1.07e-06]": 0.996206373292868
        },
        "correct_factorization": {
            "(-14.132, -3.695]": 0.0015174506828528073,
            "(-3.695, -2.727]": 0.04552352048558422,
            "(-2.727, -2.346]": 0.07365223993925589,
            "(-2.346, -1.887]": 0.1282245827010622,
            "(-1.887, -1.343]": 0.2088078967350038,
            "(-1.343, -0.954]": 0.3118361153262519,
            "(-0.954, -0.79]": 0.3690205011389522,
            "(-0.79, -0.521]": 0.44537177541729894,
            "(-0.521, -0.0515]": 0.721336370539104,
            "(-0.0515, -1.07e-06]": 0.9939301972685888
        },
        "percent_prime_factors_pred": {
            "(-14.132, -3.695]": 0.9174380374304483,
            "(-3.695, -2.727]": 0.8513584796589335,
            "(-2.727, -2.346]": 0.8355099974689939,
            "(-2.346, -1.887]": 0.9316623310932864,
            "(-1.887, -1.343]": 0.904603716961347,
            "(-1.343, -0.954]": 0.6659874268371979,
            "(-0.954, -0.79]": 0.5428752214629203,
            "(-0.79, -0.521]": 0.7396560445118844,
            "(-0.521, -0.0515]": 0.894140723867375,
            "(-0.0515, -1.07e-06]": 0.9992159838138595
        }
    },
    "by_num_target_factors": {
        "group_size": {
            "1": 668,
            "2": 1601,
            "3": 1720,
            "4": 1198,
            "5": 715,
            "6": 373,
            "7": 165,
            "8": 79,
            "9": 35,
            "10": 20,
            "11": 8,
            "12": 3,
            "13": 3
        },
        "correct_product_mean": {
            "1": 1.0,
            "2": 0.9850093691442848,
            "3": 0.9796511627906976,
            "4": 0.9632721202003339,
            "5": 0.9258741258741259,
            "6": 0.8766756032171582,
            "7": 0.7696969696969697,
            "8": 0.5063291139240507,
            "9": 0.42857142857142855,
            "10": 0.15,
            "11": 0.0,
            "12": 0.0,
            "13": 0.0
        },
        "correct_factorization_mean": {
            "1": 1.0,
            "2": 0.5996252342286071,
            "3": 0.5534883720930233,
            "4": 0.6527545909849749,
            "5": 0.7426573426573426,
            "6": 0.7426273458445041,
            "7": 0.7393939393939394,
            "8": 0.4810126582278481,
            "9": 0.4,
            "10": 0.15,
            "11": 0.0,
            "12": 0.0,
            "13": 0.0
        }
    },
    "by_input_num": {
        "group_size": {
            "(7.999, 6350.5]": 659,
            "(6350.5, 12996.8]": 659,
            "(12996.8, 19472.5]": 659,
            "(19472.5, 26116.8]": 658,
            "(26116.8, 32574.0]": 659,
            "(32574.0, 39331.6]": 659,
            "(39331.6, 46013.7]": 658,
            "(46013.7, 52699.4]": 659,
            "(52699.4, 59007.6]": 659,
            "(59007.6, 65528.0]": 659
        },
        "correct_product_mean": {
            "(7.999, 6350.5]": 0.9848254931714719,
            "(6350.5, 12996.8]": 0.9696509863429439,
            "(12996.8, 19472.5]": 0.9635811836115327,
            "(19472.5, 26116.8]": 0.9620060790273556,
            "(26116.8, 32574.0]": 0.9423368740515933,
            "(32574.0, 39331.6]": 0.9423368740515933,
            "(39331.6, 46013.7]": 0.9331306990881459,
            "(46013.7, 52699.4]": 0.9241274658573596,
            "(52699.4, 59007.6]": 0.9271623672230652,
            "(59007.6, 65528.0]": 0.9499241274658573
        },
        "correct_factorization_mean": {
            "(7.999, 6350.5]": 0.9696509863429439,
            "(6350.5, 12996.8]": 0.8755690440060698,
            "(12996.8, 19472.5]": 0.779969650986343,
            "(19472.5, 26116.8]": 0.6899696048632219,
            "(26116.8, 32574.0]": 0.6191198786039454,
            "(32574.0, 39331.6]": 0.5447647951441578,
            "(39331.6, 46013.7]": 0.5516717325227963,
            "(46013.7, 52699.4]": 0.5265553869499241,
            "(52699.4, 59007.6]": 0.5128983308042488,
            "(59007.6, 65528.0]": 0.5280728376327769
        }
    },
    "pred_same_as_input_beam_0": {
        "0": {
            "input_is_prime": false,
            "pred_same_as_input": false,
            "group_size": 4894,
            "correct_product_mean": 0.8808745402533715,
            "correct_factorization_mean": 0.6228034327748263
        },
        "1": {
            "input_is_prime": false,
            "pred_same_as_input": true,
            "group_size": 1026,
            "correct_product_mean": 1.0,
            "correct_factorization_mean": 0.0
        },
        "2": {
            "input_is_prime": true,
            "pred_same_as_input": false,
            "group_size": 2,
            "correct_product_mean": 0.0,
            "correct_factorization_mean": 0.0
        },
        "3": {
            "input_is_prime": true,
            "pred_same_as_input": true,
            "group_size": 666,
            "correct_product_mean": 1.0,
            "correct_factorization_mean": 1.0
        }
    },
    "by_min_factor_composite_only": {
        "0": {
            "min_factor_decile": "(1.999, 3.0]",
            "group_size": 4339,
            "correct_product_mean": 0.9338557271260659,
            "correct_factorization_mean": 0.6273334869785665
        },
        "1": {
            "min_factor_decile": "(3.0, 5.0]",
            "group_size": 447,
            "correct_product_mean": 0.9395973154362416,
            "correct_factorization_mean": 0.5503355704697986
        },
        "2": {
            "min_factor_decile": "(5.0, 17.0]",
            "group_size": 614,
            "correct_product_mean": 0.9853420195439739,
            "correct_factorization_mean": 0.08306188925081433
        },
        "3": {
            "min_factor_decile": "(17.0, 241.0]",
            "group_size": 520,
            "correct_product_mean": 0.9865384615384616,
            "correct_factorization_mean": 0.05576923076923077
        }
    },
    "test_loss": 0.08643966178911236,
    "meta": {
        "n_beams": 2,
        "temperature": 1.0
    }
}