{
    "correct": {
        "correct_product": 0.8125,
        "correct_factorization": 0.4140625
    },
    "beam_accuracy": {
        "correct_product": {
            "0": 0.775390625,
            "1": 0.1005859375
        },
        "correct_factorization": {
            "0": 0.349609375,
            "1": 0.064453125
        }
    },
    "by_prob": {
        "group_size": {
            "(-10.924999999999999, -3.484]": 410.0,
            "(-3.484, -2.832]": 410.0,
            "(-2.832, -2.362]": 409.0,
            "(-2.362, -1.984]": 410.0,
            "(-1.984, -1.584]": 409.0,
            "(-1.584, -1.33]": 410.0,
            "(-1.33, -1.064]": 409.0,
            "(-1.064, -0.918]": 410.0,
            "(-0.918, -0.712]": 409.0,
            "(-0.712, -2.74e-05]": 410.0
        },
        "correct_product": {
            "(-10.924999999999999, -3.484]": 0.024390243902439025,
            "(-3.484, -2.832]": 0.03414634146341464,
            "(-2.832, -2.362]": 0.097799511002445,
            "(-2.362, -1.984]": 0.1073170731707317,
            "(-1.984, -1.584]": 0.293398533007335,
            "(-1.584, -1.33]": 0.6146341463414634,
            "(-1.33, -1.064]": 0.7139364303178484,
            "(-1.064, -0.918]": 0.8780487804878049,
            "(-0.918, -0.712]": 0.863080684596577,
            "(-0.712, -2.74e-05]": 0.7536585365853659
        },
        "correct_factorization": {
            "(-10.924999999999999, -3.484]": 0.014634146341463415,
            "(-3.484, -2.832]": 0.01951219512195122,
            "(-2.832, -2.362]": 0.061124694376528114,
            "(-2.362, -1.984]": 0.07804878048780488,
            "(-1.984, -1.584]": 0.1271393643031785,
            "(-1.584, -1.33]": 0.26097560975609757,
            "(-1.33, -1.064]": 0.2567237163814181,
            "(-1.064, -0.918]": 0.3146341463414634,
            "(-0.918, -0.712]": 0.4132029339853301,
            "(-0.712, -2.74e-05]": 0.524390243902439
        },
        "percent_prime_factors_pred": {
            "(-10.924999999999999, -3.484]": 0.9564227642276429,
            "(-3.484, -2.832]": 0.8680894308943092,
            "(-2.832, -2.362]": 0.8736115962277334,
            "(-2.362, -1.984]": 0.9260569105691061,
            "(-1.984, -1.584]": 0.8624461520549543,
            "(-1.584, -1.33]": 0.7018292682926829,
            "(-1.33, -1.064]": 0.6572942135289321,
            "(-1.064, -0.918]": 0.5653252032520323,
            "(-0.918, -0.712]": 0.7861858190709047,
            "(-0.712, -2.74e-05]": 0.9059756097560977
        }
    },
    "by_num_target_factors": {
        "group_size": {
            "1": 192,
            "2": 466,
            "3": 501,
            "4": 401,
            "5": 237,
            "6": 131,
            "7": 62,
            "8": 32,
            "9": 12,
            "10": 7,
            "11": 5,
            "12": 1,
            "16": 1
        },
        "correct_product_mean": {
            "1": 0.9947916666666666,
            "2": 0.9635193133047211,
            "3": 0.8842315369261478,
            "4": 0.7830423940149626,
            "5": 0.620253164556962,
            "6": 0.549618320610687,
            "7": 0.4838709677419355,
            "8": 0.40625,
            "9": 0.25,
            "10": 0.2857142857142857,
            "11": 0.0,
            "12": 0.0,
            "16": 0.0
        },
        "correct_factorization_mean": {
            "1": 0.9947916666666666,
            "2": 0.4356223175965665,
            "3": 0.3093812375249501,
            "4": 0.29925187032418954,
            "5": 0.35443037974683544,
            "6": 0.3816793893129771,
            "7": 0.45161290322580644,
            "8": 0.375,
            "9": 0.25,
            "10": 0.2857142857142857,
            "11": 0.0,
            "12": 0.0,
            "16": 0.0
        }
    },
    "by_input_num": {
        "group_size": {
            "(65535.999, 65740.7]": 205,
            "(65740.7, 65945.4]": 205,
            "(65945.4, 66150.1]": 205,
            "(66150.1, 66354.8]": 204,
            "(66354.8, 66559.5]": 205,
            "(66559.5, 66764.2]": 205,
            "(66764.2, 66968.9]": 204,
            "(66968.9, 67173.6]": 205,
            "(67173.6, 67378.3]": 205,
            "(67378.3, 67583.0]": 205
        },
        "correct_product_mean": {
            "(65535.999, 65740.7]": 0.9170731707317074,
            "(65740.7, 65945.4]": 0.9073170731707317,
            "(65945.4, 66150.1]": 0.9073170731707317,
            "(66150.1, 66354.8]": 0.8970588235294118,
            "(66354.8, 66559.5]": 0.8682926829268293,
            "(66559.5, 66764.2]": 0.751219512195122,
            "(66764.2, 66968.9]": 0.6862745098039216,
            "(66968.9, 67173.6]": 0.751219512195122,
            "(67173.6, 67378.3]": 0.7560975609756098,
            "(67378.3, 67583.0]": 0.6829268292682927
        },
        "correct_factorization_mean": {
            "(65535.999, 65740.7]": 0.5170731707317073,
            "(65740.7, 65945.4]": 0.4585365853658537,
            "(65945.4, 66150.1]": 0.48292682926829267,
            "(66150.1, 66354.8]": 0.45098039215686275,
            "(66354.8, 66559.5]": 0.44390243902439025,
            "(66559.5, 66764.2]": 0.36097560975609755,
            "(66764.2, 66968.9]": 0.3480392156862745,
            "(66968.9, 67173.6]": 0.35609756097560974,
            "(67173.6, 67378.3]": 0.37073170731707317,
            "(67378.3, 67583.0]": 0.35121951219512193
        }
    },
    "pred_same_as_input_beam_0": {
        "0": {
            "input_is_prime": false,
            "pred_same_as_input": false,
            "group_size": 1504,
            "correct_product_mean": 0.6961436170212766,
            "correct_factorization_mean": 0.3503989361702128
        },
        "1": {
            "input_is_prime": false,
            "pred_same_as_input": true,
            "group_size": 352,
            "correct_product_mean": 1.0,
            "correct_factorization_mean": 0.0
        },
        "2": {
            "input_is_prime": true,
            "pred_same_as_input": false,
            "group_size": 3,
            "correct_product_mean": 0.0,
            "correct_factorization_mean": 0.0
        },
        "3": {
            "input_is_prime": true,
            "pred_same_as_input": true,
            "group_size": 189,
            "correct_product_mean": 1.0,
            "correct_factorization_mean": 1.0
        }
    },
    "by_min_factor_composite_only": {
        "0": {
            "min_factor_decile": "(1.999, 3.0]",
            "group_size": 1365,
            "correct_product_mean": 0.764102564102564,
            "correct_factorization_mean": 0.3626373626373626
        },
        "1": {
            "min_factor_decile": "(3.0, 5.0]",
            "group_size": 136,
            "correct_product_mean": 0.5735294117647058,
            "correct_factorization_mean": 0.23529411764705882
        },
        "2": {
            "min_factor_decile": "(5.0, 17.0]",
            "group_size": 176,
            "correct_product_mean": 0.9829545454545454,
            "correct_factorization_mean": 0.0
        },
        "3": {
            "min_factor_decile": "(17.0, 257.0]",
            "group_size": 179,
            "correct_product_mean": 1.0,
            "correct_factorization_mean": 0.0
        }
    },
    "loss": 0.1853520069271326,
    "meta": {
        "n_beams": 2,
        "temperature": 1.0
    }
}