{
    "correct": {
        "correct_product": 0.9933164323576861,
        "correct_factorization": 0.5187063071368211
    },
    "beam_accuracy": {
        "correct_product": {
            "0": 0.9236383191211492,
            "1": 0.29922409157255897,
            "2": 0.12629638165475915,
            "3": 0.0825843128216947,
            "4": 0.05961435046477683,
            "5": 0.04478758546516094,
            "6": 0.03618345240838903,
            "7": 0.028578013367135283,
            "8": 0.02235538142429131,
            "9": 0.014596297149880925
        },
        "correct_factorization": {
            "0": 0.2472920027656142,
            "1": 0.09902435276945533,
            "2": 0.048705538910655294,
            "3": 0.03410924176077437,
            "4": 0.02442959207190597,
            "5": 0.01997388031036337,
            "6": 0.015748636398555733,
            "7": 0.013443957901206114,
            "8": 0.011062456787278175,
            "9": 0.007682261657832066
        }
    },
    "by_prob": {
        "correct_product": {
            "(-11.649999999999999, -4.657]": 0.013443957901206114,
            "(-4.657, -4.197]": 0.019359299377736807,
            "(-4.197, -3.935]": 0.027348851501882154,
            "(-3.935, -3.731]": 0.03426288699393101,
            "(-3.731, -3.531]": 0.04133056771913651,
            "(-3.531, -3.309]": 0.06330183606053622,
            "(-3.309, -3.019]": 0.08289160328800799,
            "(-3.019, -2.557]": 0.1438887608511946,
            "(-2.557, -1.858]": 0.357686102788661,
            "(-1.858, -0.000694]": 0.8543443189675041
        },
        "correct_factorization": {
            "(-11.649999999999999, -4.657]": 0.005761696243374049,
            "(-4.657, -4.197]": 0.007835906890988707,
            "(-4.197, -3.935]": 0.010831988937543212,
            "(-3.935, -3.731]": 0.013828070984097718,
            "(-3.731, -3.531]": 0.017361911346700468,
            "(-3.531, -3.309]": 0.02550510870400246,
            "(-3.309, -3.019]": 0.031113159714219865,
            "(-3.019, -2.557]": 0.05231620188983637,
            "(-2.557, -1.858]": 0.09833294922025045,
            "(-1.858, -0.000694]": 0.25858492740262734
        },
        "percent_prime_factors_pred": {
            "(-11.649999999999999, -4.657]": 0.9489586762114965,
            "(-4.657, -4.197]": 0.892553998373299,
            "(-4.197, -3.935]": 0.8756957019574934,
            "(-3.935, -3.731]": 0.8784686021088236,
            "(-3.731, -3.531]": 0.8787119651834816,
            "(-3.531, -3.309]": 0.8743957230532275,
            "(-3.309, -3.019]": 0.8706096484328628,
            "(-3.019, -2.557]": 0.8477027598829728,
            "(-2.557, -1.858]": 0.7653604687886659,
            "(-1.858, -0.000694]": 0.5539086249849225
        }
    },
    "by_n_target_factors": {
        "correct_product_mean": {
            "1": 1.0,
            "2": 0.9990536277602524,
            "3": 0.9972768532526475,
            "4": 0.9941690962099126,
            "5": 0.9906474820143885,
            "6": 0.9816272965879265,
            "7": 0.9605633802816902,
            "8": 0.9580838323353293,
            "9": 0.9361702127659575,
            "10": 0.9375,
            "11": 0.7857142857142857,
            "12": 0.75,
            "13": 1.0,
            "14": 1.0
        },
        "correct_product_size": {
            "1": 1313,
            "2": 3170,
            "3": 3305,
            "4": 2401,
            "5": 1390,
            "6": 762,
            "7": 355,
            "8": 167,
            "9": 94,
            "10": 32,
            "11": 14,
            "12": 8,
            "13": 2,
            "14": 4
        },
        "correct_factorization_mean": {
            "1": 1.0,
            "2": 0.6110410094637224,
            "3": 0.48532526475037824,
            "4": 0.4248229904206581,
            "5": 0.3661870503597122,
            "6": 0.26115485564304464,
            "7": 0.27605633802816903,
            "8": 0.2634730538922156,
            "9": 0.2127659574468085,
            "10": 0.1875,
            "11": 0.07142857142857142,
            "12": 0.125,
            "13": 0.0,
            "14": 0.0
        },
        "correct_factorization_size": {
            "1": 1313,
            "2": 3170,
            "3": 3305,
            "4": 2401,
            "5": 1390,
            "6": 762,
            "7": 355,
            "8": 167,
            "9": 94,
            "10": 32,
            "11": 14,
            "12": 8,
            "13": 2,
            "14": 4
        }
    },
    "by_target_number": {
        "correct_product_mean": {
            "(8.999, 6700.4]": 0.9869431643625192,
            "(6700.4, 13267.8]": 0.9915514592933948,
            "(13267.8, 19602.6]": 0.9953881629515757,
            "(19602.6, 25978.8]": 0.9900153609831029,
            "(25978.8, 32651.0]": 0.9923195084485407,
            "(32651.0, 39298.8]": 0.994619523443505,
            "(39298.8, 45796.8]": 0.9953917050691244,
            "(45796.8, 52327.8]": 0.9953881629515757,
            "(52327.8, 59017.4]": 0.9946236559139785,
            "(59017.4, 65521.0]": 0.9969278033794163
        },
        "correct_product_size": {
            "(8.999, 6700.4]": 1302,
            "(6700.4, 13267.8]": 1302,
            "(13267.8, 19602.6]": 1301,
            "(19602.6, 25978.8]": 1302,
            "(25978.8, 32651.0]": 1302,
            "(32651.0, 39298.8]": 1301,
            "(39298.8, 45796.8]": 1302,
            "(45796.8, 52327.8]": 1301,
            "(52327.8, 59017.4]": 1302,
            "(59017.4, 65521.0]": 1302
        },
        "correct_factorization_mean": {
            "(8.999, 6700.4]": 0.8079877112135176,
            "(6700.4, 13267.8]": 0.6973886328725039,
            "(13267.8, 19602.6]": 0.5003843197540354,
            "(19602.6, 25978.8]": 0.4969278033794163,
            "(25978.8, 32651.0]": 0.47619047619047616,
            "(32651.0, 39298.8]": 0.45810914681014603,
            "(39298.8, 45796.8]": 0.45698924731182794,
            "(45796.8, 52327.8]": 0.4335126825518832,
            "(52327.8, 59017.4]": 0.4400921658986175,
            "(59017.4, 65521.0]": 0.41935483870967744
        },
        "correct_factorization_size": {
            "(8.999, 6700.4]": 1302,
            "(6700.4, 13267.8]": 1302,
            "(13267.8, 19602.6]": 1301,
            "(19602.6, 25978.8]": 1302,
            "(25978.8, 32651.0]": 1302,
            "(32651.0, 39298.8]": 1301,
            "(39298.8, 45796.8]": 1302,
            "(45796.8, 52327.8]": 1301,
            "(52327.8, 59017.4]": 1302,
            "(59017.4, 65521.0]": 1302
        }
    },
    "pred_same_as_target_beam_0": {
        "0": {
            "target_is_prime": false,
            "pred_same_as_target": false,
            "correct_product_mean": 0.9174641148325359,
            "correct_product_size": 11704,
            "correct_factorization_mean": 0.16524265208475736,
            "correct_factorization_size": 11704
        },
        "1": {
            "target_is_prime": true,
            "pred_same_as_target": false,
            "correct_product_mean": 0.0,
            "correct_product_size": 28,
            "correct_factorization_mean": 0.0,
            "correct_factorization_size": 28
        },
        "2": {
            "target_is_prime": true,
            "pred_same_as_target": true,
            "correct_product_mean": 1.0,
            "correct_product_size": 1285,
            "correct_factorization_mean": 1.0,
            "correct_factorization_size": 1285
        }
    },
    "by_min_factor": {
        "0": {
            "min_factor_decile": "(1.999, 3.0]",
            "correct_product_mean": 0.990228013029316,
            "correct_product_size": 8596,
            "correct_factorization_mean": 0.1706607724523034,
            "correct_factorization_size": 8596
        },
        "1": {
            "min_factor_decile": "(3.0, 5.0]",
            "correct_product_mean": 0.9965197215777262,