{
    "correct": {
        "correct_product": 0.41038641776138896,
        "correct_factorization": 0.0632250134439579
    },
    "beam_accuracy": {
        "correct_product": {
            "0": 0.40961819159560575,
            "1": 0.0027656141968195437
        },
        "correct_factorization": {
            "0": 0.06153491587923485,
            "1": 0.0016900975647230546
        }
    },
    "by_prob": {
        "correct_product": {
            "(-23.164, -13.868]": 0.0,
            "(-13.868, -12.495]": 0.0,
            "(-12.495, -11.406]": 0.0,
            "(-11.406, -9.677]": 0.0,
            "(-9.677, -6.491]": 0.000384172109104879,
            "(-6.491, -4.504]": 0.0072992700729927005,
            "(-4.504, -3.379]": 0.08218125960061444,
            "(-3.379, -2.579]": 0.26623127160968113,
            "(-2.579, -2.042]": 0.7280061467537456,
            "(-2.042, -0.494]": 0.977726574500768
        },
        "correct_factorization": {
            "(-23.164, -13.868]": 0.0,
            "(-13.868, -12.495]": 0.0,
            "(-12.495, -11.406]": 0.0,
            "(-11.406, -9.677]": 0.0,
            "(-9.677, -6.491]": 0.000384172109104879,
            "(-6.491, -4.504]": 0.00384172109104879,
            "(-4.504, -3.379]": 0.014976958525345621,
            "(-3.379, -2.579]": 0.040722243565117174,
            "(-2.579, -2.042]": 0.09527468305800998,
            "(-2.042, -0.494]": 0.16090629800307218
        },
        "percent_prime_factors_pred": {
            "(-23.164, -13.868]": 0.8640158548864071,
            "(-13.868, -12.495]": 0.748552951722382,
            "(-12.495, -11.406]": 0.6209181713407724,
            "(-11.406, -9.677]": 0.6287554403481816,
            "(-9.677, -6.491]": 0.9991436787057215,
            "(-6.491, -4.504]": 0.9533404679582161,
            "(-4.504, -3.379]": 0.8292050691244284,
            "(-3.379, -2.579]": 0.6923613778973142,
            "(-2.579, -2.042]": 0.5716480983480609,
            "(-2.042, -0.494]": 0.43441500256016274
        }
    },
    "by_n_target_factors": {
        "correct_product_mean": {
            "1": 0.10434120335110435,
            "2": 0.24195583596214512,
            "3": 0.4015128593040847,
            "4": 0.5297792586422324,
            "5": 0.620863309352518,
            "6": 0.6640419947506562,
            "7": 0.6873239436619718,
            "8": 0.6766467065868264,
            "9": 0.7340425531914894,
            "10": 0.6875,
            "11": 0.7857142857142857,
            "12": 0.875,
            "13": 1.0,
            "14": 0.5
        },
        "correct_product_size": {
            "1": 1313,
            "2": 3170,
            "3": 3305,
            "4": 2401,
            "5": 1390,
            "6": 762,
            "7": 355,
            "8": 167,
            "9": 94,
            "10": 32,
            "11": 14,
            "12": 8,
            "13": 2,
            "14": 4
        },
        "correct_factorization_mean": {
            "1": 0.10434120335110435,
            "2": 0.14100946372239748,
            "3": 0.04599092284417549,
            "4": 0.019991670137442734,
            "5": 0.015107913669064749,
            "6": 0.006561679790026247,
            "7": 0.014084507042253521,
            "8": 0.017964071856287425,
            "9": 0.031914893617021274,
            "10": 0.03125,
            "11": 0.0,
            "12": 0.125,
            "13": 0.0,
            "14": 0.0
        },
        "correct_factorization_size": {
            "1": 1313,
            "2": 3170,
            "3": 3305,
            "4": 2401,
            "5": 1390,
            "6": 762,
            "7": 355,
            "8": 167,
            "9": 94,
            "10": 32,
            "11": 14,
            "12": 8,
            "13": 2,
            "14": 4
        }
    },
    "by_target_number": {
        "correct_product_mean": {
            "(8.999, 6700.4]": 0.6989247311827957,
            "(6700.4, 13267.8]": 0.5814132104454686,
            "(13267.8, 19602.6]": 0.42275172943889316,
            "(19602.6, 25978.8]": 0.4062980030721966,
            "(25978.8, 32651.0]": 0.2956989247311828,
            "(32651.0, 39298.8]": 0.36664104534973097,
            "(39298.8, 45796.8]": 0.5960061443932412,
            "(45796.8, 52327.8]": 0.23136049192928518,
            "(52327.8, 59017.4]": 0.24423963133640553,
            "(59017.4, 65521.0]": 0.26036866359447003
        },
        "correct_product_size": {
            "(8.999, 6700.4]": 1302,
            "(6700.4, 13267.8]": 1302,
            "(13267.8, 19602.6]": 1301,
            "(19602.6, 25978.8]": 1302,
            "(25978.8, 32651.0]": 1302,
            "(32651.0, 39298.8]": 1301,
            "(39298.8, 45796.8]": 1302,
            "(45796.8, 52327.8]": 1301,
            "(52327.8, 59017.4]": 1302,
            "(59017.4, 65521.0]": 1302
        },
        "correct_factorization_mean": {
            "(8.999, 6700.4]": 0.15360983102918588,
            "(6700.4, 13267.8]": 0.08986175115207373,
            "(13267.8, 19602.6]": 0.06917755572636433,
            "(19602.6, 25978.8]": 0.03840245775729647,
            "(25978.8, 32651.0]": 0.04377880184331797,
            "(32651.0, 39298.8]": 0.054573405073020755,
            "(39298.8, 45796.8]": 0.07526881720430108,
            "(45796.8, 52327.8]": 0.03920061491160646,
            "(52327.8, 59017.4]": 0.03686635944700461,
            "(59017.4, 65521.0]": 0.0314900153609831
        },
        "correct_factorization_size": {
            "(8.999, 6700.4]": 1302,
            "(6700.4, 13267.8]": 1302,
            "(13267.8, 19602.6]": 1301,
            "(19602.6, 25978.8]": 1302,
            "(25978.8, 32651.0]": 1302,
            "(32651.0, 39298.8]": 1301,
            "(39298.8, 45796.8]": 1302,
            "(45796.8, 52327.8]": 1301,
            "(52327.8, 59017.4]": 1302,
            "(59017.4, 65521.0]": 1302
        }
    },
    "pred_same_as_target_beam_0": {
        "0": {
            "target_is_prime": false,
            "pred_same_as_target": false,
            "correct_product_mean": 0.3937022545183529,
            "correct_product_size": 10734,
            "correct_factorization_mean": 0.06195267374697224,
            "correct_factorization_size": 10734
        },
        "1": {
            "target_is_prime": false,
            "pred_same_as_target": true,
            "correct_product_mean": 1.0,
            "correct_product_size": 970,
            "correct_factorization_mean": 0.0,
            "correct_factorization_size": 970
        },
        "2": {
            "target_is_prime": true,
            "pred_same_as_target": false,
            "correct_product_mean": 0.0,
            "correct_product_size": 1177,
            "correct_factorization_mean": 0.0,
            "correct_factorization_size": 1177
        },
        "3": {
            "target_is_prime": true,
            "pred_same_as_target": true,
            "correct_product_mean": 1.0,
            "correct_product_size": 136,
            "correct_factorization_mean": 1.0,
            "correct_factorization_size": 136
        }
    },
    "test_loss": 0.2321122060803806,
    "meta": {
        "n_beams": 2
    }
}