{
    "correct": {
        "correct_product": 1.0,
        "correct_factorization": 0.8100944918183913
    },
    "beam_accuracy": {
        "correct_product": {
            "0": 0.9236383191211492,
            "1": 0.29922409157255897,
            "2": 0.1265268495044941,
            "3": 0.08304524852116463,
            "4": 0.060075286164246754,
            "5": 0.045325343781209185,
            "6": 0.03994776062072674,
            "7": 0.034723822693400935,
            "8": 0.03211185372973804,
            "9": 0.02696473841899055,
            "10": 0.023661365906122764,
            "11": 0.024122301605592686,
            "12": 0.023815011139279404,
            "13": 0.021663977875086424,
            "14": 0.021663977875086424,
            "15": 0.02204809095797803,
            "16": 0.020281170776676655,
            "17": 0.020281170776676655,
            "18": 0.019436121994315127,
            "19": 0.019282476761158487,
            "20": 0.019512944610893448,
            "21": 0.018130137512483675,
            "22": 0.020281170776676655,
            "23": 0.01989705769378505,
            "24": 0.020204348160098334,
            "25": 0.01982023507720673,
            "26": 0.01843742797879696,
            "27": 0.02189444572482139,
            "28": 0.020665283859568256,
            "29": 0.02212491357455635,
            "30": 0.0234308980563878,
            "31": 0.022816317123761237,
            "32": 0.026580625336098947,
            "33": 0.02934623953291849,
            "34": 0.02005070292694169,
            "35": 0.018283782745640315,
            "36": 0.017361911346700468,
            "37": 0.018283782745640315,
            "38": 0.01667050779749558,
            "39": 0.02250902665744795,
            "40": 0.030882691864484904,
            "41": 0.03218867634631636,
            "42": 0.022893139740339557,
            "43": 0.026196512253207346,
            "44": 0.022893139740339557,
            "45": 0.023123607590074518,
            "46": 0.023200430206652838,
            "47": 0.02688791580241223,
            "48": 0.02811707766766536,
            "49": 0.02942306214949681,
            "50": 0.02197126834139971,
            "51": 0.027809787201352076,
            "52": 0.02243220404086963,
            "53": 0.02335407543980948,
            "54": 0.025120995621110854,
            "55": 0.024967350387954213,
            "56": 0.031958208496581396,
            "57": 0.030575401398171623,
            "58": 0.030191288315280018,
            "59": 0.031881385880003076,
            "60": 0.030268110931858338,
            "61": 0.030882691864484904,
            "62": 0.03357148344472613,
            "63": 0.03257278942920796,
            "64": 0.022816317123761237,
            "65": 0.02903894906660521,
            "66": 0.02243220404086963,
            "67": 0.03334101559499116,
            "68": 0.024352769455327647,
            "69": 0.02535146347084582,
            "70": 0.0256587539371591,
            "71": 0.025120995621110854,
            "72": 0.024352769455327647,
            "73": 0.034493354843665974,
            "74": 0.024122301605592686,
            "75": 0.038872243988630255,
            "76": 0.024967350387954213,
            "77": 0.030114465698701697,
            "78": 0.024813705154797572,
            "79": 0.02696473841899055,
            "80": 0.027118383652147193,
            "81": 0.03572251670891911,
            "82": 0.02688791580241223,
            "83": 0.038718598755473614,
            "84": 0.023584543289544443,
            "85": 0.030959514481063224,
            "86": 0.024736882538219252,
            "87": 0.030344933548436658,
            "88": 0.02681109318583391,
            "89": 0.03779672735653376,
            "90": 0.030729046631328263,
            "91": 0.03687485595759392,
            "92": 0.026196512253207346,
            "93": 0.026273334869785666,
            "94": 0.02542828608742414,
            "95": 0.027425674118460475,
            "96": 0.022816317123761237,
            "97": 0.0371821464239072,
            "98": 0.013213490051471153,
            "99": 0.05830836598294538
        },
        "correct_factorization": {
            "0": 0.2472920027656142,
            "1": 0.09902435276945533,
            "2": 0.048705538910655294,
            "3": 0.03426288699393101,
            "4": 0.024736882538219252,
            "5": 0.01997388031036337,
            "6": 0.017592379196435432,
            "7": 0.015594991165399093,
            "8": 0.015671813781977413,
            "9": 0.012291618652531306,
            "10": 0.012368441269109626,
            "11": 0.012061150802796343,
            "12": 0.012368441269109626,
            "13": 0.010908811554121533,
            "14": 0.012368441269109626,
            "15": 0.011600215103326419,
            "16": 0.012214796035952985,
            "17": 0.011369747253591458,
            "18": 0.011216102020434816,
            "19": 0.011369747253591458,
            "20": 0.011062456787278175,
            "21": 0.010678343704386572,
            "22": 0.010755166320964892,
            "23": 0.012137973419374663,
            "24": 0.012291618652531306,
            "25": 0.01052469847122993,
            "26": 0.010908811554121533,
            "27": 0.011523392486748099,
            "28": 0.01175386033648306,
            "29": 0.012137973419374663,
            "30": 0.013059844818314513,
            "31": 0.014212184066989321,
            "32": 0.01628639471460398,
            "33": 0.0185910732119536,
            "34": 0.011830682953061382,
            "35": 0.010755166320964892,
            "36": 0.009833294922025044,
            "37": 0.010601521087808251,
            "38": 0.009756472305446724,
            "39": 0.01298302220173619,
            "40": 0.0185910732119536,
            "41": 0.019512944610893448,
            "42": 0.013828070984097718,
            "43": 0.015057232849350849,
            "44": 0.013520780517784436,
            "45": 0.01275255435200123,
            "46": 0.013290312668049474,
            "47": 0.015287700699085811,
            "48": 0.015671813781977413,
            "49": 0.015518168548820772,
            "50": 0.011830682953061382,
            "51": 0.015518168548820772,
            "52": 0.01282937696857955,
            "53": 0.013059844818314513,
            "54": 0.01282937696857955,
            "55": 0.013674425750941077,
            "56": 0.016977798263808866,
            "57": 0.015210878082507491,
            "58": 0.015825459015134054,
            "59": 0.017208266113543827,
            "60": 0.014519474533302604,
            "61": 0.015748636398555733,
            "62": 0.01659368518091726,
            "63": 0.01651686256433894,
            "64": 0.011600215103326419,
            "65": 0.014135361450411001,
            "66": 0.011216102020434816,
            "67": 0.016824153030652225,
            "68": 0.011139279403856495,
            "69": 0.012368441269109626,
            "70": 0.01167703771990474,
            "71": 0.011523392486748099,
            "72": 0.011907505569639702,
            "73": 0.01644003994776062,
            "74": 0.011139279403856495,
            "75": 0.018206960129061995,
            "76": 0.010985634170699855,
            "77": 0.015364523315664132,
            "78": 0.01052469847122993,
            "79": 0.011907505569639702,
            "80": 0.01267573173542291,
            "81": 0.015057232849350849,
            "82": 0.011369747253591458,
            "83": 0.017899669662748714,
            "84": 0.010294230621494968,
            "85": 0.013290312668049474,
            "86": 0.009679649688868404,
            "87": 0.01405853883383268,
            "88": 0.011984328186218023,
            "89": 0.01620957209802566,
            "90": 0.012214796035952985,
            "91": 0.01620957209802566,
            "92": 0.010755166320964892,
            "93": 0.01167703771990474,
            "94": 0.010294230621494968,
            "95": 0.011600215103326419,
            "96": 0.0092955366059768,