{
    "correct": {
        "correct_product": 1,
        "correct_factorization": 0.963286646567187
    },
    "beam_accuracy": {
        "correct_product": {
            "0": 0.9901776514139602,
            "1": 0.15494409037133153,
            "2": 0.07555909628668474,
            "3": 0.050862496660687706,
            "4": 0.03734305232225318,
            "5": 0.028594054115940924,
            "6": 0.02238293325191772,
            "7": 0.019215357020188527,
            "8": 0.01513185513109186,
            "9": 0.01343357630805633,
            "10": 0.011949967560966302,
            "11": 0.01083368316604969,
            "12": 0.009383467541884518,
            "13": 0.008190856008853949,
            "14": 0.007790138533755677,
            "15": 0.0075754684578101745,
            "16": 0.006983933137427012,
            "17": 0.0065593634316681295,
            "18": 0.006048925695531046,
            "19": 0.005967828111284967,
            "20": 0.005629126435904286,
            "21": 0.0052856543143914815,
            "22": 0.005032820669389001,
            "23": 0.004894477731557456,
            "24": 0.004598710071365874,
            "25": 0.0044508262412700835,
            "26": 0.004264778842117315,
            "27": 0.003959470289661489,
            "28": 0.004002404304850589,
            "29": 0.003678013967866275,
            "30": 0.003639850398809297,
            "31": 0.20949891233828188,
            "32": 0.2638295233370225,
            "33": 0.09625806205396328,
            "34": 0.05758882570698012,
            "35": 0.041154638781818874,
            "36": 0.03202877533106896,
            "37": 0.026189749265351295,
            "38": 0.021538564286532075,
            "39": 0.018595199023012633,
            "40": 0.01641033469450063,
            "41": 0.014468763118726862,
            "42": 0.013133038201732627,
            "43": 0.011964278899362668,
            "44": 0.01091955119642789,
            "45": 0.00991298706255009,
            "46": 0.009545662710376674,
            "47": 0.008834866236690456,
            "48": 0.008224249131778804,
            "49": 0.00781876121054841,
            "50": 0.007880777010266,
            "51": 0.007141357859787047,
            "52": 0.006692935923367553,
            "53": 0.006630920123649964,
            "54": 0.006373316032515361,
            "55": 0.005986909895813457,
            "56": 0.0059535167728886,
            "57": 0.005791321604396443,
            "58": 0.005381063237033927,
            "59": 0.005032820669389001,
            "60": 0.004899248177689578,
            "61": 0.004379269549288249,
            "62": 0.00431725374957066,
            "63": 0.1852841277716292
        },
        "correct_factorization": {
            "0": 0.6245420371713163,
            "1": 0.06769740106094722,
            "2": 0.04682192878678014,
            "3": 0.035959622943937716,
            "4": 0.028522497423959087,
            "5": 0.022945845895508146,
            "6": 0.018146777086593138,
            "7": 0.015852192497042325,
            "8": 0.01263691180399191,
            "9": 0.011315498225394039,
            "10": 0.01010380490783498,
            "11": 0.00935007441895966,
            "12": 0.007904629240926612,
            "13": 0.007012555814219746,
            "14": 0.006511658970346907,
            "15": 0.006444872724497195,
            "16": 0.005791321604396443,
            "17": 0.005600503759111552,
            "18": 0.0050041979925962675,
            "19": 0.004937411746746556,
            "20": 0.004741823455329542,
            "21": 0.004393580887684616,
            "22": 0.004126435904285769,
            "23": 0.00406442010456818,
            "24": 0.003754341105980231,
            "25": 0.003639850398809297,
            "26": 0.0034967370148456284,
            "27": 0.0031675762317291915,
            "28": 0.0031055604320116017,
            "29": 0.002986299278708545,
            "30": 0.0028765790176697326,
            "31": 0.2087928863107278,
            "32": 0.26313780864786473,
            "33": 0.08584417814754036,
            "34": 0.05074800595351677,
            "35": 0.035625691714689156,
            "36": 0.027492081059420678,
            "37": 0.02225413120635042,
            "38": 0.018118154409800403,
            "39": 0.0157186200053429,
            "40": 0.013576689692019998,
            "41": 0.012059687822005115,
            "42": 0.010714422012746631,
            "43": 0.0098080372476434,
            "44": 0.008915963820936535,
            "45": 0.00781876121054841,
            "46": 0.00762794336526352,
            "47": 0.006917146891577301,
            "48": 0.006435331832232951,
            "49": 0.006163416402701981,
            "50": 0.00601553257260619,
            "51": 0.005543258405526085,
            "52": 0.004932641300614433,
            "53": 0.0049994275464641455,
            "54": 0.0048086097011792546,
            "55": 0.004498530702591306,
            "56": 0.004307712857306415,
            "57": 0.004221844826928214,
            "58": 0.003988092966454223,
            "59": 0.003544441476166851,
            "60": 0.0034681143380528947,
            "61": 0.0030673968629546236,
            "62": 0.0029672174941800557,
            "63": 0.18406766400793803
        }
    },
    "by_prob": {
        "group_size": {
            "(-21.2315, -9.2153]": 1341652,
            "(-9.2153, -9.2106]": 1343073,
            "(-9.2106, -9.2104]": 1342212,
            "(-9.2104, -9.2103]": 1378615,
            "(-9.2103, -6.4385]": 1302416,
            "(-6.4385, -6.0572]": 1341595,
            "(-6.0572, -5.6631]": 1341592,
            "(-5.6631, -5.179]": 1341594,
            "(-5.179, -4.3331]": 1341594,
            "(-4.3331, 0.0]": 1341593
        },
        "correct_product": {
            "(-21.2315, -9.2153]": 0.036665245533118875,
            "(-9.2153, -9.2106]": 0.035971983652415024,
            "(-9.2106, -9.2104]": 0.046497870679147554,
            "(-9.2104, -9.2103]": 0.0484711104985801,
            "(-9.2103, -6.4385]": 0.010563445166521296,
            "(-6.4385, -6.0572]": 0.0044760154890261215,
            "(-6.0572, -5.6631]": 0.00524973315285124,
            "(-5.6631, -5.179]": 0.007736319631721668,
            "(-5.179, -4.3331]": 0.013732172326352085,
            "(-4.3331, 0.0]": 0.2079855813201172
        },
        "correct_factorization": {
            "(-21.2315, -9.2153]": 0.02502959038558434,
            "(-9.2153, -9.2106]": 0.0359667717242473,
            "(-9.2106, -9.2104]": 0.04649638060157412,
            "(-9.2104, -9.2103]": 0.0484711104985801,
            "(-9.2103, -6.4385]": 0.0010895136423385461,
            "(-6.4385, -6.0572]": 0.002632687211863491,
            "(-6.0572, -5.6631]": 0.0034824298296352394,
            "(-5.6631, -5.179]": 0.0059198237320679725,
            "(-5.179, -4.3331]": 0.011230670381650484,
            "(-4.3331, 0.0]": 0.13888414742772212
        },
        "percent_prime_factors_pred": {
            "(-21.2315, -9.2153]": 0.8160378739682826,
            "(-9.2153, -9.2106]": 0.7799515480308356,
            "(-9.2106, -9.2104]": 0.8014835074266863,
            "(-9.2104, -9.2103]": 0.8263052329291635,
            "(-9.2103, -6.4385]": 0.8844918033147322,
            "(-6.4385, -6.0572]": 0.8544524195402534,
            "(-6.0572, -5.6631]": 0.8712582294818421,
            "(-5.6631, -5.179]": 0.8882120245018134,
            "(-5.179, -4.3331]": 0.9116627168165146,
            "(-4.3331, 0.0]": 0.9071575562189305
        }
    },
    "by_num_target_factors": {
        "group_size": {
            "1": 14760,
            "2": 41265,
            "3": 52029,
            "4": 42401,
            "5": 27488,
            "6": 15601,
            "7": 8034,
            "8": 4187,
            "9": 2057,
            "10": 991,
            "11": 436,
            "12": 185,
            "13": 106,
            "14": 51,
            "15": 21,
            "16": 6,
            "17": 2,