{
    "correct": {
        "correct_product": 0.9963219860321337,
        "correct_factorization": 0.6812483303438538
    },
    "beam_accuracy": {
        "correct_product": {
            "0": 0.9899534404457505,
            "1": 0.19126626722131054
        },
        "correct_factorization": {
            "0": 0.624456169140938,
            "1": 0.05800862496660688
        }
    },
    "by_prob": {
        "group_size": {
            "(-18.894000000000002, -9.21]": 42589.0,
            "(-9.21, -4.134]": 41261.0,
            "(-4.134, -2.778]": 41925.0,
            "(-2.778, -2.126]": 41924.0,
            "(-2.126, -1.413]": 41925.0,
            "(-1.413, -1.264]": 41925.0,
            "(-1.264, -1.007]": 41924.0,
            "(-1.007, -0.062]": 41925.0,
            "(-0.062, -0.000189]": 41925.0,
            "(-0.000189, 0.0]": 41925.0
        },
        "correct_product": {
            "(-18.894000000000002, -9.21]": 0.23576510366526568,
            "(-9.21, -4.134]": 0.19934078185211215,
            "(-4.134, -2.778]": 0.11503875968992248,
            "(-2.778, -2.126]": 0.16229367426772254,
            "(-2.126, -1.413]": 0.2462969588550984,
            "(-1.413, -1.264]": 0.9829934406678593,
            "(-1.264, -1.007]": 0.9818481060967464,
            "(-1.007, -0.062]": 0.9819439475253429,
            "(-0.062, -0.000189]": 1.0,
            "(-0.000189, 0.0]": 1.0
        },
        "correct_factorization": {
            "(-18.894000000000002, -9.21]": 0.004273403930592406,
            "(-9.21, -4.134]": 0.0012360340272896924,
            "(-4.134, -2.778]": 0.03422778771615981,
            "(-2.778, -2.126]": 0.08412842286041408,
            "(-2.126, -1.413]": 0.15902206320810972,
            "(-1.413, -1.264]": 0.2523792486583184,
            "(-1.264, -1.007]": 0.3002576090067742,
            "(-1.007, -0.062]": 0.5767918902802623,
            "(-0.062, -0.000189]": 0.9999522957662492,
            "(-0.000189, 0.0]": 1.0
        },
        "percent_prime_factors_pred": {
            "(-18.894000000000002, -9.21]": 0.8503670770465013,
            "(-9.21, -4.134]": 0.9072766938433063,
            "(-4.134, -2.778]": 0.8350025357932335,
            "(-2.778, -2.126]": 0.9094585837865344,
            "(-2.126, -1.413]": 0.9572301167328001,
            "(-1.413, -1.264]": 0.31375937757333106,
            "(-1.264, -1.007]": 0.5230133268363161,
            "(-1.007, -0.062]": 0.8162592773290447,
            "(-0.062, -0.000189]": 0.9999912542238123,
            "(-0.000189, 0.0]": 1.0
        }
    },
    "by_num_target_factors": {
        "group_size": {
            "1": 14760,
            "2": 41265,
            "3": 52029,
            "4": 42401,
            "5": 27488,
            "6": 15601,
            "7": 8034,
            "8": 4187,
            "9": 2057,
            "10": 991,
            "11": 436,
            "12": 185,
            "13": 106,
            "14": 51,
            "15": 21,
            "16": 6,
            "17": 2,
            "18": 3,
            "19": 1
        },
        "correct_product_mean": {
            "1": 0.9997967479674796,
            "2": 0.9991760571913244,
            "3": 0.9977512541082858,
            "4": 0.9967453597792505,
            "5": 0.996762223515716,
            "6": 0.9937824498429588,
            "7": 0.9881752551655464,
            "8": 0.9775495581561977,
            "9": 0.9722897423432183,
            "10": 0.9717457114026236,
            "11": 0.9724770642201835,
            "12": 0.9945945945945946,
            "13": 0.9622641509433962,
            "14": 1.0,
            "15": 0.9523809523809523,
            "16": 1.0,
            "17": 1.0,
            "18": 0.6666666666666666,
            "19": 1.0
        },
        "correct_factorization_mean": {
            "1": 0.9997967479674796,
            "2": 0.4554949715255059,
            "3": 0.4831151857617867,
            "4": 0.702271172849697,
            "5": 0.8811117578579744,
            "6": 0.9464777898852638,
            "7": 0.955563853622106,
            "8": 0.9460234057797946,
            "9": 0.9567331064657267,
            "10": 0.9677093844601413,
            "11": 0.9724770642201835,
            "12": 0.9945945945945946,
            "13": 0.9433962264150944,
            "14": 1.0,
            "15": 0.9047619047619048,
            "16": 1.0,
            "17": 1.0,
            "18": 0.6666666666666666,
            "19": 1.0
        }
    },
    "by_input_num": {
        "group_size": {
            "(11.999, 422171.3]": 20963,
            "(422171.3, 846410.0]": 20962,
            "(846410.0, 1268418.6]": 20962,
            "(1268418.6, 1686422.4]": 20963,
            "(1686422.4, 2101676.0]": 20962,
            "(2101676.0, 2517655.0]": 20962,
            "(2517655.0, 2936009.5]": 20963,
            "(2936009.5, 3358593.6]": 20962,
            "(3358593.6, 3778630.0]": 20962,
            "(3778630.0, 4194290.0]": 20963
        },
        "correct_product_mean": {
            "(11.999, 422171.3]": 0.9981395792586939,
            "(422171.3, 846410.0]": 0.9973762045606335,
            "(846410.0, 1268418.6]": 0.9966606239862609,
            "(1268418.6, 1686422.4]": 0.9957544244621476,
            "(1686422.4, 2101676.0]": 0.9959927487835131,
            "(2101676.0, 2517655.0]": 0.9956588111821391,
            "(2517655.0, 2936009.5]": 0.9961837523255259,
            "(2936009.5, 3358593.6]": 0.9961835702700124,
            "(3358593.6, 3778630.0]": 0.9958496326686385,
            "(3778630.0, 4194290.0]": 0.9954205027906311
        },
        "correct_factorization_mean": {
            "(11.999, 422171.3]": 0.8569384153031532,
            "(422171.3, 846410.0]": 0.8222974906974525,
            "(846410.0, 1268418.6]": 0.7567503100849156,
            "(1268418.6, 1686422.4]": 0.7137337213185135,
            "(1686422.4, 2101676.0]": 0.6738860795725599,
            "(2101676.0, 2517655.0]": 0.6310466558534491,
            "(2517655.0, 2936009.5]": 0.6096932690931641,
            "(2936009.5, 3358593.6]": 0.6033775403110391,
            "(3358593.6, 3778630.0]": 0.5760900677416277,
            "(3778630.0, 4194290.0]": 0.5686686065925679
        }
    },
    "pred_same_as_input_beam_0": {
        "0": {
            "input_is_prime": false,
            "pred_same_as_input": false,
            "group_size": 153763,
            "correct_product_mean": 0.986342618185129,
            "correct_factorization_mean": 0.7553637741199118
        },
        "1": {
            "input_is_prime": false,
            "pred_same_as_input": true,
            "group_size": 41101,
            "correct_product_mean": 1.0,
            "correct_factorization_mean": 0.0
        },
        "2": {
            "input_is_prime": true,
            "pred_same_as_input": false,
            "group_size": 6,
            "correct_product_mean": 0.0,
            "correct_factorization_mean": 0.0
        },
        "3": {
            "input_is_prime": true,
            "pred_same_as_input": true,
            "group_size": 14754,
            "correct_product_mean": 1.0,
            "correct_factorization_mean": 1.0
        }
    },
    "by_min_factor_composite_only": {
        "0": {
            "min_factor_decile": "(1.999, 3.0]",
            "group_size": 139714,
            "correct_product_mean": 0.9950327096783429,
            "correct_factorization_mean": 0.7561661680289735
        },
        "1": {
            "min_factor_decile": "(3.0, 7.0]",
            "group_size": 21974,
            "correct_product_mean": 0.998270683535087,
            "correct_factorization_mean": 0.4752889778829526
        },
        "2": {
            "min_factor_decile": "(7.0, 29.0]",
            "group_size": 14869,
            "correct_product_mean": 0.9986549196314479,
            "correct_factorization_mean": 0.0009415562579864146
        },
        "3": {
            "min_factor_decile": "(29.0, 2017.0]",
            "group_size": 18307,