{
    "correct": {
        "correct_product": 0.994140625,
        "correct_factorization": 0.575439453125
    },
    "beam_accuracy": {
        "correct_product": {
            "0": 0.98095703125,
            "1": 0.176513671875
        },
        "correct_factorization": {
            "0": 0.521728515625,
            "1": 0.05517578125
        }
    },
    "by_prob": {
        "group_size": {
            "(-15.982999999999999, -5.098]": 820.0,
            "(-5.098, -3.371]": 819.0,
            "(-3.371, -2.847]": 819.0,
            "(-2.847, -2.426]": 819.0,
            "(-2.426, -1.418]": 819.0,
            "(-1.418, -1.368]": 819.0,
            "(-1.368, -1.069]": 819.0,
            "(-1.069, -0.933]": 819.0,
            "(-0.933, -0.0149]": 819.0,
            "(-0.0149, -2.38e-07]": 820.0
        },
        "correct_product": {
            "(-15.982999999999999, -5.098]": 0.21341463414634146,
            "(-5.098, -3.371]": 0.054945054945054944,
            "(-3.371, -2.847]": 0.1343101343101343,
            "(-2.847, -2.426]": 0.1562881562881563,
            "(-2.426, -1.418]": 0.3247863247863248,
            "(-1.418, -1.368]": 0.9877899877899878,
            "(-1.368, -1.069]": 0.9523809523809523,
            "(-1.069, -0.933]": 0.9914529914529915,
            "(-0.933, -0.0149]": 0.9719169719169719,
            "(-0.0149, -2.38e-07]": 1.0
        },
        "correct_factorization": {
            "(-15.982999999999999, -5.098]": 0.006097560975609756,
            "(-5.098, -3.371]": 0.018315018315018316,
            "(-3.371, -2.847]": 0.04884004884004884,
            "(-2.847, -2.426]": 0.07081807081807082,
            "(-2.426, -1.418]": 0.12454212454212454,
            "(-1.418, -1.368]": 0.231990231990232,
            "(-1.368, -1.069]": 0.2967032967032967,
            "(-1.069, -0.933]": 0.3540903540903541,
            "(-0.933, -0.0149]": 0.7326007326007326,
            "(-0.0149, -2.38e-07]": 1.0
        },
        "percent_prime_factors_pred": {
            "(-15.982999999999999, -5.098]": 0.9062828939353329,
            "(-5.098, -3.371]": 0.9093125569316045,
            "(-3.371, -2.847]": 0.7333217047502762,
            "(-2.847, -2.426]": 0.9000407000407,
            "(-2.426, -1.418]": 0.9174690388976103,
            "(-1.418, -1.368]": 0.2557183557183557,
            "(-1.368, -1.069]": 0.570104366532938,
            "(-1.069, -0.933]": 0.7256584685156113,
            "(-0.933, -0.0149]": 0.9149718006860863,
            "(-0.0149, -2.38e-07]": 1.0
        }
    },
    "by_num_target_factors": {
        "group_size": {
            "1": 265,
            "2": 795,
            "3": 982,
            "4": 840,
            "5": 557,
            "6": 313,
            "7": 182,
            "8": 88,
            "9": 29,
            "10": 22,
            "11": 16,
            "12": 5,
            "13": 1,
            "22": 1
        },
        "correct_product_mean": {
            "1": 1.0,
            "2": 0.9987421383647799,
            "3": 1.0,
            "4": 0.9964285714285714,
            "5": 0.9910233393177738,
            "6": 0.9904153354632588,
            "7": 0.978021978021978,
            "8": 0.9659090909090909,
            "9": 0.9310344827586207,
            "10": 0.9090909090909091,
            "11": 1.0,
            "12": 1.0,
            "13": 1.0,
            "22": 0.0
        },
        "correct_factorization_mean": {
            "1": 1.0,
            "2": 0.4339622641509434,
            "3": 0.34419551934826886,
            "4": 0.49166666666666664,
            "5": 0.7271095152603232,
            "6": 0.8945686900958466,
            "7": 0.8791208791208791,
            "8": 0.9545454545454546,
            "9": 0.8620689655172413,
            "10": 0.9090909090909091,
            "11": 1.0,
            "12": 1.0,
            "13": 1.0,
            "22": 0.0
        }
    },
    "by_input_num": {
        "group_size": {
            "(4194303.999, 4194713.5]": 410,
            "(4194713.5, 4195123.0]": 410,
            "(4195123.0, 4195532.5]": 409,
            "(4195532.5, 4195942.0]": 410,
            "(4195942.0, 4196351.5]": 409,
            "(4196351.5, 4196761.0]": 410,
            "(4196761.0, 4197170.5]": 409,
            "(4197170.5, 4197580.0]": 410,
            "(4197580.0, 4197989.5]": 409,
            "(4197989.5, 4198399.0]": 410
        },
        "correct_product_mean": {
            "(4194303.999, 4194713.5]": 0.9878048780487805,
            "(4194713.5, 4195123.0]": 0.9975609756097561,
            "(4195123.0, 4195532.5]": 0.9951100244498777,
            "(4195532.5, 4195942.0]": 0.9902439024390244,
            "(4195942.0, 4196351.5]": 0.9975550122249389,
            "(4196351.5, 4196761.0]": 0.9975609756097561,
            "(4196761.0, 4197170.5]": 0.9951100244498777,
            "(4197170.5, 4197580.0]": 1.0,
            "(4197580.0, 4197989.5]": 0.9951100244498777,
            "(4197989.5, 4198399.0]": 0.9853658536585366
        },
        "correct_factorization_mean": {
            "(4194303.999, 4194713.5]": 0.5804878048780487,
            "(4194713.5, 4195123.0]": 0.6195121951219512,
            "(4195123.0, 4195532.5]": 0.5794621026894865,
            "(4195532.5, 4195942.0]": 0.5560975609756098,
            "(4195942.0, 4196351.5]": 0.5843520782396088,
            "(4196351.5, 4196761.0]": 0.5536585365853659,
            "(4196761.0, 4197170.5]": 0.5794621026894865,
            "(4197170.5, 4197580.0]": 0.5780487804878048,
            "(4197580.0, 4197989.5]": 0.5623471882640587,
            "(4197989.5, 4198399.0]": 0.5609756097560976
        }
    },
    "pred_same_as_input_beam_0": {
        "0": {
            "input_is_prime": false,
            "pred_same_as_input": false,
            "group_size": 3003,
            "correct_product_mean": 0.974025974025974,
            "correct_factorization_mean": 0.6233766233766234
        },
        "1": {
            "input_is_prime": false,
            "pred_same_as_input": true,
            "group_size": 828,
            "correct_product_mean": 1.0,
            "correct_factorization_mean": 0.0
        },
        "2": {
            "input_is_prime": true,
            "pred_same_as_input": true,
            "group_size": 265,
            "correct_product_mean": 1.0,
            "correct_factorization_mean": 1.0
        }
    },
    "by_min_factor_composite_only": {
        "0": {
            "min_factor_decile": "(1.999, 3.0]",
            "group_size": 2730,
            "correct_product_mean": 0.9912087912087912,
            "correct_factorization_mean": 0.6274725274725275
        },
        "1": {
            "min_factor_decile": "(3.0, 7.0]",
            "group_size": 429,
            "correct_product_mean": 1.0,
            "correct_factorization_mean": 0.3706293706293706
        },
        "2": {
            "min_factor_decile": "(7.0, 29.0]",
            "group_size": 289,
            "correct_product_mean": 1.0,
            "correct_factorization_mean": 0.0
        },
        "3": {
            "min_factor_decile": "(29.0, 2029.0]",
            "group_size": 383,
            "correct_product_mean": 1.0,
            "correct_factorization_mean": 0.0
        }
    },
    "loss": 0.27149924057234137,
    "meta": {
        "n_beams": 2,
        "temperature": 1.0
    }
}