{
    "correct": {
        "correct_product": 0.9140625,
        "correct_factorization": 0.65234375
    },
    "beam_accuracy": {
        "correct_product": {
            "0": 0.87158203125,
            "1": 0.17431640625
        },
        "correct_factorization": {
            "0": 0.595703125,
            "1": 0.056640625
        }
    },
    "by_prob": {
        "group_size": {
            "(-12.708, -5.425]": 410.0,
            "(-5.425, -3.569]": 410.0,
            "(-3.569, -2.856]": 409.0,
            "(-2.856, -2.077]": 410.0,
            "(-2.077, -1.251]": 409.0,
            "(-1.251, -0.99]": 410.0,
            "(-0.99, -0.797]": 409.0,
            "(-0.797, -0.209]": 410.0,
            "(-0.209, -0.0087]": 409.0,
            "(-0.0087, -4.17e-06]": 410.0
        },
        "correct_product": {
            "(-12.708, -5.425]": 0.1926829268292683,
            "(-5.425, -3.569]": 0.15365853658536585,
            "(-3.569, -2.856]": 0.05623471882640587,
            "(-2.856, -2.077]": 0.15121951219512195,
            "(-2.077, -1.251]": 0.38141809290953543,
            "(-1.251, -0.99]": 0.7975609756097561,
            "(-0.99, -0.797]": 0.8704156479217604,
            "(-0.797, -0.209]": 0.7439024390243902,
            "(-0.209, -0.0087]": 0.8973105134474327,
            "(-0.0087, -4.17e-06]": 0.9853658536585366
        },
        "correct_factorization": {
            "(-12.708, -5.425]": 0.004878048780487805,
            "(-5.425, -3.569]": 0.01707317073170732,
            "(-3.569, -2.856]": 0.014669926650366748,
            "(-2.856, -2.077]": 0.07804878048780488,
            "(-2.077, -1.251]": 0.17114914425427874,
            "(-1.251, -0.99]": 0.3,
            "(-0.99, -0.797]": 0.3374083129584352,
            "(-0.797, -0.209]": 0.4658536585365854,
            "(-0.209, -0.0087]": 0.8875305623471883,
            "(-0.0087, -4.17e-06]": 0.9853658536585366
        },
        "percent_prime_factors_pred": {
            "(-12.708, -5.425]": 0.8956271777003484,
            "(-5.425, -3.569]": 0.9099186991869919,
            "(-3.569, -2.856]": 0.9316625916870416,
            "(-2.856, -2.077]": 0.9091056910569106,
            "(-2.077, -1.251]": 0.8337000814995925,
            "(-1.251, -0.99]": 0.5486585365853658,
            "(-0.99, -0.797]": 0.5546396553731517,
            "(-0.797, -0.209]": 0.8682926829268293,
            "(-0.209, -0.0087]": 0.9949470252648737,
            "(-0.0087, -4.17e-06]": 0.9995934959349593
        }
    },
    "by_num_target_factors": {
        "group_size": {
            "1": 192,
            "2": 466,
            "3": 501,
            "4": 401,
            "5": 237,
            "6": 131,
            "7": 62,
            "8": 32,
            "9": 12,
            "10": 7,
            "11": 5,
            "12": 1,
            "16": 1
        },
        "correct_product_mean": {
            "1": 0.984375,
            "2": 0.9828326180257511,
            "3": 0.9760479041916168,
            "4": 0.9326683291770573,
            "5": 0.8438818565400844,
            "6": 0.7099236641221374,
            "7": 0.7258064516129032,
            "8": 0.46875,
            "9": 0.5,
            "10": 0.2857142857142857,
            "11": 0.2,
            "12": 0.0,
            "16": 0.0
        },
        "correct_factorization_mean": {
            "1": 0.984375,
            "2": 0.4656652360515021,
            "3": 0.5688622754491018,
            "4": 0.7805486284289277,
            "5": 0.7721518987341772,
            "6": 0.648854961832061,
            "7": 0.6451612903225806,
            "8": 0.46875,
            "9": 0.5,
            "10": 0.2857142857142857,
            "11": 0.2,
            "12": 0.0,
            "16": 0.0
        }
    },
    "by_input_num": {
        "group_size": {
            "(65535.999, 65740.7]": 205,
            "(65740.7, 65945.4]": 205,
            "(65945.4, 66150.1]": 205,
            "(66150.1, 66354.8]": 204,
            "(66354.8, 66559.5]": 205,
            "(66559.5, 66764.2]": 205,
            "(66764.2, 66968.9]": 204,
            "(66968.9, 67173.6]": 205,
            "(67173.6, 67378.3]": 205,
            "(67378.3, 67583.0]": 205
        },
        "correct_product_mean": {
            "(65535.999, 65740.7]": 0.9609756097560975,
            "(65740.7, 65945.4]": 0.926829268292683,
            "(65945.4, 66150.1]": 0.9512195121951219,
            "(66150.1, 66354.8]": 0.946078431372549,
            "(66354.8, 66559.5]": 0.9170731707317074,
            "(66559.5, 66764.2]": 0.8926829268292683,
            "(66764.2, 66968.9]": 0.8676470588235294,
            "(66968.9, 67173.6]": 0.8926829268292683,
            "(67173.6, 67378.3]": 0.8975609756097561,
            "(67378.3, 67583.0]": 0.8878048780487805
        },
        "correct_factorization_mean": {
            "(65535.999, 65740.7]": 0.7463414634146341,
            "(65740.7, 65945.4]": 0.6585365853658537,
            "(65945.4, 66150.1]": 0.697560975609756,
            "(66150.1, 66354.8]": 0.6372549019607843,
            "(66354.8, 66559.5]": 0.6731707317073171,
            "(66559.5, 66764.2]": 0.624390243902439,
            "(66764.2, 66968.9]": 0.5931372549019608,
            "(66968.9, 67173.6]": 0.6195121951219512,
            "(67173.6, 67378.3]": 0.6390243902439025,
            "(67378.3, 67583.0]": 0.6341463414634146
        }
    },
    "pred_same_as_input_beam_0": {
        "0": {
            "input_is_prime": false,
            "pred_same_as_input": false,
            "group_size": 1856,
            "correct_product_mean": 0.8626077586206896,
            "correct_factorization_mean": 0.5581896551724138
        },
        "1": {
            "input_is_prime": true,
            "pred_same_as_input": false,
            "group_size": 192,
            "correct_product_mean": 0.9583333333333334,
            "correct_factorization_mean": 0.9583333333333334
        }
    },
    "by_min_factor_composite_only": {
        "0": {
            "min_factor_decile": "(1.999, 3.0]",
            "group_size": 1365,
            "correct_product_mean": 0.8915750915750916,
            "correct_factorization_mean": 0.6754578754578755
        },
        "1": {
            "min_factor_decile": "(3.0, 5.0]",
            "group_size": 136,
            "correct_product_mean": 0.875,
            "correct_factorization_mean": 0.8382352941176471
        },
        "2": {
            "min_factor_decile": "(5.0, 17.0]",
            "group_size": 176,
            "correct_product_mean": 0.9772727272727273,
            "correct_factorization_mean": 0.0
        },
        "3": {
            "min_factor_decile": "(17.0, 257.0]",
            "group_size": 179,
            "correct_product_mean": 0.9776536312849162,
            "correct_factorization_mean": 0.0
        }
    },
    "loss": 0.39730210566526164,
    "meta": {
        "n_beams": 2,
        "temperature": 1.0
    }
}