{
    "correct": {
        "correct_product": 0.90283203125,
        "correct_factorization": 0.65087890625
    },
    "beam_accuracy": {
        "correct_product": {
            "0": 0.861328125,
            "1": 0.14990234375
        },
        "correct_factorization": {
            "0": 0.59521484375,
            "1": 0.05615234375
        }
    },
    "by_prob": {
        "group_size": {
            "(-13.443, -4.943]": 410.0,
            "(-4.943, -3.3]": 410.0,
            "(-3.3, -2.734]": 409.0,
            "(-2.734, -2.117]": 410.0,
            "(-2.117, -1.281]": 409.0,
            "(-1.281, -1.03]": 410.0,
            "(-1.03, -0.786]": 409.0,
            "(-0.786, -0.255]": 410.0,
            "(-0.255, -0.0148]": 409.0,
            "(-0.0148, -4.05e-06]": 410.0
        },
        "correct_product": {
            "(-13.443, -4.943]": 0.16829268292682928,
            "(-4.943, -3.3]": 0.12195121951219512,
            "(-3.3, -2.734]": 0.044009779951100246,
            "(-2.734, -2.117]": 0.1048780487804878,
            "(-2.117, -1.281]": 0.39364303178484106,
            "(-1.281, -1.03]": 0.8,
            "(-1.03, -0.786]": 0.8508557457212714,
            "(-0.786, -0.255]": 0.7219512195121951,
            "(-0.255, -0.0148]": 0.8581907090464548,
            "(-0.0148, -4.05e-06]": 0.9926829268292683
        },
        "correct_factorization": {
            "(-13.443, -4.943]": 0.007317073170731708,
            "(-4.943, -3.3]": 0.014634146341463415,
            "(-3.3, -2.734]": 0.007334963325183374,
            "(-2.734, -2.117]": 0.06341463414634146,
            "(-2.117, -1.281]": 0.18581907090464547,
            "(-1.281, -1.03]": 0.3073170731707317,
            "(-1.03, -0.786]": 0.3594132029339853,
            "(-0.786, -0.255]": 0.47804878048780486,
            "(-0.255, -0.0148]": 0.8459657701711492,
            "(-0.0148, -4.05e-06]": 0.9878048780487805
        },
        "percent_prime_factors_pred": {
            "(-13.443, -4.943]": 0.9216202090592334,
            "(-4.943, -3.3]": 0.9093089430894309,
            "(-3.3, -2.734]": 0.9330073349633252,
            "(-2.734, -2.117]": 0.9358536585365853,
            "(-2.117, -1.281]": 0.8373035277680755,
            "(-1.281, -1.03]": 0.5378861788617886,
            "(-1.03, -0.786]": 0.5919315403422982,
            "(-0.786, -0.255]": 0.8798780487804878,
            "(-0.255, -0.0148]": 0.9925020374898126,
            "(-0.0148, -4.05e-06]": 0.998780487804878
        }
    },
    "by_num_target_factors": {
        "group_size": {
            "1": 192,
            "2": 466,
            "3": 501,
            "4": 401,
            "5": 237,
            "6": 131,
            "7": 62,
            "8": 32,
            "9": 12,
            "10": 7,
            "11": 5,
            "12": 1,
            "16": 1
        },
        "correct_product_mean": {
            "1": 0.9947916666666666,
            "2": 0.98068669527897,
            "3": 0.9461077844311377,
            "4": 0.9376558603491272,
            "5": 0.7848101265822784,
            "6": 0.7099236641221374,
            "7": 0.6612903225806451,
            "8": 0.46875,
            "9": 0.5833333333333334,
            "10": 0.7142857142857143,
            "11": 0.8,
            "12": 0.0,
            "16": 0.0
        },
        "correct_factorization_mean": {
            "1": 0.9947916666666666,
            "2": 0.4613733905579399,
            "3": 0.5528942115768463,
            "4": 0.7955112219451371,
            "5": 0.7383966244725738,
            "6": 0.648854961832061,
            "7": 0.6451612903225806,
            "8": 0.46875,
            "9": 0.5833333333333334,
            "10": 0.7142857142857143,
            "11": 0.8,
            "12": 0.0,
            "16": 0.0
        }
    },
    "by_input_num": {
        "group_size": {
            "(65535.999, 65740.7]": 205,
            "(65740.7, 65945.4]": 205,
            "(65945.4, 66150.1]": 205,
            "(66150.1, 66354.8]": 204,
            "(66354.8, 66559.5]": 205,
            "(66559.5, 66764.2]": 205,
            "(66764.2, 66968.9]": 204,
            "(66968.9, 67173.6]": 205,
            "(67173.6, 67378.3]": 205,
            "(67378.3, 67583.0]": 205
        },
        "correct_product_mean": {
            "(65535.999, 65740.7]": 0.9365853658536586,
            "(65740.7, 65945.4]": 0.9317073170731708,
            "(65945.4, 66150.1]": 0.9317073170731708,
            "(66150.1, 66354.8]": 0.9166666666666666,
            "(66354.8, 66559.5]": 0.8975609756097561,
            "(66559.5, 66764.2]": 0.8878048780487805,
            "(66764.2, 66968.9]": 0.8970588235294118,
            "(66968.9, 67173.6]": 0.9121951219512195,
            "(67173.6, 67378.3]": 0.8731707317073171,
            "(67378.3, 67583.0]": 0.8439024390243902
        },
        "correct_factorization_mean": {
            "(65535.999, 65740.7]": 0.7121951219512195,
            "(65740.7, 65945.4]": 0.6634146341463415,
            "(65945.4, 66150.1]": 0.6878048780487804,
            "(66150.1, 66354.8]": 0.6176470588235294,
            "(66354.8, 66559.5]": 0.6439024390243903,
            "(66559.5, 66764.2]": 0.6341463414634146,
            "(66764.2, 66968.9]": 0.6470588235294118,
            "(66968.9, 67173.6]": 0.6536585365853659,
            "(67173.6, 67378.3]": 0.624390243902439,
            "(67378.3, 67583.0]": 0.624390243902439
        }
    },
    "pred_same_as_input_beam_0": {
        "0": {
            "input_is_prime": false,
            "pred_same_as_input": false,
            "group_size": 1513,
            "correct_product_mean": 0.8129543952412426,
            "correct_factorization_mean": 0.6794448116325181
        },
        "1": {
            "input_is_prime": false,
            "pred_same_as_input": true,
            "group_size": 343,
            "correct_product_mean": 1.0,
            "correct_factorization_mean": 0.0
        },
        "2": {
            "input_is_prime": true,
            "pred_same_as_input": false,
            "group_size": 1,
            "correct_product_mean": 0.0,
            "correct_factorization_mean": 0.0
        },
        "3": {
            "input_is_prime": true,
            "pred_same_as_input": true,
            "group_size": 191,
            "correct_product_mean": 1.0,
            "correct_factorization_mean": 1.0
        }
    },
    "by_min_factor_composite_only": {
        "0": {
            "min_factor_decile": "(1.999, 3.0]",
            "group_size": 1365,
            "correct_product_mean": 0.8783882783882784,
            "correct_factorization_mean": 0.6725274725274726
        },
        "1": {
            "min_factor_decile": "(3.0, 5.0]",
            "group_size": 136,
            "correct_product_mean": 0.8382352941176471,
            "correct_factorization_mean": 0.8088235294117647
        },
        "2": {
            "min_factor_decile": "(5.0, 17.0]",
            "group_size": 176,
            "correct_product_mean": 0.9772727272727273,
            "correct_factorization_mean": 0.0
        },
        "3": {
            "min_factor_decile": "(17.0, 257.0]",
            "group_size": 179,
            "correct_product_mean": 0.9664804469273743,
            "correct_factorization_mean": 0.0
        }
    },
    "loss": 0.42931550240479255,
    "meta": {
        "n_beams": 2,
        "temperature": 1.0
    }
}