{
    "correct": {
        "correct_product": 0.9789010321797207,
        "correct_factorization": 0.8579234972677595
    },
    "beam_accuracy": {
        "correct_product": {
            "0": 0.9603825136612022,
            "1": 0.20552519732847602
        },
        "correct_factorization": {
            "0": 0.8249848208864602,
            "1": 0.03293867638129933
        }
    },
    "by_prob": {
        "group_size": {
            "(-15.597999999999999, -9.21]": 1326.0,
            "(-9.21, -7.489]": 1310.0,
            "(-7.489, -4.854]": 1317.0,
            "(-4.854, -2.484]": 1318.0,
            "(-2.484, -1.218]": 1317.0,
            "(-1.218, -0.68]": 1318.0,
            "(-0.68, -0.0153]": 1317.0,
            "(-0.0153, -0.00107]": 1318.0,
            "(-0.00107, -9.77e-05]": 1317.0,
            "(-9.77e-05, -5.96e-07]": 1318.0
        },
        "correct_product": {
            "(-15.597999999999999, -9.21]": 0.1847662141779789,
            "(-9.21, -7.489]": 0.15190839694656488,
            "(-7.489, -4.854]": 0.22323462414578588,
            "(-4.854, -2.484]": 0.19195751138088013,
            "(-2.484, -1.218]": 0.2968868640850418,
            "(-1.218, -0.68]": 0.8687405159332322,
            "(-0.68, -0.0153]": 0.9126803340926348,
            "(-0.0153, -0.00107]": 0.9992412746585736,
            "(-0.00107, -9.77e-05]": 1.0,
            "(-9.77e-05, -5.96e-07]": 1.0
        },
        "correct_factorization": {
            "(-15.597999999999999, -9.21]": 0.0,
            "(-9.21, -7.489]": 0.0,
            "(-7.489, -4.854]": 0.0,
            "(-4.854, -2.484]": 0.026555386949924126,
            "(-2.484, -1.218]": 0.13591495823842065,
            "(-1.218, -0.68]": 0.3323216995447648,
            "(-0.68, -0.0153]": 0.7965072133637054,
            "(-0.0153, -0.00107]": 0.9984825493171472,
            "(-0.00107, -9.77e-05]": 1.0,
            "(-9.77e-05, -5.96e-07]": 1.0
        },
        "percent_prime_factors_pred": {
            "(-15.597999999999999, -9.21]": 0.799102204984558,
            "(-9.21, -7.489]": 0.852617230098146,
            "(-7.489, -4.854]": 0.8700383266442492,
            "(-4.854, -2.484]": 0.8215532191632344,
            "(-2.484, -1.218]": 0.80486404888455,
            "(-1.218, -0.68]": 0.49499150950213167,
            "(-0.68, -0.0153]": 0.9179936363307662,
            "(-0.0153, -0.00107]": 0.9998482549317147,
            "(-0.00107, -9.77e-05]": 1.0,
            "(-9.77e-05, -5.96e-07]": 1.0
        }
    },
    "by_num_target_factors": {
        "group_size": {
            "1": 668,
            "2": 1601,
            "3": 1720,
            "4": 1198,
            "5": 715,
            "6": 373,
            "7": 165,
            "8": 79,
            "9": 35,
            "10": 20,
            "11": 8,
            "12": 3,
            "13": 3
        },
        "correct_product_mean": {
            "1": 0.9835329341317365,
            "2": 0.9843847595252967,
            "3": 0.9901162790697674,
            "4": 0.9924874791318865,
            "5": 0.9818181818181818,
            "6": 0.9517426273458445,
            "7": 0.8909090909090909,
            "8": 0.8987341772151899,
            "9": 0.8,
            "10": 0.75,
            "11": 0.375,
            "12": 0.6666666666666666,
            "13": 0.3333333333333333
        },
        "correct_factorization_mean": {
            "1": 0.9835329341317365,
            "2": 0.7051842598376015,
            "3": 0.8348837209302326,
            "4": 0.9432387312186978,
            "5": 0.9748251748251748,
            "6": 0.9061662198391421,
            "7": 0.8787878787878788,
            "8": 0.8987341772151899,
            "9": 0.8,
            "10": 0.75,
            "11": 0.375,
            "12": 0.6666666666666666,
            "13": 0.3333333333333333
        }
    },
    "by_input_num": {
        "group_size": {
            "(7.999, 6350.5]": 659,
            "(6350.5, 12996.8]": 659,
            "(12996.8, 19472.5]": 659,
            "(19472.5, 26116.8]": 658,
            "(26116.8, 32574.0]": 659,
            "(32574.0, 39331.6]": 659,
            "(39331.6, 46013.7]": 658,
            "(46013.7, 52699.4]": 659,
            "(52699.4, 59007.6]": 659,
            "(59007.6, 65528.0]": 659
        },
        "correct_product_mean": {
            "(7.999, 6350.5]": 0.9984825493171472,
            "(6350.5, 12996.8]": 1.0,
            "(12996.8, 19472.5]": 0.9969650986342944,
            "(19472.5, 26116.8]": 0.9756838905775076,
            "(26116.8, 32574.0]": 0.9772382397572079,
            "(32574.0, 39331.6]": 0.9833080424886191,
            "(39331.6, 46013.7]": 0.9756838905775076,
            "(46013.7, 52699.4]": 0.9423368740515933,
            "(52699.4, 59007.6]": 0.9681335356600911,
            "(59007.6, 65528.0]": 0.9711684370257967
        },
        "correct_factorization_mean": {
            "(7.999, 6350.5]": 0.9984825493171472,
            "(6350.5, 12996.8]": 0.9984825493171472,
            "(12996.8, 19472.5]": 0.9939301972685888,
            "(19472.5, 26116.8]": 0.9300911854103343,
            "(26116.8, 32574.0]": 0.8512898330804249,
            "(32574.0, 39331.6]": 0.8042488619119879,
            "(39331.6, 46013.7]": 0.7750759878419453,
            "(46013.7, 52699.4]": 0.7693474962063733,
            "(52699.4, 59007.6]": 0.7405159332321699,
            "(59007.6, 65528.0]": 0.7177541729893778
        }
    },
    "pred_same_as_input_beam_0": {
        "0": {
            "input_is_prime": false,
            "pred_same_as_input": false,
            "group_size": 5920,
            "correct_product_mean": 0.9587837837837838,
            "correct_factorization_mean": 0.8081081081081081
        },
        "1": {
            "input_is_prime": true,
            "pred_same_as_input": false,
            "group_size": 660,
            "correct_product_mean": 0.9742424242424242,
            "correct_factorization_mean": 0.9742424242424242
        },
        "2": {
            "input_is_prime": true,
            "pred_same_as_input": true,
            "group_size": 8,
            "correct_product_mean": 1.0,
            "correct_factorization_mean": 1.0
        }
    },
    "by_min_factor_composite_only": {
        "0": {
            "min_factor_decile": "(1.999, 3.0]",
            "group_size": 4339,
            "correct_product_mean": 0.9781055542751786,
            "correct_factorization_mean": 0.9204885918414382
        },
        "1": {
            "min_factor_decile": "(3.0, 5.0]",
            "group_size": 447,
            "correct_product_mean": 0.9776286353467561,
            "correct_factorization_mean": 0.9485458612975392
        },
        "2": {
            "min_factor_decile": "(5.0, 17.0]",
            "group_size": 614,
            "correct_product_mean": 0.988599348534202,
            "correct_factorization_mean": 0.3566775244299674
        },
        "3": {
            "min_factor_decile": "(17.0, 241.0]",
            "group_size": 520,
            "correct_product_mean": 0.9692307692307692,
            "correct_factorization_mean": 0.2826923076923077
        }
    },
    "loss": 0.13933755234053782,
    "meta": {
        "n_beams": 2,
        "temperature": 1.0
    }
}