{
    "correct": {
        "correct_product": 0.97829386763813,
        "correct_factorization": 0.8573163327261688
    },
    "beam_accuracy": {
        "correct_product": {
            "0": 0.9605343047965998,
            "1": 0.21144505160898602
        },
        "correct_factorization": {
            "0": 0.8246812386156649,
            "1": 0.03293867638129933
        }
    },
    "by_prob": {
        "group_size": {
            "(-15.786, -9.21]": 1322.0,
            "(-9.21, -7.389]": 1314.0,
            "(-7.389, -4.675]": 1317.0,
            "(-4.675, -2.492]": 1318.0,
            "(-2.492, -1.236]": 1317.0,
            "(-1.236, -0.706]": 1318.0,
            "(-0.706, -0.0194]": 1317.0,
            "(-0.0194, -0.00123]": 1318.0,
            "(-0.00123, -0.000114]": 1317.0,
            "(-0.000114, -1.19e-07]": 1318.0
        },
        "correct_product": {
            "(-15.786, -9.21]": 0.2027231467473525,
            "(-9.21, -7.389]": 0.1796042617960426,
            "(-7.389, -4.675]": 0.2384206529992407,
            "(-4.675, -2.492]": 0.16236722306525037,
            "(-2.492, -1.236]": 0.2832194381169324,
            "(-1.236, -0.706]": 0.8930197268588771,
            "(-0.706, -0.0194]": 0.9020501138952164,
            "(-0.0194, -0.00123]": 0.9984825493171472,
            "(-0.00123, -0.000114]": 1.0,
            "(-0.000114, -1.19e-07]": 1.0
        },
        "correct_factorization": {
            "(-15.786, -9.21]": 0.0,
            "(-9.21, -7.389]": 0.0,
            "(-7.389, -4.675]": 0.0030372057706909645,
            "(-4.675, -2.492]": 0.024279210925644917,
            "(-2.492, -1.236]": 0.1313591495823842,
            "(-1.236, -0.706]": 0.3505311077389985,
            "(-0.706, -0.0194]": 0.7813211845102506,
            "(-0.0194, -0.00123]": 0.9977238239757208,
            "(-0.00123, -0.000114]": 1.0,
            "(-0.000114, -1.19e-07]": 1.0
        },
        "percent_prime_factors_pred": {
            "(-15.786, -9.21]": 0.8392370866652258,
            "(-9.21, -7.389]": 0.8727513227513227,
            "(-7.389, -4.675]": 0.8534964023574501,
            "(-4.675, -2.492]": 0.8390924199725414,
            "(-2.492, -1.236]": 0.8094367309059792,
            "(-1.236, -0.706]": 0.49978502781992923,
            "(-0.706, -0.0194]": 0.9132498101746394,
            "(-0.0194, -0.00123]": 0.9997470915528579,
            "(-0.00123, -0.000114]": 1.0,
            "(-0.000114, -1.19e-07]": 1.0
        }
    },
    "by_num_target_factors": {
        "group_size": {
            "1": 668,
            "2": 1601,
            "3": 1720,
            "4": 1198,
            "5": 715,
            "6": 373,
            "7": 165,
            "8": 79,
            "9": 35,
            "10": 20,
            "11": 8,
            "12": 3,
            "13": 3
        },
        "correct_product_mean": {
            "1": 0.9895209580838323,
            "2": 0.9862585883822611,
            "3": 0.9825581395348837,
            "4": 0.9924874791318865,
            "5": 0.9818181818181818,
            "6": 0.935656836461126,
            "7": 0.9272727272727272,
            "8": 0.8607594936708861,
            "9": 0.8,
            "10": 0.8,
            "11": 0.75,
            "12": 0.6666666666666666,
            "13": 0.6666666666666666
        },
        "correct_factorization_mean": {
            "1": 0.9895209580838323,
            "2": 0.6995627732667083,
            "3": 0.8313953488372093,
            "4": 0.9432387312186978,
            "5": 0.9762237762237762,
            "6": 0.903485254691689,
            "7": 0.9151515151515152,
            "8": 0.8481012658227848,
            "9": 0.8,
            "10": 0.8,
            "11": 0.75,
            "12": 0.6666666666666666,
            "13": 0.6666666666666666
        }
    },
    "by_input_num": {
        "group_size": {
            "(7.999, 6350.5]": 659,
            "(6350.5, 12996.8]": 659,
            "(12996.8, 19472.5]": 659,
            "(19472.5, 26116.8]": 658,
            "(26116.8, 32574.0]": 659,
            "(32574.0, 39331.6]": 659,
            "(39331.6, 46013.7]": 658,
            "(46013.7, 52699.4]": 659,
            "(52699.4, 59007.6]": 659,
            "(59007.6, 65528.0]": 659
        },
        "correct_product_mean": {
            "(7.999, 6350.5]": 0.9984825493171472,
            "(6350.5, 12996.8]": 0.9954476479514416,
            "(12996.8, 19472.5]": 0.9954476479514416,
            "(19472.5, 26116.8]": 0.9711246200607903,
            "(26116.8, 32574.0]": 0.9802731411229135,
            "(32574.0, 39331.6]": 0.9696509863429439,
            "(39331.6, 46013.7]": 0.9635258358662614,
            "(46013.7, 52699.4]": 0.9559939301972686,
            "(52699.4, 59007.6]": 0.9787556904400607,
            "(59007.6, 65528.0]": 0.9742033383915023
        },
        "correct_factorization_mean": {
            "(7.999, 6350.5]": 0.9984825493171472,
            "(6350.5, 12996.8]": 0.9954476479514416,
            "(12996.8, 19472.5]": 0.992412746585736,
            "(19472.5, 26116.8]": 0.9331306990881459,
            "(26116.8, 32574.0]": 0.8528072837632777,
            "(32574.0, 39331.6]": 0.7966616084977238,
            "(39331.6, 46013.7]": 0.7689969604863222,
            "(46013.7, 52699.4]": 0.7723823975720789,
            "(52699.4, 59007.6]": 0.7374810318664643,
            "(59007.6, 65528.0]": 0.7253414264036419
        }
    },
    "pred_same_as_input_beam_0": {
        "0": {
            "input_is_prime": false,
            "pred_same_as_input": false,
            "group_size": 5203,
            "correct_product_mean": 0.9529117816644244,
            "correct_factorization_mean": 0.9187007495675572
        },
        "1": {
            "input_is_prime": false,
            "pred_same_as_input": true,
            "group_size": 717,
            "correct_product_mean": 1.0,
            "correct_factorization_mean": 0.0
        },
        "2": {
            "input_is_prime": true,
            "pred_same_as_input": false,
            "group_size": 15,
            "correct_product_mean": 0.0,
            "correct_factorization_mean": 0.0
        },
        "3": {
            "input_is_prime": true,
            "pred_same_as_input": true,
            "group_size": 653,
            "correct_product_mean": 1.0,
            "correct_factorization_mean": 1.0
        }
    },
    "by_min_factor_composite_only": {
        "0": {
            "min_factor_decile": "(1.999, 3.0]",
            "group_size": 4339,
            "correct_product_mean": 0.9776446185757087,
            "correct_factorization_mean": 0.9195667204424983
        },
        "1": {
            "min_factor_decile": "(3.0, 5.0]",
            "group_size": 447,
            "correct_product_mean": 0.9798657718120806,
            "correct_factorization_mean": 0.9552572706935123
        },
        "2": {
            "min_factor_decile": "(5.0, 17.0]",
            "group_size": 614,
            "correct_product_mean": 0.9755700325732899,
            "correct_factorization_mean": 0.3469055374592834
        },
        "3": {
            "min_factor_decile": "(17.0, 241.0]",
            "group_size": 520,
            "correct_product_mean": 0.9711538461538461,
            "correct_factorization_mean": 0.28846153846153844
        }
    },
    "loss": 0.13747121701494874,
    "meta": {
        "n_beams": 2,
        "temperature": 1.0
    }
}