{
    "correct": {
        "correct_product": 0.9647844565877353,
        "correct_factorization": 0.8263509411050395
    },
    "beam_accuracy": {
        "correct_product": {
            "0": 0.938221007893139,
            "1": 0.22131147540983606
        },
        "correct_factorization": {
            "0": 0.7844565877352763,
            "1": 0.04219793564055859
        }
    },
    "by_prob": {
        "group_size": {
            "(-14.886999999999999, -8.786]": 1318.0,
            "(-8.786, -6.025]": 1318.0,
            "(-6.025, -3.314]": 1317.0,
            "(-3.314, -2.267]": 1318.0,
            "(-2.267, -1.216]": 1317.0,
            "(-1.216, -0.812]": 1318.0,
            "(-0.812, -0.111]": 1317.0,
            "(-0.111, -0.0047]": 1318.0,
            "(-0.0047, -0.0003]": 1317.0,
            "(-0.0003, -1.31e-06]": 1318.0
        },
        "correct_product": {
            "(-14.886999999999999, -8.786]": 0.17830045523520485,
            "(-8.786, -6.025]": 0.2321699544764795,
            "(-6.025, -3.314]": 0.2270311313591496,
            "(-3.314, -2.267]": 0.16009104704097116,
            "(-2.267, -1.216]": 0.3097949886104784,
            "(-1.216, -0.812]": 0.8566009104704098,
            "(-0.812, -0.111]": 0.8466211085801063,
            "(-0.111, -0.0047]": 0.9871016691957512,
            "(-0.0047, -0.0003]": 1.0,
            "(-0.0003, -1.31e-06]": 1.0
        },
        "correct_factorization": {
            "(-14.886999999999999, -8.786]": 0.0007587253414264037,
            "(-8.786, -6.025]": 0.0,
            "(-6.025, -3.314]": 0.005315110098709187,
            "(-3.314, -2.267]": 0.05007587253414264,
            "(-2.267, -1.216]": 0.1427486712224753,
            "(-1.216, -0.812]": 0.33611532625189683,
            "(-0.812, -0.111]": 0.6241457858769932,
            "(-0.111, -0.0047]": 0.9742033383915023,
            "(-0.0047, -0.0003]": 1.0,
            "(-0.0003, -1.31e-06]": 1.0
        },
        "percent_prime_factors_pred": {
            "(-14.886999999999999, -8.786]": 0.8551843220849256,
            "(-8.786, -6.025]": 0.8866843702579653,
            "(-6.025, -3.314]": 0.8529992406985561,
            "(-3.314, -2.267]": 0.8338644410723315,
            "(-2.267, -1.216]": 0.848766135155656,
            "(-1.216, -0.812]": 0.515288315629742,
            "(-0.812, -0.111]": 0.8322504248472354,
            "(-0.111, -0.0047]": 0.9958649468892261,
            "(-0.0047, -0.0003]": 1.0,
            "(-0.0003, -1.31e-06]": 1.0
        }
    },
    "by_num_target_factors": {
        "group_size": {
            "1": 668,
            "2": 1601,
            "3": 1720,
            "4": 1198,
            "5": 715,
            "6": 373,
            "7": 165,
            "8": 79,
            "9": 35,
            "10": 20,
            "11": 8,
            "12": 3,
            "13": 3
        },
        "correct_product_mean": {
            "1": 0.9910179640718563,
            "2": 0.9868831980012492,
            "3": 0.9854651162790697,
            "4": 0.9841402337228714,
            "5": 0.9398601398601398,
            "6": 0.900804289544236,
            "7": 0.7878787878787878,
            "8": 0.7468354430379747,
            "9": 0.6857142857142857,
            "10": 0.6,
            "11": 0.5,
            "12": 0.6666666666666666,
            "13": 0.3333333333333333
        },
        "correct_factorization_mean": {
            "1": 0.9910179640718563,
            "2": 0.6714553404122423,
            "3": 0.8127906976744186,
            "4": 0.9282136894824707,
            "5": 0.8951048951048951,
            "6": 0.8739946380697051,
            "7": 0.7818181818181819,
            "8": 0.7468354430379747,
            "9": 0.6857142857142857,
            "10": 0.6,
            "11": 0.5,
            "12": 0.6666666666666666,
            "13": 0.3333333333333333
        }
    },
    "by_input_num": {
        "group_size": {
            "(7.999, 6350.5]": 659,
            "(6350.5, 12996.8]": 659,
            "(12996.8, 19472.5]": 659,
            "(19472.5, 26116.8]": 658,
            "(26116.8, 32574.0]": 659,
            "(32574.0, 39331.6]": 659,
            "(39331.6, 46013.7]": 658,
            "(46013.7, 52699.4]": 659,
            "(52699.4, 59007.6]": 659,
            "(59007.6, 65528.0]": 659
        },
        "correct_product_mean": {
            "(7.999, 6350.5]": 0.9984825493171472,
            "(6350.5, 12996.8]": 1.0,
            "(12996.8, 19472.5]": 0.9817905918057663,
            "(19472.5, 26116.8]": 0.9696048632218845,
            "(26116.8, 32574.0]": 0.9590288315629742,
            "(32574.0, 39331.6]": 0.9544764795144158,
            "(39331.6, 46013.7]": 0.9513677811550152,
            "(46013.7, 52699.4]": 0.9256449165402124,
            "(52699.4, 59007.6]": 0.952959028831563,
            "(59007.6, 65528.0]": 0.9544764795144158
        },
        "correct_factorization_mean": {
            "(7.999, 6350.5]": 0.9984825493171472,
            "(6350.5, 12996.8]": 1.0,
            "(12996.8, 19472.5]": 0.9635811836115327,
            "(19472.5, 26116.8]": 0.8860182370820668,
            "(26116.8, 32574.0]": 0.8012139605462822,
            "(32574.0, 39331.6]": 0.7723823975720789,
            "(39331.6, 46013.7]": 0.7446808510638298,
            "(46013.7, 52699.4]": 0.723823975720789,
            "(52699.4, 59007.6]": 0.6965098634294385,
            "(59007.6, 65528.0]": 0.6767830045523521
        }
    },
    "pred_same_as_input_beam_0": {
        "0": {
            "input_is_prime": false,
            "pred_same_as_input": false,
            "group_size": 5149,
            "correct_product_mean": 0.9234802874344533,
            "correct_factorization_mean": 0.8764808700718586
        },
        "1": {
            "input_is_prime": false,
            "pred_same_as_input": true,
            "group_size": 771,
            "correct_product_mean": 1.0,
            "correct_factorization_mean": 0.0
        },
        "2": {
            "input_is_prime": true,
            "pred_same_as_input": false,
            "group_size": 13,
            "correct_product_mean": 0.0,
            "correct_factorization_mean": 0.0
        },
        "3": {
            "input_is_prime": true,
            "pred_same_as_input": true,
            "group_size": 655,
            "correct_product_mean": 1.0,
            "correct_factorization_mean": 1.0
        }
    },
    "by_min_factor_composite_only": {
        "0": {
            "min_factor_decile": "(1.999, 3.0]",
            "group_size": 4339,
            "correct_product_mean": 0.9539064300530076,
            "correct_factorization_mean": 0.8674809864023969
        },
        "1": {
            "min_factor_decile": "(3.0, 5.0]",
            "group_size": 447,
            "correct_product_mean": 0.9753914988814317,
            "correct_factorization_mean": 0.9507829977628636
        },
        "2": {
            "min_factor_decile": "(5.0, 17.0]",
            "group_size": 614,
            "correct_product_mean": 0.99185667752443,
            "correct_factorization_mean": 0.3289902280130293
        },
        "3": {
            "min_factor_decile": "(17.0, 241.0]",
            "group_size": 520,
            "correct_product_mean": 0.9807692307692307,
            "correct_factorization_mean": 0.23461538461538461
        }
    },
    "loss": 0.04921218557193732,
    "meta": {
        "n_beams": 2,
        "temperature": 1.0
    }
}