{
    "correct": {
        "correct_product": 0.90087890625,
        "correct_factorization": 0.6279296875
    },
    "beam_accuracy": {
        "correct_product": {
            "0": 0.86669921875,
            "1": 0.15380859375
        },
        "correct_factorization": {
            "0": 0.578125,
            "1": 0.0498046875
        }
    },
    "by_prob": {
        "group_size": {
            "(-12.256, -4.98]": 410.0,
            "(-4.98, -3.311]": 410.0,
            "(-3.311, -2.704]": 409.0,
            "(-2.704, -2.043]": 410.0,
            "(-2.043, -1.31]": 409.0,
            "(-1.31, -1.067]": 410.0,
            "(-1.067, -0.864]": 409.0,
            "(-0.864, -0.445]": 410.0,
            "(-0.445, -0.0168]": 409.0,
            "(-0.0168, -5.72e-06]": 410.0
        },
        "correct_product": {
            "(-12.256, -4.98]": 0.17073170731707318,
            "(-4.98, -3.311]": 0.08780487804878048,
            "(-3.311, -2.704]": 0.06601466992665037,
            "(-2.704, -2.043]": 0.12682926829268293,
            "(-2.043, -1.31]": 0.3691931540342298,
            "(-1.31, -1.067]": 0.7804878048780488,
            "(-1.067, -0.864]": 0.8386308068459658,
            "(-0.864, -0.445]": 0.7853658536585366,
            "(-0.445, -0.0168]": 0.8899755501222494,
            "(-0.0168, -5.72e-06]": 0.9878048780487805
        },
        "correct_factorization": {
            "(-12.256, -4.98]": 0.0,
            "(-4.98, -3.311]": 0.004878048780487805,
            "(-3.311, -2.704]": 0.019559902200488997,
            "(-2.704, -2.043]": 0.04878048780487805,
            "(-2.043, -1.31]": 0.15158924205378974,
            "(-1.31, -1.067]": 0.3121951219512195,
            "(-1.067, -0.864]": 0.3422982885085575,
            "(-0.864, -0.445]": 0.44390243902439025,
            "(-0.445, -0.0168]": 0.8288508557457213,
            "(-0.0168, -5.72e-06]": 0.9878048780487805
        },
        "percent_prime_factors_pred": {
            "(-12.256, -4.98]": 0.9213414634146347,
            "(-4.98, -3.311]": 0.9281300813008132,
            "(-3.311, -2.704]": 0.923838630806846,
            "(-2.704, -2.043]": 0.9115853658536587,
            "(-2.043, -1.31]": 0.8485330073349634,
            "(-1.31, -1.067]": 0.5543631436314362,
            "(-1.067, -0.864]": 0.5779543602281988,
            "(-0.864, -0.445]": 0.8286178861788618,
            "(-0.445, -0.0168]": 0.9744498777506113,
            "(-0.0168, -5.72e-06]": 1.0
        }
    },
    "by_num_target_factors": {
        "group_size": {
            "1": 192,
            "2": 466,
            "3": 501,
            "4": 401,
            "5": 237,
            "6": 131,
            "7": 62,
            "8": 32,
            "9": 12,
            "10": 7,
            "11": 5,
            "12": 1,
            "16": 1
        },
        "correct_product_mean": {
            "1": 0.9739583333333334,
            "2": 0.9935622317596566,
            "3": 0.9540918163672655,
            "4": 0.9326683291770573,
            "5": 0.7763713080168776,
            "6": 0.7175572519083969,
            "7": 0.6774193548387096,
            "8": 0.5,
            "9": 0.3333333333333333,
            "10": 0.2857142857142857,
            "11": 0.2,
            "12": 0.0,
            "16": 0.0
        },
        "correct_factorization_mean": {
            "1": 0.9739583333333334,
            "2": 0.4613733905579399,
            "3": 0.5089820359281437,
            "4": 0.7755610972568578,
            "5": 0.70042194092827,
            "6": 0.6717557251908397,
            "7": 0.6612903225806451,
            "8": 0.5,
            "9": 0.3333333333333333,
            "10": 0.2857142857142857,
            "11": 0.2,
            "12": 0.0,
            "16": 0.0
        }
    },
    "by_input_num": {
        "group_size": {
            "(65535.999, 65740.7]": 205,
            "(65740.7, 65945.4]": 205,
            "(65945.4, 66150.1]": 205,
            "(66150.1, 66354.8]": 204,
            "(66354.8, 66559.5]": 205,
            "(66559.5, 66764.2]": 205,
            "(66764.2, 66968.9]": 204,
            "(66968.9, 67173.6]": 205,
            "(67173.6, 67378.3]": 205,
            "(67378.3, 67583.0]": 205
        },
        "correct_product_mean": {
            "(65535.999, 65740.7]": 0.9317073170731708,
            "(65740.7, 65945.4]": 0.9073170731707317,
            "(65945.4, 66150.1]": 0.9170731707317074,
            "(66150.1, 66354.8]": 0.9264705882352942,
            "(66354.8, 66559.5]": 0.926829268292683,
            "(66559.5, 66764.2]": 0.8829268292682927,
            "(66764.2, 66968.9]": 0.8921568627450981,
            "(66968.9, 67173.6]": 0.9073170731707317,
            "(67173.6, 67378.3]": 0.8731707317073171,
            "(67378.3, 67583.0]": 0.8439024390243902
        },
        "correct_factorization_mean": {
            "(65535.999, 65740.7]": 0.6731707317073171,
            "(65740.7, 65945.4]": 0.6195121951219512,
            "(65945.4, 66150.1]": 0.6536585365853659,
            "(66150.1, 66354.8]": 0.6078431372549019,
            "(66354.8, 66559.5]": 0.6585365853658537,
            "(66559.5, 66764.2]": 0.5853658536585366,
            "(66764.2, 66968.9]": 0.6176470588235294,
            "(66968.9, 67173.6]": 0.624390243902439,
            "(67173.6, 67378.3]": 0.6146341463414634,
            "(67378.3, 67583.0]": 0.624390243902439
        }
    },
    "pred_same_as_input_beam_0": {
        "0": {
            "input_is_prime": false,
            "pred_same_as_input": false,
            "group_size": 1504,
            "correct_product_mean": 0.8218085106382979,
            "correct_factorization_mean": 0.6628989361702128
        },
        "1": {
            "input_is_prime": false,
            "pred_same_as_input": true,
            "group_size": 352,
            "correct_product_mean": 1.0,
            "correct_factorization_mean": 0.0
        },
        "2": {
            "input_is_prime": true,
            "pred_same_as_input": false,
            "group_size": 5,
            "correct_product_mean": 0.0,
            "correct_factorization_mean": 0.0
        },
        "3": {
            "input_is_prime": true,
            "pred_same_as_input": true,
            "group_size": 187,
            "correct_product_mean": 1.0,
            "correct_factorization_mean": 1.0
        }
    },
    "by_min_factor_composite_only": {
        "0": {
            "min_factor_decile": "(1.999, 3.0]",
            "group_size": 1365,
            "correct_product_mean": 0.8754578754578755,
            "correct_factorization_mean": 0.6556776556776557
        },
        "1": {
            "min_factor_decile": "(3.0, 5.0]",
            "group_size": 136,
            "correct_product_mean": 0.8088235294117647,
            "correct_factorization_mean": 0.75
        },
        "2": {
            "min_factor_decile": "(5.0, 17.0]",
            "group_size": 176,
            "correct_product_mean": 0.9943181818181818,
            "correct_factorization_mean": 0.0
        },
        "3": {
            "min_factor_decile": "(17.0, 257.0]",
            "group_size": 179,
            "correct_product_mean": 0.994413407821229,
            "correct_factorization_mean": 0.0
        }
    },
    "loss": 0.13488698471337557,
    "meta": {
        "n_beams": 2,
        "temperature": 1.0
    }
}