{
    "correct": {
        "correct_product": 0.90771484375,
        "correct_factorization": 0.720703125
    },
    "beam_accuracy": {
        "correct_product": {
            "0": 0.87548828125,
            "1": 0.150390625
        },
        "correct_factorization": {
            "0": 0.69091796875,
            "1": 0.0302734375
        }
    },
    "by_prob": {
        "group_size": {
            "(-13.45, -8.529]": 410.0,
            "(-8.529, -5.854]": 410.0,
            "(-5.854, -3.157]": 409.0,
            "(-3.157, -2.3]": 410.0,
            "(-2.3, -1.279]": 409.0,
            "(-1.279, -1.017]": 410.0,
            "(-1.017, -0.205]": 409.0,
            "(-0.205, -0.00612]": 410.0,
            "(-0.00612, -0.00049]": 409.0,
            "(-0.00049, -8.23e-06]": 410.0
        },
        "correct_product": {
            "(-13.45, -8.529]": 0.15853658536585366,
            "(-8.529, -5.854]": 0.1926829268292683,
            "(-5.854, -3.157]": 0.1491442542787286,
            "(-3.157, -2.3]": 0.07804878048780488,
            "(-2.3, -1.279]": 0.20537897310513448,
            "(-1.279, -1.017]": 0.8292682926829268,
            "(-1.017, -0.205]": 0.6430317848410758,
            "(-0.205, -0.00612]": 0.8731707317073171,
            "(-0.00612, -0.00049]": 1.0,
            "(-0.00049, -8.23e-06]": 1.0
        },
        "correct_factorization": {
            "(-13.45, -8.529]": 0.0,
            "(-8.529, -5.854]": 0.004878048780487805,
            "(-5.854, -3.157]": 0.009779951100244499,
            "(-3.157, -2.3]": 0.03414634146341464,
            "(-2.3, -1.279]": 0.11491442542787286,
            "(-1.279, -1.017]": 0.33414634146341465,
            "(-1.017, -0.205]": 0.28361858190709044,
            "(-0.205, -0.00612]": 0.8341463414634146,
            "(-0.00612, -0.00049]": 0.9902200488997555,
            "(-0.00049, -8.23e-06]": 1.0
        },
        "percent_prime_factors_pred": {
            "(-13.45, -8.529]": 0.8687679055361986,
            "(-8.529, -5.854]": 0.9026422764227648,
            "(-5.854, -3.157]": 0.9115234602398422,
            "(-3.157, -2.3]": 0.8995092915214868,
            "(-2.3, -1.279]": 0.8727966003027134,
            "(-1.279, -1.017]": 0.4996747967479675,
            "(-1.017, -0.205]": 0.6558213994644311,
            "(-0.205, -0.00612]": 0.9792682926829268,
            "(-0.00612, -0.00049]": 0.9951100244498777,
            "(-0.00049, -8.23e-06]": 1.0
        }
    },
    "by_num_target_factors": {
        "group_size": {
            "1": 192,
            "2": 466,
            "3": 501,
            "4": 401,
            "5": 237,
            "6": 131,
            "7": 62,
            "8": 32,
            "9": 12,
            "10": 7,
            "11": 5,
            "12": 1,
            "16": 1
        },
        "correct_product_mean": {
            "1": 0.9479166666666666,
            "2": 0.9098712446351931,
            "3": 0.9241516966067864,
            "4": 0.9301745635910225,
            "5": 0.8734177215189873,
            "6": 0.8702290076335878,
            "7": 0.8225806451612904,
            "8": 0.84375,
            "9": 0.5833333333333334,
            "10": 0.7142857142857143,
            "11": 1.0,
            "12": 1.0,
            "16": 0.0
        },
        "correct_factorization_mean": {
            "1": 0.9479166666666666,
            "2": 0.4034334763948498,
            "3": 0.7085828343313373,
            "4": 0.8703241895261845,
            "5": 0.8396624472573839,
            "6": 0.8320610687022901,
            "7": 0.8064516129032258,
            "8": 0.8125,
            "9": 0.5833333333333334,
            "10": 0.7142857142857143,
            "11": 1.0,
            "12": 1.0,
            "16": 0.0
        }
    },
    "by_input_num": {
        "group_size": {
            "(65535.999, 65740.7]": 205,
            "(65740.7, 65945.4]": 205,
            "(65945.4, 66150.1]": 205,
            "(66150.1, 66354.8]": 204,
            "(66354.8, 66559.5]": 205,
            "(66559.5, 66764.2]": 205,
            "(66764.2, 66968.9]": 204,
            "(66968.9, 67173.6]": 205,
            "(67173.6, 67378.3]": 205,
            "(67378.3, 67583.0]": 205
        },
        "correct_product_mean": {
            "(65535.999, 65740.7]": 0.9414634146341463,
            "(65740.7, 65945.4]": 0.9707317073170731,
            "(65945.4, 66150.1]": 0.9414634146341463,
            "(66150.1, 66354.8]": 0.9509803921568627,
            "(66354.8, 66559.5]": 0.9463414634146341,
            "(66559.5, 66764.2]": 0.8682926829268293,
            "(66764.2, 66968.9]": 0.8872549019607843,
            "(66968.9, 67173.6]": 0.8975609756097561,
            "(67173.6, 67378.3]": 0.8439024390243902,
            "(67378.3, 67583.0]": 0.8292682926829268
        },
        "correct_factorization_mean": {
            "(65535.999, 65740.7]": 0.8,
            "(65740.7, 65945.4]": 0.7658536585365854,
            "(65945.4, 66150.1]": 0.7658536585365854,
            "(66150.1, 66354.8]": 0.75,
            "(66354.8, 66559.5]": 0.775609756097561,
            "(66559.5, 66764.2]": 0.6878048780487804,
            "(66764.2, 66968.9]": 0.6617647058823529,
            "(66968.9, 67173.6]": 0.6829268292682927,
            "(67173.6, 67378.3]": 0.6487804878048781,
            "(67378.3, 67583.0]": 0.6682926829268293
        }
    },
    "pred_same_as_input_beam_0": {
        "0": {
            "input_is_prime": false,
            "pred_same_as_input": false,
            "group_size": 1523,
            "correct_product_mean": 0.8397898883782009,
            "correct_factorization_mean": 0.8102429415627052
        },
        "1": {
            "input_is_prime": false,
            "pred_same_as_input": true,
            "group_size": 333,
            "correct_product_mean": 1.0,
            "correct_factorization_mean": 0.0
        },
        "2": {
            "input_is_prime": true,
            "pred_same_as_input": false,
            "group_size": 11,
            "correct_product_mean": 0.0,
            "correct_factorization_mean": 0.0
        },
        "3": {
            "input_is_prime": true,
            "pred_same_as_input": true,
            "group_size": 181,
            "correct_product_mean": 1.0,
            "correct_factorization_mean": 1.0
        }
    },
    "by_min_factor_composite_only": {
        "0": {
            "min_factor_decile": "(1.999, 3.0]",
            "group_size": 1365,
            "correct_product_mean": 0.8930402930402931,
            "correct_factorization_mean": 0.8205128205128205
        },
        "1": {
            "min_factor_decile": "(3.0, 5.0]",
            "group_size": 136,
            "correct_product_mean": 0.8897058823529411,
            "correct_factorization_mean": 0.8382352941176471
        },
        "2": {
            "min_factor_decile": "(5.0, 17.0]",
            "group_size": 176,
            "correct_product_mean": 0.9431818181818182,
            "correct_factorization_mean": 0.0
        },
        "3": {
            "min_factor_decile": "(17.0, 257.0]",
            "group_size": 179,
            "correct_product_mean": 0.9553072625698324,
            "correct_factorization_mean": 0.0
        }
    },
    "loss": 0.1431233286857605,
    "meta": {
        "n_beams": 2,
        "temperature": 1.0
    }
}