{
    "correct": {
        "correct_product": 0.9969270953368672,
        "correct_factorization": 0.2804793731274487
    },
    "beam_accuracy": {
        "correct_product": {
            "0": 0.9944687716063609,
            "1": 0.2186371667819006
        },
        "correct_factorization": {
            "0": 0.21986632864715372,
            "1": 0.060613044480294996
        }
    },
    "by_prob": {
        "correct_product": {
            "(-8.663, -4.228]": 0.016129032258064516,
            "(-4.228, -2.696]": 0.0968113714944295,
            "(-2.696, -2.456]": 0.31041106415674224,
            "(-2.456, -2.293]": 0.3248847926267281,
            "(-2.293, -1.664]": 0.3972339608144449,
            "(-1.664, -1.572]": 0.981175566653861,
            "(-1.572, -1.524]": 0.9923195084485407,
            "(-1.524, -1.465]": 0.9930849020361122,
            "(-1.465, -1.361]": 0.9842489435267,
            "(-1.361, -0.0102]": 0.9692780337941628
        },
        "correct_factorization": {
            "(-8.663, -4.228]": 0.004608294930875576,
            "(-4.228, -2.696]": 0.028812908182865925,
            "(-2.696, -2.456]": 0.06338839800230503,
            "(-2.456, -2.293]": 0.08026113671274962,
            "(-2.293, -1.664]": 0.12216673069535151,
            "(-1.664, -1.572]": 0.19938532462543218,
            "(-1.572, -1.524]": 0.19316436251920122,
            "(-1.524, -1.465]": 0.19323857087975413,
            "(-1.465, -1.361]": 0.20553207837111026,
            "(-1.361, -0.0102]": 0.3118279569892473
        },
        "seq_dist_binary": {
            "(-8.663, -4.228]": 0.2609046979006655,
            "(-4.228, -2.696]": 0.2091737098220005,
            "(-2.696, -2.456]": 0.20525195287488784,
            "(-2.456, -2.293]": 0.19052419354838696,
            "(-2.293, -1.664]": 0.16372134716352904,
            "(-1.664, -1.572]": 0.1981207580996288,
            "(-1.572, -1.524]": 0.1959885432667689,
            "(-1.524, -1.465]": 0.18906069919323887,
            "(-1.465, -1.361]": 0.17623095146625695,
            "(-1.361, -0.0102]": 0.13443260368663562
        },
        "seq_dist_lev": {
            "(-8.663, -4.228]": 9.90168970814132,
            "(-4.228, -2.696]": 7.646945831732616,
            "(-2.696, -2.456]": 7.442566269688821,
            "(-2.456, -2.293]": 6.907066052227343,
            "(-2.293, -1.664]": 6.042643104110642,
            "(-1.664, -1.572]": 7.725701114099117,
            "(-1.572, -1.524]": 7.68778801843318,
            "(-1.524, -1.465]": 7.377641183250096,
            "(-1.465, -1.361]": 6.897810218978102,
            "(-1.361, -0.0102]": 5.341397849462366
        },
        "percent_prime_factors_pred": {
            "(-8.663, -4.228]": 0.8553042632823716,
            "(-4.228, -2.696]": 0.8109322742822601,
            "(-2.696, -2.456]": 0.664512226152645,
            "(-2.456, -2.293]": 0.7042608441226008,
            "(-2.293, -1.664]": 0.7477373066597021,
            "(-1.664, -1.572]": 0.2822982029282452,
            "(-1.572, -1.524]": 0.3384992258552162,
            "(-1.524, -1.465]": 0.43172956722706823,
            "(-1.465, -1.361]": 0.5491007018763467,
            "(-1.361, -0.0102]": 0.698070715553432
        }
    },
    "by_n_target_factors": {
        "correct_product_mean": {
            "1": 1.0,
            "2": 0.9987381703470032,
            "3": 0.9978819969742814,
            "4": 0.9970845481049563,
            "5": 0.9964028776978417,
            "6": 0.994750656167979,
            "7": 0.9859154929577465,
            "8": 0.9760479041916168,
            "9": 0.9680851063829787,
            "10": 0.96875,
            "11": 1.0,
            "12": 1.0,
            "13": 1.0,
            "14": 1.0
        },
        "correct_product_size": {
            "1": 1313,
            "2": 3170,
            "3": 3305,
            "4": 2401,
            "5": 1390,
            "6": 762,
            "7": 355,
            "8": 167,
            "9": 94,
            "10": 32,
            "11": 14,
            "12": 8,
            "13": 2,
            "14": 4
        },
        "correct_factorization_mean": {
            "1": 1.0,
            "2": 0.3047318611987382,
            "3": 0.17004538577912254,
            "4": 0.1361932528113286,
            "5": 0.13956834532374102,
            "6": 0.1377952755905512,
            "7": 0.19718309859154928,
            "8": 0.2754491017964072,
            "9": 0.3404255319148936,
            "10": 0.46875,
            "11": 0.5714285714285714,
            "12": 0.875,
            "13": 1.0,
            "14": 1.0
        },
        "correct_factorization_size": {
            "1": 1313,
            "2": 3170,
            "3": 3305,
            "4": 2401,
            "5": 1390,
            "6": 762,
            "7": 355,
            "8": 167,
            "9": 94,
            "10": 32,
            "11": 14,
            "12": 8,
            "13": 2,
            "14": 4
        }
    },
    "by_target_number": {
        "correct_product_mean": {
            "(8.999, 6700.4]": 0.9838709677419355,
            "(6700.4, 13267.8]": 0.9930875576036866,
            "(13267.8, 19602.6]": 0.9984627209838586,
            "(19602.6, 25978.8]": 0.9976958525345622,
            "(25978.8, 32651.0]": 0.999231950844854,
            "(32651.0, 39298.8]": 0.9992313604919293,
            "(39298.8, 45796.8]": 1.0,
            "(45796.8, 52327.8]": 0.9992313604919293,
            "(52327.8, 59017.4]": 0.999231950844854,
            "(59017.4, 65521.0]": 0.999231950844854
        },
        "correct_product_size": {
            "(8.999, 6700.4]": 1302,
            "(6700.4, 13267.8]": 1302,
            "(13267.8, 19602.6]": 1301,
            "(19602.6, 25978.8]": 1302,
            "(25978.8, 32651.0]": 1302,
            "(32651.0, 39298.8]": 1301,
            "(39298.8, 45796.8]": 1302,
            "(45796.8, 52327.8]": 1301,
            "(52327.8, 59017.4]": 1302,
            "(59017.4, 65521.0]": 1302
        },
        "correct_factorization_mean": {
            "(8.999, 6700.4]": 0.40476190476190477,
            "(6700.4, 13267.8]": 0.31490015360983103,
            "(13267.8, 19602.6]": 0.28055342044581094,
            "(19602.6, 25978.8]": 0.2910906298003072,
            "(25978.8, 32651.0]": 0.2695852534562212,
            "(32651.0, 39298.8]": 0.25595695618754805,
            "(39298.8, 45796.8]": 0.24807987711213517,
            "(45796.8, 52327.8]": 0.2759415833973866,
            "(52327.8, 59017.4]": 0.2642089093701997,
            "(59017.4, 65521.0]": 0.19969278033794163
        },
        "correct_factorization_size": {
            "(8.999, 6700.4]": 1302,
            "(6700.4, 13267.8]": 1302,
            "(13267.8, 19602.6]": 1301,
            "(19602.6, 25978.8]": 1302,
            "(25978.8, 32651.0]": 1302,
            "(32651.0, 39298.8]": 1301,
            "(39298.8, 45796.8]": 1302,
            "(45796.8, 52327.8]": 1301,
            "(52327.8, 59017.4]": 1302,
            "(59017.4, 65521.0]": 1302
        }
    },
    "by_pct_target_ones": {
        "correct_product_mean": {
            "(0.187, 0.5]": 0.997946611909651,
            "(0.5, 0.529]": 0.9957627118644068,
            "(0.529, 0.562]": 0.9968553459119497,
            "(0.562, 0.6]": 0.9986291980808774,
            "(0.6, 0.625]": 0.9922813036020584,
            "(0.625, 0.667]": 0.9969894631209232,
            "(0.667, 0.688]": 0.9973368841544608,
            "(0.688, 0.722]": 0.9956597222222222,
            "(0.722, 0.769]": 0.997643362136685,
            "(0.769, 1.0]": 0.9984555984555985
        },
        "correct_product_size": {
            "(0.187, 0.5]": 1948,
            "(0.5, 0.529]": 708,
            "(0.529, 0.562]": 1272,
            "(0.562, 0.6]": 1459,
            "(0.6, 0.625]": 1166,
            "(0.625, 0.667]": 1993,
            "(0.667, 0.688]": 751,
            "(0.688, 0.722]": 1152,
            "(0.722, 0.769]": 1273,
            "(0.769, 1.0]": 1295
        },