{
    "correct": {
        "correct_product": 0.9969270953368672,
        "correct_factorization": 0.303065222401475
    },
    "beam_accuracy": {
        "correct_product": {
            "0": 0.9897057693785051,
            "1": 0.2770223553814243
        },
        "correct_factorization": {
            "0": 0.2227087654605516,
            "1": 0.0803564569409234
        }
    },
    "by_prob": {
        "correct_product": {
            "(-8.834999999999999, -3.048]": 0.07872503840245776,
            "(-3.048, -2.559]": 0.26661544371878604,
            "(-2.559, -2.467]": 0.33384556281213984,
            "(-2.467, -2.308]": 0.3467741935483871,
            "(-2.308, -1.642]": 0.469842489435267,
            "(-1.642, -1.582]": 0.9823280829811756,
            "(-1.582, -1.537]": 0.9896313364055299,
            "(-1.537, -1.471]": 0.981175566653861,
            "(-1.471, -1.341]": 0.9696504033807145,
            "(-1.341, -0.000878]": 0.9151305683563749
        },
        "correct_factorization": {
            "(-8.834999999999999, -3.048]": 0.020737327188940093,
            "(-3.048, -2.559]": 0.058009988474836724,
            "(-2.559, -2.467]": 0.07798693814829043,
            "(-2.467, -2.308]": 0.0837173579109063,
            "(-2.308, -1.642]": 0.1406069919323857,
            "(-1.642, -1.582]": 0.1955436035343834,
            "(-1.582, -1.537]": 0.18049155145929338,
            "(-1.537, -1.471]": 0.20053784095274682,
            "(-1.471, -1.341]": 0.22128313484441028,
            "(-1.341, -0.000878]": 0.33640552995391704
        },
        "seq_dist_binary": {
            "(-8.834999999999999, -3.048]": 0.2280545954941114,
            "(-3.048, -2.559]": 0.2037072608528621,
            "(-2.559, -2.467]": 0.1989291202458702,
            "(-2.467, -2.308]": 0.18949212749615968,
            "(-2.308, -1.642]": 0.16874759892431787,
            "(-1.642, -1.582]": 0.1986730055064672,
            "(-1.582, -1.537]": 0.19835669482846938,
            "(-1.537, -1.471]": 0.18704379562043813,
            "(-1.471, -1.341]": 0.16981207580996294,
            "(-1.341, -0.000878]": 0.12762416794674816
        },
        "seq_dist_lev": {
            "(-8.834999999999999, -3.048]": 8.583333333333334,
            "(-3.048, -2.559]": 7.415674222051479,
            "(-2.559, -2.467]": 7.212447176334998,
            "(-2.467, -2.308]": 6.827956989247312,
            "(-2.308, -1.642]": 6.338455628121398,
            "(-1.642, -1.582]": 7.702650787552824,
            "(-1.582, -1.537]": 7.778033794162827,
            "(-1.537, -1.471]": 7.295044179792547,
            "(-1.471, -1.341]": 6.661160199769497,
            "(-1.341, -0.000878]": 5.097926267281106
        },
        "percent_prime_factors_pred": {
            "(-8.834999999999999, -3.048]": 0.8081776134771627,
            "(-3.048, -2.559]": 0.6801793108074357,
            "(-2.559, -2.467]": 0.6743633719334899,
            "(-2.467, -2.308]": 0.714302020091194,
            "(-2.308, -1.642]": 0.6951242156486059,
            "(-1.642, -1.582]": 0.27338784918500625,
            "(-1.582, -1.537]": 0.3360530502523585,
            "(-1.537, -1.471]": 0.45783040325875446,
            "(-1.471, -1.341]": 0.5808733983820447,
            "(-1.341, -0.000878]": 0.7414025320131292
        }
    },
    "by_n_target_factors": {
        "correct_product_mean": {
            "1": 1.0,
            "2": 0.9977917981072555,
            "3": 0.9981845688350983,
            "4": 0.9970845481049563,
            "5": 0.99568345323741,
            "6": 0.989501312335958,
            "7": 0.9943661971830986,
            "8": 0.9820359281437125,
            "9": 0.9893617021276596,
            "10": 1.0,
            "11": 1.0,
            "12": 1.0,
            "13": 1.0,
            "14": 1.0
        },
        "correct_product_size": {
            "1": 1313,
            "2": 3170,
            "3": 3305,
            "4": 2401,
            "5": 1390,
            "6": 762,
            "7": 355,
            "8": 167,
            "9": 94,
            "10": 32,
            "11": 14,
            "12": 8,
            "13": 2,
            "14": 4
        },
        "correct_factorization_mean": {
            "1": 1.0,
            "2": 0.3350157728706625,
            "3": 0.183661119515885,
            "4": 0.15326947105372762,
            "5": 0.1510791366906475,
            "6": 0.17716535433070865,
            "7": 0.29014084507042254,
            "8": 0.3772455089820359,
            "9": 0.40425531914893614,
            "10": 0.625,
            "11": 0.8571428571428571,
            "12": 1.0,
            "13": 1.0,
            "14": 1.0
        },
        "correct_factorization_size": {
            "1": 1313,
            "2": 3170,
            "3": 3305,
            "4": 2401,
            "5": 1390,
            "6": 762,
            "7": 355,
            "8": 167,
            "9": 94,
            "10": 32,
            "11": 14,
            "12": 8,
            "13": 2,
            "14": 4
        }
    },
    "by_target_number": {
        "correct_product_mean": {
            "(8.999, 6700.4]": 0.9869431643625192,
            "(6700.4, 13267.8]": 0.9953917050691244,
            "(13267.8, 19602.6]": 0.9976940814757879,
            "(19602.6, 25978.8]": 0.9984639016897081,
            "(25978.8, 32651.0]": 0.9969278033794163,
            "(32651.0, 39298.8]": 0.9984627209838586,
            "(39298.8, 45796.8]": 0.9984639016897081,
            "(45796.8, 52327.8]": 1.0,
            "(52327.8, 59017.4]": 0.9976958525345622,
            "(59017.4, 65521.0]": 0.999231950844854
        },
        "correct_product_size": {
            "(8.999, 6700.4]": 1302,
            "(6700.4, 13267.8]": 1302,
            "(13267.8, 19602.6]": 1301,
            "(19602.6, 25978.8]": 1302,
            "(25978.8, 32651.0]": 1302,
            "(32651.0, 39298.8]": 1301,
            "(39298.8, 45796.8]": 1302,
            "(45796.8, 52327.8]": 1301,
            "(52327.8, 59017.4]": 1302,
            "(59017.4, 65521.0]": 1302
        },
        "correct_factorization_mean": {
            "(8.999, 6700.4]": 0.4631336405529954,
            "(6700.4, 13267.8]": 0.3433179723502304,
            "(13267.8, 19602.6]": 0.29669485011529595,
            "(19602.6, 25978.8]": 0.29877112135176653,
            "(25978.8, 32651.0]": 0.29493087557603687,
            "(32651.0, 39298.8]": 0.27209838585703305,
            "(39298.8, 45796.8]": 0.25268817204301075,
            "(45796.8, 52327.8]": 0.28209069946195237,
            "(52327.8, 59017.4]": 0.2749615975422427,
            "(59017.4, 65521.0]": 0.2519201228878648
        },
        "correct_factorization_size": {
            "(8.999, 6700.4]": 1302,
            "(6700.4, 13267.8]": 1302,
            "(13267.8, 19602.6]": 1301,
            "(19602.6, 25978.8]": 1302,
            "(25978.8, 32651.0]": 1302,
            "(32651.0, 39298.8]": 1301,
            "(39298.8, 45796.8]": 1302,
            "(45796.8, 52327.8]": 1301,
            "(52327.8, 59017.4]": 1302,
            "(59017.4, 65521.0]": 1302
        }
    },
    "by_pct_target_ones": {
        "correct_product_mean": {
            "(0.187, 0.5]": 0.997946611909651,
            "(0.5, 0.529]": 0.9943502824858758,
            "(0.529, 0.562]": 0.9968553459119497,
            "(0.562, 0.6]": 0.9965729952021933,
            "(0.6, 0.625]": 0.9939965694682675,
            "(0.625, 0.667]": 0.9964877069744105,
            "(0.667, 0.688]": 1.0,
            "(0.688, 0.722]": 0.9982638888888888,
            "(0.722, 0.769]": 0.9960722702278083,
            "(0.769, 1.0]": 0.9984555984555985
        },
        "correct_product_size": {
            "(0.187, 0.5]": 1948,
            "(0.5, 0.529]": 708,
            "(0.529, 0.562]": 1272,
            "(0.562, 0.6]": 1459,
            "(0.6, 0.625]": 1166,
            "(0.625, 0.667]": 1993,
            "(0.667, 0.688]": 751,
            "(0.688, 0.722]": 1152,
            "(0.722, 0.769]": 1273,