{
    "correct": {
        "correct_product": 0.9881133221935288,
        "correct_factorization": 0.6129044508582713
    },
    "beam_accuracy": {
        "correct_product": {
            "0": 0.9772899893665502,
            "1": 0.20556737049977214
        },
        "correct_factorization": {
            "0": 0.5379006531976303,
            "1": 0.07500379766064104
        }
    },
    "by_prob": {
        "correct_product": {
            "(-14.706999999999999, -4.81]": 0.12284032656161002,
            "(-4.81, -2.923]": 0.14470186099506266,
            "(-2.923, -2.724]": 0.19255601974933537,
            "(-2.724, -2.22]": 0.19005126257831784,
            "(-2.22, -1.462]": 0.36973034561336876,
            "(-1.462, -1.302]": 0.9624003038359286,
            "(-1.302, -1.206]": 0.9817733054869945,
            "(-1.206, -0.9]": 0.9682871249525257,
            "(-0.9, -0.0178]": 0.9819597417394607,
            "(-0.0178, -2.5e-06]": 1.0
        },
        "correct_factorization": {
            "(-14.706999999999999, -4.81]": 0.00018986140117714068,
            "(-4.81, -2.923]": 0.017660463349791114,
            "(-2.923, -2.724]": 0.05526015951386251,
            "(-2.724, -2.22]": 0.06835010442377065,
            "(-2.22, -1.462]": 0.2052791492593999,
            "(-1.462, -1.302]": 0.25085453854918344,
            "(-1.302, -1.206]": 0.26390734763622553,
            "(-1.206, -0.9]": 0.32681352069882263,
            "(-0.9, -0.0178]": 0.8761868590960881,
            "(-0.0178, -2.5e-06]": 1.0
        },
        "percent_prime_factors_pred": {
            "(-14.706999999999999, -4.81]": 0.9068336268924929,
            "(-4.81, -2.923]": 0.8193922911497905,
            "(-2.923, -2.724]": 0.7048989022118429,
            "(-2.724, -2.22]": 0.7946683603508994,
            "(-2.22, -1.462]": 0.844163366068036,
            "(-1.462, -1.302]": 0.37478945496416155,
            "(-1.302, -1.206]": 0.46997854264799344,
            "(-1.206, -0.9]": 0.6264904689562762,
            "(-0.9, -0.0178]": 0.9542839961658823,
            "(-0.0178, -2.5e-06]": 1.0
        }
    },
    "by_n_target_factors": {
        "correct_product_mean": {
            "1": 0.9991311902693311,
            "2": 0.997775876817793,
            "3": 0.9957062481492449,
            "4": 0.990702274975272,
            "5": 0.9872773536895675,
            "6": 0.9759903961584634,
            "7": 0.9366786140979689,
            "8": 0.9102564102564102,
            "9": 0.9261363636363636,
            "10": 0.8152173913043478,
            "11": 0.7804878048780488,
            "12": 0.631578947368421,
            "13": 0.4,
            "14": 0.2,
            "17": 0.0
        },
        "correct_product_size": {
            "1": 2302,
            "2": 5845,
            "3": 6754,
            "4": 5055,
            "5": 3144,
            "6": 1666,
            "7": 837,
            "8": 390,
            "9": 176,
            "10": 92,
            "11": 41,
            "12": 19,
            "13": 5,
            "14": 5,
            "17": 1
        },
        "correct_factorization_mean": {
            "1": 0.9991311902693311,
            "2": 0.5016253207869974,
            "3": 0.4345572993781463,
            "4": 0.5637982195845698,
            "5": 0.7538167938931297,
            "6": 0.8637454981992797,
            "7": 0.8841099163679809,
            "8": 0.8435897435897436,
            "9": 0.7613636363636364,
            "10": 0.7391304347826086,
            "11": 0.6585365853658537,
            "12": 0.631578947368421,
            "13": 0.4,
            "14": 0.2,
            "17": 0.0
        },
        "correct_factorization_size": {
            "1": 2302,
            "2": 5845,
            "3": 6754,
            "4": 5055,
            "5": 3144,
            "6": 1666,
            "7": 837,
            "8": 390,
            "9": 176,
            "10": 92,
            "11": 41,
            "12": 19,
            "13": 5,
            "14": 5,
            "17": 1
        }
    },
    "by_target_number": {
        "correct_product_mean": {
            "(7.999, 26108.8]": 0.9958238420653,
            "(26108.8, 52656.0]": 0.9908849221420433,
            "(52656.0, 79135.9]": 0.9920243068742879,
            "(79135.9, 104831.2]": 0.9867071781238131,
            "(104831.2, 130725.0]": 0.9882263577668059,
            "(130725.0, 157734.6]": 0.9840486137485758,
            "(157734.6, 183966.4]": 0.9859475883023168,
            "(183966.4, 209743.8]": 0.984428408659324,
            "(209743.8, 235829.2]": 0.9863273832130649,
            "(235829.2, 262138.0]": 0.9867122247532271
        },
        "correct_product_size": {
            "(7.999, 26108.8]": 2634,
            "(26108.8, 52656.0]": 2633,
            "(52656.0, 79135.9]": 2633,
            "(79135.9, 104831.2]": 2633,
            "(104831.2, 130725.0]": 2633,
            "(130725.0, 157734.6]": 2633,
            "(157734.6, 183966.4]": 2633,
            "(183966.4, 209743.8]": 2633,
            "(209743.8, 235829.2]": 2633,
            "(235829.2, 262138.0]": 2634
        },
        "correct_factorization_mean": {
            "(7.999, 26108.8]": 0.9760820045558086,
            "(26108.8, 52656.0]": 0.8180782377516141,
            "(52656.0, 79135.9]": 0.7048993543486517,
            "(79135.9, 104831.2]": 0.6342575009494873,
            "(104831.2, 130725.0]": 0.5818458032662363,
            "(130725.0, 157734.6]": 0.5233573870110141,
            "(157734.6, 183966.4]": 0.5066464109380935,
            "(183966.4, 209743.8]": 0.4762628180782377,
            "(209743.8, 235829.2]": 0.45689327763007975,
            "(235829.2, 262138.0]": 0.4506454062262718
        },
        "correct_factorization_size": {
            "(7.999, 26108.8]": 2634,
            "(26108.8, 52656.0]": 2633,
            "(52656.0, 79135.9]": 2633,
            "(79135.9, 104831.2]": 2633,
            "(104831.2, 130725.0]": 2633,
            "(130725.0, 157734.6]": 2633,
            "(157734.6, 183966.4]": 2633,
            "(183966.4, 209743.8]": 2633,
            "(209743.8, 235829.2]": 2633,
            "(235829.2, 262138.0]": 2634
        }
    },
    "pred_same_as_target_beam_0": {
        "0": {
            "target_is_prime": false,
            "pred_same_as_target": false,
            "correct_product_mean": 0.9754473574698294,
            "correct_product_size": 24030,
            "correct_factorization_mean": 0.4939658759883479,
            "correct_factorization_size": 24030
        },
        "1": {
            "target_is_prime": true,
            "pred_same_as_target": false,
            "correct_product_mean": 0.0,
            "correct_product_size": 8,
            "correct_factorization_mean": 0.0,
            "correct_factorization_size": 8
        },
        "2": {
            "target_is_prime": true,
            "pred_same_as_target": true,
            "correct_product_mean": 1.0,
            "correct_product_size": 2294,
            "correct_factorization_mean": 1.0,
            "correct_factorization_size": 2294
        }
    },
    "by_min_factor": {
        "0": {
            "min_factor_decile": "(1.999, 3.0]",
            "correct_product_mean": 0.9836363636363636,
            "correct_product_size": 17600,
            "correct_factorization_mean": 0.6429545454545454,
            "correct_factorization_size": 17600
        },
        "1": {
            "min_factor_decile": "(3.0, 5.0]",
            "correct_product_mean": 0.9988425925925926,
            "correct_product_size": 1728,
            "correct_factorization_mean": 0.109375,
            "correct_factorization_size": 1728
        },
        "2": {
            "min_factor_decile": "(5.0, 17.0]",
            "correct_product_mean": 0.9940247545881349,
            "correct_product_size": 2343,
            "correct_factorization_mean": 0.07682458386683738,
            "correct_factorization_size": 2343
        },
        "3": {
            "min_factor_decile": "(17.0, 503.0]",