{
    "correct": {
        "correct_product": 0.9998860701807687,
        "correct_factorization": 0.9373006228163452
    },
    "beam_accuracy": {
        "correct_product": {
            "0": 0.9776697554306547,
            "1": 0.22273279659729606,
            "2": 0.12517089472884704,
            "3": 0.08423211301838068,
            "4": 0.06266140057724441,
            "5": 0.05518000911438554,
            "6": 0.041584384019444025,
            "7": 0.03596384627069725,
            "8": 0.030495214947592282,
            "9": 0.027381133221935288,
            "10": 0.02487467719884551,
            "11": 0.02164666565395716,
            "12": 0.021152969770621297,
            "13": 0.017127449491113476,
            "14": 0.01534254898982227,
            "15": 0.014545040255202795,
            "16": 0.013215859030837005,
            "17": 0.012874069573142945,
            "18": 0.011962631019292116,
            "19": 0.010291660337232266,
            "20": 0.009570104815433692,
            "21": 0.00850675983594106,
            "22": 0.00915236214491873,
            "23": 0.007937110739784294,
            "24": 0.006152210238493088,
            "25": 0.04640741303357132,
            "26": 0.07629500227859638,
            "27": 0.06463618411058787,
            "28": 0.05726872246696035,
            "29": 0.05012912046179553,
            "30": 0.04336928452073523,
            "31": 0.03797660641045116,
            "32": 0.03205225581042078,
            "33": 0.031178793862980406,
            "34": 0.030609144766823637,
            "35": 0.02555825611423363,
            "36": 0.024077168464226036,
            "37": 0.0228619170590916,
            "38": 0.021001063344979493,
            "39": 0.019861765152665956,
            "40": 0.019102233024456936,
            "41": 0.01758316876803889,
            "42": 0.016747683427008962,
            "43": 0.01564636184110588,
            "44": 0.01564636184110588,
            "45": 0.013253835637247455,
            "46": 0.013899437946225125,
            "47": 0.014545040255202795,
            "48": 0.014620993468023697,
            "49": 0.013785508126993772,
            "50": 0.01241835029621753,
            "51": 0.0491417286951238,
            "52": 0.07523165729910375,
            "53": 0.06292723682211758,
            "54": 0.054762266443870576,
            "55": 0.04842017317332523,
            "56": 0.04105271152969771,
            "57": 0.03660944857967492,
            "58": 0.03395108613094334,
            "59": 0.032735834725808904,
            "60": 0.03072307458605499,
            "61": 0.02715327358347258,
            "62": 0.025634209327054534,
            "63": 0.024343004709099194,
            "64": 0.023659425793711074,
            "65": 0.022330244569345282,
            "66": 0.019102233024456936,
            "67": 0.018760443566762874,
            "68": 0.019216162843688288,
            "69": 0.017241379310344827,
            "70": 0.01663375360777761,
            "71": 0.015912198085979035,
            "72": 0.016557800394956707,
            "73": 0.019026279811636033,
            "74": 0.01659577700136716,
            "75": 0.015798268266747684,
            "76": 0.014620993468023697,
            "77": 0.044318699680996505,
            "78": 0.06444630107853562,
            "79": 0.0538128512836093,
            "80": 0.04674920249126538,
            "81": 0.04010329636943643,
            "82": 0.034710618259152365,
            "83": 0.032166185629652136,
            "84": 0.02977365942579371,
            "85": 0.02836852498860702,
            "86": 0.026393741455263558,
            "87": 0.024343004709099194,
            "88": 0.023317636336017012,
            "89": 0.021950478505240772,
            "90": 0.023051800091143857,
            "91": 0.020887133525748138,
            "92": 0.018912349992404678,
            "93": 0.01955795230138235,
            "94": 0.01830472428983746,
            "95": 0.017924958225732947,
            "96": 0.018038888044964303,
            "97": 0.01765912198085979,
            "98": 0.017811028406501596,
            "99": 0.01826674768342701
        },
        "correct_factorization": {
            "0": 0.5381664894425034,
            "1": 0.08844751632994076,
            "2": 0.0457997873310041,
            "3": 0.030305331915540027,
            "4": 0.022634057420628892,
            "5": 0.019406045875740543,
            "6": 0.014089320978277382,
            "7": 0.012190490657754823,
            "8": 0.0097979644538964,
            "9": 0.008886525900045572,
            "10": 0.008468783229530609,
            "11": 0.007709251101321586,
            "12": 0.007291508430806623,
            "13": 0.006342093270545344,
            "14": 0.005430654716694516,
            "15": 0.0050508886525900045,
            "16": 0.004215403311560079,
            "17": 0.0045192161628436886,
            "18": 0.004291356524380981,
            "19": 0.0036457542154033117,
            "20": 0.0036457542154033117,
            "21": 0.0031520583320674466,
            "22": 0.0037976606410451163,
            "23": 0.0028482454807838373,
            "24": 0.002392526203858423,
            "25": 0.041622360625854476,
            "26": 0.07211757557344675,
            "27": 0.059661248670818776,
            "28": 0.05210390399513899,
            "29": 0.045306091447668236,
            "30": 0.0391918578155856,
            "31": 0.032925717757861156,
            "32": 0.027608992860397995,
            "33": 0.026051951997569496,
            "34": 0.025900045571927693,
            "35": 0.021077016557800397,
            "36": 0.019709858727024153,
            "37": 0.018152817864195654,
            "38": 0.01667173021418806,
            "39": 0.016216010937262645,
            "40": 0.0146969466808446,
            "41": 0.013253835637247455,
            "42": 0.012684186541090688,
            "43": 0.01177274798723986,
            "44": 0.011013215859030838,
            "45": 0.009570104815433692,
            "46": 0.010101777305180009,
            "47": 0.010443566762874069,
            "48": 0.010709403007747227,
            "49": 0.0097979644538964,
            "50": 0.008886525900045572,
            "51": 0.044926325383563726,
            "52": 0.07181376272216315,
            "53": 0.0587877867233784,
            "54": 0.04955947136563876,
            "55": 0.042951541850220265,
            "56": 0.03649551876044357,
            "57": 0.03163451313990582,
            "58": 0.02878626765912198,
            "59": 0.027381133221935288,
            "60": 0.025786115752696338,
            "61": 0.022710010633449795,
            "62": 0.02092511013215859,
            "63": 0.019444022482150995,
            "64": 0.018228771077016558,
            "65": 0.017431262342397082,
            "66": 0.015152665957770014,
            "67": 0.014241227403919185,
            "68": 0.014089320978277382,
            "69": 0.012798116360322041,
            "70": 0.01241835029621753,
            "71": 0.011658818168008506,
            "72": 0.011962631019292116,
            "73": 0.012987999392374298,
            "74": 0.012304420476986176,
            "75": 0.011279052103903996,
            "76": 0.010595473188515874,
            "77": 0.0391159046027647,
            "78": 0.059281482606714266,
            "79": 0.04739480480024305,
            "80": 0.040407109220720036,
            "81": 0.03395108613094334,
            "82": 0.028900197478353335,
            "83": 0.025900045571927693,
            "84": 0.02358347258089017,
            "85": 0.021950478505240772,
            "86": 0.020773203706516787,
            "87": 0.018190794470606106,
            "88": 0.01727935591675528,
            "89": 0.01572231505392678,
            "90": 0.016102081118031294,
            "91": 0.014772899893665502,
            "92": 0.012987999392374298,
            "93": 0.012494303509038433,
            "94": 0.01177274798723986,
            "95": 0.011544888348777153,