{
    "correct": {
        "correct_product": 0.9716150576806315,
        "correct_factorization": 0.8541287188828173
    },
    "beam_accuracy": {
        "correct_product": {
            "0": 0.9523375834851244,
            "1": 0.19914996964177292
        },
        "correct_factorization": {
            "0": 0.8224043715846995,
            "1": 0.031876138433515486
        }
    },
    "by_prob": {
        "group_size": {
            "(-14.514, -9.21]": 1325.0,
            "(-9.21, -7.224]": 1311.0,
            "(-7.224, -4.791]": 1317.0,
            "(-4.791, -2.447]": 1318.0,
            "(-2.447, -1.275]": 1317.0,
            "(-1.275, -0.744]": 1318.0,
            "(-0.744, -0.0155]": 1317.0,
            "(-0.0155, -0.0014]": 1318.0,
            "(-0.0014, -0.000187]": 1317.0,
            "(-0.000187, -1.19e-06]": 1318.0
        },
        "correct_product": {
            "(-14.514, -9.21]": 0.13886792452830188,
            "(-9.21, -7.224]": 0.18611746758199849,
            "(-7.224, -4.791]": 0.22399392558845863,
            "(-4.791, -2.447]": 0.20182094081942337,
            "(-2.447, -1.275]": 0.26347760060744113,
            "(-1.275, -0.744]": 0.8566009104704098,
            "(-0.744, -0.0155]": 0.8868640850417616,
            "(-0.0155, -0.0014]": 1.0,
            "(-0.0014, -0.000187]": 1.0,
            "(-0.000187, -1.19e-06]": 1.0
        },
        "correct_factorization": {
            "(-14.514, -9.21]": 0.0,
            "(-9.21, -7.224]": 0.0,
            "(-7.224, -4.791]": 0.002277904328018223,
            "(-4.791, -2.447]": 0.026555386949924126,
            "(-2.447, -1.275]": 0.11769172361427487,
            "(-1.275, -0.744]": 0.334597875569044,
            "(-0.744, -0.0155]": 0.7927107061503417,
            "(-0.0155, -0.0014]": 0.9977238239757208,
            "(-0.0014, -0.000187]": 1.0,
            "(-0.000187, -1.19e-06]": 1.0
        },
        "percent_prime_factors_pred": {
            "(-14.514, -9.21]": 0.7509640610961366,
            "(-9.21, -7.224]": 0.8926573680578258,
            "(-7.224, -4.791]": 0.8630979498861048,
            "(-4.791, -2.447]": 0.843543608642243,
            "(-2.447, -1.275]": 0.8074417567583855,
            "(-1.275, -0.744]": 0.5157552930125009,
            "(-0.744, -0.0155]": 0.9341432548721842,
            "(-0.0155, -0.0014]": 0.9986722306525038,
            "(-0.0014, -0.000187]": 1.0,
            "(-0.000187, -1.19e-06]": 1.0
        }
    },
    "by_num_target_factors": {
        "group_size": {
            "1": 668,
            "2": 1601,
            "3": 1720,
            "4": 1198,
            "5": 715,
            "6": 373,
            "7": 165,
            "8": 79,
            "9": 35,
            "10": 20,
            "11": 8,
            "12": 3,
            "13": 3
        },
        "correct_product_mean": {
            "1": 0.9715568862275449,
            "2": 0.9781386633354153,
            "3": 0.9877906976744186,
            "4": 0.988313856427379,
            "5": 0.9790209790209791,
            "6": 0.9302949061662198,
            "7": 0.8666666666666667,
            "8": 0.8607594936708861,
            "9": 0.7714285714285715,
            "10": 0.55,
            "11": 0.625,
            "12": 0.3333333333333333,
            "13": 0.3333333333333333
        },
        "correct_factorization_mean": {
            "1": 0.9715568862275449,
            "2": 0.7014366021236728,
            "3": 0.8418604651162791,
            "4": 0.9457429048414023,
            "5": 0.972027972027972,
            "6": 0.8793565683646113,
            "7": 0.8363636363636363,
            "8": 0.8607594936708861,
            "9": 0.7714285714285715,
            "10": 0.55,
            "11": 0.625,
            "12": 0.3333333333333333,
            "13": 0.3333333333333333
        }
    },
    "by_input_num": {
        "group_size": {
            "(7.999, 6350.5]": 659,
            "(6350.5, 12996.8]": 659,
            "(12996.8, 19472.5]": 659,
            "(19472.5, 26116.8]": 658,
            "(26116.8, 32574.0]": 659,
            "(32574.0, 39331.6]": 659,
            "(39331.6, 46013.7]": 658,
            "(46013.7, 52699.4]": 659,
            "(52699.4, 59007.6]": 659,
            "(59007.6, 65528.0]": 659
        },
        "correct_product_mean": {
            "(7.999, 6350.5]": 0.9984825493171472,
            "(6350.5, 12996.8]": 0.9939301972685888,
            "(12996.8, 19472.5]": 0.9969650986342944,
            "(19472.5, 26116.8]": 0.9696048632218845,
            "(26116.8, 32574.0]": 0.9681335356600911,
            "(32574.0, 39331.6]": 0.9650986342943855,
            "(39331.6, 46013.7]": 0.9559270516717325,
            "(46013.7, 52699.4]": 0.9347496206373292,
            "(52699.4, 59007.6]": 0.9650986342943855,
            "(59007.6, 65528.0]": 0.9681335356600911
        },
        "correct_factorization_mean": {
            "(7.999, 6350.5]": 0.9984825493171472,
            "(6350.5, 12996.8]": 0.9939301972685888,
            "(12996.8, 19472.5]": 0.9939301972685888,
            "(19472.5, 26116.8]": 0.9468085106382979,
            "(26116.8, 32574.0]": 0.8361153262518968,
            "(32574.0, 39331.6]": 0.7890743550834598,
            "(39331.6, 46013.7]": 0.7613981762917933,
            "(46013.7, 52699.4]": 0.7754172989377845,
            "(52699.4, 59007.6]": 0.7329286798179059,
            "(59007.6, 65528.0]": 0.7132018209408194
        }
    },
    "pred_same_as_input_beam_0": {
        "0": {
            "input_is_prime": false,
            "pred_same_as_input": false,
            "group_size": 5920,
            "correct_product_mean": 0.9503378378378379,
            "correct_factorization_mean": 0.8057432432432432
        },
        "1": {
            "input_is_prime": true,
            "pred_same_as_input": false,
            "group_size": 656,
            "correct_product_mean": 0.9695121951219512,
            "correct_factorization_mean": 0.9695121951219512
        },
        "2": {
            "input_is_prime": true,
            "pred_same_as_input": true,
            "group_size": 12,
            "correct_product_mean": 1.0,
            "correct_factorization_mean": 1.0
        }
    },
    "by_min_factor_composite_only": {
        "0": {
            "min_factor_decile": "(1.999, 3.0]",
            "group_size": 4339,
            "correct_product_mean": 0.9725743258815395,
            "correct_factorization_mean": 0.915187831297534
        },
        "1": {
            "min_factor_decile": "(3.0, 5.0]",
            "group_size": 447,
            "correct_product_mean": 0.9686800894854586,
            "correct_factorization_mean": 0.9440715883668904
        },
        "2": {
            "min_factor_decile": "(5.0, 17.0]",
            "group_size": 614,
            "correct_product_mean": 0.9739413680781759,
            "correct_factorization_mean": 0.3566775244299674
        },
        "3": {
            "min_factor_decile": "(17.0, 241.0]",
            "group_size": 520,
            "correct_product_mean": 0.9634615384615385,
            "correct_factorization_mean": 0.3038461538461538
        }
    },
    "loss": 0.14319581546891227,
    "meta": {
        "n_beams": 2,
        "temperature": 1.0
    }
}