{
    "correct": {
        "correct_product": 0.9228515625,
        "correct_factorization": 0.67822265625
    },
    "beam_accuracy": {
        "correct_product": {
            "0": 0.900390625,
            "1": 0.15087890625
        },
        "correct_factorization": {
            "0": 0.6494140625,
            "1": 0.02880859375
        }
    },
    "by_prob": {
        "group_size": {
            "(-13.203999999999999, -6.909]": 410.0,
            "(-6.909, -3.838]": 410.0,
            "(-3.838, -2.893]": 409.0,
            "(-2.893, -2.299]": 410.0,
            "(-2.299, -1.428]": 409.0,
            "(-1.428, -1.015]": 410.0,
            "(-1.015, -0.727]": 409.0,
            "(-0.727, -0.0591]": 410.0,
            "(-0.0591, -0.00214]": 409.0,
            "(-0.00214, -3.46e-06]": 410.0
        },
        "correct_product": {
            "(-13.203999999999999, -6.909]": 0.18536585365853658,
            "(-6.909, -3.838]": 0.23414634146341465,
            "(-3.838, -2.893]": 0.08801955990220049,
            "(-2.893, -2.299]": 0.06097560975609756,
            "(-2.299, -1.428]": 0.2469437652811736,
            "(-1.428, -1.015]": 0.7780487804878049,
            "(-1.015, -0.727]": 0.8899755501222494,
            "(-0.727, -0.0591]": 0.7829268292682927,
            "(-0.0591, -0.00214]": 0.9902200488997555,
            "(-0.00214, -3.46e-06]": 1.0
        },
        "correct_factorization": {
            "(-13.203999999999999, -6.909]": 0.0,
            "(-6.909, -3.838]": 0.004878048780487805,
            "(-3.838, -2.893]": 0.014669926650366748,
            "(-2.893, -2.299]": 0.02926829268292683,
            "(-2.299, -1.428]": 0.07579462102689487,
            "(-1.428, -1.015]": 0.33658536585365856,
            "(-1.015, -0.727]": 0.3276283618581907,
            "(-0.727, -0.0591]": 0.6146341463414634,
            "(-0.0591, -0.00214]": 0.9877750611246944,
            "(-0.00214, -3.46e-06]": 1.0
        },
        "percent_prime_factors_pred": {
            "(-13.203999999999999, -6.909]": 0.8908507549361209,
            "(-6.909, -3.838]": 0.8845528455284554,
            "(-3.838, -2.893]": 0.9156479217603912,
            "(-2.893, -2.299]": 0.9132694541231127,
            "(-2.299, -1.428]": 0.8410234020258469,
            "(-1.428, -1.015]": 0.6022125435540069,
            "(-1.015, -0.727]": 0.5293514960996624,
            "(-0.727, -0.0591]": 0.918472706155633,
            "(-0.0591, -0.00214]": 0.9995110024449878,
            "(-0.00214, -3.46e-06]": 1.0
        }
    },
    "by_num_target_factors": {
        "group_size": {
            "1": 192,
            "2": 466,
            "3": 501,
            "4": 401,
            "5": 237,
            "6": 131,
            "7": 62,
            "8": 32,
            "9": 12,
            "10": 7,
            "11": 5,
            "12": 1,
            "16": 1
        },
        "correct_product_mean": {
            "1": 0.9427083333333334,
            "2": 0.9635193133047211,
            "3": 0.9620758483033932,
            "4": 0.9551122194513716,
            "5": 0.890295358649789,
            "6": 0.8015267175572519,
            "7": 0.7580645161290323,
            "8": 0.59375,
            "9": 0.5833333333333334,
            "10": 0.5714285714285714,
            "11": 0.4,
            "12": 0.0,
            "16": 0.0
        },
        "correct_factorization_mean": {
            "1": 0.9427083333333334,
            "2": 0.4592274678111588,
            "3": 0.5848303393213573,
            "4": 0.830423940149626,
            "5": 0.8438818565400844,
            "6": 0.7022900763358778,
            "7": 0.7580645161290323,
            "8": 0.5,
            "9": 0.5833333333333334,
            "10": 0.5714285714285714,
            "11": 0.4,
            "12": 0.0,
            "16": 0.0
        }
    },
    "by_input_num": {
        "group_size": {
            "(65535.999, 65740.7]": 205,
            "(65740.7, 65945.4]": 205,
            "(65945.4, 66150.1]": 205,
            "(66150.1, 66354.8]": 204,
            "(66354.8, 66559.5]": 205,
            "(66559.5, 66764.2]": 205,
            "(66764.2, 66968.9]": 204,
            "(66968.9, 67173.6]": 205,
            "(67173.6, 67378.3]": 205,
            "(67378.3, 67583.0]": 205
        },
        "correct_product_mean": {
            "(65535.999, 65740.7]": 0.9609756097560975,
            "(65740.7, 65945.4]": 0.9560975609756097,
            "(65945.4, 66150.1]": 0.9560975609756097,
            "(66150.1, 66354.8]": 0.9362745098039216,
            "(66354.8, 66559.5]": 0.9365853658536586,
            "(66559.5, 66764.2]": 0.9121951219512195,
            "(66764.2, 66968.9]": 0.8774509803921569,
            "(66968.9, 67173.6]": 0.9170731707317074,
            "(67173.6, 67378.3]": 0.8780487804878049,
            "(67378.3, 67583.0]": 0.8975609756097561
        },
        "correct_factorization_mean": {
            "(65535.999, 65740.7]": 0.7365853658536585,
            "(65740.7, 65945.4]": 0.6926829268292682,
            "(65945.4, 66150.1]": 0.7219512195121951,
            "(66150.1, 66354.8]": 0.6421568627450981,
            "(66354.8, 66559.5]": 0.697560975609756,
            "(66559.5, 66764.2]": 0.6829268292682927,
            "(66764.2, 66968.9]": 0.6519607843137255,
            "(66968.9, 67173.6]": 0.6536585365853659,
            "(67173.6, 67378.3]": 0.6390243902439025,
            "(67378.3, 67583.0]": 0.6634146341463415
        }
    },
    "pred_same_as_input_beam_0": {
        "0": {
            "input_is_prime": false,
            "pred_same_as_input": false,
            "group_size": 1524,
            "correct_product_mean": 0.8740157480314961,
            "correct_factorization_mean": 0.7545931758530183
        },
        "1": {
            "input_is_prime": false,
            "pred_same_as_input": true,
            "group_size": 332,
            "correct_product_mean": 1.0,
            "correct_factorization_mean": 0.0
        },
        "2": {
            "input_is_prime": true,
            "pred_same_as_input": false,
            "group_size": 12,
            "correct_product_mean": 0.0,
            "correct_factorization_mean": 0.0
        },
        "3": {
            "input_is_prime": true,
            "pred_same_as_input": true,
            "group_size": 180,
            "correct_product_mean": 1.0,
            "correct_factorization_mean": 1.0
        }
    },
    "by_min_factor_composite_only": {
        "0": {
            "min_factor_decile": "(1.999, 3.0]",
            "group_size": 1365,
            "correct_product_mean": 0.9194139194139194,
            "correct_factorization_mean": 0.7589743589743589
        },
        "1": {
            "min_factor_decile": "(3.0, 5.0]",
            "group_size": 136,
            "correct_product_mean": 0.8970588235294118,
            "correct_factorization_mean": 0.8382352941176471
        },
        "2": {
            "min_factor_decile": "(5.0, 17.0]",
            "group_size": 176,
            "correct_product_mean": 0.9488636363636364,
            "correct_factorization_mean": 0.0
        },
        "3": {
            "min_factor_decile": "(17.0, 257.0]",
            "group_size": 179,
            "correct_product_mean": 0.9217877094972067,
            "correct_factorization_mean": 0.0
        }
    },
    "loss": 0.3962445020458519,
    "meta": {
        "n_beams": 2,
        "temperature": 1.0
    }
}