{
    "correct": {
        "correct_product": 0.974802671523983,
        "correct_factorization": 0.8597449908925319
    },
    "beam_accuracy": {
        "correct_product": {
            "0": 0.9555251973284761,
            "1": 0.20264116575591987
        },
        "correct_factorization": {
            "0": 0.8292349726775956,
            "1": 0.030813600485731632
        }
    },
    "by_prob": {
        "group_size": {
            "(-15.831999999999999, -9.21]": 1319.0,
            "(-9.21, -8.152]": 1317.0,
            "(-8.152, -5.735]": 1317.0,
            "(-5.735, -2.509]": 1318.0,
            "(-2.509, -1.233]": 1317.0,
            "(-1.233, -0.644]": 1318.0,
            "(-0.644, -0.00621]": 1317.0,
            "(-0.00621, -0.000578]": 1318.0,
            "(-0.000578, -7.71e-05]": 1317.0,
            "(-7.71e-05, -3.58e-07]": 1318.0
        },
        "correct_product": {
            "(-15.831999999999999, -9.21]": 0.25018953752843065,
            "(-9.21, -8.152]": 0.10630220197418375,
            "(-8.152, -5.735]": 0.21791951404707668,
            "(-5.735, -2.509]": 0.19650986342943855,
            "(-2.509, -1.233]": 0.25664388762338647,
            "(-1.233, -0.644]": 0.8717754172989378,
            "(-0.644, -0.00621]": 0.8929384965831435,
            "(-0.00621, -0.000578]": 0.9984825493171472,
            "(-0.000578, -7.71e-05]": 1.0,
            "(-7.71e-05, -3.58e-07]": 1.0
        },
        "correct_factorization": {
            "(-15.831999999999999, -9.21]": 0.0,
            "(-9.21, -8.152]": 0.0007593014426727411,
            "(-8.152, -5.735]": 0.0015186028853454822,
            "(-5.735, -2.509]": 0.015933232169954476,
            "(-2.509, -1.233]": 0.12908124525436598,
            "(-1.233, -0.644]": 0.3300455235204856,
            "(-0.644, -0.00621]": 0.8253606681852695,
            "(-0.00621, -0.000578]": 0.9977238239757208,
            "(-0.000578, -7.71e-05]": 1.0,
            "(-7.71e-05, -3.58e-07]": 1.0
        },
        "percent_prime_factors_pred": {
            "(-15.831999999999999, -9.21]": 0.8295831979493844,
            "(-9.21, -8.152]": 0.8447879379542249,
            "(-8.152, -5.735]": 0.86221752178472,
            "(-5.735, -2.509]": 0.8222116843702579,
            "(-2.509, -1.233]": 0.821049824637524,
            "(-1.233, -0.644]": 0.49312992268227474,
            "(-0.644, -0.00621]": 0.9589471019994938,
            "(-0.00621, -0.000578]": 0.9997470915528579,
            "(-0.000578, -7.71e-05]": 1.0,
            "(-7.71e-05, -3.58e-07]": 1.0
        }
    },
    "by_num_target_factors": {
        "group_size": {
            "1": 668,
            "2": 1601,
            "3": 1720,
            "4": 1198,
            "5": 715,
            "6": 373,
            "7": 165,
            "8": 79,
            "9": 35,
            "10": 20,
            "11": 8,
            "12": 3,
            "13": 3
        },
        "correct_product_mean": {
            "1": 0.9805389221556886,
            "2": 0.9887570268582137,
            "3": 0.9924418604651163,
            "4": 0.9891485809682805,
            "5": 0.9804195804195804,
            "6": 0.9410187667560321,
            "7": 0.8484848484848485,
            "8": 0.759493670886076,
            "9": 0.7142857142857143,
            "10": 0.45,
            "11": 0.375,
            "12": 0.6666666666666666,
            "13": 0.3333333333333333
        },
        "correct_factorization_mean": {
            "1": 0.9805389221556886,
            "2": 0.7195502810743285,
            "3": 0.8540697674418605,
            "4": 0.9474123539232053,
            "5": 0.9692307692307692,
            "6": 0.8739946380697051,
            "7": 0.8121212121212121,
            "8": 0.759493670886076,
            "9": 0.7142857142857143,
            "10": 0.45,
            "11": 0.375,
            "12": 0.6666666666666666,
            "13": 0.3333333333333333
        }
    },
    "by_input_num": {
        "group_size": {
            "(7.999, 6350.5]": 659,
            "(6350.5, 12996.8]": 659,
            "(12996.8, 19472.5]": 659,
            "(19472.5, 26116.8]": 658,
            "(26116.8, 32574.0]": 659,
            "(32574.0, 39331.6]": 659,
            "(39331.6, 46013.7]": 658,
            "(46013.7, 52699.4]": 659,
            "(52699.4, 59007.6]": 659,
            "(59007.6, 65528.0]": 659
        },
        "correct_product_mean": {
            "(7.999, 6350.5]": 1.0,
            "(6350.5, 12996.8]": 0.9939301972685888,
            "(12996.8, 19472.5]": 0.9908952959028832,
            "(19472.5, 26116.8]": 0.9817629179331308,
            "(26116.8, 32574.0]": 0.9772382397572079,
            "(32574.0, 39331.6]": 0.9772382397572079,
            "(39331.6, 46013.7]": 0.9604863221884499,
            "(46013.7, 52699.4]": 0.9347496206373292,
            "(52699.4, 59007.6]": 0.9650986342943855,
            "(59007.6, 65528.0]": 0.9666160849772383
        },
        "correct_factorization_mean": {
            "(7.999, 6350.5]": 1.0,
            "(6350.5, 12996.8]": 0.9939301972685888,
            "(12996.8, 19472.5]": 0.9863429438543247,
            "(19472.5, 26116.8]": 0.9574468085106383,
            "(26116.8, 32574.0]": 0.8573596358118362,
            "(32574.0, 39331.6]": 0.7966616084977238,
            "(39331.6, 46013.7]": 0.7750759878419453,
            "(46013.7, 52699.4]": 0.7738998482549317,
            "(52699.4, 59007.6]": 0.7420333839150227,
            "(59007.6, 65528.0]": 0.7147192716236722
        }
    },
    "pred_same_as_input_beam_0": {
        "0": {
            "input_is_prime": false,
            "pred_same_as_input": false,
            "group_size": 5242,
            "correct_product_mean": 0.9483021747424647,
            "correct_factorization_mean": 0.9189240747806181
        },
        "1": {
            "input_is_prime": false,
            "pred_same_as_input": true,
            "group_size": 678,
            "correct_product_mean": 1.0,
            "correct_factorization_mean": 0.0
        },
        "2": {
            "input_is_prime": true,
            "pred_same_as_input": false,
            "group_size": 22,
            "correct_product_mean": 0.0,
            "correct_factorization_mean": 0.0
        },
        "3": {
            "input_is_prime": true,
            "pred_same_as_input": true,
            "group_size": 646,
            "correct_product_mean": 1.0,
            "correct_factorization_mean": 1.0
        }
    },
    "by_min_factor_composite_only": {
        "0": {
            "min_factor_decile": "(1.999, 3.0]",
            "group_size": 4339,
            "correct_product_mean": 0.9723438580318046,
            "correct_factorization_mean": 0.9181839133440886
        },
        "1": {
            "min_factor_decile": "(3.0, 5.0]",
            "group_size": 447,
            "correct_product_mean": 0.9753914988814317,
            "correct_factorization_mean": 0.9485458612975392
        },
        "2": {
            "min_factor_decile": "(5.0, 17.0]",
            "group_size": 614,
            "correct_product_mean": 0.9837133550488599,
            "correct_factorization_mean": 0.3941368078175896
        },
        "3": {
            "min_factor_decile": "(17.0, 241.0]",
            "group_size": 520,
            "correct_product_mean": 0.9769230769230769,
            "correct_factorization_mean": 0.3211538461538462
        }
    },
    "loss": 0.14597601013721676,
    "meta": {
        "n_beams": 2,
        "temperature": 1.0
    }
}