{
    "correct": {
        "correct_product": 0.80615234375,
        "correct_factorization": 0.3701171875
    },
    "beam_accuracy": {
        "correct_product": {
            "0": 0.7802734375,
            "1": 0.06884765625
        },
        "correct_factorization": {
            "0": 0.3271484375,
            "1": 0.04296875
        }
    },
    "by_prob": {
        "group_size": {
            "(-10.645999999999999, -3.891]": 410.0,
            "(-3.891, -3.399]": 410.0,
            "(-3.399, -2.882]": 409.0,
            "(-2.882, -2.445]": 410.0,
            "(-2.445, -1.937]": 409.0,
            "(-1.937, -1.476]": 410.0,
            "(-1.476, -1.129]": 409.0,
            "(-1.129, -1.0]": 410.0,
            "(-1.0, -0.847]": 409.0,
            "(-0.847, -0.000311]": 410.0
        },
        "correct_product": {
            "(-10.645999999999999, -3.891]": 0.007317073170731708,
            "(-3.891, -3.399]": 0.036585365853658534,
            "(-3.399, -2.882]": 0.06356968215158924,
            "(-2.882, -2.445]": 0.04878048780487805,
            "(-2.445, -1.937]": 0.11491442542787286,
            "(-1.937, -1.476]": 0.35853658536585364,
            "(-1.476, -1.129]": 0.7701711491442543,
            "(-1.129, -1.0]": 0.9682926829268292,
            "(-1.0, -0.847]": 0.941320293398533,
            "(-0.847, -0.000311]": 0.9365853658536586
        },
        "correct_factorization": {
            "(-10.645999999999999, -3.891]": 0.0,
            "(-3.891, -3.399]": 0.02926829268292683,
            "(-3.399, -2.882]": 0.029339853300733496,
            "(-2.882, -2.445]": 0.03170731707317073,
            "(-2.445, -1.937]": 0.07823960880195599,
            "(-1.937, -1.476]": 0.16585365853658537,
            "(-1.476, -1.129]": 0.2616136919315403,
            "(-1.129, -1.0]": 0.3878048780487805,
            "(-1.0, -0.847]": 0.34474327628361856,
            "(-0.847, -0.000311]": 0.5219512195121951
        },
        "percent_prime_factors_pred": {
            "(-10.645999999999999, -3.891]": 0.9295934959349593,
            "(-3.891, -3.399]": 0.8727235772357723,
            "(-3.399, -2.882]": 0.892292467109093,
            "(-2.882, -2.445]": 0.9223432055749129,
            "(-2.445, -1.937]": 0.937041564792176,
            "(-1.937, -1.476]": 0.893472706155633,
            "(-1.476, -1.129]": 0.6309290953545232,
            "(-1.129, -1.0]": 0.5032113821138211,
            "(-1.0, -0.847]": 0.6137326813365933,
            "(-0.847, -0.000311]": 0.8317886178861787
        }
    },
    "by_num_target_factors": {
        "group_size": {
            "1": 192,
            "2": 466,
            "3": 501,
            "4": 401,
            "5": 237,
            "6": 131,
            "7": 62,
            "8": 32,
            "9": 12,
            "10": 7,
            "11": 5,
            "12": 1,
            "16": 1
        },
        "correct_product_mean": {
            "1": 1.0,
            "2": 1.0,
            "3": 0.9181636726546906,
            "4": 0.7755610972568578,
            "5": 0.5189873417721519,
            "6": 0.4580152671755725,
            "7": 0.3387096774193548,
            "8": 0.34375,
            "9": 0.3333333333333333,
            "10": 0.42857142857142855,
            "11": 0.0,
            "12": 0.0,
            "16": 0.0
        },
        "correct_factorization_mean": {
            "1": 1.0,
            "2": 0.463519313304721,
            "3": 0.2654690618762475,
            "4": 0.22443890274314215,
            "5": 0.20675105485232068,
            "6": 0.31297709923664124,
            "7": 0.3225806451612903,
            "8": 0.3125,
            "9": 0.3333333333333333,
            "10": 0.42857142857142855,
            "11": 0.0,
            "12": 0.0,
            "16": 0.0
        }
    },
    "by_input_num": {
        "group_size": {
            "(65535.999, 65740.7]": 205,
            "(65740.7, 65945.4]": 205,
            "(65945.4, 66150.1]": 205,
            "(66150.1, 66354.8]": 204,
            "(66354.8, 66559.5]": 205,
            "(66559.5, 66764.2]": 205,
            "(66764.2, 66968.9]": 204,
            "(66968.9, 67173.6]": 205,
            "(67173.6, 67378.3]": 205,
            "(67378.3, 67583.0]": 205
        },
        "correct_product_mean": {
            "(65535.999, 65740.7]": 0.9170731707317074,
            "(65740.7, 65945.4]": 0.8585365853658536,
            "(65945.4, 66150.1]": 0.8439024390243902,
            "(66150.1, 66354.8]": 0.8088235294117647,
            "(66354.8, 66559.5]": 0.8195121951219512,
            "(66559.5, 66764.2]": 0.7902439024390244,
            "(66764.2, 66968.9]": 0.7450980392156863,
            "(66968.9, 67173.6]": 0.775609756097561,
            "(67173.6, 67378.3]": 0.7658536585365854,
            "(67378.3, 67583.0]": 0.7365853658536585
        },
        "correct_factorization_mean": {
            "(65535.999, 65740.7]": 0.4585365853658537,
            "(65740.7, 65945.4]": 0.375609756097561,
            "(65945.4, 66150.1]": 0.4,
            "(66150.1, 66354.8]": 0.35294117647058826,
            "(66354.8, 66559.5]": 0.36097560975609755,
            "(66559.5, 66764.2]": 0.3804878048780488,
            "(66764.2, 66968.9]": 0.3137254901960784,
            "(66968.9, 67173.6]": 0.33658536585365856,
            "(67173.6, 67378.3]": 0.375609756097561,
            "(67378.3, 67583.0]": 0.3463414634146341
        }
    },
    "pred_same_as_input_beam_0": {
        "0": {
            "input_is_prime": false,
            "pred_same_as_input": false,
            "group_size": 1501,
            "correct_product_mean": 0.7001998667554963,
            "correct_factorization_mean": 0.31845436375749503
        },
        "1": {
            "input_is_prime": false,
            "pred_same_as_input": true,
            "group_size": 355,
            "correct_product_mean": 1.0,
            "correct_factorization_mean": 0.0
        },
        "2": {
            "input_is_prime": true,
            "pred_same_as_input": true,
            "group_size": 192,
            "correct_product_mean": 1.0,
            "correct_factorization_mean": 1.0
        }
    },
    "by_min_factor_composite_only": {
        "0": {
            "min_factor_decile": "(1.999, 3.0]",
            "group_size": 1365,
            "correct_product_mean": 0.7238095238095238,
            "correct_factorization_mean": 0.3172161172161172
        },
        "1": {
            "min_factor_decile": "(3.0, 5.0]",
            "group_size": 136,
            "correct_product_mean": 0.8529411764705882,
            "correct_factorization_mean": 0.33088235294117646
        },
        "2": {
            "min_factor_decile": "(5.0, 17.0]",
            "group_size": 176,
            "correct_product_mean": 1.0,
            "correct_factorization_mean": 0.0
        },
        "3": {
            "min_factor_decile": "(17.0, 257.0]",
            "group_size": 179,
            "correct_product_mean": 1.0,
            "correct_factorization_mean": 0.0
        }
    },
    "loss": 0.17406684253364801,
    "meta": {
        "n_beams": 2,
        "temperature": 1.0
    }
}