{
    "correct": {
        "correct_product": 0.9455069823922283,
        "correct_factorization": 0.561778992106861
    },
    "beam_accuracy": {
        "correct_product": {
            "0": 0.9222829386763813,
            "1": 0.1487553126897389
        },
        "correct_factorization": {
            "0": 0.47070431086824527,
            "1": 0.09137826350941106
        }
    },
    "by_prob": {
        "group_size": {
            "(-11.921, -3.191]": 1318.0,
            "(-3.191, -2.777]": 1318.0,
            "(-2.777, -2.504]": 1317.0,
            "(-2.504, -2.091]": 1318.0,
            "(-2.091, -1.429]": 1317.0,
            "(-1.429, -0.973]": 1318.0,
            "(-0.973, -0.837]": 1317.0,
            "(-0.837, -0.656]": 1318.0,
            "(-0.656, -0.44]": 1317.0,
            "(-0.44, -1.96e-05]": 1318.0
        },
        "correct_product": {
            "(-11.921, -3.191]": 0.07663125948406677,
            "(-3.191, -2.777]": 0.11760242792109256,
            "(-2.777, -2.504]": 0.13211845102505695,
            "(-2.504, -2.091]": 0.1411229135053111,
            "(-2.091, -1.429]": 0.2611996962794229,
            "(-1.429, -0.973]": 0.7625189681335357,
            "(-0.973, -0.837]": 0.9544419134396356,
            "(-0.837, -0.656]": 0.9544764795144158,
            "(-0.656, -0.44]": 0.9703872437357631,
            "(-0.44, -1.96e-05]": 0.9848254931714719
        },
        "correct_factorization": {
            "(-11.921, -3.191]": 0.02276176024279211,
            "(-3.191, -2.777]": 0.061456752655538696,
            "(-2.777, -2.504]": 0.07061503416856492,
            "(-2.504, -2.091]": 0.09939301972685888,
            "(-2.091, -1.429]": 0.18223234624145787,
            "(-1.429, -0.973]": 0.3179059180576631,
            "(-0.973, -0.837]": 0.3470007593014427,
            "(-0.837, -0.656]": 0.40288315629742033,
            "(-0.656, -0.44]": 0.48899012908124523,
            "(-0.44, -1.96e-05]": 0.8171471927162367
        },
        "percent_prime_factors_pred": {
            "(-11.921, -3.191]": 0.8959486475419708,
            "(-3.191, -2.777]": 0.8399797071079317,
            "(-2.777, -2.504]": 0.8610246351134734,
            "(-2.504, -2.091]": 0.9191542018932003,
            "(-2.091, -1.429]": 0.9505890612382639,
            "(-1.429, -0.973]": 0.7100007225955632,
            "(-0.973, -0.837]": 0.5195637632425787,
            "(-0.837, -0.656]": 0.665060698027314,
            "(-0.656, -0.44]": 0.7564468308204072,
            "(-0.44, -1.96e-05]": 0.9284774911482043
        }
    },
    "by_num_target_factors": {
        "group_size": {
            "1": 668,
            "2": 1601,
            "3": 1720,
            "4": 1198,
            "5": 715,
            "6": 373,
            "7": 165,
            "8": 79,
            "9": 35,
            "10": 20,
            "11": 8,
            "12": 3,
            "13": 3
        },
        "correct_product_mean": {
            "1": 1.0,
            "2": 0.9981261711430356,
            "3": 0.9947674418604651,
            "4": 0.9749582637729549,
            "5": 0.9202797202797203,
            "6": 0.7667560321715817,
            "7": 0.5757575757575758,
            "8": 0.379746835443038,
            "9": 0.3142857142857143,
            "10": 0.15,
            "11": 0.125,
            "12": 0.0,
            "13": 0.0
        },
        "correct_factorization_mean": {
            "1": 1.0,
            "2": 0.5702685821361649,
            "3": 0.4662790697674419,
            "4": 0.48497495826377296,
            "5": 0.5524475524475524,
            "6": 0.5844504021447721,
            "7": 0.49696969696969695,
            "8": 0.34177215189873417,
            "9": 0.3142857142857143,
            "10": 0.15,
            "11": 0.125,
            "12": 0.0,
            "13": 0.0
        }
    },
    "by_input_num": {
        "group_size": {
            "(7.999, 6350.5]": 659,
            "(6350.5, 12996.8]": 659,
            "(12996.8, 19472.5]": 659,
            "(19472.5, 26116.8]": 658,
            "(26116.8, 32574.0]": 659,
            "(32574.0, 39331.6]": 659,
            "(39331.6, 46013.7]": 658,
            "(46013.7, 52699.4]": 659,
            "(52699.4, 59007.6]": 659,
            "(59007.6, 65528.0]": 659
        },
        "correct_product_mean": {
            "(7.999, 6350.5]": 0.9575113808801214,
            "(6350.5, 12996.8]": 0.9514415781487102,
            "(12996.8, 19472.5]": 0.9559939301972686,
            "(19472.5, 26116.8]": 0.9468085106382979,
            "(26116.8, 32574.0]": 0.9408194233687405,
            "(32574.0, 39331.6]": 0.9393019726858877,
            "(39331.6, 46013.7]": 0.9407294832826748,
            "(46013.7, 52699.4]": 0.9332321699544764,
            "(52699.4, 59007.6]": 0.9408194233687405,
            "(59007.6, 65528.0]": 0.9484066767830045
        },
        "correct_factorization_mean": {
            "(7.999, 6350.5]": 0.8467374810318664,
            "(6350.5, 12996.8]": 0.6661608497723824,
            "(12996.8, 19472.5]": 0.6282245827010622,
            "(19472.5, 26116.8]": 0.541033434650456,
            "(26116.8, 32574.0]": 0.5326251896813353,
            "(32574.0, 39331.6]": 0.46889226100151743,
            "(39331.6, 46013.7]": 0.48328267477203646,
            "(46013.7, 52699.4]": 0.49165402124430957,
            "(52699.4, 59007.6]": 0.48103186646433993,
            "(59007.6, 65528.0]": 0.4779969650986343
        }
    },
    "pred_same_as_input_beam_0": {
        "0": {
            "input_is_prime": false,
            "pred_same_as_input": false,
            "group_size": 4806,
            "correct_product_mean": 0.8934665002080733,
            "correct_factorization_mean": 0.5062421972534332
        },
        "1": {
            "input_is_prime": false,
            "pred_same_as_input": true,
            "group_size": 1114,
            "correct_product_mean": 1.0,
            "correct_factorization_mean": 0.0
        },
        "2": {
            "input_is_prime": true,
            "pred_same_as_input": true,
            "group_size": 668,
            "correct_product_mean": 1.0,
            "correct_factorization_mean": 1.0
        }
    },
    "by_min_factor_composite_only": {
        "0": {
            "min_factor_decile": "(1.999, 3.0]",
            "group_size": 4339,
            "correct_product_mean": 0.9218713989398479,
            "correct_factorization_mean": 0.5054159944687716
        },
        "1": {
            "min_factor_decile": "(3.0, 5.0]",
            "group_size": 447,
            "correct_product_mean": 0.959731543624161,
            "correct_factorization_mean": 0.4988814317673378
        },
        "2": {
            "min_factor_decile": "(5.0, 17.0]",
            "group_size": 614,
            "correct_product_mean": 0.998371335504886,
            "correct_factorization_mean": 0.02280130293159609
        },
        "3": {
            "min_factor_decile": "(17.0, 241.0]",
            "group_size": 520,
            "correct_product_mean": 0.9980769230769231,
            "correct_factorization_mean": 0.0057692307692307696
        }
    },
    "loss": 0.11072917587052171,
    "meta": {
        "n_beams": 2,
        "temperature": 1.0
    }
}