{
    "correct": {
        "correct_product": 0.9998463547668434,
        "correct_factorization": 0.43596834908196974
    },
    "beam_accuracy": {
        "correct_product": {
            "0": 0.9878620265806254,
            "1": 0.3331796881001767,
            "2": 0.1866789582853192,
            "3": 0.10939540600752862,
            "4": 0.041637858185449794
        },
        "correct_factorization": {
            "0": 0.2305446723515403,
            "1": 0.09994622416839517,
            "2": 0.057079204117692246,
            "3": 0.03403241914419605,
            "4": 0.014519474533302604
        }
    },
    "by_prob": {
        "correct_product": {
            "(-10.165999999999999, -4.354]": 0.024120448609617453,
            "(-4.354, -3.644]": 0.04824830977258759,
            "(-3.644, -3.303]": 0.09786449531418037,
            "(-3.303, -3.033]": 0.15196681007990165,
            "(-3.033, -2.836]": 0.1723767091719158,
            "(-2.836, -2.583]": 0.2258758451137062,
            "(-2.583, -2.39]": 0.29379225568531037,
            "(-2.39, -1.648]": 0.38899984636656937,
            "(-1.648, -1.511]": 0.9780270436385986,
            "(-1.511, -0.000308]": 0.93624212628668
        },
        "correct_factorization": {
            "(-10.165999999999999, -4.354]": 0.005684436933476725,
            "(-4.354, -3.644]": 0.013982790411800861,
            "(-3.644, -3.303]": 0.023659548317713934,
            "(-3.303, -3.033]": 0.03718500307314075,
            "(-3.033, -2.836]": 0.043631894300199724,
            "(-2.836, -2.583]": 0.06299938537185003,
            "(-2.583, -2.39]": 0.07744314689612784,
            "(-2.39, -1.648]": 0.13550468581963435,
            "(-1.648, -1.511]": 0.19022741241548863,
            "(-1.511, -0.000308]": 0.28191734521431866
        },
        "seq_dist_binary": {
            "(-10.165999999999999, -4.354]": 0.26280278588620937,
            "(-4.354, -3.644]": 0.2280334460151613,
            "(-3.644, -3.303]": 0.21550929482255374,
            "(-3.303, -3.033]": 0.20753943863962346,
            "(-3.033, -2.836]": 0.20468453935576342,
            "(-2.836, -2.583]": 0.19425450727310004,
            "(-2.583, -2.39]": 0.19014738270846143,
            "(-2.39, -1.648]": 0.16822220515184116,
            "(-1.648, -1.511]": 0.19516364474492937,
            "(-1.511, -0.000308]": 0.15276924258718697
        },
        "seq_dist_lev": {
            "(-10.165999999999999, -4.354]": 10.278383776309726,
            "(-4.354, -3.644]": 8.384142593730793,
            "(-3.644, -3.303]": 7.793363035796589,
            "(-3.303, -3.033]": 7.4345421020282725,
            "(-3.033, -2.836]": 7.2327546474112765,
            "(-2.836, -2.583]": 7.004763368162262,
            "(-2.583, -2.39]": 6.916256914566687,
            "(-2.39, -1.648]": 6.227838377630973,
            "(-1.648, -1.511]": 7.605562384757222,
            "(-1.511, -0.000308]": 6.006606237517284
        },
        "percent_prime_factors_pred": {
            "(-10.165999999999999, -4.354]": 0.875355426197752,
            "(-4.354, -3.644]": 0.8281408839913919,
            "(-3.644, -3.303]": 0.789527574387013,
            "(-3.303, -3.033]": 0.7316529173551345,
            "(-3.033, -2.836]": 0.7225129064274859,
            "(-2.836, -2.583]": 0.7381294395354066,
            "(-2.583, -2.39]": 0.7216310084779675,
            "(-2.39, -1.648]": 0.7482255172491812,
            "(-1.648, -1.511]": 0.3463296699544405,
            "(-1.511, -0.000308]": 0.6356959683085
        }
    },
    "by_n_target_factors": {
        "correct_product_mean": {
            "1": 1.0,
            "2": 0.9996845425867508,
            "3": 1.0,
            "4": 1.0,
            "5": 1.0,
            "6": 1.0,
            "7": 1.0,
            "8": 0.9940119760479041,
            "9": 1.0,
            "10": 1.0,
            "11": 1.0,
            "12": 1.0,
            "13": 1.0,
            "14": 1.0
        },
        "correct_product_size": {
            "1": 1313,
            "2": 3170,
            "3": 3305,
            "4": 2401,
            "5": 1390,
            "6": 762,
            "7": 355,
            "8": 167,
            "9": 94,
            "10": 32,
            "11": 14,
            "12": 8,
            "13": 2,
            "14": 4
        },
        "correct_factorization_mean": {
            "1": 1.0,
            "2": 0.4832807570977918,
            "3": 0.3128593040847201,
            "4": 0.28738025822573926,
            "5": 0.27697841726618705,
            "6": 0.3700787401574803,
            "7": 0.523943661971831,
            "8": 0.688622754491018,
            "9": 0.8617021276595744,
            "10": 0.90625,
            "11": 1.0,
            "12": 1.0,
            "13": 1.0,
            "14": 1.0
        },
        "correct_factorization_size": {
            "1": 1313,
            "2": 3170,
            "3": 3305,
            "4": 2401,
            "5": 1390,
            "6": 762,
            "7": 355,
            "8": 167,
            "9": 94,
            "10": 32,
            "11": 14,
            "12": 8,
            "13": 2,
            "14": 4
        }
    },
    "by_target_number": {
        "correct_product_mean": {
            "(8.999, 6700.4]": 0.999231950844854,
            "(6700.4, 13267.8]": 0.999231950844854,
            "(13267.8, 19602.6]": 1.0,
            "(19602.6, 25978.8]": 1.0,
            "(25978.8, 32651.0]": 1.0,
            "(32651.0, 39298.8]": 1.0,
            "(39298.8, 45796.8]": 1.0,
            "(45796.8, 52327.8]": 1.0,
            "(52327.8, 59017.4]": 1.0,
            "(59017.4, 65521.0]": 1.0
        },
        "correct_product_size": {
            "(8.999, 6700.4]": 1302,
            "(6700.4, 13267.8]": 1302,
            "(13267.8, 19602.6]": 1301,
            "(19602.6, 25978.8]": 1302,
            "(25978.8, 32651.0]": 1302,
            "(32651.0, 39298.8]": 1301,
            "(39298.8, 45796.8]": 1302,
            "(45796.8, 52327.8]": 1301,
            "(52327.8, 59017.4]": 1302,
            "(59017.4, 65521.0]": 1302
        },
        "correct_factorization_mean": {
            "(8.999, 6700.4]": 0.738863287250384,
            "(6700.4, 13267.8]": 0.5153609831029186,
            "(13267.8, 19602.6]": 0.44273635664873173,
            "(19602.6, 25978.8]": 0.4109062980030722,
            "(25978.8, 32651.0]": 0.40168970814132104,
            "(32651.0, 39298.8]": 0.38970023059185244,
            "(39298.8, 45796.8]": 0.37019969278033793,
            "(45796.8, 52327.8]": 0.3674096848578017,
            "(52327.8, 59017.4]": 0.3763440860215054,
            "(59017.4, 65521.0]": 0.34639016897081415
        },
        "correct_factorization_size": {
            "(8.999, 6700.4]": 1302,
            "(6700.4, 13267.8]": 1302,
            "(13267.8, 19602.6]": 1301,
            "(19602.6, 25978.8]": 1302,
            "(25978.8, 32651.0]": 1302,
            "(32651.0, 39298.8]": 1301,
            "(39298.8, 45796.8]": 1302,
            "(45796.8, 52327.8]": 1301,
            "(52327.8, 59017.4]": 1302,
            "(59017.4, 65521.0]": 1302
        }
    },
    "by_pct_target_ones": {
        "correct_product_mean": {
            "(0.187, 0.5]": 1.0,
            "(0.5, 0.529]": 1.0,
            "(0.529, 0.562]": 1.0,
            "(0.562, 0.6]": 1.0,
            "(0.6, 0.625]": 1.0,
            "(0.625, 0.667]": 1.0,
            "(0.667, 0.688]": 1.0,
            "(0.688, 0.722]": 1.0,
            "(0.722, 0.769]": 0.9992144540455616,
            "(0.769, 1.0]": 0.9992277992277993
        },
        "correct_product_size": {
            "(0.187, 0.5]": 1948,
            "(0.5, 0.529]": 708,
            "(0.529, 0.562]": 1272,
            "(0.562, 0.6]": 1459,
            "(0.6, 0.625]": 1166,
            "(0.625, 0.667]": 1993,
            "(0.667, 0.688]": 751,
            "(0.688, 0.722]": 1152,
            "(0.722, 0.769]": 1273,
            "(0.769, 1.0]": 1295
        },