{
    "correct": {
        "correct_product": 0.9932396097411078,
        "correct_factorization": 0.30552354613198124
    },
    "beam_accuracy": {
        "correct_product": {
            "0": 0.9841745409848659,
            "1": 0.24421909810248138
        },
        "correct_factorization": {
            "0": 0.22993009141891374,
            "1": 0.07559345471306753
        }
    },
    "by_prob": {
        "correct_product": {
            "(-9.517999999999999, -3.444]": 0.05606758832565284,
            "(-3.444, -2.65]": 0.1517479830964272,
            "(-2.65, -2.485]": 0.304648482520169,
            "(-2.485, -2.302]": 0.3402457757296467,
            "(-2.302, -1.659]": 0.47637341529004995,
            "(-1.659, -1.589]": 0.9788705339992316,
            "(-1.589, -1.543]": 0.9865591397849462,
            "(-1.543, -1.477]": 0.9842489435267,
            "(-1.477, -1.347]": 0.9661928543987707,
            "(-1.347, -0.000308]": 0.8970814132104454
        },
        "correct_factorization": {
            "(-9.517999999999999, -3.444]": 0.013824884792626729,
            "(-3.444, -2.65]": 0.043411448328851326,
            "(-2.65, -2.485]": 0.06723011909335382,
            "(-2.485, -2.302]": 0.08179723502304148,
            "(-2.302, -1.659]": 0.1479062620053784,
            "(-1.659, -1.589]": 0.19131771033422973,
            "(-1.589, -1.543]": 0.18433179723502305,
            "(-1.543, -1.477]": 0.20553207837111026,
            "(-1.477, -1.347]": 0.21667306953515175,
            "(-1.347, -0.000308]": 0.37557603686635943
        },
        "seq_dist_binary": {
            "(-9.517999999999999, -3.444]": 0.24987999231950797,
            "(-3.444, -2.65]": 0.20773306441285685,
            "(-2.65, -2.485]": 0.1993933282110384,
            "(-2.485, -2.302]": 0.1904121863799284,
            "(-2.302, -1.659]": 0.17002016903572797,
            "(-1.659, -1.589]": 0.1981607760276606,
            "(-1.589, -1.543]": 0.1968445980542757,
            "(-1.543, -1.477]": 0.18621142271737742,
            "(-1.477, -1.347]": 0.17278940965552583,
            "(-1.347, -0.000308]": 0.12085573476702495
        },
        "seq_dist_lev": {
            "(-9.517999999999999, -3.444]": 9.508448540706604,
            "(-3.444, -2.65]": 7.5774106799846335,
            "(-2.65, -2.485]": 7.258932001536689,
            "(-2.485, -2.302]": 6.926267281105991,
            "(-2.302, -1.659]": 6.334998079139455,
            "(-1.659, -1.589]": 7.738762965808682,
            "(-1.589, -1.543]": 7.675883256528418,
            "(-1.543, -1.477]": 7.247022666154437,
            "(-1.477, -1.347]": 6.814444871302343,
            "(-1.347, -0.000308]": 4.778801843317972
        },
        "percent_prime_factors_pred": {
            "(-9.517999999999999, -3.444]": 0.8292997037524736,
            "(-3.444, -2.65]": 0.7680786750706096,
            "(-2.65, -2.485]": 0.6814365597692594,
            "(-2.485, -2.302]": 0.7109350998463951,
            "(-2.302, -1.659]": 0.6980085554518868,
            "(-1.659, -1.589]": 0.2875499271292586,
            "(-1.589, -1.543]": 0.33935093750761924,
            "(-1.543, -1.477]": 0.4531227704297222,
            "(-1.477, -1.347]": 0.5611743775497164,
            "(-1.347, -0.000308]": 0.7724262041082302
        }
    },
    "by_n_target_factors": {
        "correct_product_mean": {
            "1": 0.9992383853769993,
            "2": 0.9968454258675079,
            "3": 0.9942511346444781,
            "4": 0.9954185755935027,
            "5": 0.9877697841726619,
            "6": 0.9855643044619422,
            "7": 0.971830985915493,
            "8": 0.9640718562874252,
            "9": 0.9787234042553191,
            "10": 0.96875,
            "11": 1.0,
            "12": 1.0,
            "13": 1.0,
            "14": 1.0
        },
        "correct_product_size": {
            "1": 1313,
            "2": 3170,
            "3": 3305,
            "4": 2401,
            "5": 1390,
            "6": 762,
            "7": 355,
            "8": 167,
            "9": 94,
            "10": 32,
            "11": 14,
            "12": 8,
            "13": 2,
            "14": 4
        },
        "correct_factorization_mean": {
            "1": 0.9992383853769993,
            "2": 0.31577287066246057,
            "3": 0.18335854765506807,
            "4": 0.16743023740108287,
            "5": 0.15323741007194244,
            "6": 0.19816272965879264,
            "7": 0.29577464788732394,
            "8": 0.4550898203592814,
            "9": 0.6382978723404256,
            "10": 0.75,
            "11": 0.9285714285714286,
            "12": 1.0,
            "13": 1.0,
            "14": 1.0
        },
        "correct_factorization_size": {
            "1": 1313,
            "2": 3170,
            "3": 3305,
            "4": 2401,
            "5": 1390,
            "6": 762,
            "7": 355,
            "8": 167,
            "9": 94,
            "10": 32,
            "11": 14,
            "12": 8,
            "13": 2,
            "14": 4
        }
    },
    "by_target_number": {
        "correct_product_mean": {
            "(8.999, 6700.4]": 0.9715821812596006,
            "(6700.4, 13267.8]": 0.9861751152073732,
            "(13267.8, 19602.6]": 0.9923136049192929,
            "(19602.6, 25978.8]": 0.9976958525345622,
            "(25978.8, 32651.0]": 0.9961597542242704,
            "(32651.0, 39298.8]": 0.9992313604919293,
            "(39298.8, 45796.8]": 0.9984639016897081,
            "(45796.8, 52327.8]": 0.9992313604919293,
            "(52327.8, 59017.4]": 0.9923195084485407,
            "(59017.4, 65521.0]": 0.999231950844854
        },
        "correct_product_size": {
            "(8.999, 6700.4]": 1302,
            "(6700.4, 13267.8]": 1302,
            "(13267.8, 19602.6]": 1301,
            "(19602.6, 25978.8]": 1302,
            "(25978.8, 32651.0]": 1302,
            "(32651.0, 39298.8]": 1301,
            "(39298.8, 45796.8]": 1302,
            "(45796.8, 52327.8]": 1301,
            "(52327.8, 59017.4]": 1302,
            "(59017.4, 65521.0]": 1302
        },
        "correct_factorization_mean": {
            "(8.999, 6700.4]": 0.5130568356374808,
            "(6700.4, 13267.8]": 0.34485407066052226,
            "(13267.8, 19602.6]": 0.29592621060722524,
            "(19602.6, 25978.8]": 0.2995391705069124,
            "(25978.8, 32651.0]": 0.2803379416282642,
            "(32651.0, 39298.8]": 0.2767102229054573,
            "(39298.8, 45796.8]": 0.2565284178187404,
            "(45796.8, 52327.8]": 0.28747117601844735,
            "(52327.8, 59017.4]": 0.26497695852534564,
            "(59017.4, 65521.0]": 0.2357910906298003
        },
        "correct_factorization_size": {
            "(8.999, 6700.4]": 1302,
            "(6700.4, 13267.8]": 1302,
            "(13267.8, 19602.6]": 1301,
            "(19602.6, 25978.8]": 1302,
            "(25978.8, 32651.0]": 1302,
            "(32651.0, 39298.8]": 1301,
            "(39298.8, 45796.8]": 1302,
            "(45796.8, 52327.8]": 1301,
            "(52327.8, 59017.4]": 1302,
            "(59017.4, 65521.0]": 1302
        }
    },
    "by_pct_target_ones": {
        "correct_product_mean": {
            "(0.187, 0.5]": 0.99435318275154,
            "(0.5, 0.529]": 0.9915254237288136,
            "(0.529, 0.562]": 0.9921383647798742,
            "(0.562, 0.6]": 0.9924605894448252,
            "(0.6, 0.625]": 0.9931389365351629,
            "(0.625, 0.667]": 0.9929754139488208,
            "(0.667, 0.688]": 0.9946737683089214,
            "(0.688, 0.722]": 0.9947916666666666,
            "(0.722, 0.769]": 0.9921445404556166,
            "(0.769, 1.0]": 0.9938223938223938
        },
        "correct_product_size": {
            "(0.187, 0.5]": 1948,
            "(0.5, 0.529]": 708,
            "(0.529, 0.562]": 1272,
            "(0.562, 0.6]": 1459,
            "(0.6, 0.625]": 1166,
            "(0.625, 0.667]": 1993,
            "(0.667, 0.688]": 751,