{
    "correct": {
        "correct_product": 0.9999231773834216,
        "correct_factorization": 0.2854728432050396
    },
    "beam_accuracy": {
        "correct_product": {
            "0": 0.9990781286010602,
            "1": 0.2774064684643159
        },
        "correct_factorization": {
            "0": 0.21564108473534607,
            "1": 0.06983175846969347
        }
    },
    "by_prob": {
        "correct_product": {
            "(-9.584999999999999, -2.884]": 0.059907834101382486,
            "(-2.884, -2.508]": 0.31886285055704955,
            "(-2.508, -2.432]": 0.33192470226661547,
            "(-2.432, -2.328]": 0.3271889400921659,
            "(-2.328, -1.713]": 0.361890126776796,
            "(-1.713, -1.61]": 0.9961582789089513,
            "(-1.61, -1.566]": 0.9980798771121352,
            "(-1.566, -1.513]": 0.9992316557817903,
            "(-1.513, -1.416]": 0.9984633115635805,
            "(-1.416, -0.0656]": 0.9907834101382489
        },
        "correct_factorization": {
            "(-9.584999999999999, -2.884]": 0.015360983102918587,
            "(-2.884, -2.508]": 0.0695351517479831,
            "(-2.508, -2.432]": 0.07414521705724164,
            "(-2.432, -2.328]": 0.08064516129032258,
            "(-2.328, -1.713]": 0.107952362658471,
            "(-1.713, -1.61]": 0.20207452938916634,
            "(-1.61, -1.566]": 0.17857142857142858,
            "(-1.566, -1.513]": 0.20322704571648098,
            "(-1.513, -1.416]": 0.2116788321167883,
            "(-1.416, -0.0656]": 0.28417818740399386
        },
        "seq_dist_binary": {
            "(-9.584999999999999, -2.884]": 0.2208621351766517,
            "(-2.884, -2.508]": 0.20709277756434874,
            "(-2.508, -2.432]": 0.19857696247919035,
            "(-2.432, -2.328]": 0.18437179979518706,
            "(-2.328, -1.713]": 0.15446119861698027,
            "(-1.713, -1.61]": 0.2024186835702394,
            "(-1.61, -1.566]": 0.20027681771633396,
            "(-1.566, -1.513]": 0.18842041234473056,
            "(-1.513, -1.416]": 0.17487834549878356,
            "(-1.416, -0.0656]": 0.13622471838197622
        },
        "seq_dist_lev": {
            "(-9.584999999999999, -2.884]": 8.068740399385561,
            "(-2.884, -2.508]": 7.465232424126008,
            "(-2.508, -2.432]": 7.144448713023435,
            "(-2.432, -2.328]": 6.604070660522273,
            "(-2.328, -1.713]": 5.660776027660392,
            "(-1.713, -1.61]": 7.892431809450634,
            "(-1.61, -1.566]": 7.857910906298003,
            "(-1.566, -1.513]": 7.326930464848252,
            "(-1.513, -1.416]": 6.883980023050326,
            "(-1.416, -0.0656]": 5.442396313364055
        },
        "percent_prime_factors_pred": {
            "(-9.584999999999999, -2.884]": 0.7963804159656795,
            "(-2.884, -2.508]": 0.6318530511192859,
            "(-2.508, -2.432]": 0.6870373927519615,
            "(-2.432, -2.328]": 0.7255271194499329,
            "(-2.328, -1.713]": 0.7911660094718044,
            "(-1.713, -1.61]": 0.2297645059938567,
            "(-1.61, -1.566]": 0.3259344598054275,
            "(-1.566, -1.513]": 0.44451229395524305,
            "(-1.513, -1.416]": 0.5531502112946605,
            "(-1.416, -0.0656]": 0.700470083765008
        }
    },
    "by_n_target_factors": {
        "correct_product_mean": {
            "1": 1.0,
            "2": 0.9996845425867508,
            "3": 1.0,
            "4": 1.0,
            "5": 1.0,
            "6": 1.0,
            "7": 1.0,
            "8": 1.0,
            "9": 1.0,
            "10": 1.0,
            "11": 1.0,
            "12": 1.0,
            "13": 1.0,
            "14": 1.0
        },
        "correct_product_size": {
            "1": 1313,
            "2": 3170,
            "3": 3305,
            "4": 2401,
            "5": 1390,
            "6": 762,
            "7": 355,
            "8": 167,
            "9": 94,
            "10": 32,
            "11": 14,
            "12": 8,
            "13": 2,
            "14": 4
        },
        "correct_factorization_mean": {
            "1": 1.0,
            "2": 0.33722397476340693,
            "3": 0.17428139183055977,
            "4": 0.13952519783423573,
            "5": 0.13237410071942446,
            "6": 0.12992125984251968,
            "7": 0.18591549295774648,
            "8": 0.2215568862275449,
            "9": 0.20212765957446807,
            "10": 0.1875,
            "11": 0.2857142857142857,
            "12": 0.625,
            "13": 0.5,
            "14": 0.5
        },
        "correct_factorization_size": {
            "1": 1313,
            "2": 3170,
            "3": 3305,
            "4": 2401,
            "5": 1390,
            "6": 762,
            "7": 355,
            "8": 167,
            "9": 94,
            "10": 32,
            "11": 14,
            "12": 8,
            "13": 2,
            "14": 4
        }
    },
    "by_target_number": {
        "correct_product_mean": {
            "(8.999, 6700.4]": 0.999231950844854,
            "(6700.4, 13267.8]": 1.0,
            "(13267.8, 19602.6]": 1.0,
            "(19602.6, 25978.8]": 1.0,
            "(25978.8, 32651.0]": 1.0,
            "(32651.0, 39298.8]": 1.0,
            "(39298.8, 45796.8]": 1.0,
            "(45796.8, 52327.8]": 1.0,
            "(52327.8, 59017.4]": 1.0,
            "(59017.4, 65521.0]": 1.0
        },
        "correct_product_size": {
            "(8.999, 6700.4]": 1302,
            "(6700.4, 13267.8]": 1302,
            "(13267.8, 19602.6]": 1301,
            "(19602.6, 25978.8]": 1302,
            "(25978.8, 32651.0]": 1302,
            "(32651.0, 39298.8]": 1301,
            "(39298.8, 45796.8]": 1302,
            "(45796.8, 52327.8]": 1301,
            "(52327.8, 59017.4]": 1302,
            "(59017.4, 65521.0]": 1302
        },
        "correct_factorization_mean": {
            "(8.999, 6700.4]": 0.3686635944700461,
            "(6700.4, 13267.8]": 0.3141321044546851,
            "(13267.8, 19602.6]": 0.2828593389700231,
            "(19602.6, 25978.8]": 0.29339477726574503,
            "(25978.8, 32651.0]": 0.2849462365591398,
            "(32651.0, 39298.8]": 0.2644119907763259,
            "(39298.8, 45796.8]": 0.24731182795698925,
            "(45796.8, 52327.8]": 0.2744043043812452,
            "(52327.8, 59017.4]": 0.282642089093702,
            "(59017.4, 65521.0]": 0.24193548387096775
        },
        "correct_factorization_size": {
            "(8.999, 6700.4]": 1302,
            "(6700.4, 13267.8]": 1302,
            "(13267.8, 19602.6]": 1301,
            "(19602.6, 25978.8]": 1302,
            "(25978.8, 32651.0]": 1302,
            "(32651.0, 39298.8]": 1301,
            "(39298.8, 45796.8]": 1302,
            "(45796.8, 52327.8]": 1301,
            "(52327.8, 59017.4]": 1302,
            "(59017.4, 65521.0]": 1302
        }
    },
    "by_pct_target_ones": {
        "correct_product_mean": {
            "(0.187, 0.5]": 1.0,
            "(0.5, 0.529]": 1.0,
            "(0.529, 0.562]": 1.0,
            "(0.562, 0.6]": 1.0,
            "(0.6, 0.625]": 1.0,
            "(0.625, 0.667]": 1.0,
            "(0.667, 0.688]": 1.0,
            "(0.688, 0.722]": 1.0,
            "(0.722, 0.769]": 1.0,
            "(0.769, 1.0]": 0.9992277992277993
        },
        "correct_product_size": {
            "(0.187, 0.5]": 1948,
            "(0.5, 0.529]": 708,
            "(0.529, 0.562]": 1272,
            "(0.562, 0.6]": 1459,
            "(0.6, 0.625]": 1166,
            "(0.625, 0.667]": 1993,
            "(0.667, 0.688]": 751,
            "(0.688, 0.722]": 1152,
            "(0.722, 0.769]": 1273,
            "(0.769, 1.0]": 1295
        },
        "correct_factorization_mean": {
            "(0.187, 0.5]": 0.5503080082135524,
            "(0.5, 0.529]": 0.3333333333333333,
            "(0.529, 0.562]": 0.42924528301886794,
            "(0.562, 0.6]": 0.31802604523646333,
            "(0.6, 0.625]": 0.27358490566037735,