{
    "correct": {
        "correct_product": 0.39453125,
        "correct_factorization": 0.11669921875
    },
    "beam_accuracy": {
        "correct_product": {
            "0": 0.38623046875,
            "1": 0.03564453125
        },
        "correct_factorization": {
            "0": 0.103515625,
            "1": 0.01318359375
        }
    },
    "by_prob": {
        "group_size": {
            "(-9.212, -5.364]": 410.0,
            "(-5.364, -4.786]": 410.0,
            "(-4.786, -4.369]": 409.0,
            "(-4.369, -3.184]": 410.0,
            "(-3.184, -2.206]": 409.0,
            "(-2.206, -1.858]": 410.0,
            "(-1.858, -1.78]": 409.0,
            "(-1.78, -1.721]": 410.0,
            "(-1.721, -1.652]": 409.0,
            "(-1.652, -0.000377]": 410.0
        },
        "correct_product": {
            "(-9.212, -5.364]": 0.004878048780487805,
            "(-5.364, -4.786]": 0.0,
            "(-4.786, -4.369]": 0.0,
            "(-4.369, -3.184]": 0.026829268292682926,
            "(-3.184, -2.206]": 0.2787286063569682,
            "(-2.206, -1.858]": 0.47317073170731705,
            "(-1.858, -1.78]": 0.2273838630806846,
            "(-1.78, -1.721]": 0.20243902439024392,
            "(-1.721, -1.652]": 0.34474327628361856,
            "(-1.652, -0.000377]": 0.551219512195122
        },
        "correct_factorization": {
            "(-9.212, -5.364]": 0.0,
            "(-5.364, -4.786]": 0.0,
            "(-4.786, -4.369]": 0.0,
            "(-4.369, -3.184]": 0.012195121951219513,
            "(-3.184, -2.206]": 0.07823960880195599,
            "(-2.206, -1.858]": 0.08536585365853659,
            "(-1.858, -1.78]": 0.05378973105134474,
            "(-1.78, -1.721]": 0.046341463414634146,
            "(-1.721, -1.652]": 0.07823960880195599,
            "(-1.652, -0.000377]": 0.22926829268292684
        },
        "percent_prime_factors_pred": {
            "(-9.212, -5.364]": 0.978364305071623,
            "(-5.364, -4.786]": 0.9587940379403801,
            "(-4.786, -4.369]": 0.9482652229595997,
            "(-4.369, -3.184]": 0.9245993031358887,
            "(-3.184, -2.206]": 0.8443037606240538,
            "(-2.206, -1.858]": 0.5660075493612081,
            "(-1.858, -1.78]": 0.3147863546396554,
            "(-1.78, -1.721]": 0.3273344947735192,
            "(-1.721, -1.652]": 0.4113051577599254,
            "(-1.652, -0.000377]": 0.7728542392566782
        }
    },
    "by_num_target_factors": {
        "group_size": {
            "1": 192,
            "2": 466,
            "3": 501,
            "4": 401,
            "5": 237,
            "6": 131,
            "7": 62,
            "8": 32,
            "9": 12,
            "10": 7,
            "11": 5,
            "12": 1,
            "16": 1
        },
        "correct_product_mean": {
            "1": 0.0,
            "2": 0.20386266094420602,
            "3": 0.3932135728542914,
            "4": 0.5610972568578554,
            "5": 0.5527426160337553,
            "6": 0.6106870229007634,
            "7": 0.6935483870967742,
            "8": 0.53125,
            "9": 0.9166666666666666,
            "10": 0.5714285714285714,
            "11": 0.8,
            "12": 1.0,
            "16": 0.0
        },
        "correct_factorization_mean": {
            "1": 0.0,
            "2": 0.20386266094420602,
            "3": 0.0998003992015968,
            "4": 0.017456359102244388,
            "5": 0.0759493670886076,
            "6": 0.12213740458015267,
            "7": 0.3709677419354839,
            "8": 0.40625,
            "9": 0.8333333333333334,
            "10": 0.2857142857142857,
            "11": 0.8,
            "12": 1.0,
            "16": 0.0
        }
    },
    "by_input_num": {
        "group_size": {
            "(65535.999, 65740.7]": 205,
            "(65740.7, 65945.4]": 205,
            "(65945.4, 66150.1]": 205,
            "(66150.1, 66354.8]": 204,
            "(66354.8, 66559.5]": 205,
            "(66559.5, 66764.2]": 205,
            "(66764.2, 66968.9]": 204,
            "(66968.9, 67173.6]": 205,
            "(67173.6, 67378.3]": 205,
            "(67378.3, 67583.0]": 205
        },
        "correct_product_mean": {
            "(65535.999, 65740.7]": 0.36585365853658536,
            "(65740.7, 65945.4]": 0.34146341463414637,
            "(65945.4, 66150.1]": 0.3951219512195122,
            "(66150.1, 66354.8]": 0.4019607843137255,
            "(66354.8, 66559.5]": 0.3804878048780488,
            "(66559.5, 66764.2]": 0.4,
            "(66764.2, 66968.9]": 0.4166666666666667,
            "(66968.9, 67173.6]": 0.4195121951219512,
            "(67173.6, 67378.3]": 0.424390243902439,
            "(67378.3, 67583.0]": 0.4
        },
        "correct_factorization_mean": {
            "(65535.999, 65740.7]": 0.11707317073170732,
            "(65740.7, 65945.4]": 0.1024390243902439,
            "(65945.4, 66150.1]": 0.12682926829268293,
            "(66150.1, 66354.8]": 0.09803921568627451,
            "(66354.8, 66559.5]": 0.11707317073170732,
            "(66559.5, 66764.2]": 0.12682926829268293,
            "(66764.2, 66968.9]": 0.11274509803921569,
            "(66968.9, 67173.6]": 0.1024390243902439,
            "(67173.6, 67378.3]": 0.14146341463414633,
            "(67378.3, 67583.0]": 0.12195121951219512
        }
    },
    "pred_same_as_input_beam_0": {
        "0": {
            "input_is_prime": false,
            "pred_same_as_input": false,
            "group_size": 1856,
            "correct_product_mean": 0.4261853448275862,
            "correct_factorization_mean": 0.11422413793103449
        },
        "1": {
            "input_is_prime": true,
            "pred_same_as_input": false,
            "group_size": 192,
            "correct_product_mean": 0.0,
            "correct_factorization_mean": 0.0
        }
    },
    "by_min_factor_composite_only": {
        "0": {
            "min_factor_decile": "(1.999, 3.0]",
            "group_size": 1365,
            "correct_product_mean": 0.591941391941392,
            "correct_factorization_mean": 0.15531135531135531
        },
        "1": {
            "min_factor_decile": "(3.0, 5.0]",
            "group_size": 136,
            "correct_product_mean": 0.0,
            "correct_factorization_mean": 0.0
        },
        "2": {
            "min_factor_decile": "(5.0, 17.0]",
            "group_size": 176,
            "correct_product_mean": 0.0,
            "correct_factorization_mean": 0.0
        },
        "3": {
            "min_factor_decile": "(17.0, 257.0]",
            "group_size": 179,
            "correct_product_mean": 0.0,
            "correct_factorization_mean": 0.0
        }
    },
    "test_loss": 0.15091282705991313,
    "meta": {
        "n_beams": 2,
        "temperature": 1.0
    }
}