{
    "correct": {
        "correct_product": 0.89208984375,
        "correct_factorization": 0.66552734375
    },
    "beam_accuracy": {
        "correct_product": {
            "0": 0.8515625,
            "1": 0.14208984375
        },
        "correct_factorization": {
            "0": 0.6201171875,
            "1": 0.04541015625
        }
    },
    "by_prob": {
        "group_size": {
            "(-12.991, -6.311]": 410.0,
            "(-6.311, -3.581]": 410.0,
            "(-3.581, -2.739]": 409.0,
            "(-2.739, -2.124]": 410.0,
            "(-2.124, -1.448]": 409.0,
            "(-1.448, -1.049]": 410.0,
            "(-1.049, -0.724]": 409.0,
            "(-0.724, -0.0822]": 410.0,
            "(-0.0822, -0.00348]": 409.0,
            "(-0.00348, -1.24e-05]": 410.0
        },
        "correct_product": {
            "(-12.991, -6.311]": 0.15609756097560976,
            "(-6.311, -3.581]": 0.16097560975609757,
            "(-3.581, -2.739]": 0.07823960880195599,
            "(-2.739, -2.124]": 0.07073170731707316,
            "(-2.124, -1.448]": 0.29095354523227385,
            "(-1.448, -1.049]": 0.7146341463414634,
            "(-1.049, -0.724]": 0.8141809290953546,
            "(-0.724, -0.0822]": 0.7146341463414634,
            "(-0.0822, -0.00348]": 0.9682151589242054,
            "(-0.00348, -1.24e-05]": 1.0
        },
        "correct_factorization": {
            "(-12.991, -6.311]": 0.0,
            "(-6.311, -3.581]": 0.0024390243902439024,
            "(-3.581, -2.739]": 0.02689486552567237,
            "(-2.739, -2.124]": 0.03414634146341464,
            "(-2.124, -1.448]": 0.15647921760391198,
            "(-1.448, -1.049]": 0.2731707317073171,
            "(-1.049, -0.724]": 0.33251833740831294,
            "(-0.724, -0.0822]": 0.5390243902439025,
            "(-0.0822, -0.00348]": 0.9633251833740831,
            "(-0.00348, -1.24e-05]": 1.0
        },
        "percent_prime_factors_pred": {
            "(-12.991, -6.311]": 0.9017828106852497,
            "(-6.311, -3.581]": 0.9032113821138211,
            "(-3.581, -2.739]": 0.9241413435789964,
            "(-2.739, -2.124]": 0.8880081300813008,
            "(-2.124, -1.448]": 0.8537256956572359,
            "(-1.448, -1.049]": 0.5931407278358498,
            "(-1.049, -0.724]": 0.5684189079054605,
            "(-0.724, -0.0822]": 0.9131378242353853,
            "(-0.0822, -0.00348]": 0.998084759576202,
            "(-0.00348, -1.24e-05]": 1.0
        }
    },
    "by_num_target_factors": {
        "group_size": {
            "1": 192,
            "2": 466,
            "3": 501,
            "4": 401,
            "5": 237,
            "6": 131,
            "7": 62,
            "8": 32,
            "9": 12,
            "10": 7,
            "11": 5,
            "12": 1,
            "16": 1
        },
        "correct_product_mean": {
            "1": 0.90625,
            "2": 0.9163090128755365,
            "3": 0.93812375249501,
            "4": 0.940149625935162,
            "5": 0.8312236286919831,
            "6": 0.7786259541984732,
            "7": 0.7096774193548387,
            "8": 0.71875,
            "9": 0.6666666666666666,
            "10": 0.42857142857142855,
            "11": 0.4,
            "12": 0.0,
            "16": 0.0
        },
        "correct_factorization_mean": {
            "1": 0.90625,
            "2": 0.4248927038626609,
            "3": 0.6107784431137725,
            "4": 0.8179551122194514,
            "5": 0.7679324894514767,
            "6": 0.7404580152671756,
            "7": 0.7096774193548387,
            "8": 0.65625,
            "9": 0.6666666666666666,
            "10": 0.42857142857142855,
            "11": 0.4,
            "12": 0.0,
            "16": 0.0
        }
    },
    "by_input_num": {
        "group_size": {
            "(65535.999, 65740.7]": 205,
            "(65740.7, 65945.4]": 205,
            "(65945.4, 66150.1]": 205,
            "(66150.1, 66354.8]": 204,
            "(66354.8, 66559.5]": 205,
            "(66559.5, 66764.2]": 205,
            "(66764.2, 66968.9]": 204,
            "(66968.9, 67173.6]": 205,
            "(67173.6, 67378.3]": 205,
            "(67378.3, 67583.0]": 205
        },
        "correct_product_mean": {
            "(65535.999, 65740.7]": 0.9512195121951219,
            "(65740.7, 65945.4]": 0.9121951219512195,
            "(65945.4, 66150.1]": 0.9414634146341463,
            "(66150.1, 66354.8]": 0.9117647058823529,
            "(66354.8, 66559.5]": 0.8829268292682927,
            "(66559.5, 66764.2]": 0.8731707317073171,
            "(66764.2, 66968.9]": 0.8823529411764706,
            "(66968.9, 67173.6]": 0.8975609756097561,
            "(67173.6, 67378.3]": 0.9024390243902439,
            "(67378.3, 67583.0]": 0.7658536585365854
        },
        "correct_factorization_mean": {
            "(65535.999, 65740.7]": 0.751219512195122,
            "(65740.7, 65945.4]": 0.6585365853658537,
            "(65945.4, 66150.1]": 0.6878048780487804,
            "(66150.1, 66354.8]": 0.6372549019607843,
            "(66354.8, 66559.5]": 0.6536585365853659,
            "(66559.5, 66764.2]": 0.6536585365853659,
            "(66764.2, 66968.9]": 0.6372549019607843,
            "(66968.9, 67173.6]": 0.6780487804878049,
            "(67173.6, 67378.3]": 0.6829268292682927,
            "(67378.3, 67583.0]": 0.6146341463414634
        }
    },
    "pred_same_as_input_beam_0": {
        "0": {
            "input_is_prime": false,
            "pred_same_as_input": false,
            "group_size": 1529,
            "correct_product_mean": 0.8129496402877698,
            "correct_factorization_mean": 0.7168083714846305
        },
        "1": {
            "input_is_prime": false,
            "pred_same_as_input": true,
            "group_size": 327,
            "correct_product_mean": 1.0,
            "correct_factorization_mean": 0.0
        },
        "2": {
            "input_is_prime": true,
            "pred_same_as_input": false,
            "group_size": 18,
            "correct_product_mean": 0.0,
            "correct_factorization_mean": 0.0
        },
        "3": {
            "input_is_prime": true,
            "pred_same_as_input": true,
            "group_size": 174,
            "correct_product_mean": 1.0,
            "correct_factorization_mean": 1.0
        }
    },
    "by_min_factor_composite_only": {
        "0": {
            "min_factor_decile": "(1.999, 3.0]",
            "group_size": 1365,
            "correct_product_mean": 0.8798534798534798,
            "correct_factorization_mean": 0.7186813186813187
        },
        "1": {
            "min_factor_decile": "(3.0, 5.0]",
            "group_size": 136,
            "correct_product_mean": 0.9044117647058824,
            "correct_factorization_mean": 0.8455882352941176
        },
        "2": {
            "min_factor_decile": "(5.0, 17.0]",
            "group_size": 176,
            "correct_product_mean": 0.9147727272727273,
            "correct_factorization_mean": 0.0
        },
        "3": {
            "min_factor_decile": "(17.0, 257.0]",
            "group_size": 179,
            "correct_product_mean": 0.9385474860335196,
            "correct_factorization_mean": 0.0
        }
    },
    "loss": 0.4061612574326685,
    "meta": {
        "n_beams": 2,
        "temperature": 1.0
    }
}