{
    "correct": {
        "correct_product": 0.974802671523983,
        "correct_factorization": 0.8802367941712204
    },
    "beam_accuracy": {
        "correct_product": {
            "0": 0.9556769884638737,
            "1": 0.20613236187006678
        },
        "correct_factorization": {
            "0": 0.8553430479659988,
            "1": 0.025045537340619307
        }
    },
    "by_prob": {
        "group_size": {
            "(-15.37, -9.264]": 1318.0,
            "(-9.264, -9.21]": 1339.0,
            "(-9.21, -7.098]": 1296.0,
            "(-7.098, -2.771]": 1318.0,
            "(-2.771, -1.221]": 1317.0,
            "(-1.221, -0.251]": 1318.0,
            "(-0.251, -0.00154]": 1317.0,
            "(-0.00154, -0.000148]": 1318.0,
            "(-0.000148, -2.8e-05]": 1317.0,
            "(-2.8e-05, -8.34e-07]": 1318.0
        },
        "correct_product": {
            "(-15.37, -9.264]": 0.34294385432473445,
            "(-9.264, -9.21]": 0.006721433905899925,
            "(-9.21, -7.098]": 0.2052469135802469,
            "(-7.098, -2.771]": 0.23899848254931716,
            "(-2.771, -1.221]": 0.2513287775246773,
            "(-1.221, -0.251]": 0.8141122913505311,
            "(-0.251, -0.00154]": 0.95292331055429,
            "(-0.00154, -0.000148]": 1.0,
            "(-0.000148, -2.8e-05]": 1.0,
            "(-2.8e-05, -8.34e-07]": 1.0
        },
        "correct_factorization": {
            "(-15.37, -9.264]": 0.0,
            "(-9.264, -9.21]": 0.0,
            "(-9.21, -7.098]": 0.0,
            "(-7.098, -2.771]": 0.012139605462822459,
            "(-2.771, -1.221]": 0.10554290053151101,
            "(-1.221, -0.251]": 0.36418816388467373,
            "(-0.251, -0.00154]": 0.9202733485193622,
            "(-0.00154, -0.000148]": 1.0,
            "(-0.000148, -2.8e-05]": 1.0,
            "(-2.8e-05, -8.34e-07]": 1.0
        },
        "percent_prime_factors_pred": {
            "(-15.37, -9.264]": 0.8445245321193727,
            "(-9.264, -9.21]": 0.6199541828182604,
            "(-9.21, -7.098]": 0.8106867283950618,
            "(-7.098, -2.771]": 0.804923585519185,
            "(-2.771, -1.221]": 0.8074583288136818,
            "(-1.221, -0.251]": 0.5669319194546812,
            "(-0.251, -0.00154]": 0.9803973677549987,
            "(-0.00154, -0.000148]": 1.0,
            "(-0.000148, -2.8e-05]": 1.0,
            "(-2.8e-05, -8.34e-07]": 1.0
        }
    },
    "by_num_target_factors": {
        "group_size": {
            "1": 668,
            "2": 1601,
            "3": 1720,
            "4": 1198,
            "5": 715,
            "6": 373,
            "7": 165,
            "8": 79,
            "9": 35,
            "10": 20,
            "11": 8,
            "12": 3,
            "13": 3
        },
        "correct_product_mean": {
            "1": 0.9640718562874252,
            "2": 0.9862585883822611,
            "3": 0.9936046511627907,
            "4": 0.991652754590985,
            "5": 0.972027972027972,
            "6": 0.9410187667560321,
            "7": 0.8606060606060606,
            "8": 0.8734177215189873,
            "9": 0.6857142857142857,
            "10": 0.7,
            "11": 0.5,
            "12": 0.6666666666666666,
            "13": 0.3333333333333333
        },
        "correct_factorization_mean": {
            "1": 0.9640718562874252,
            "2": 0.7464084946908183,
            "3": 0.8930232558139535,
            "4": 0.9666110183639399,
            "5": 0.9622377622377623,
            "6": 0.8820375335120644,
            "7": 0.8242424242424242,
            "8": 0.8607594936708861,
            "9": 0.6857142857142857,
            "10": 0.7,
            "11": 0.5,
            "12": 0.6666666666666666,
            "13": 0.3333333333333333
        }
    },
    "by_input_num": {
        "group_size": {
            "(7.999, 6350.5]": 659,
            "(6350.5, 12996.8]": 659,
            "(12996.8, 19472.5]": 659,
            "(19472.5, 26116.8]": 658,
            "(26116.8, 32574.0]": 659,
            "(32574.0, 39331.6]": 659,
            "(39331.6, 46013.7]": 658,
            "(46013.7, 52699.4]": 659,
            "(52699.4, 59007.6]": 659,
            "(59007.6, 65528.0]": 659
        },
        "correct_product_mean": {
            "(7.999, 6350.5]": 0.9984825493171472,
            "(6350.5, 12996.8]": 0.9984825493171472,
            "(12996.8, 19472.5]": 0.9969650986342944,
            "(19472.5, 26116.8]": 0.9787234042553191,
            "(26116.8, 32574.0]": 0.9787556904400607,
            "(32574.0, 39331.6]": 0.9681335356600911,
            "(39331.6, 46013.7]": 0.9544072948328267,
            "(46013.7, 52699.4]": 0.9499241274658573,
            "(52699.4, 59007.6]": 0.9696509863429439,
            "(59007.6, 65528.0]": 0.9544764795144158
        },
        "correct_factorization_mean": {
            "(7.999, 6350.5]": 0.9984825493171472,
            "(6350.5, 12996.8]": 0.9984825493171472,
            "(12996.8, 19472.5]": 0.9969650986342944,
            "(19472.5, 26116.8]": 0.9711246200607903,
            "(26116.8, 32574.0]": 0.9468892261001517,
            "(32574.0, 39331.6]": 0.7905918057663126,
            "(39331.6, 46013.7]": 0.7781155015197568,
            "(46013.7, 52699.4]": 0.795144157814871,
            "(52699.4, 59007.6]": 0.7845220030349014,
            "(59007.6, 65528.0]": 0.7420333839150227
        }
    },
    "pred_same_as_input_beam_0": {
        "0": {
            "input_is_prime": false,
            "pred_same_as_input": false,
            "group_size": 5920,
            "correct_product_mean": 0.9557432432432432,
            "correct_factorization_mean": 0.8440878378378378
        },
        "1": {
            "input_is_prime": true,
            "pred_same_as_input": false,
            "group_size": 654,
            "correct_product_mean": 0.9541284403669725,
            "correct_factorization_mean": 0.9541284403669725
        },
        "2": {
            "input_is_prime": true,
            "pred_same_as_input": true,
            "group_size": 14,
            "correct_product_mean": 1.0,
            "correct_factorization_mean": 1.0
        }
    },
    "by_min_factor_composite_only": {
        "0": {
            "min_factor_decile": "(1.999, 3.0]",
            "group_size": 4339,
            "correct_product_mean": 0.9753399400783591,
            "correct_factorization_mean": 0.9400783590689099
        },
        "1": {
            "min_factor_decile": "(3.0, 5.0]",
            "group_size": 447,
            "correct_product_mean": 0.9753914988814317,
            "correct_factorization_mean": 0.9395973154362416
        },
        "2": {
            "min_factor_decile": "(5.0, 17.0]",
            "group_size": 614,
            "correct_product_mean": 0.9837133550488599,
            "correct_factorization_mean": 0.46579804560260585
        },
        "3": {
            "min_factor_decile": "(17.0, 241.0]",
            "group_size": 520,
            "correct_product_mean": 0.9730769230769231,
            "correct_factorization_mean": 0.4076923076923077
        }
    },
    "loss": 0.14778763473827647,
    "meta": {
        "n_beams": 2,
        "temperature": 1.0
    }
}