{
    "correct": {
        "correct_product": 0.8779296875,
        "correct_factorization": 0.67578125
    },
    "beam_accuracy": {
        "correct_product": {
            "0": 0.84228515625,
            "1": 0.1640625
        },
        "correct_factorization": {
            "0": 0.6376953125,
            "1": 0.0380859375
        }
    },
    "by_prob": {
        "group_size": {
            "(-13.931, -8.547]": 410.0,
            "(-8.547, -4.885]": 410.0,
            "(-4.885, -2.802]": 409.0,
            "(-2.802, -2.101]": 410.0,
            "(-2.101, -1.414]": 409.0,
            "(-1.414, -1.029]": 410.0,
            "(-1.029, -0.492]": 409.0,
            "(-0.492, -0.0136]": 410.0,
            "(-0.0136, -0.000392]": 409.0,
            "(-0.000392, -2.62e-06]": 410.0
        },
        "correct_product": {
            "(-13.931, -8.547]": 0.17317073170731706,
            "(-8.547, -4.885]": 0.26097560975609757,
            "(-4.885, -2.802]": 0.1271393643031785,
            "(-2.802, -2.101]": 0.04878048780487805,
            "(-2.101, -1.414]": 0.24938875305623473,
            "(-1.414, -1.029]": 0.6731707317073171,
            "(-1.029, -0.492]": 0.7090464547677262,
            "(-0.492, -0.0136]": 0.8097560975609757,
            "(-0.0136, -0.000392]": 0.980440097799511,
            "(-0.000392, -2.62e-06]": 1.0
        },
        "correct_factorization": {
            "(-13.931, -8.547]": 0.0,
            "(-8.547, -4.885]": 0.007317073170731708,
            "(-4.885, -2.802]": 0.044009779951100246,
            "(-2.802, -2.101]": 0.01707317073170732,
            "(-2.101, -1.414]": 0.11246943765281174,
            "(-1.414, -1.029]": 0.2634146341463415,
            "(-1.029, -0.492]": 0.29095354523227385,
            "(-0.492, -0.0136]": 0.6682926829268293,
            "(-0.0136, -0.000392]": 0.9755501222493888,
            "(-0.000392, -2.62e-06]": 1.0
        },
        "percent_prime_factors_pred": {
            "(-13.931, -8.547]": 0.8162475803329461,
            "(-8.547, -4.885]": 0.8663995354239257,
            "(-4.885, -2.802]": 0.8993887530562348,
            "(-2.802, -2.101]": 0.906260162601626,
            "(-2.101, -1.414]": 0.834125043660496,
            "(-1.414, -1.029]": 0.6012330623306233,
            "(-1.029, -0.492]": 0.6384619862614973,
            "(-0.492, -0.0136]": 0.931562137049942,
            "(-0.0136, -0.000392]": 0.9982885085574572,
            "(-0.000392, -2.62e-06]": 1.0
        }
    },
    "by_num_target_factors": {
        "group_size": {
            "1": 192,
            "2": 466,
            "3": 501,
            "4": 401,
            "5": 237,
            "6": 131,
            "7": 62,
            "8": 32,
            "9": 12,
            "10": 7,
            "11": 5,
            "12": 1,
            "16": 1
        },
        "correct_product_mean": {
            "1": 0.84375,
            "2": 0.8948497854077253,
            "3": 0.9221556886227545,
            "4": 0.9501246882793017,
            "5": 0.8523206751054853,
            "6": 0.7862595419847328,
            "7": 0.6774193548387096,
            "8": 0.53125,
            "9": 0.4166666666666667,
            "10": 0.5714285714285714,
            "11": 0.4,
            "12": 1.0,
            "16": 0.0
        },
        "correct_factorization_mean": {
            "1": 0.84375,
            "2": 0.44635193133047213,
            "3": 0.6427145708582834,
            "4": 0.8329177057356608,
            "5": 0.8185654008438819,
            "6": 0.7251908396946565,
            "7": 0.6451612903225806,
            "8": 0.53125,
            "9": 0.4166666666666667,
            "10": 0.5714285714285714,
            "11": 0.4,
            "12": 1.0,
            "16": 0.0
        }
    },
    "by_input_num": {
        "group_size": {
            "(65535.999, 65740.7]": 205,
            "(65740.7, 65945.4]": 205,
            "(65945.4, 66150.1]": 205,
            "(66150.1, 66354.8]": 204,
            "(66354.8, 66559.5]": 205,
            "(66559.5, 66764.2]": 205,
            "(66764.2, 66968.9]": 204,
            "(66968.9, 67173.6]": 205,
            "(67173.6, 67378.3]": 205,
            "(67378.3, 67583.0]": 205
        },
        "correct_product_mean": {
            "(65535.999, 65740.7]": 0.9121951219512195,
            "(65740.7, 65945.4]": 0.8682926829268293,
            "(65945.4, 66150.1]": 0.9365853658536586,
            "(66150.1, 66354.8]": 0.8970588235294118,
            "(66354.8, 66559.5]": 0.8878048780487805,
            "(66559.5, 66764.2]": 0.8829268292682927,
            "(66764.2, 66968.9]": 0.8872549019607843,
            "(66968.9, 67173.6]": 0.8829268292682927,
            "(67173.6, 67378.3]": 0.7902439024390244,
            "(67378.3, 67583.0]": 0.8341463414634146
        },
        "correct_factorization_mean": {
            "(65535.999, 65740.7]": 0.7365853658536585,
            "(65740.7, 65945.4]": 0.6682926829268293,
            "(65945.4, 66150.1]": 0.6926829268292682,
            "(66150.1, 66354.8]": 0.6568627450980392,
            "(66354.8, 66559.5]": 0.6878048780487804,
            "(66559.5, 66764.2]": 0.6780487804878049,
            "(66764.2, 66968.9]": 0.6813725490196079,
            "(66968.9, 67173.6]": 0.6634146341463415,
            "(67173.6, 67378.3]": 0.6292682926829268,
            "(67378.3, 67583.0]": 0.6634146341463415
        }
    },
    "pred_same_as_input_beam_0": {
        "0": {
            "input_is_prime": false,
            "pred_same_as_input": false,
            "group_size": 1856,
            "correct_product_mean": 0.8432112068965517,
            "correct_factorization_mean": 0.6174568965517241
        },
        "1": {
            "input_is_prime": true,
            "pred_same_as_input": false,
            "group_size": 192,
            "correct_product_mean": 0.8333333333333334,
            "correct_factorization_mean": 0.8333333333333334
        }
    },
    "by_min_factor_composite_only": {
        "0": {
            "min_factor_decile": "(1.999, 3.0]",
            "group_size": 1365,
            "correct_product_mean": 0.8945054945054945,
            "correct_factorization_mean": 0.7553113553113553
        },
        "1": {
            "min_factor_decile": "(3.0, 5.0]",
            "group_size": 136,
            "correct_product_mean": 0.8823529411764706,
            "correct_factorization_mean": 0.8455882352941176
        },
        "2": {
            "min_factor_decile": "(5.0, 17.0]",
            "group_size": 176,
            "correct_product_mean": 0.8238636363636364,
            "correct_factorization_mean": 0.0
        },
        "3": {
            "min_factor_decile": "(17.0, 257.0]",
            "group_size": 179,
            "correct_product_mean": 0.8379888268156425,
            "correct_factorization_mean": 0.0
        }
    },
    "loss": 0.42972227597813795,
    "meta": {
        "n_beams": 2,
        "temperature": 1.0
    }
}