{
    "correct": {
        "correct_product": 0.9936237228239994,
        "correct_factorization": 0.84858262272413
    },
    "beam_accuracy": {
        "correct_product": {
            "0": 0.9496811861412,
            "1": 0.27809787201352076,
            "2": 0.1175386033648306,
            "3": 0.07029269416916341,
            "4": 0.05600368748559576,
            "5": 0.04071598678650995,
            "6": 0.035261581009449185,
            "7": 0.041791503418606435,
            "8": 0.020972574325881538,
            "9": 0.02542828608742414
        },
        "correct_factorization": {
            "0": 0.66651302143351,
            "1": 0.15710225090266575,
            "2": 0.03994776062072674,
            "3": 0.023046784973496198,
            "4": 0.017976492279327034,
            "5": 0.013520780517784436,
            "6": 0.011062456787278175,
            "7": 0.022969962356917877,
            "8": 0.005070292694169164,
            "9": 0.012061150802796343
        }
    },
    "by_prob": {
        "correct_product": {
            "(-16.098000000000003, -9.212]": 0.04922816987942554,
            "(-9.212, -9.21]": 0.02885427058552682,
            "(-9.21, -8.583]": 0.10170013077929071,
            "(-8.583, -5.956]": 0.08596450795114081,
            "(-5.956, -4.3]": 0.046400860413305677,
            "(-4.3, -3.751]": 0.03856495352231697,
            "(-3.751, -3.336]": 0.05162479834063148,
            "(-3.336, -2.794]": 0.08819236383191212,
            "(-2.794, -1.393]": 0.20503956364753784,
            "(-1.393, -1.67e-06]": 0.9403088269186448
        },
        "correct_factorization": {
            "(-16.098000000000003, -9.212]": 0.010675063359189002,
            "(-9.212, -9.21]": 0.02885427058552682,
            "(-9.21, -8.583]": 0.08100623124855758,
            "(-8.583, -5.956]": 0.0010755166320964892,
            "(-5.956, -4.3]": 0.004148421295229315,
            "(-4.3, -3.751]": 0.012061150802796343,
            "(-3.751, -3.336]": 0.02243220404086963,
            "(-3.336, -2.794]": 0.038949066605208575,
            "(-2.794, -1.393]": 0.10155949911653991,
            "(-1.393, -1.67e-06]": 0.6685872320811247
        },
        "percent_prime_factors_pred": {
            "(-16.098000000000003, -9.212]": 0.7759925043481427,
            "(-9.212, -9.21]": 0.7382110137266366,
            "(-9.21, -8.583]": 0.8165382663499664,
            "(-8.583, -5.956]": 0.8773402542602186,
            "(-5.956, -4.3]": 0.8664718309370096,
            "(-4.3, -3.751]": 0.8220530905250728,
            "(-3.751, -3.336]": 0.8062804365062894,
            "(-3.336, -2.794]": 0.7960388795604192,
            "(-2.794, -1.393]": 0.801440361182209,
            "(-1.393, -1.67e-06]": 0.7762306861235175
        }
    },
    "by_n_target_factors": {
        "correct_product_mean": {
            "1": 0.9992383853769993,
            "2": 0.9987381703470032,
            "3": 1.0,
            "4": 1.0,
            "5": 0.9949640287769784,
            "6": 0.9763779527559056,
            "7": 0.9661971830985916,
            "8": 0.9161676646706587,
            "9": 0.8617021276595744,
            "10": 0.8125,
            "11": 0.7857142857142857,
            "12": 0.75,
            "13": 1.0,
            "14": 0.25
        },
        "correct_product_size": {
            "1": 1313,
            "2": 3170,
            "3": 3305,
            "4": 2401,
            "5": 1390,
            "6": 762,
            "7": 355,
            "8": 167,
            "9": 94,
            "10": 32,
            "11": 14,
            "12": 8,
            "13": 2,
            "14": 4
        },
        "correct_factorization_mean": {
            "1": 0.9992383853769993,
            "2": 0.7615141955835962,
            "3": 0.76732223903177,
            "4": 0.9104539775093711,
            "5": 0.9417266187050359,
            "6": 0.9461942257217848,
            "7": 0.895774647887324,
            "8": 0.7964071856287425,
            "9": 0.7553191489361702,
            "10": 0.8125,
            "11": 0.7857142857142857,
            "12": 0.75,
            "13": 1.0,
            "14": 0.25
        },
        "correct_factorization_size": {
            "1": 1313,
            "2": 3170,
            "3": 3305,
            "4": 2401,
            "5": 1390,
            "6": 762,
            "7": 355,
            "8": 167,
            "9": 94,
            "10": 32,
            "11": 14,
            "12": 8,
            "13": 2,
            "14": 4
        }
    },
    "by_target_number": {
        "correct_product_mean": {
            "(8.999, 6700.4]": 0.999231950844854,
            "(6700.4, 13267.8]": 0.9976958525345622,
            "(13267.8, 19602.6]": 0.9953881629515757,
            "(19602.6, 25978.8]": 0.9969278033794163,
            "(25978.8, 32651.0]": 0.9946236559139785,
            "(32651.0, 39298.8]": 0.9884704073789393,
            "(39298.8, 45796.8]": 0.9923195084485407,
            "(45796.8, 52327.8]": 0.9907763259031515,
            "(52327.8, 59017.4]": 0.988479262672811,
            "(59017.4, 65521.0]": 0.9923195084485407
        },
        "correct_product_size": {
            "(8.999, 6700.4]": 1302,
            "(6700.4, 13267.8]": 1302,
            "(13267.8, 19602.6]": 1301,
            "(19602.6, 25978.8]": 1302,
            "(25978.8, 32651.0]": 1302,
            "(32651.0, 39298.8]": 1301,
            "(39298.8, 45796.8]": 1302,
            "(45796.8, 52327.8]": 1301,
            "(52327.8, 59017.4]": 1302,
            "(59017.4, 65521.0]": 1302
        },
        "correct_factorization_mean": {
            "(8.999, 6700.4]": 0.999231950844854,
            "(6700.4, 13267.8]": 0.9953917050691244,
            "(13267.8, 19602.6]": 0.9754035357417371,
            "(19602.6, 25978.8]": 0.9055299539170507,
            "(25978.8, 32651.0]": 0.8556067588325653,
            "(32651.0, 39298.8]": 0.781706379707917,
            "(39298.8, 45796.8]": 0.7695852534562212,
            "(45796.8, 52327.8]": 0.7455803228285934,
            "(52327.8, 59017.4]": 0.7288786482334869,
            "(59017.4, 65521.0]": 0.7288786482334869
        },
        "correct_factorization_size": {
            "(8.999, 6700.4]": 1302,
            "(6700.4, 13267.8]": 1302,
            "(13267.8, 19602.6]": 1301,
            "(19602.6, 25978.8]": 1302,
            "(25978.8, 32651.0]": 1302,
            "(32651.0, 39298.8]": 1301,
            "(39298.8, 45796.8]": 1302,
            "(45796.8, 52327.8]": 1301,
            "(52327.8, 59017.4]": 1302,
            "(59017.4, 65521.0]": 1302
        }
    },
    "pred_same_as_target_beam_0": {
        "0": {
            "target_is_prime": false,
            "pred_same_as_target": false,
            "correct_product_mean": 0.9460868079289132,
            "correct_product_size": 11704,
            "correct_factorization_mean": 0.6311517429938482,
            "correct_factorization_size": 11704
        },
        "1": {
            "target_is_prime": true,
            "pred_same_as_target": false,
            "correct_product_mean": 0.9817212490479817,
            "correct_product_size": 1313,
            "correct_factorization_mean": 0.9817212490479817,
            "correct_factorization_size": 1313
        }
    },
    "test_loss": 0.08147818030670796,
    "meta": {
        "n_beams": 10,
        "temperature": 1
    }
}