{
    "correct": {
        "correct_product": 0.8857421875,
        "correct_factorization": 0.32958984375
    },
    "beam_accuracy": {
        "correct_product": {
            "0": 0.87841796875,
            "1": 0.07470703125
        },
        "correct_factorization": {
            "0": 0.29541015625,
            "1": 0.0341796875
        }
    },
    "by_prob": {
        "group_size": {
            "(-17.773, -4.868]": 410.0,
            "(-4.868, -4.077]": 410.0,
            "(-4.077, -3.591]": 409.0,
            "(-3.591, -3.096]": 410.0,
            "(-3.096, -2.214]": 409.0,
            "(-2.214, -1.608]": 410.0,
            "(-1.608, -1.254]": 409.0,
            "(-1.254, -1.004]": 410.0,
            "(-1.004, -0.845]": 409.0,
            "(-0.845, -0.00078]": 410.0
        },
        "correct_product": {
            "(-17.773, -4.868]": 0.0,
            "(-4.868, -4.077]": 0.012195121951219513,
            "(-4.077, -3.591]": 0.009779951100244499,
            "(-3.591, -3.096]": 0.03902439024390244,
            "(-3.096, -2.214]": 0.15403422982885084,
            "(-2.214, -1.608]": 0.6317073170731707,
            "(-1.608, -1.254]": 0.9486552567237164,
            "(-1.254, -1.004]": 0.9902439024390244,
            "(-1.004, -0.845]": 0.9902200488997555,
            "(-0.845, -0.00078]": 0.9902439024390244
        },
        "correct_factorization": {
            "(-17.773, -4.868]": 0.0,
            "(-4.868, -4.077]": 0.007317073170731708,
            "(-4.077, -3.591]": 0.004889975550122249,
            "(-3.591, -3.096]": 0.01951219512195122,
            "(-3.096, -2.214]": 0.07334963325183375,
            "(-2.214, -1.608]": 0.18292682926829268,
            "(-1.608, -1.254]": 0.25183374083129584,
            "(-1.254, -1.004]": 0.35121951219512193,
            "(-1.004, -0.845]": 0.33007334963325186,
            "(-0.845, -0.00078]": 0.4268292682926829
        },
        "percent_prime_factors_pred": {
            "(-17.773, -4.868]": 0.9821875279192351,
            "(-4.868, -4.077]": 0.8624332171893148,
            "(-4.077, -3.591]": 0.8097392013039935,
            "(-3.591, -3.096]": 0.8650813008130082,
            "(-3.096, -2.214]": 0.8977995110024449,
            "(-2.214, -1.608]": 0.7719686411149826,
            "(-1.608, -1.254]": 0.7022819885900571,
            "(-1.254, -1.004]": 0.5583507549361207,
            "(-1.004, -0.845]": 0.45794621026894866,
            "(-0.845, -0.00078]": 0.7284959349593496
        }
    },
    "by_num_target_factors": {
        "group_size": {
            "1": 192,
            "2": 466,
            "3": 501,
            "4": 401,
            "5": 237,
            "6": 131,
            "7": 62,
            "8": 32,
            "9": 12,
            "10": 7,
            "11": 5,
            "12": 1,
            "16": 1
        },
        "correct_product_mean": {
            "1": 1.0,
            "2": 0.9828326180257511,
            "3": 0.9201596806387226,
            "4": 0.912718204488778,
            "5": 0.8396624472573839,
            "6": 0.7175572519083969,
            "7": 0.4838709677419355,
            "8": 0.28125,
            "9": 0.4166666666666667,
            "10": 0.0,
            "11": 0.0,
            "12": 0.0,
            "16": 0.0
        },
        "correct_factorization_mean": {
            "1": 1.0,
            "2": 0.45064377682403434,
            "3": 0.25349301397205587,
            "4": 0.18453865336658354,
            "5": 0.15611814345991562,
            "6": 0.16793893129770993,
            "7": 0.14516129032258066,
            "8": 0.03125,
            "9": 0.25,
            "10": 0.0,
            "11": 0.0,
            "12": 0.0,
            "16": 0.0
        }
    },
    "by_input_num": {
        "group_size": {
            "(65535.999, 65740.7]": 205,
            "(65740.7, 65945.4]": 205,
            "(65945.4, 66150.1]": 205,
            "(66150.1, 66354.8]": 204,
            "(66354.8, 66559.5]": 205,
            "(66559.5, 66764.2]": 205,
            "(66764.2, 66968.9]": 204,
            "(66968.9, 67173.6]": 205,
            "(67173.6, 67378.3]": 205,
            "(67378.3, 67583.0]": 205
        },
        "correct_product_mean": {
            "(65535.999, 65740.7]": 0.926829268292683,
            "(65740.7, 65945.4]": 0.9219512195121952,
            "(65945.4, 66150.1]": 0.8731707317073171,
            "(66150.1, 66354.8]": 0.8774509803921569,
            "(66354.8, 66559.5]": 0.8634146341463415,
            "(66559.5, 66764.2]": 0.8634146341463415,
            "(66764.2, 66968.9]": 0.8872549019607843,
            "(66968.9, 67173.6]": 0.8926829268292683,
            "(67173.6, 67378.3]": 0.8780487804878049,
            "(67378.3, 67583.0]": 0.8731707317073171
        },
        "correct_factorization_mean": {
            "(65535.999, 65740.7]": 0.375609756097561,
            "(65740.7, 65945.4]": 0.33658536585365856,
            "(65945.4, 66150.1]": 0.33658536585365856,
            "(66150.1, 66354.8]": 0.3088235294117647,
            "(66354.8, 66559.5]": 0.32195121951219513,
            "(66559.5, 66764.2]": 0.3073170731707317,
            "(66764.2, 66968.9]": 0.3333333333333333,
            "(66968.9, 67173.6]": 0.33170731707317075,
            "(67173.6, 67378.3]": 0.3121951219512195,
            "(67378.3, 67583.0]": 0.33170731707317075
        }
    },
    "pred_same_as_input_beam_0": {
        "0": {
            "input_is_prime": false,
            "pred_same_as_input": false,
            "group_size": 1502,
            "correct_product_mean": 0.8342210386151797,
            "correct_factorization_mean": 0.27496671105193077
        },
        "1": {
            "input_is_prime": false,
            "pred_same_as_input": true,
            "group_size": 354,
            "correct_product_mean": 1.0,
            "correct_factorization_mean": 0.0
        },
        "2": {
            "input_is_prime": true,
            "pred_same_as_input": true,
            "group_size": 192,
            "correct_product_mean": 1.0,
            "correct_factorization_mean": 1.0
        }
    },
    "by_min_factor_composite_only": {
        "0": {
            "min_factor_decile": "(1.999, 3.0]",
            "group_size": 1365,
            "correct_product_mean": 0.8417582417582418,
            "correct_factorization_mean": 0.2673992673992674
        },
        "1": {
            "min_factor_decile": "(3.0, 5.0]",
            "group_size": 136,
            "correct_product_mean": 0.875,
            "correct_factorization_mean": 0.35294117647058826
        },
        "2": {
            "min_factor_decile": "(5.0, 17.0]",
            "group_size": 176,
            "correct_product_mean": 0.9943181818181818,
            "correct_factorization_mean": 0.0
        },
        "3": {
            "min_factor_decile": "(17.0, 257.0]",
            "group_size": 179,
            "correct_product_mean": 1.0,
            "correct_factorization_mean": 0.0
        }
    },
    "loss": 0.4536260442270006,
    "meta": {
        "n_beams": 2,
        "temperature": 1.0
    }
}