{
    "correct": {
        "correct_product": 0.9445962355798422,
        "correct_factorization": 0.37249544626593806
    },
    "beam_accuracy": {
        "correct_product": {
            "0": 0.9363995142683668,
            "1": 0.24423193685488767
        },
        "correct_factorization": {
            "0": 0.28263509411050397,
            "1": 0.08986035215543413
        }
    },
    "by_prob": {
        "group_size": {
            "(-18.616, -3.186]": 1318.0,
            "(-3.186, -2.405]": 1318.0,
            "(-2.405, -2.178]": 1317.0,
            "(-2.178, -1.978]": 1318.0,
            "(-1.978, -1.595]": 1317.0,
            "(-1.595, -1.362]": 1318.0,
            "(-1.362, -1.263]": 1317.0,
            "(-1.263, -1.145]": 1318.0,
            "(-1.145, -1.004]": 1317.0,
            "(-1.004, -0.00532]": 1318.0
        },
        "correct_product": {
            "(-18.616, -3.186]": 0.01896813353566009,
            "(-3.186, -2.405]": 0.15402124430955993,
            "(-2.405, -2.178]": 0.2938496583143508,
            "(-2.178, -1.978]": 0.3209408194233687,
            "(-1.978, -1.595]": 0.3447228549734245,
            "(-1.595, -1.362]": 0.8505311077389985,
            "(-1.362, -1.263]": 0.9802581624905087,
            "(-1.263, -1.145]": 0.9833080424886191,
            "(-1.145, -1.004]": 0.9848139711465452,
            "(-1.004, -0.00532]": 0.9719271623672231
        },
        "correct_factorization": {
            "(-18.616, -3.186]": 0.009863429438543247,
            "(-3.186, -2.405]": 0.05235204855842185,
            "(-2.405, -2.178]": 0.07441154138192863,
            "(-2.178, -1.978]": 0.11001517450682853,
            "(-1.978, -1.595]": 0.1427486712224753,
            "(-1.595, -1.362]": 0.2541729893778452,
            "(-1.362, -1.263]": 0.25664388762338647,
            "(-1.263, -1.145]": 0.26631259484066766,
            "(-1.145, -1.004]": 0.2733485193621868,
            "(-1.004, -0.00532]": 0.4226100151745068
        },
        "percent_prime_factors_pred": {
            "(-18.616, -3.186]": 0.9387319791151354,
            "(-3.186, -2.405]": 0.8267504877520052,
            "(-2.405, -2.178]": 0.722146292077955,
            "(-2.178, -1.978]": 0.7726660163306598,
            "(-1.978, -1.595]": 0.8291065553024551,
            "(-1.595, -1.362]": 0.4657083243008888,
            "(-1.362, -1.263]": 0.4239496330043027,
            "(-1.263, -1.145]": 0.5088138593829034,
            "(-1.145, -1.004]": 0.5929131865350544,
            "(-1.004, -0.00532]": 0.7558150877953609
        }
    },
    "by_num_target_factors": {
        "group_size": {
            "1": 668,
            "2": 1601,
            "3": 1720,
            "4": 1198,
            "5": 715,
            "6": 373,
            "7": 165,
            "8": 79,
            "9": 35,
            "10": 20,
            "11": 8,
            "12": 3,
            "13": 3
        },
        "correct_product_mean": {
            "1": 0.9865269461077845,
            "2": 0.9943785134291068,
            "3": 0.9965116279069768,
            "4": 0.9874791318864775,
            "5": 0.9202797202797203,
            "6": 0.7640750670241286,
            "7": 0.5757575757575758,
            "8": 0.3037974683544304,
            "9": 0.22857142857142856,
            "10": 0.2,
            "11": 0.125,
            "12": 0.0,
            "13": 0.0
        },
        "correct_factorization_mean": {
            "1": 0.9865269461077845,
            "2": 0.4447220487195503,
            "3": 0.3058139534883721,
            "4": 0.24958263772954925,
            "5": 0.2153846153846154,
            "6": 0.1876675603217158,
            "7": 0.12727272727272726,
            "8": 0.08860759493670886,
            "9": 0.11428571428571428,
            "10": 0.05,
            "11": 0.125,
            "12": 0.0,
            "13": 0.0
        }
    },
    "by_input_num": {
        "group_size": {
            "(7.999, 6350.5]": 659,
            "(6350.5, 12996.8]": 659,
            "(12996.8, 19472.5]": 659,
            "(19472.5, 26116.8]": 658,
            "(26116.8, 32574.0]": 659,
            "(32574.0, 39331.6]": 659,
            "(39331.6, 46013.7]": 658,
            "(46013.7, 52699.4]": 659,
            "(52699.4, 59007.6]": 659,
            "(59007.6, 65528.0]": 659
        },
        "correct_product_mean": {
            "(7.999, 6350.5]": 0.9453717754172989,
            "(6350.5, 12996.8]": 0.9393019726858877,
            "(12996.8, 19472.5]": 0.9544764795144158,
            "(19472.5, 26116.8]": 0.9574468085106383,
            "(26116.8, 32574.0]": 0.9271623672230652,
            "(32574.0, 39331.6]": 0.9544764795144158,
            "(39331.6, 46013.7]": 0.958966565349544,
            "(46013.7, 52699.4]": 0.9317147192716236,
            "(52699.4, 59007.6]": 0.9544764795144158,
            "(59007.6, 65528.0]": 0.9226100151745068
        },
        "correct_factorization_mean": {
            "(7.999, 6350.5]": 0.582701062215478,
            "(6350.5, 12996.8]": 0.4203338391502276,
            "(12996.8, 19472.5]": 0.37632776934749623,
            "(19472.5, 26116.8]": 0.34802431610942247,
            "(26116.8, 32574.0]": 0.34142640364188165,
            "(32574.0, 39331.6]": 0.33687405159332323,
            "(39331.6, 46013.7]": 0.33586626139817627,
            "(46013.7, 52699.4]": 0.36418816388467373,
            "(52699.4, 59007.6]": 0.3216995447647951,
            "(59007.6, 65528.0]": 0.29742033383915023
        }
    },
    "pred_same_as_input_beam_0": {
        "0": {
            "input_is_prime": false,
            "pred_same_as_input": false,
            "group_size": 5920,
            "correct_product_mean": 0.9307432432432432,
            "correct_factorization_mean": 0.20320945945945945
        },
        "1": {
            "input_is_prime": true,
            "pred_same_as_input": false,
            "group_size": 667,
            "correct_product_mean": 0.9865067466266867,
            "correct_factorization_mean": 0.9865067466266867
        },
        "2": {
            "input_is_prime": true,
            "pred_same_as_input": true,
            "group_size": 1,
            "correct_product_mean": 1.0,
            "correct_factorization_mean": 1.0
        }
    },
    "by_min_factor_composite_only": {
        "0": {
            "min_factor_decile": "(1.999, 3.0]",
            "group_size": 4339,
            "correct_product_mean": 0.9232542060382577,
            "correct_factorization_mean": 0.22585849274026273
        },
        "1": {
            "min_factor_decile": "(3.0, 5.0]",
            "group_size": 447,
            "correct_product_mean": 0.9686800894854586,
            "correct_factorization_mean": 0.4966442953020134
        },
        "2": {
            "min_factor_decile": "(5.0, 17.0]",
            "group_size": 614,
            "correct_product_mean": 0.993485342019544,
            "correct_factorization_mean": 0.0016286644951140066
        },
        "3": {
            "min_factor_decile": "(17.0, 241.0]",
            "group_size": 520,
            "correct_product_mean": 0.9903846153846154,
            "correct_factorization_mean": 0.0
        }
    },
    "loss": 0.37653329956587384,
    "meta": {
        "n_beams": 2,
        "temperature": 1.0
    }
}