{
    "correct": {
        "correct_product": 0.9403460837887068,
        "correct_factorization": 0.44778384942319366
    },
    "beam_accuracy": {
        "correct_product": {
            "0": 0.9266848816029144,
            "1": 0.1467820279295689
        },
        "correct_factorization": {
            "0": 0.374013357619915,
            "1": 0.07377049180327869
        }
    },
    "by_prob": {
        "group_size": {
            "(-17.487000000000002, -3.659]": 1318.0,
            "(-3.659, -3.149]": 1318.0,
            "(-3.149, -2.732]": 1317.0,
            "(-2.732, -2.238]": 1318.0,
            "(-2.238, -1.645]": 1317.0,
            "(-1.645, -1.192]": 1318.0,
            "(-1.192, -1.012]": 1317.0,
            "(-1.012, -0.89]": 1318.0,
            "(-0.89, -0.718]": 1317.0,
            "(-0.718, -0.000316]": 1318.0
        },
        "correct_product": {
            "(-17.487000000000002, -3.659]": 0.018209408194233688,
            "(-3.659, -3.149]": 0.057663125948406675,
            "(-3.149, -2.732]": 0.08959757023538345,
            "(-2.732, -2.238]": 0.15402124430955993,
            "(-2.238, -1.645]": 0.3219438116932422,
            "(-1.645, -1.192]": 0.791350531107739,
            "(-1.192, -1.012]": 0.9627942293090357,
            "(-1.012, -0.89]": 0.992412746585736,
            "(-0.89, -0.718]": 0.9886104783599089,
            "(-0.718, -0.000316]": 0.9908952959028832
        },
        "correct_factorization": {
            "(-17.487000000000002, -3.659]": 0.00834597875569044,
            "(-3.659, -3.149]": 0.027314112291350532,
            "(-3.149, -2.732]": 0.04328018223234624,
            "(-2.732, -2.238]": 0.082701062215478,
            "(-2.238, -1.645]": 0.14578587699316628,
            "(-1.645, -1.192]": 0.28072837632776937,
            "(-1.192, -1.012]": 0.31890660592255127,
            "(-1.012, -0.89]": 0.34294385432473445,
            "(-0.89, -0.718]": 0.38572513287775245,
            "(-0.718, -0.000316]": 0.6031866464339909
        },
        "percent_prime_factors_pred": {
            "(-17.487000000000002, -3.659]": 0.888916403104567,
            "(-3.659, -3.149]": 0.8047384204060987,
            "(-3.149, -2.732]": 0.8488158513215461,
            "(-2.732, -2.238]": 0.881263097044584,
            "(-2.238, -1.645]": 0.8839000976244712,
            "(-1.645, -1.192]": 0.7749277404436736,
            "(-1.192, -1.012]": 0.6209820298658568,
            "(-1.012, -0.89]": 0.5418437025796662,
            "(-0.89, -0.718]": 0.5961402176664136,
            "(-0.718, -0.000316]": 0.8085275308909603
        }
    },
    "by_num_target_factors": {
        "group_size": {
            "1": 668,
            "2": 1601,
            "3": 1720,
            "4": 1198,
            "5": 715,
            "6": 373,
            "7": 165,
            "8": 79,
            "9": 35,
            "10": 20,
            "11": 8,
            "12": 3,
            "13": 3
        },
        "correct_product_mean": {
            "1": 1.0,
            "2": 0.9931292941911305,
            "3": 0.9918604651162791,
            "4": 0.9732888146911519,
            "5": 0.8993006993006993,
            "6": 0.7721179624664879,
            "7": 0.5575757575757576,
            "8": 0.34177215189873417,
            "9": 0.2857142857142857,
            "10": 0.15,
            "11": 0.125,
            "12": 0.0,
            "13": 0.3333333333333333
        },
        "correct_factorization_mean": {
            "1": 1.0,
            "2": 0.5296689569019363,
            "3": 0.3901162790697674,
            "4": 0.337228714524207,
            "5": 0.27972027972027974,
            "6": 0.2975871313672922,
            "7": 0.19393939393939394,
            "8": 0.11392405063291139,
            "9": 0.11428571428571428,
            "10": 0.05,
            "11": 0.125,
            "12": 0.0,
            "13": 0.3333333333333333
        }
    },
    "by_input_num": {
        "group_size": {
            "(7.999, 6350.5]": 659,
            "(6350.5, 12996.8]": 659,
            "(12996.8, 19472.5]": 659,
            "(19472.5, 26116.8]": 658,
            "(26116.8, 32574.0]": 659,
            "(32574.0, 39331.6]": 659,
            "(39331.6, 46013.7]": 658,
            "(46013.7, 52699.4]": 659,
            "(52699.4, 59007.6]": 659,
            "(59007.6, 65528.0]": 659
        },
        "correct_product_mean": {
            "(7.999, 6350.5]": 0.9468892261001517,
            "(6350.5, 12996.8]": 0.9347496206373292,
            "(12996.8, 19472.5]": 0.9393019726858877,
            "(19472.5, 26116.8]": 0.9452887537993921,
            "(26116.8, 32574.0]": 0.9241274658573596,
            "(32574.0, 39331.6]": 0.9499241274658573,
            "(39331.6, 46013.7]": 0.9483282674772037,
            "(46013.7, 52699.4]": 0.9347496206373292,
            "(52699.4, 59007.6]": 0.936267071320182,
            "(59007.6, 65528.0]": 0.9438543247344461
        },
        "correct_factorization_mean": {
            "(7.999, 6350.5]": 0.7314112291350531,
            "(6350.5, 12996.8]": 0.5189681335356601,
            "(12996.8, 19472.5]": 0.48710166919575115,
            "(19472.5, 26116.8]": 0.4012158054711246,
            "(26116.8, 32574.0]": 0.4157814871016692,
            "(32574.0, 39331.6]": 0.38239757207890746,
            "(39331.6, 46013.7]": 0.3860182370820669,
            "(46013.7, 52699.4]": 0.4203338391502276,
            "(52699.4, 59007.6]": 0.3566009104704097,
            "(59007.6, 65528.0]": 0.37784522003034904
        }
    },
    "pred_same_as_input_beam_0": {
        "0": {
            "input_is_prime": false,
            "pred_same_as_input": false,
            "group_size": 4786,
            "correct_product_mean": 0.899080651901379,
            "correct_factorization_mean": 0.3752611784371082
        },
        "1": {
            "input_is_prime": false,
            "pred_same_as_input": true,
            "group_size": 1134,
            "correct_product_mean": 1.0,
            "correct_factorization_mean": 0.0
        },
        "2": {
            "input_is_prime": true,
            "pred_same_as_input": true,
            "group_size": 668,
            "correct_product_mean": 1.0,
            "correct_factorization_mean": 1.0
        }
    },
    "by_min_factor_composite_only": {
        "0": {
            "min_factor_decile": "(1.999, 3.0]",
            "group_size": 4339,
            "correct_product_mean": 0.914957363447799,
            "correct_factorization_mean": 0.36413920258123994
        },
        "1": {
            "min_factor_decile": "(3.0, 5.0]",
            "group_size": 447,
            "correct_product_mean": 0.9507829977628636,
            "correct_factorization_mean": 0.48322147651006714
        },
        "2": {
            "min_factor_decile": "(5.0, 17.0]",
            "group_size": 614,
            "correct_product_mean": 0.998371335504886,
            "correct_factorization_mean": 0.0
        },
        "3": {
            "min_factor_decile": "(17.0, 241.0]",
            "group_size": 520,
            "correct_product_mean": 0.9980769230769231,
            "correct_factorization_mean": 0.0
        }
    },
    "loss": 0.3209684574938146,
    "meta": {
        "n_beams": 2,
        "temperature": 1.0
    }
}