{
    "correct": {
        "correct_product": 0.9638737097753491,
        "correct_factorization": 0.7512143290831815
    },
    "beam_accuracy": {
        "correct_product": {
            "0": 0.9409532483302975,
            "1": 0.18154219793564055
        },
        "correct_factorization": {
            "0": 0.7041590771098968,
            "1": 0.05176077717061323
        }
    },
    "by_prob": {
        "group_size": {
            "(-13.661, -6.988]": 1318.0,
            "(-6.988, -4.269]": 1318.0,
            "(-4.269, -2.873]": 1317.0,
            "(-2.873, -2.18]": 1318.0,
            "(-2.18, -1.32]": 1317.0,
            "(-1.32, -0.921]": 1318.0,
            "(-0.921, -0.465]": 1317.0,
            "(-0.465, -0.0296]": 1318.0,
            "(-0.0296, -0.0017]": 1317.0,
            "(-0.0017, -1.19e-06]": 1318.0
        },
        "correct_product": {
            "(-13.661, -6.988]": 0.16084977238239756,
            "(-6.988, -4.269]": 0.17374810318664644,
            "(-4.269, -2.873]": 0.14502657555049356,
            "(-2.873, -2.18]": 0.125948406676783,
            "(-2.18, -1.32]": 0.2839787395596052,
            "(-1.32, -0.921]": 0.8619119878603946,
            "(-0.921, -0.465]": 0.8990129081245254,
            "(-0.465, -0.0296]": 0.9628224582701063,
            "(-0.0296, -0.0017]": 0.9992406985573272,
            "(-0.0017, -1.19e-06]": 1.0
        },
        "correct_factorization": {
            "(-13.661, -6.988]": 0.015933232169954476,
            "(-6.988, -4.269]": 0.0037936267071320183,
            "(-4.269, -2.873]": 0.02126044039483675,
            "(-2.873, -2.18]": 0.048558421851289835,
            "(-2.18, -1.32]": 0.15034168564920272,
            "(-1.32, -0.921]": 0.3330804248861912,
            "(-0.921, -0.465]": 0.38572513287775245,
            "(-0.465, -0.0296]": 0.8224582701062215,
            "(-0.0296, -0.0017]": 0.9984813971146546,
            "(-0.0017, -1.19e-06]": 1.0
        },
        "percent_prime_factors_pred": {
            "(-13.661, -6.988]": 0.8636124960859406,
            "(-6.988, -4.269]": 0.891464339908953,
            "(-4.269, -2.873]": 0.8191497631702642,
            "(-2.873, -2.18]": 0.832301828166775,
            "(-2.18, -1.32]": 0.8665907365223994,
            "(-1.32, -0.921]": 0.5577137076378351,
            "(-0.921, -0.465]": 0.6117438623133383,
            "(-0.465, -0.0296]": 0.9302279789002096,
            "(-0.0296, -0.0017]": 0.9998481397114655,
            "(-0.0017, -1.19e-06]": 1.0
        }
    },
    "by_num_target_factors": {
        "group_size": {
            "1": 668,
            "2": 1601,
            "3": 1720,
            "4": 1198,
            "5": 715,
            "6": 373,
            "7": 165,
            "8": 79,
            "9": 35,
            "10": 20,
            "11": 8,
            "12": 3,
            "13": 3
        },
        "correct_product_mean": {
            "1": 0.9955089820359282,
            "2": 0.9850093691442848,
            "3": 0.9738372093023255,
            "4": 0.9707846410684474,
            "5": 0.9678321678321679,
            "6": 0.9436997319034852,
            "7": 0.793939393939394,
            "8": 0.6835443037974683,
            "9": 0.6285714285714286,
            "10": 0.7,
            "11": 0.5,
            "12": 0.3333333333333333,
            "13": 0.0
        },
        "correct_factorization_mean": {
            "1": 0.9955089820359282,
            "2": 0.6208619612742037,
            "3": 0.6837209302325581,
            "4": 0.8005008347245409,
            "5": 0.9118881118881119,
            "6": 0.8284182305630027,
            "7": 0.6787878787878788,
            "8": 0.5949367088607594,
            "9": 0.4857142857142857,
            "10": 0.65,
            "11": 0.5,
            "12": 0.3333333333333333,
            "13": 0.0
        }
    },
    "by_input_num": {
        "group_size": {
            "(7.999, 6350.5]": 659,
            "(6350.5, 12996.8]": 659,
            "(12996.8, 19472.5]": 659,
            "(19472.5, 26116.8]": 658,
            "(26116.8, 32574.0]": 659,
            "(32574.0, 39331.6]": 659,
            "(39331.6, 46013.7]": 658,
            "(46013.7, 52699.4]": 659,
            "(52699.4, 59007.6]": 659,
            "(59007.6, 65528.0]": 659
        },
        "correct_product_mean": {
            "(7.999, 6350.5]": 0.9969650986342944,
            "(6350.5, 12996.8]": 0.9833080424886191,
            "(12996.8, 19472.5]": 0.9650986342943855,
            "(19472.5, 26116.8]": 0.9832826747720365,
            "(26116.8, 32574.0]": 0.9575113808801214,
            "(32574.0, 39331.6]": 0.9544764795144158,
            "(39331.6, 46013.7]": 0.9665653495440729,
            "(46013.7, 52699.4]": 0.9453717754172989,
            "(52699.4, 59007.6]": 0.9393019726858877,
            "(59007.6, 65528.0]": 0.9468892261001517
        },
        "correct_factorization_mean": {
            "(7.999, 6350.5]": 0.992412746585736,
            "(6350.5, 12996.8]": 0.9802731411229135,
            "(12996.8, 19472.5]": 0.8892261001517451,
            "(19472.5, 26116.8]": 0.7963525835866262,
            "(26116.8, 32574.0]": 0.7647951441578149,
            "(32574.0, 39331.6]": 0.6464339908952959,
            "(39331.6, 46013.7]": 0.6109422492401215,
            "(46013.7, 52699.4]": 0.6479514415781487,
            "(52699.4, 59007.6]": 0.5918057663125948,
            "(59007.6, 65528.0]": 0.5918057663125948
        }
    },
    "pred_same_as_input_beam_0": {
        "0": {
            "input_is_prime": false,
            "pred_same_as_input": false,
            "group_size": 5018,
            "correct_product_mean": 0.9242726185731367,
            "correct_factorization_mean": 0.7931446791550418
        },
        "1": {
            "input_is_prime": false,
            "pred_same_as_input": true,
            "group_size": 902,
            "correct_product_mean": 1.0,
            "correct_factorization_mean": 0.0
        },
        "2": {
            "input_is_prime": true,
            "pred_same_as_input": false,
            "group_size": 9,
            "correct_product_mean": 0.0,
            "correct_factorization_mean": 0.0
        },
        "3": {
            "input_is_prime": true,
            "pred_same_as_input": true,
            "group_size": 659,
            "correct_product_mean": 1.0,
            "correct_factorization_mean": 1.0
        }
    },
    "by_min_factor_composite_only": {
        "0": {
            "min_factor_decile": "(1.999, 3.0]",
            "group_size": 4339,
            "correct_product_mean": 0.9509103480064531,
            "correct_factorization_mean": 0.7686102788660982
        },
        "1": {
            "min_factor_decile": "(3.0, 5.0]",
            "group_size": 447,
            "correct_product_mean": 0.9753914988814317,
            "correct_factorization_mean": 0.959731543624161
        },
        "2": {
            "min_factor_decile": "(5.0, 17.0]",
            "group_size": 614,
            "correct_product_mean": 0.993485342019544,
            "correct_factorization_mean": 0.21335504885993486
        },
        "3": {
            "min_factor_decile": "(17.0, 241.0]",
            "group_size": 520,
            "correct_product_mean": 0.9865384615384616,
            "correct_factorization_mean": 0.16346153846153846
        }
    },
    "loss": 0.17234620383630847,
    "meta": {
        "n_beams": 2,
        "temperature": 1.0
    }
}