{
    "correct": {
        "correct_product": 0.8408203125,
        "correct_factorization": 0.54052734375
    },
    "beam_accuracy": {
        "correct_product": {
            "0": 0.81005859375,
            "1": 0.12841796875
        },
        "correct_factorization": {
            "0": 0.48388671875,
            "1": 0.05712890625
        }
    },
    "by_prob": {
        "group_size": {
            "(-12.677999999999999, -4.156]": 410.0,
            "(-4.156, -3.312]": 410.0,
            "(-3.312, -2.705]": 409.0,
            "(-2.705, -2.162]": 410.0,
            "(-2.162, -1.638]": 409.0,
            "(-1.638, -1.229]": 410.0,
            "(-1.229, -1.009]": 409.0,
            "(-1.009, -0.714]": 410.0,
            "(-0.714, -0.129]": 409.0,
            "(-0.129, -8.58e-06]": 410.0
        },
        "correct_product": {
            "(-12.677999999999999, -4.156]": 0.07804878048780488,
            "(-4.156, -3.312]": 0.024390243902439025,
            "(-3.312, -2.705]": 0.07334963325183375,
            "(-2.705, -2.162]": 0.0951219512195122,
            "(-2.162, -1.638]": 0.21026894865525672,
            "(-1.638, -1.229]": 0.5756097560975609,
            "(-1.229, -1.009]": 0.8288508557457213,
            "(-1.009, -0.714]": 0.9,
            "(-0.714, -0.129]": 0.9144254278728606,
            "(-0.129, -8.58e-06]": 0.9926829268292683
        },
        "correct_factorization": {
            "(-12.677999999999999, -4.156]": 0.0024390243902439024,
            "(-4.156, -3.312]": 0.004878048780487805,
            "(-3.312, -2.705]": 0.03178484107579462,
            "(-2.705, -2.162]": 0.03902439024390244,
            "(-2.162, -1.638]": 0.10513447432762836,
            "(-1.638, -1.229]": 0.2073170731707317,
            "(-1.229, -1.009]": 0.3202933985330073,
            "(-1.009, -0.714]": 0.36829268292682926,
            "(-0.714, -0.129]": 0.6528117359413202,
            "(-0.129, -8.58e-06]": 0.973170731707317
        },
        "percent_prime_factors_pred": {
            "(-12.677999999999999, -4.156]": 0.9330526519550909,
            "(-4.156, -3.312]": 0.8892682926829268,
            "(-3.312, -2.705]": 0.8612061939690302,
            "(-2.705, -2.162]": 0.8977235772357723,
            "(-2.162, -1.638]": 0.9111363371754571,
            "(-1.638, -1.229]": 0.692334494773519,
            "(-1.229, -1.009]": 0.5878973105134474,
            "(-1.009, -0.714]": 0.6185772357723578,
            "(-0.714, -0.129]": 0.8853708231458843,
            "(-0.129, -8.58e-06]": 0.9908536585365854
        }
    },
    "by_num_target_factors": {
        "group_size": {
            "1": 192,
            "2": 466,
            "3": 501,
            "4": 401,
            "5": 237,
            "6": 131,
            "7": 62,
            "8": 32,
            "9": 12,
            "10": 7,
            "11": 5,
            "12": 1,
            "16": 1
        },
        "correct_product_mean": {
            "1": 0.90625,
            "2": 0.8841201716738197,
            "3": 0.8423153692614771,
            "4": 0.8827930174563591,
            "5": 0.8059071729957806,
            "6": 0.8015267175572519,
            "7": 0.6612903225806451,
            "8": 0.46875,
            "9": 0.5,
            "10": 0.14285714285714285,
            "11": 0.2,
            "12": 0.0,
            "16": 0.0
        },
        "correct_factorization_mean": {
            "1": 0.90625,
            "2": 0.3905579399141631,
            "3": 0.3872255489021956,
            "4": 0.5935162094763092,
            "5": 0.7088607594936709,
            "6": 0.7251908396946565,
            "7": 0.5645161290322581,
            "8": 0.40625,
            "9": 0.5,
            "10": 0.14285714285714285,
            "11": 0.2,
            "12": 0.0,
            "16": 0.0
        }
    },
    "by_input_num": {
        "group_size": {
            "(65535.999, 65740.7]": 205,
            "(65740.7, 65945.4]": 205,
            "(65945.4, 66150.1]": 205,
            "(66150.1, 66354.8]": 204,
            "(66354.8, 66559.5]": 205,
            "(66559.5, 66764.2]": 205,
            "(66764.2, 66968.9]": 204,
            "(66968.9, 67173.6]": 205,
            "(67173.6, 67378.3]": 205,
            "(67378.3, 67583.0]": 205
        },
        "correct_product_mean": {
            "(65535.999, 65740.7]": 0.8780487804878049,
            "(65740.7, 65945.4]": 0.8634146341463415,
            "(65945.4, 66150.1]": 0.8682926829268293,
            "(66150.1, 66354.8]": 0.8333333333333334,
            "(66354.8, 66559.5]": 0.8097560975609757,
            "(66559.5, 66764.2]": 0.8195121951219512,
            "(66764.2, 66968.9]": 0.8725490196078431,
            "(66968.9, 67173.6]": 0.7902439024390244,
            "(67173.6, 67378.3]": 0.8341463414634146,
            "(67378.3, 67583.0]": 0.8390243902439024
        },
        "correct_factorization_mean": {
            "(65535.999, 65740.7]": 0.5804878048780487,
            "(65740.7, 65945.4]": 0.5414634146341464,
            "(65945.4, 66150.1]": 0.5560975609756098,
            "(66150.1, 66354.8]": 0.5294117647058824,
            "(66354.8, 66559.5]": 0.5317073170731708,
            "(66559.5, 66764.2]": 0.5073170731707317,
            "(66764.2, 66968.9]": 0.5294117647058824,
            "(66968.9, 67173.6]": 0.5073170731707317,
            "(67173.6, 67378.3]": 0.5609756097560976,
            "(67378.3, 67583.0]": 0.5609756097560976
        }
    },
    "pred_same_as_input_beam_0": {
        "0": {
            "input_is_prime": false,
            "pred_same_as_input": false,
            "group_size": 1856,
            "correct_product_mean": 0.8001077586206896,
            "correct_factorization_mean": 0.4401939655172414
        },
        "1": {
            "input_is_prime": true,
            "pred_same_as_input": false,
            "group_size": 192,
            "correct_product_mean": 0.90625,
            "correct_factorization_mean": 0.90625
        }
    },
    "by_min_factor_composite_only": {
        "0": {
            "min_factor_decile": "(1.999, 3.0]",
            "group_size": 1365,
            "correct_product_mean": 0.802930402930403,
            "correct_factorization_mean": 0.5296703296703297
        },
        "1": {
            "min_factor_decile": "(3.0, 5.0]",
            "group_size": 136,
            "correct_product_mean": 0.9044117647058824,
            "correct_factorization_mean": 0.6911764705882353
        },
        "2": {
            "min_factor_decile": "(5.0, 17.0]",
            "group_size": 176,
            "correct_product_mean": 0.9375,
            "correct_factorization_mean": 0.0
        },
        "3": {
            "min_factor_decile": "(17.0, 257.0]",
            "group_size": 179,
            "correct_product_mean": 0.9162011173184358,
            "correct_factorization_mean": 0.0
        }
    },
    "loss": 0.36686130846860043,
    "meta": {
        "n_beams": 2,
        "temperature": 1.0
    }
}