{
    "correct": {
        "correct_product": 0.86962890625,
        "correct_factorization": 0.5478515625
    },
    "beam_accuracy": {
        "correct_product": {
            "0": 0.84228515625,
            "1": 0.11474609375
        },
        "correct_factorization": {
            "0": 0.5009765625,
            "1": 0.04931640625
        }
    },
    "by_prob": {
        "group_size": {
            "(-12.151, -4.045]": 410.0,
            "(-4.045, -3.212]": 410.0,
            "(-3.212, -2.624]": 409.0,
            "(-2.624, -2.098]": 410.0,
            "(-2.098, -1.54]": 409.0,
            "(-1.54, -1.187]": 410.0,
            "(-1.187, -0.994]": 409.0,
            "(-0.994, -0.786]": 410.0,
            "(-0.786, -0.14]": 409.0,
            "(-0.14, -6.2e-06]": 410.0
        },
        "correct_product": {
            "(-12.151, -4.045]": 0.09268292682926829,
            "(-4.045, -3.212]": 0.02195121951219512,
            "(-3.212, -2.624]": 0.03667481662591687,
            "(-2.624, -2.098]": 0.1048780487804878,
            "(-2.098, -1.54]": 0.21271393643031786,
            "(-1.54, -1.187]": 0.6170731707317073,
            "(-1.187, -0.994]": 0.8801955990220048,
            "(-0.994, -0.786]": 0.9170731707317074,
            "(-0.786, -0.14]": 0.9070904645476773,
            "(-0.14, -6.2e-06]": 0.9951219512195122
        },
        "correct_factorization": {
            "(-12.151, -4.045]": 0.0024390243902439024,
            "(-4.045, -3.212]": 0.01707317073170732,
            "(-3.212, -2.624]": 0.019559902200488997,
            "(-2.624, -2.098]": 0.05609756097560976,
            "(-2.098, -1.54]": 0.08801955990220049,
            "(-1.54, -1.187]": 0.24634146341463414,
            "(-1.187, -0.994]": 0.2860635696821516,
            "(-0.994, -0.786]": 0.40487804878048783,
            "(-0.786, -0.14]": 0.6356968215158925,
            "(-0.14, -6.2e-06]": 0.9951219512195122
        },
        "percent_prime_factors_pred": {
            "(-12.151, -4.045]": 0.9241540843979869,
            "(-4.045, -3.212]": 0.8989837398373983,
            "(-3.212, -2.624]": 0.8662184189079054,
            "(-2.624, -2.098]": 0.8971544715447154,
            "(-2.098, -1.54]": 0.8958318779834672,
            "(-1.54, -1.187]": 0.7149593495934959,
            "(-1.187, -0.994]": 0.5008557457212713,
            "(-0.994, -0.786]": 0.6313414634146342,
            "(-0.786, -0.14]": 0.8861043194784026,
            "(-0.14, -6.2e-06]": 1.0
        }
    },
    "by_num_target_factors": {
        "group_size": {
            "1": 192,
            "2": 466,
            "3": 501,
            "4": 401,
            "5": 237,
            "6": 131,
            "7": 62,
            "8": 32,
            "9": 12,
            "10": 7,
            "11": 5,
            "12": 1,
            "16": 1
        },
        "correct_product_mean": {
            "1": 0.9947916666666666,
            "2": 0.9055793991416309,
            "3": 0.8622754491017964,
            "4": 0.8653366583541147,
            "5": 0.8776371308016878,
            "6": 0.8625954198473282,
            "7": 0.6774193548387096,
            "8": 0.5,
            "9": 0.5833333333333334,
            "10": 0.2857142857142857,
            "11": 0.2,
            "12": 0.0,
            "16": 0.0
        },
        "correct_factorization_mean": {
            "1": 0.9947916666666666,
            "2": 0.3798283261802575,
            "3": 0.36726546906187624,
            "4": 0.5885286783042394,
            "5": 0.7637130801687764,
            "6": 0.6946564885496184,
            "7": 0.5967741935483871,
            "8": 0.46875,
            "9": 0.5833333333333334,
            "10": 0.2857142857142857,
            "11": 0.2,
            "12": 0.0,
            "16": 0.0
        }
    },
    "by_input_num": {
        "group_size": {
            "(65535.999, 65740.7]": 205,
            "(65740.7, 65945.4]": 205,
            "(65945.4, 66150.1]": 205,
            "(66150.1, 66354.8]": 204,
            "(66354.8, 66559.5]": 205,
            "(66559.5, 66764.2]": 205,
            "(66764.2, 66968.9]": 204,
            "(66968.9, 67173.6]": 205,
            "(67173.6, 67378.3]": 205,
            "(67378.3, 67583.0]": 205
        },
        "correct_product_mean": {
            "(65535.999, 65740.7]": 0.9073170731707317,
            "(65740.7, 65945.4]": 0.9317073170731708,
            "(65945.4, 66150.1]": 0.8780487804878049,
            "(66150.1, 66354.8]": 0.8676470588235294,
            "(66354.8, 66559.5]": 0.8634146341463415,
            "(66559.5, 66764.2]": 0.8780487804878049,
            "(66764.2, 66968.9]": 0.8431372549019608,
            "(66968.9, 67173.6]": 0.8634146341463415,
            "(67173.6, 67378.3]": 0.8341463414634146,
            "(67378.3, 67583.0]": 0.8292682926829268
        },
        "correct_factorization_mean": {
            "(65535.999, 65740.7]": 0.6048780487804878,
            "(65740.7, 65945.4]": 0.5756097560975609,
            "(65945.4, 66150.1]": 0.5707317073170731,
            "(66150.1, 66354.8]": 0.5147058823529411,
            "(66354.8, 66559.5]": 0.5560975609756098,
            "(66559.5, 66764.2]": 0.526829268292683,
            "(66764.2, 66968.9]": 0.5294117647058824,
            "(66968.9, 67173.6]": 0.5365853658536586,
            "(67173.6, 67378.3]": 0.5365853658536586,
            "(67378.3, 67583.0]": 0.526829268292683
        }
    },
    "pred_same_as_input_beam_0": {
        "0": {
            "input_is_prime": false,
            "pred_same_as_input": false,
            "group_size": 1507,
            "correct_product_mean": 0.7863304578633046,
            "correct_factorization_mean": 0.5540809555408096
        },
        "1": {
            "input_is_prime": false,
            "pred_same_as_input": true,
            "group_size": 349,
            "correct_product_mean": 1.0,
            "correct_factorization_mean": 0.0
        },
        "2": {
            "input_is_prime": true,
            "pred_same_as_input": false,
            "group_size": 1,
            "correct_product_mean": 0.0,
            "correct_factorization_mean": 0.0
        },
        "3": {
            "input_is_prime": true,
            "pred_same_as_input": true,
            "group_size": 191,
            "correct_product_mean": 1.0,
            "correct_factorization_mean": 1.0
        }
    },
    "by_min_factor_composite_only": {
        "0": {
            "min_factor_decile": "(1.999, 3.0]",
            "group_size": 1365,
            "correct_product_mean": 0.8139194139194139,
            "correct_factorization_mean": 0.5377289377289377
        },
        "1": {
            "min_factor_decile": "(3.0, 5.0]",
            "group_size": 136,
            "correct_product_mean": 0.9411764705882353,
            "correct_factorization_mean": 0.7426470588235294
        },
        "2": {
            "min_factor_decile": "(5.0, 17.0]",
            "group_size": 176,
            "correct_product_mean": 0.9886363636363636,
            "correct_factorization_mean": 0.0
        },
        "3": {
            "min_factor_decile": "(17.0, 257.0]",
            "group_size": 179,
            "correct_product_mean": 0.9888268156424581,
            "correct_factorization_mean": 0.0
        }
    },
    "loss": 0.37684299664861,
    "meta": {
        "n_beams": 2,
        "temperature": 1.0
    }
}