{
    "correct": {
        "correct_product": 0.89599609375,
        "correct_factorization": 0.65185546875
    },
    "beam_accuracy": {
        "correct_product": {
            "0": 0.85693359375,
            "1": 0.14599609375
        },
        "correct_factorization": {
            "0": 0.60498046875,
            "1": 0.046875
        }
    },
    "by_prob": {
        "group_size": {
            "(-14.86, -6.038]": 410.0,
            "(-6.038, -3.481]": 410.0,
            "(-3.481, -2.788]": 409.0,
            "(-2.788, -2.15]": 410.0,
            "(-2.15, -1.439]": 409.0,
            "(-1.439, -1.076]": 410.0,
            "(-1.076, -0.799]": 409.0,
            "(-0.799, -0.183]": 410.0,
            "(-0.183, -0.00521]": 409.0,
            "(-0.00521, -3.93e-06]": 410.0
        },
        "correct_product": {
            "(-14.86, -6.038]": 0.17073170731707318,
            "(-6.038, -3.481]": 0.16097560975609757,
            "(-3.481, -2.788]": 0.05134474327628362,
            "(-2.788, -2.15]": 0.08292682926829269,
            "(-2.15, -1.439]": 0.3569682151589242,
            "(-1.439, -1.076]": 0.7146341463414634,
            "(-1.076, -0.799]": 0.8581907090464548,
            "(-0.799, -0.183]": 0.6878048780487804,
            "(-0.183, -0.00521]": 0.9364303178484108,
            "(-0.00521, -3.93e-06]": 0.9951219512195122
        },
        "correct_factorization": {
            "(-14.86, -6.038]": 0.0,
            "(-6.038, -3.481]": 0.012195121951219513,
            "(-3.481, -2.788]": 0.009779951100244499,
            "(-2.788, -2.15]": 0.05121951219512195,
            "(-2.15, -1.439]": 0.16625916870415647,
            "(-1.439, -1.076]": 0.2658536585365854,
            "(-1.076, -0.799]": 0.3594132029339853,
            "(-0.799, -0.183]": 0.4902439024390244,
            "(-0.183, -0.00521]": 0.9095354523227384,
            "(-0.00521, -3.93e-06]": 0.9951219512195122
        },
        "percent_prime_factors_pred": {
            "(-14.86, -6.038]": 0.8843815331010454,
            "(-6.038, -3.481]": 0.8932520325203253,
            "(-3.481, -2.788]": 0.9170508790313191,
            "(-2.788, -2.15]": 0.9181881533101045,
            "(-2.15, -1.439]": 0.8215566422167889,
            "(-1.439, -1.076]": 0.5823344947735192,
            "(-1.076, -0.799]": 0.5922750029106997,
            "(-0.799, -0.183]": 0.9028861788617887,
            "(-0.183, -0.00521]": 0.9930317848410758,
            "(-0.00521, -3.93e-06]": 1.0
        }
    },
    "by_num_target_factors": {
        "group_size": {
            "1": 192,
            "2": 466,
            "3": 501,
            "4": 401,
            "5": 237,
            "6": 131,
            "7": 62,
            "8": 32,
            "9": 12,
            "10": 7,
            "11": 5,
            "12": 1,
            "16": 1
        },
        "correct_product_mean": {
            "1": 0.9010416666666666,
            "2": 0.9656652360515021,
            "3": 0.9620758483033932,
            "4": 0.9027431421446384,
            "5": 0.8059071729957806,
            "6": 0.7480916030534351,
            "7": 0.7741935483870968,
            "8": 0.65625,
            "9": 0.4166666666666667,
            "10": 0.42857142857142855,
            "11": 0.2,
            "12": 1.0,
            "16": 0.0
        },
        "correct_factorization_mean": {
            "1": 0.9010416666666666,
            "2": 0.4592274678111588,
            "3": 0.5888223552894212,
            "4": 0.7755610972568578,
            "5": 0.7468354430379747,
            "6": 0.6717557251908397,
            "7": 0.7419354838709677,
            "8": 0.65625,
            "9": 0.4166666666666667,
            "10": 0.42857142857142855,
            "11": 0.2,
            "12": 1.0,
            "16": 0.0
        }
    },
    "by_input_num": {
        "group_size": {
            "(65535.999, 65740.7]": 205,
            "(65740.7, 65945.4]": 205,
            "(65945.4, 66150.1]": 205,
            "(66150.1, 66354.8]": 204,
            "(66354.8, 66559.5]": 205,
            "(66559.5, 66764.2]": 205,
            "(66764.2, 66968.9]": 204,
            "(66968.9, 67173.6]": 205,
            "(67173.6, 67378.3]": 205,
            "(67378.3, 67583.0]": 205
        },
        "correct_product_mean": {
            "(65535.999, 65740.7]": 0.9463414634146341,
            "(65740.7, 65945.4]": 0.9121951219512195,
            "(65945.4, 66150.1]": 0.9024390243902439,
            "(66150.1, 66354.8]": 0.8970588235294118,
            "(66354.8, 66559.5]": 0.9170731707317074,
            "(66559.5, 66764.2]": 0.8780487804878049,
            "(66764.2, 66968.9]": 0.8921568627450981,
            "(66968.9, 67173.6]": 0.8926829268292683,
            "(67173.6, 67378.3]": 0.8536585365853658,
            "(67378.3, 67583.0]": 0.8682926829268293
        },
        "correct_factorization_mean": {
            "(65535.999, 65740.7]": 0.7219512195121951,
            "(65740.7, 65945.4]": 0.6487804878048781,
            "(65945.4, 66150.1]": 0.6634146341463415,
            "(66150.1, 66354.8]": 0.6029411764705882,
            "(66354.8, 66559.5]": 0.6439024390243903,
            "(66559.5, 66764.2]": 0.6536585365853659,
            "(66764.2, 66968.9]": 0.6470588235294118,
            "(66968.9, 67173.6]": 0.6439024390243903,
            "(67173.6, 67378.3]": 0.6439024390243903,
            "(67378.3, 67583.0]": 0.6487804878048781
        }
    },
    "pred_same_as_input_beam_0": {
        "0": {
            "input_is_prime": false,
            "pred_same_as_input": false,
            "group_size": 1856,
            "correct_product_mean": 0.8523706896551724,
            "correct_factorization_mean": 0.5743534482758621
        },
        "1": {
            "input_is_prime": true,
            "pred_same_as_input": false,
            "group_size": 192,
            "correct_product_mean": 0.9010416666666666,
            "correct_factorization_mean": 0.9010416666666666
        }
    },
    "by_min_factor_composite_only": {
        "0": {
            "min_factor_decile": "(1.999, 3.0]",
            "group_size": 1365,
            "correct_product_mean": 0.8842490842490842,
            "correct_factorization_mean": 0.6967032967032967
        },
        "1": {
            "min_factor_decile": "(3.0, 5.0]",
            "group_size": 136,
            "correct_product_mean": 0.875,
            "correct_factorization_mean": 0.8382352941176471
        },
        "2": {
            "min_factor_decile": "(5.0, 17.0]",
            "group_size": 176,
            "correct_product_mean": 0.9488636363636364,
            "correct_factorization_mean": 0.0
        },
        "3": {
            "min_factor_decile": "(17.0, 257.0]",
            "group_size": 179,
            "correct_product_mean": 0.9441340782122905,
            "correct_factorization_mean": 0.00558659217877095
        }
    },
    "loss": 0.4019631680584061,
    "meta": {
        "n_beams": 2,
        "temperature": 1.0
    }
}