{
    "correct": {
        "correct_product": 0.9744990892531876,
        "correct_factorization": 0.8594414086217365
    },
    "beam_accuracy": {
        "correct_product": {
            "0": 0.9534001214329083,
            "1": 0.21584699453551912
        },
        "correct_factorization": {
            "0": 0.8265027322404371,
            "1": 0.033242258652094715
        }
    },
    "by_prob": {
        "group_size": {
            "(-15.109, -9.21]": 1319.0,
            "(-9.21, -7.31]": 1317.0,
            "(-7.31, -4.728]": 1317.0,
            "(-4.728, -2.462]": 1318.0,
            "(-2.462, -1.261]": 1317.0,
            "(-1.261, -0.691]": 1318.0,
            "(-0.691, -0.0171]": 1317.0,
            "(-0.0171, -0.00132]": 1318.0,
            "(-0.00132, -0.000165]": 1317.0,
            "(-0.000165, -9.54e-07]": 1318.0
        },
        "correct_product": {
            "(-15.109, -9.21]": 0.18953752843062927,
            "(-9.21, -7.31]": 0.2012148823082764,
            "(-7.31, -4.728]": 0.22854973424449507,
            "(-4.728, -2.462]": 0.18664643399089528,
            "(-2.462, -1.261]": 0.2847380410022779,
            "(-1.261, -0.691]": 0.8505311077389985,
            "(-0.691, -0.0171]": 0.9066059225512528,
            "(-0.0171, -0.00132]": 0.9984825493171472,
            "(-0.00132, -0.000165]": 1.0,
            "(-0.000165, -9.54e-07]": 1.0
        },
        "correct_factorization": {
            "(-15.109, -9.21]": 0.0,
            "(-9.21, -7.31]": 0.0007593014426727411,
            "(-7.31, -4.728]": 0.0015186028853454822,
            "(-4.728, -2.462]": 0.01896813353566009,
            "(-2.462, -1.261]": 0.1313591495823842,
            "(-1.261, -0.691]": 0.34673748103186647,
            "(-0.691, -0.0171]": 0.8010630220197419,
            "(-0.0171, -0.00132]": 0.9984825493171472,
            "(-0.00132, -0.000165]": 1.0,
            "(-0.000165, -9.54e-07]": 1.0
        },
        "percent_prime_factors_pred": {
            "(-15.109, -9.21]": 0.8311500415177443,
            "(-9.21, -7.31]": 0.8808909136927361,
            "(-7.31, -4.728]": 0.8648877318581192,
            "(-4.728, -2.462]": 0.8416919575113808,
            "(-2.462, -1.261]": 0.8179653131817142,
            "(-1.261, -0.691]": 0.5261317653009611,
            "(-0.691, -0.0171]": 0.9253733232093141,
            "(-0.0171, -0.00132]": 1.0,
            "(-0.00132, -0.000165]": 1.0,
            "(-0.000165, -9.54e-07]": 1.0
        }
    },
    "by_num_target_factors": {
        "group_size": {
            "1": 668,
            "2": 1601,
            "3": 1720,
            "4": 1198,
            "5": 715,
            "6": 373,
            "7": 165,
            "8": 79,
            "9": 35,
            "10": 20,
            "11": 8,
            "12": 3,
            "13": 3
        },
        "correct_product_mean": {
            "1": 0.9835329341317365,
            "2": 0.9800124921923797,
            "3": 0.9854651162790697,
            "4": 0.993322203672788,
            "5": 0.9804195804195804,
            "6": 0.9436997319034852,
            "7": 0.8606060606060606,
            "8": 0.8481012658227848,
            "9": 0.7142857142857143,
            "10": 0.75,
            "11": 0.625,
            "12": 0.6666666666666666,
            "13": 0.0
        },
        "correct_factorization_mean": {
            "1": 0.9835329341317365,
            "2": 0.7033104309806371,
            "3": 0.8430232558139535,
            "4": 0.9524207011686143,
            "5": 0.9734265734265735,
            "6": 0.9088471849865952,
            "7": 0.8424242424242424,
            "8": 0.8481012658227848,
            "9": 0.7142857142857143,
            "10": 0.75,
            "11": 0.625,
            "12": 0.6666666666666666,
            "13": 0.0
        }
    },
    "by_input_num": {
        "group_size": {
            "(7.999, 6350.5]": 659,
            "(6350.5, 12996.8]": 659,
            "(12996.8, 19472.5]": 659,
            "(19472.5, 26116.8]": 658,
            "(26116.8, 32574.0]": 659,
            "(32574.0, 39331.6]": 659,
            "(39331.6, 46013.7]": 658,
            "(46013.7, 52699.4]": 659,
            "(52699.4, 59007.6]": 659,
            "(59007.6, 65528.0]": 659
        },
        "correct_product_mean": {
            "(7.999, 6350.5]": 0.9954476479514416,
            "(6350.5, 12996.8]": 0.9969650986342944,
            "(12996.8, 19472.5]": 0.9969650986342944,
            "(19472.5, 26116.8]": 0.9635258358662614,
            "(26116.8, 32574.0]": 0.960546282245827,
            "(32574.0, 39331.6]": 0.9863429438543247,
            "(39331.6, 46013.7]": 0.9650455927051672,
            "(46013.7, 52699.4]": 0.9499241274658573,
            "(52699.4, 59007.6]": 0.9635811836115327,
            "(59007.6, 65528.0]": 0.9666160849772383
        },
        "correct_factorization_mean": {
            "(7.999, 6350.5]": 0.9954476479514416,
            "(6350.5, 12996.8]": 0.9969650986342944,
            "(12996.8, 19472.5]": 0.9969650986342944,
            "(19472.5, 26116.8]": 0.9270516717325228,
            "(26116.8, 32574.0]": 0.858877086494689,
            "(32574.0, 39331.6]": 0.8072837632776935,
            "(39331.6, 46013.7]": 0.7689969604863222,
            "(46013.7, 52699.4]": 0.7814871016691958,
            "(52699.4, 59007.6]": 0.7420333839150227,
            "(59007.6, 65528.0]": 0.7192716236722306
        }
    },
    "pred_same_as_input_beam_0": {
        "0": {
            "input_is_prime": false,
            "pred_same_as_input": false,
            "group_size": 5237,
            "correct_product_mean": 0.9450066832155815,
            "correct_factorization_mean": 0.9157914836738591
        },
        "1": {
            "input_is_prime": false,
            "pred_same_as_input": true,
            "group_size": 683,
            "correct_product_mean": 1.0,
            "correct_factorization_mean": 0.0
        },
        "2": {
            "input_is_prime": true,
            "pred_same_as_input": false,
            "group_size": 19,
            "correct_product_mean": 0.0,
            "correct_factorization_mean": 0.0
        },
        "3": {
            "input_is_prime": true,
            "pred_same_as_input": true,
            "group_size": 649,
            "correct_product_mean": 1.0,
            "correct_factorization_mean": 1.0
        }
    },
    "by_min_factor_composite_only": {
        "0": {
            "min_factor_decile": "(1.999, 3.0]",
            "group_size": 4339,
            "correct_product_mean": 0.9741876008296843,
            "correct_factorization_mean": 0.9165706383959438
        },
        "1": {
            "min_factor_decile": "(3.0, 5.0]",
            "group_size": 447,
            "correct_product_mean": 0.9821029082774049,
            "correct_factorization_mean": 0.9485458612975392
        },
        "2": {
            "min_factor_decile": "(5.0, 17.0]",
            "group_size": 614,
            "correct_product_mean": 0.9739413680781759,
            "correct_factorization_mean": 0.38599348534201955
        },
        "3": {
            "min_factor_decile": "(17.0, 241.0]",
            "group_size": 520,
            "correct_product_mean": 0.9596153846153846,
            "correct_factorization_mean": 0.3038461538461538
        }
    },
    "loss": 0.13552681642988906,
    "meta": {
        "n_beams": 2,
        "temperature": 1.0
    }
}