{
    "correct": {
        "correct_product": 0.912109375,
        "correct_factorization": 0.65625
    },
    "beam_accuracy": {
        "correct_product": {
            "0": 0.875,
            "1": 0.15625
        },
        "correct_factorization": {
            "0": 0.61083984375,
            "1": 0.0458984375
        }
    },
    "by_prob": {
        "group_size": {
            "(-13.507, -5.758]": 410.0,
            "(-5.758, -3.454]": 410.0,
            "(-3.454, -2.758]": 409.0,
            "(-2.758, -2.1]": 410.0,
            "(-2.1, -1.409]": 409.0,
            "(-1.409, -1.075]": 410.0,
            "(-1.075, -0.825]": 409.0,
            "(-0.825, -0.184]": 410.0,
            "(-0.184, -0.00648]": 409.0,
            "(-0.00648, -7.03e-06]": 410.0
        },
        "correct_product": {
            "(-13.507, -5.758]": 0.18536585365853658,
            "(-5.758, -3.454]": 0.16585365853658537,
            "(-3.454, -2.758]": 0.05134474327628362,
            "(-2.758, -2.1]": 0.1048780487804878,
            "(-2.1, -1.409]": 0.3740831295843521,
            "(-1.409, -1.075]": 0.7804878048780488,
            "(-1.075, -0.825]": 0.8728606356968215,
            "(-0.825, -0.184]": 0.7121951219512195,
            "(-0.184, -0.00648]": 0.9168704156479217,
            "(-0.00648, -7.03e-06]": 0.9926829268292683
        },
        "correct_factorization": {
            "(-13.507, -5.758]": 0.007317073170731708,
            "(-5.758, -3.454]": 0.012195121951219513,
            "(-3.454, -2.758]": 0.014669926650366748,
            "(-2.758, -2.1]": 0.046341463414634146,
            "(-2.1, -1.409]": 0.16381418092909536,
            "(-1.409, -1.075]": 0.28536585365853656,
            "(-1.075, -0.825]": 0.3594132029339853,
            "(-0.825, -0.184]": 0.5048780487804878,
            "(-0.184, -0.00648]": 0.8973105134474327,
            "(-0.00648, -7.03e-06]": 0.9926829268292683
        },
        "percent_prime_factors_pred": {
            "(-13.507, -5.758]": 0.9048257839721253,
            "(-5.758, -3.454]": 0.9008943089430894,
            "(-3.454, -2.758]": 0.9278321108394458,
            "(-2.758, -2.1]": 0.9392044134727062,
            "(-2.1, -1.409]": 0.8216847130050065,
            "(-1.409, -1.075]": 0.5673344947735192,
            "(-1.075, -0.825]": 0.5609616951915241,
            "(-0.825, -0.184]": 0.8989024390243903,
            "(-0.184, -0.00648]": 0.9929095354523227,
            "(-0.00648, -7.03e-06]": 1.0
        }
    },
    "by_num_target_factors": {
        "group_size": {
            "1": 192,
            "2": 466,
            "3": 501,
            "4": 401,
            "5": 237,
            "6": 131,
            "7": 62,
            "8": 32,
            "9": 12,
            "10": 7,
            "11": 5,
            "12": 1,
            "16": 1
        },
        "correct_product_mean": {
            "1": 0.9635416666666666,
            "2": 0.9785407725321889,
            "3": 0.9680638722554891,
            "4": 0.9451371571072319,
            "5": 0.8607594936708861,
            "6": 0.7099236641221374,
            "7": 0.6612903225806451,
            "8": 0.4375,
            "9": 0.3333333333333333,
            "10": 0.8571428571428571,
            "11": 0.2,
            "12": 0.0,
            "16": 0.0
        },
        "correct_factorization_mean": {
            "1": 0.9635416666666666,
            "2": 0.45278969957081544,
            "3": 0.5728542914171657,
            "4": 0.8129675810473815,
            "5": 0.8059071729957806,
            "6": 0.6183206106870229,
            "7": 0.6290322580645161,
            "8": 0.40625,
            "9": 0.3333333333333333,
            "10": 0.8571428571428571,
            "11": 0.2,
            "12": 0.0,
            "16": 0.0
        }
    },
    "by_input_num": {
        "group_size": {
            "(65535.999, 65740.7]": 205,
            "(65740.7, 65945.4]": 205,
            "(65945.4, 66150.1]": 205,
            "(66150.1, 66354.8]": 204,
            "(66354.8, 66559.5]": 205,
            "(66559.5, 66764.2]": 205,
            "(66764.2, 66968.9]": 204,
            "(66968.9, 67173.6]": 205,
            "(67173.6, 67378.3]": 205,
            "(67378.3, 67583.0]": 205
        },
        "correct_product_mean": {
            "(65535.999, 65740.7]": 0.9609756097560975,
            "(65740.7, 65945.4]": 0.9365853658536586,
            "(65945.4, 66150.1]": 0.9463414634146341,
            "(66150.1, 66354.8]": 0.9313725490196079,
            "(66354.8, 66559.5]": 0.9219512195121952,
            "(66559.5, 66764.2]": 0.8926829268292683,
            "(66764.2, 66968.9]": 0.8872549019607843,
            "(66968.9, 67173.6]": 0.8634146341463415,
            "(67173.6, 67378.3]": 0.8878048780487805,
            "(67378.3, 67583.0]": 0.8926829268292683
        },
        "correct_factorization_mean": {
            "(65535.999, 65740.7]": 0.7219512195121951,
            "(65740.7, 65945.4]": 0.6585365853658537,
            "(65945.4, 66150.1]": 0.6926829268292682,
            "(66150.1, 66354.8]": 0.6323529411764706,
            "(66354.8, 66559.5]": 0.6682926829268293,
            "(66559.5, 66764.2]": 0.6341463414634146,
            "(66764.2, 66968.9]": 0.6274509803921569,
            "(66968.9, 67173.6]": 0.6292682926829268,
            "(67173.6, 67378.3]": 0.6195121951219512,
            "(67378.3, 67583.0]": 0.6780487804878049
        }
    },
    "pred_same_as_input_beam_0": {
        "0": {
            "input_is_prime": false,
            "pred_same_as_input": false,
            "group_size": 1510,
            "correct_product_mean": 0.8350993377483443,
            "correct_factorization_mean": 0.7059602649006622
        },
        "1": {
            "input_is_prime": false,
            "pred_same_as_input": true,
            "group_size": 346,
            "correct_product_mean": 1.0,
            "correct_factorization_mean": 0.0
        },
        "2": {
            "input_is_prime": true,
            "pred_same_as_input": false,
            "group_size": 7,
            "correct_product_mean": 0.0,
            "correct_factorization_mean": 0.0
        },
        "3": {
            "input_is_prime": true,
            "pred_same_as_input": true,
            "group_size": 185,
            "correct_product_mean": 1.0,
            "correct_factorization_mean": 1.0
        }
    },
    "by_min_factor_composite_only": {
        "0": {
            "min_factor_decile": "(1.999, 3.0]",
            "group_size": 1365,
            "correct_product_mean": 0.8937728937728938,
            "correct_factorization_mean": 0.7003663003663003
        },
        "1": {
            "min_factor_decile": "(3.0, 5.0]",
            "group_size": 136,
            "correct_product_mean": 0.8529411764705882,
            "correct_factorization_mean": 0.8088235294117647
        },
        "2": {
            "min_factor_decile": "(5.0, 17.0]",
            "group_size": 176,
            "correct_product_mean": 0.9715909090909091,
            "correct_factorization_mean": 0.0
        },
        "3": {
            "min_factor_decile": "(17.0, 257.0]",
            "group_size": 179,
            "correct_product_mean": 0.9832402234636871,
            "correct_factorization_mean": 0.0
        }
    },
    "loss": 0.3690709504993186,
    "meta": {
        "n_beams": 2,
        "temperature": 1.0
    }
}